seed,episode,design_id,design_key,graph_design_key,def_filename,def_design_key,hpwl_source,consistency_status,mismatch_reason
42,1,RISCY-a-3-c2,RISCY-a-3-c2,RISCY-a-3-c2,1-RISCY-a-1-c2-u0.7-m1-p1-f0.def,RISCY-a-1-c2,results/phase_10/benchmark_registry.csv (default_dpl_baseline_HPWL_um = 731162.90),FAIL,Design key 'RISCY-a-3-c2' was coupled with DEF '1-RISCY-a-1-c2-u0.7-m1-p1-f0.def' (belongs to held-out design RISCY-a-1-c2)
42,2,RISCY-a-2-c2,RISCY-a-2-c2,RISCY-a-2-c2,1-RISCY-a-1-c2-u0.7-m1-p1-f0.def,RISCY-a-1-c2,results/phase_10/benchmark_registry.csv (default_dpl_baseline_HPWL_um = 731162.90),FAIL,Design key 'RISCY-a-2-c2' was coupled with DEF '1-RISCY-a-1-c2-u0.7-m1-p1-f0.def' (belongs to held-out design RISCY-a-1-c2)
42,3,RISCY-a-2-c2,RISCY-a-2-c2,RISCY-a-2-c2,1-RISCY-a-1-c2-u0.7-m1-p1-f0.def,RISCY-a-1-c2,results/phase_10/benchmark_registry.csv (default_dpl_baseline_HPWL_um = 731162.90),FAIL,Design key 'RISCY-a-2-c2' was coupled with DEF '1-RISCY-a-1-c2-u0.7-m1-p1-f0.def' (belongs to held-out design RISCY-a-1-c2)
42,4,RISCY-a-3-c2,RISCY-a-3-c2,RISCY-a-3-c2,1-RISCY-a-1-c2-u0.7-m1-p1-f0.def,RISCY-a-1-c2,results/phase_10/benchmark_registry.csv (default_dpl_baseline_HPWL_um = 731162.90),FAIL,Design key 'RISCY-a-3-c2' was coupled with DEF '1-RISCY-a-1-c2-u0.7-m1-p1-f0.def' (belongs to held-out design RISCY-a-1-c2)
42,5,RISCY-a-2-c2,RISCY-a-2-c2,RISCY-a-2-c2,1-RISCY-a-1-c2-u0.7-m1-p1-f0.def,RISCY-a-1-c2,results/phase_10/benchmark_registry.csv (default_dpl_baseline_HPWL_um = 731162.90),FAIL,Design key 'RISCY-a-2-c2' was coupled with DEF '1-RISCY-a-1-c2-u0.7-m1-p1-f0.def' (belongs to held-out design RISCY-a-1-c2)
42,6,RISCY-a-3-c2,RISCY-a-3-c2,RISCY-a-3-c2,1-RISCY-a-1-c2-u0.7-m1-p1-f0.def,RISCY-a-1-c2,results/phase_10/benchmark_registry.csv (default_dpl_baseline_HPWL_um = 731162.90),FAIL,Design key 'RISCY-a-3-c2' was coupled with DEF '1-RISCY-a-1-c2-u0.7-m1-p1-f0.def' (belongs to held-out design RISCY-a-1-c2)
42,7,RISCY-a-3-c2,RISCY-a-3-c2,RISCY-a-3-c2,1-RISCY-a-1-c2-u0.7-m1-p1-f0.def,RISCY-a-1-c2,results/phase_10/benchmark_registry.csv (default_dpl_baseline_HPWL_um = 731162.90),FAIL,Design key 'RISCY-a-3-c2' was coupled with DEF '1-RISCY-a-1-c2-u0.7-m1-p1-f0.def' (belongs to held-out design RISCY-a-1-c2)
42,8,RISCY-a-3-c2,RISCY-a-3-c2,RISCY-a-3-c2,1-RISCY-a-1-c2-u0.7-m1-p1-f0.def,RISCY-a-1-c2,results/phase_10/benchmark_registry.csv (default_dpl_baseline_HPWL_um = 731162.90),FAIL,Design key 'RISCY-a-3-c2' was coupled with DEF '1-RISCY-a-1-c2-u0.7-m1-p1-f0.def' (belongs to held-out design RISCY-a-1-c2)
42,9,RISCY-a-2-c2,RISCY-a-2-c2,RISCY-a-2-c2,1-RISCY-a-1-c2-u0.7-m1-p1-f0.def,RISCY-a-1-c2,results/phase_10/benchmark_registry.csv (default_dpl_baseline_HPWL_um = 731162.90),FAIL,Design key 'RISCY-a-2-c2' was coupled with DEF '1-RISCY-a-1-c2-u0.7-m1-p1-f0.def' (belongs to held-out design RISCY-a-1-c2)
42,10,RISCY-a-2-c2,RISCY-a-2-c2,RISCY-a-2-c2,1-RISCY-a-1-c2-u0.7-m1-p1-f0.def,RISCY-a-1-c2,results/phase_10/benchmark_registry.csv (default_dpl_baseline_HPWL_um = 731162.90),FAIL,Design key 'RISCY-a-2-c2' was coupled with DEF '1-RISCY-a-1-c2-u0.7-m1-p1-f0.def' (belongs to held-out design RISCY-a-1-c2)
42,11,RISCY-a-3-c2,RISCY-a-3-c2,RISCY-a-3-c2,1-RISCY-a-1-c2-u0.7-m1-p1-f0.def,RISCY-a-1-c2,results/phase_10/benchmark_registry.csv (default_dpl_baseline_HPWL_um = 731162.90),FAIL,Design key 'RISCY-a-3-c2' was coupled with DEF '1-RISCY-a-1-c2-u0.7-m1-p1-f0.def' (belongs to held-out design RISCY-a-1-c2)
42,12,RISCY-a-2-c2,RISCY-a-2-c2,RISCY-a-2-c2,1-RISCY-a-1-c2-u0.7-m1-p1-f0.def,RISCY-a-1-c2,results/phase_10/benchmark_registry.csv (default_dpl_baseline_HPWL_um = 731162.90),FAIL,Design key 'RISCY-a-2-c2' was coupled with DEF '1-RISCY-a-1-c2-u0.7-m1-p1-f0.def' (belongs to held-out design RISCY-a-1-c2)
42,13,RISCY-a-3-c2,RISCY-a-3-c2,RISCY-a-3-c2,1-RISCY-a-1-c2-u0.7-m1-p1-f0.def,RISCY-a-1-c2,results/phase_10/benchmark_registry.csv (default_dpl_baseline_HPWL_um = 731162.90),FAIL,Design key 'RISCY-a-3-c2' was coupled with DEF '1-RISCY-a-1-c2-u0.7-m1-p1-f0.def' (belongs to held-out design RISCY-a-1-c2)
42,14,RISCY-a-2-c2,RISCY-a-2-c2,RISCY-a-2-c2,1-RISCY-a-1-c2-u0.7-m1-p1-f0.def,RISCY-a-1-c2,results/phase_10/benchmark_registry.csv (default_dpl_baseline_HPWL_um = 731162.90),FAIL,Design key 'RISCY-a-2-c2' was coupled with DEF '1-RISCY-a-1-c2-u0.7-m1-p1-f0.def' (belongs to held-out design RISCY-a-1-c2)
42,15,RISCY-a-2-c2,RISCY-a-2-c2,RISCY-a-2-c2,1-RISCY-a-1-c2-u0.7-m1-p1-f0.def,RISCY-a-1-c2,results/phase_10/benchmark_registry.csv (default_dpl_baseline_HPWL_um = 731162.90),FAIL,Design key 'RISCY-a-2-c2' was coupled with DEF '1-RISCY-a-1-c2-u0.7-m1-p1-f0.def' (belongs to held-out design RISCY-a-1-c2)
42,16,RISCY-a-3-c2,RISCY-a-3-c2,RISCY-a-3-c2,1-RISCY-a-1-c2-u0.7-m1-p1-f0.def,RISCY-a-1-c2,results/phase_10/benchmark_registry.csv (default_dpl_baseline_HPWL_um = 731162.90),FAIL,Design key 'RISCY-a-3-c2' was coupled with DEF '1-RISCY-a-1-c2-u0.7-m1-p1-f0.def' (belongs to held-out design RISCY-a-1-c2)
42,17,RISCY-a-3-c2,RISCY-a-3-c2,RISCY-a-3-c2,1-RISCY-a-1-c2-u0.7-m1-p1-f0.def,RISCY-a-1-c2,results/phase_10/benchmark_registry.csv (default_dpl_baseline_HPWL_um = 731162.90),FAIL,Design key 'RISCY-a-3-c2' was coupled with DEF '1-RISCY-a-1-c2-u0.7-m1-p1-f0.def' (belongs to held-out design RISCY-a-1-c2)
42,18,RISCY-a-3-c2,RISCY-a-3-c2,RISCY-a-3-c2,1-RISCY-a-1-c2-u0.7-m1-p1-f0.def,RISCY-a-1-c2,results/phase_10/benchmark_registry.csv (default_dpl_baseline_HPWL_um = 731162.90),FAIL,Design key 'RISCY-a-3-c2' was coupled with DEF '1-RISCY-a-1-c2-u0.7-m1-p1-f0.def' (belongs to held-out design RISCY-a-1-c2)
42,19,RISCY-a-2-c2,RISCY-a-2-c2,RISCY-a-2-c2,1-RISCY-a-1-c2-u0.7-m1-p1-f0.def,RISCY-a-1-c2,results/phase_10/benchmark_registry.csv (default_dpl_baseline_HPWL_um = 731162.90),FAIL,Design key 'RISCY-a-2-c2' was coupled with DEF '1-RISCY-a-1-c2-u0.7-m1-p1-f0.def' (belongs to held-out design RISCY-a-1-c2)
42,20,RISCY-a-3-c2,RISCY-a-3-c2,RISCY-a-3-c2,1-RISCY-a-1-c2-u0.7-m1-p1-f0.def,RISCY-a-1-c2,results/phase_10/benchmark_registry.csv (default_dpl_baseline_HPWL_um = 731162.90),FAIL,Design key 'RISCY-a-3-c2' was coupled with DEF '1-RISCY-a-1-c2-u0.7-m1-p1-f0.def' (belongs to held-out design RISCY-a-1-c2)
42,21,RISCY-a-3-c2,RISCY-a-3-c2,RISCY-a-3-c2,1-RISCY-a-1-c2-u0.7-m1-p1-f0.def,RISCY-a-1-c2,results/phase_10/benchmark_registry.csv (default_dpl_baseline_HPWL_um = 731162.90),FAIL,Design key 'RISCY-a-3-c2' was coupled with DEF '1-RISCY-a-1-c2-u0.7-m1-p1-f0.def' (belongs to held-out design RISCY-a-1-c2)
42,22,RISCY-a-3-c2,RISCY-a-3-c2,RISCY-a-3-c2,1-RISCY-a-1-c2-u0.7-m1-p1-f0.def,RISCY-a-1-c2,results/phase_10/benchmark_registry.csv (default_dpl_baseline_HPWL_um = 731162.90),FAIL,Design key 'RISCY-a-3-c2' was coupled with DEF '1-RISCY-a-1-c2-u0.7-m1-p1-f0.def' (belongs to held-out design RISCY-a-1-c2)
42,23,RISCY-a-3-c2,RISCY-a-3-c2,RISCY-a-3-c2,1-RISCY-a-1-c2-u0.7-m1-p1-f0.def,RISCY-a-1-c2,results/phase_10/benchmark_registry.csv (default_dpl_baseline_HPWL_um = 731162.90),FAIL,Design key 'RISCY-a-3-c2' was coupled with DEF '1-RISCY-a-1-c2-u0.7-m1-p1-f0.def' (belongs to held-out design RISCY-a-1-c2)
42,24,RISCY-a-3-c2,RISCY-a-3-c2,RISCY-a-3-c2,1-RISCY-a-1-c2-u0.7-m1-p1-f0.def,RISCY-a-1-c2,results/phase_10/benchmark_registry.csv (default_dpl_baseline_HPWL_um = 731162.90),FAIL,Design key 'RISCY-a-3-c2' was coupled with DEF '1-RISCY-a-1-c2-u0.7-m1-p1-f0.def' (belongs to held-out design RISCY-a-1-c2)
42,25,RISCY-a-2-c2,RISCY-a-2-c2,RISCY-a-2-c2,1-RISCY-a-1-c2-u0.7-m1-p1-f0.def,RISCY-a-1-c2,results/phase_10/benchmark_registry.csv (default_dpl_baseline_HPWL_um = 731162.90),FAIL,Design key 'RISCY-a-2-c2' was coupled with DEF '1-RISCY-a-1-c2-u0.7-m1-p1-f0.def' (belongs to held-out design RISCY-a-1-c2)
42,26,RISCY-a-2-c2,RISCY-a-2-c2,RISCY-a-2-c2,1-RISCY-a-1-c2-u0.7-m1-p1-f0.def,RISCY-a-1-c2,results/phase_10/benchmark_registry.csv (default_dpl_baseline_HPWL_um = 731162.90),FAIL,Design key 'RISCY-a-2-c2' was coupled with DEF '1-RISCY-a-1-c2-u0.7-m1-p1-f0.def' (belongs to held-out design RISCY-a-1-c2)
42,27,RISCY-a-2-c2,RISCY-a-2-c2,RISCY-a-2-c2,1-RISCY-a-1-c2-u0.7-m1-p1-f0.def,RISCY-a-1-c2,results/phase_10/benchmark_registry.csv (default_dpl_baseline_HPWL_um = 731162.90),FAIL,Design key 'RISCY-a-2-c2' was coupled with DEF '1-RISCY-a-1-c2-u0.7-m1-p1-f0.def' (belongs to held-out design RISCY-a-1-c2)
42,28,RISCY-a-3-c2,RISCY-a-3-c2,RISCY-a-3-c2,1-RISCY-a-1-c2-u0.7-m1-p1-f0.def,RISCY-a-1-c2,results/phase_10/benchmark_registry.csv (default_dpl_baseline_HPWL_um = 731162.90),FAIL,Design key 'RISCY-a-3-c2' was coupled with DEF '1-RISCY-a-1-c2-u0.7-m1-p1-f0.def' (belongs to held-out design RISCY-a-1-c2)
42,29,RISCY-a-3-c2,RISCY-a-3-c2,RISCY-a-3-c2,1-RISCY-a-1-c2-u0.7-m1-p1-f0.def,RISCY-a-1-c2,results/phase_10/benchmark_registry.csv (default_dpl_baseline_HPWL_um = 731162.90),FAIL,Design key 'RISCY-a-3-c2' was coupled with DEF '1-RISCY-a-1-c2-u0.7-m1-p1-f0.def' (belongs to held-out design RISCY-a-1-c2)
42,30,RISCY-a-3-c2,RISCY-a-3-c2,RISCY-a-3-c2,1-RISCY-a-1-c2-u0.7-m1-p1-f0.def,RISCY-a-1-c2,results/phase_10/benchmark_registry.csv (default_dpl_baseline_HPWL_um = 731162.90),FAIL,Design key 'RISCY-a-3-c2' was coupled with DEF '1-RISCY-a-1-c2-u0.7-m1-p1-f0.def' (belongs to held-out design RISCY-a-1-c2)
42,31,RISCY-a-2-c2,RISCY-a-2-c2,RISCY-a-2-c2,1-RISCY-a-1-c2-u0.7-m1-p1-f0.def,RISCY-a-1-c2,results/phase_10/benchmark_registry.csv (default_dpl_baseline_HPWL_um = 731162.90),FAIL,Design key 'RISCY-a-2-c2' was coupled with DEF '1-RISCY-a-1-c2-u0.7-m1-p1-f0.def' (belongs to held-out design RISCY-a-1-c2)
42,32,RISCY-a-2-c2,RISCY-a-2-c2,RISCY-a-2-c2,1-RISCY-a-1-c2-u0.7-m1-p1-f0.def,RISCY-a-1-c2,results/phase_10/benchmark_registry.csv (default_dpl_baseline_HPWL_um = 731162.90),FAIL,Design key 'RISCY-a-2-c2' was coupled with DEF '1-RISCY-a-1-c2-u0.7-m1-p1-f0.def' (belongs to held-out design RISCY-a-1-c2)
42,33,RISCY-a-3-c2,RISCY-a-3-c2,RISCY-a-3-c2,1-RISCY-a-1-c2-u0.7-m1-p1-f0.def,RISCY-a-1-c2,results/phase_10/benchmark_registry.csv (default_dpl_baseline_HPWL_um = 731162.90),FAIL,Design key 'RISCY-a-3-c2' was coupled with DEF '1-RISCY-a-1-c2-u0.7-m1-p1-f0.def' (belongs to held-out design RISCY-a-1-c2)
42,34,RISCY-a-2-c2,RISCY-a-2-c2,RISCY-a-2-c2,1-RISCY-a-1-c2-u0.7-m1-p1-f0.def,RISCY-a-1-c2,results/phase_10/benchmark_registry.csv (default_dpl_baseline_HPWL_um = 731162.90),FAIL,Design key 'RISCY-a-2-c2' was coupled with DEF '1-RISCY-a-1-c2-u0.7-m1-p1-f0.def' (belongs to held-out design RISCY-a-1-c2)
42,35,RISCY-a-3-c2,RISCY-a-3-c2,RISCY-a-3-c2,1-RISCY-a-1-c2-u0.7-m1-p1-f0.def,RISCY-a-1-c2,results/phase_10/benchmark_registry.csv (default_dpl_baseline_HPWL_um = 731162.90),FAIL,Design key 'RISCY-a-3-c2' was coupled with DEF '1-RISCY-a-1-c2-u0.7-m1-p1-f0.def' (belongs to held-out design RISCY-a-1-c2)
42,36,RISCY-a-2-c2,RISCY-a-2-c2,RISCY-a-2-c2,1-RISCY-a-1-c2-u0.7-m1-p1-f0.def,RISCY-a-1-c2,results/phase_10/benchmark_registry.csv (default_dpl_baseline_HPWL_um = 731162.90),FAIL,Design key 'RISCY-a-2-c2' was coupled with DEF '1-RISCY-a-1-c2-u0.7-m1-p1-f0.def' (belongs to held-out design RISCY-a-1-c2)
42,37,RISCY-a-2-c2,RISCY-a-2-c2,RISCY-a-2-c2,1-RISCY-a-1-c2-u0.7-m1-p1-f0.def,RISCY-a-1-c2,results/phase_10/benchmark_registry.csv (default_dpl_baseline_HPWL_um = 731162.90),FAIL,Design key 'RISCY-a-2-c2' was coupled with DEF '1-RISCY-a-1-c2-u0.7-m1-p1-f0.def' (belongs to held-out design RISCY-a-1-c2)
42,38,RISCY-a-2-c2,RISCY-a-2-c2,RISCY-a-2-c2,1-RISCY-a-1-c2-u0.7-m1-p1-f0.def,RISCY-a-1-c2,results/phase_10/benchmark_registry.csv (default_dpl_baseline_HPWL_um = 731162.90),FAIL,Design key 'RISCY-a-2-c2' was coupled with DEF '1-RISCY-a-1-c2-u0.7-m1-p1-f0.def' (belongs to held-out design RISCY-a-1-c2)
42,39,RISCY-a-2-c2,RISCY-a-2-c2,RISCY-a-2-c2,1-RISCY-a-1-c2-u0.7-m1-p1-f0.def,RISCY-a-1-c2,results/phase_10/benchmark_registry.csv (default_dpl_baseline_HPWL_um = 731162.90),FAIL,Design key 'RISCY-a-2-c2' was coupled with DEF '1-RISCY-a-1-c2-u0.7-m1-p1-f0.def' (belongs to held-out design RISCY-a-1-c2)
42,40,RISCY-a-2-c2,RISCY-a-2-c2,RISCY-a-2-c2,1-RISCY-a-1-c2-u0.7-m1-p1-f0.def,RISCY-a-1-c2,results/phase_10/benchmark_registry.csv (default_dpl_baseline_HPWL_um = 731162.90),FAIL,Design key 'RISCY-a-2-c2' was coupled with DEF '1-RISCY-a-1-c2-u0.7-m1-p1-f0.def' (belongs to held-out design RISCY-a-1-c2)
42,41,RISCY-a-3-c2,RISCY-a-3-c2,RISCY-a-3-c2,1-RISCY-a-1-c2-u0.7-m1-p1-f0.def,RISCY-a-1-c2,results/phase_10/benchmark_registry.csv (default_dpl_baseline_HPWL_um = 731162.90),FAIL,Design key 'RISCY-a-3-c2' was coupled with DEF '1-RISCY-a-1-c2-u0.7-m1-p1-f0.def' (belongs to held-out design RISCY-a-1-c2)
42,42,RISCY-a-3-c2,RISCY-a-3-c2,RISCY-a-3-c2,1-RISCY-a-1-c2-u0.7-m1-p1-f0.def,RISCY-a-1-c2,results/phase_10/benchmark_registry.csv (default_dpl_baseline_HPWL_um = 731162.90),FAIL,Design key 'RISCY-a-3-c2' was coupled with DEF '1-RISCY-a-1-c2-u0.7-m1-p1-f0.def' (belongs to held-out design RISCY-a-1-c2)
42,43,RISCY-a-3-c2,RISCY-a-3-c2,RISCY-a-3-c2,1-RISCY-a-1-c2-u0.7-m1-p1-f0.def,RISCY-a-1-c2,results/phase_10/benchmark_registry.csv (default_dpl_baseline_HPWL_um = 731162.90),FAIL,Design key 'RISCY-a-3-c2' was coupled with DEF '1-RISCY-a-1-c2-u0.7-m1-p1-f0.def' (belongs to held-out design RISCY-a-1-c2)
42,44,RISCY-a-3-c2,RISCY-a-3-c2,RISCY-a-3-c2,1-RISCY-a-1-c2-u0.7-m1-p1-f0.def,RISCY-a-1-c2,results/phase_10/benchmark_registry.csv (default_dpl_baseline_HPWL_um = 731162.90),FAIL,Design key 'RISCY-a-3-c2' was coupled with DEF '1-RISCY-a-1-c2-u0.7-m1-p1-f0.def' (belongs to held-out design RISCY-a-1-c2)
42,45,RISCY-a-2-c2,RISCY-a-2-c2,RISCY-a-2-c2,1-RISCY-a-1-c2-u0.7-m1-p1-f0.def,RISCY-a-1-c2,results/phase_10/benchmark_registry.csv (default_dpl_baseline_HPWL_um = 731162.90),FAIL,Design key 'RISCY-a-2-c2' was coupled with DEF '1-RISCY-a-1-c2-u0.7-m1-p1-f0.def' (belongs to held-out design RISCY-a-1-c2)
42,46,RISCY-a-3-c2,RISCY-a-3-c2,RISCY-a-3-c2,1-RISCY-a-1-c2-u0.7-m1-p1-f0.def,RISCY-a-1-c2,results/phase_10/benchmark_registry.csv (default_dpl_baseline_HPWL_um = 731162.90),FAIL,Design key 'RISCY-a-3-c2' was coupled with DEF '1-RISCY-a-1-c2-u0.7-m1-p1-f0.def' (belongs to held-out design RISCY-a-1-c2)
42,47,RISCY-a-2-c2,RISCY-a-2-c2,RISCY-a-2-c2,1-RISCY-a-1-c2-u0.7-m1-p1-f0.def,RISCY-a-1-c2,results/phase_10/benchmark_registry.csv (default_dpl_baseline_HPWL_um = 731162.90),FAIL,Design key 'RISCY-a-2-c2' was coupled with DEF '1-RISCY-a-1-c2-u0.7-m1-p1-f0.def' (belongs to held-out design RISCY-a-1-c2)
42,48,RISCY-a-3-c2,RISCY-a-3-c2,RISCY-a-3-c2,1-RISCY-a-1-c2-u0.7-m1-p1-f0.def,RISCY-a-1-c2,results/phase_10/benchmark_registry.csv (default_dpl_baseline_HPWL_um = 731162.90),FAIL,Design key 'RISCY-a-3-c2' was coupled with DEF '1-RISCY-a-1-c2-u0.7-m1-p1-f0.def' (belongs to held-out design RISCY-a-1-c2)
42,49,RISCY-a-3-c2,RISCY-a-3-c2,RISCY-a-3-c2,1-RISCY-a-1-c2-u0.7-m1-p1-f0.def,RISCY-a-1-c2,results/phase_10/benchmark_registry.csv (default_dpl_baseline_HPWL_um = 731162.90),FAIL,Design key 'RISCY-a-3-c2' was coupled with DEF '1-RISCY-a-1-c2-u0.7-m1-p1-f0.def' (belongs to held-out design RISCY-a-1-c2)
42,50,RISCY-a-2-c2,RISCY-a-2-c2,RISCY-a-2-c2,1-RISCY-a-1-c2-u0.7-m1-p1-f0.def,RISCY-a-1-c2,results/phase_10/benchmark_registry.csv (default_dpl_baseline_HPWL_um = 731162.90),FAIL,Design key 'RISCY-a-2-c2' was coupled with DEF '1-RISCY-a-1-c2-u0.7-m1-p1-f0.def' (belongs to held-out design RISCY-a-1-c2)
42,51,RISCY-a-2-c2,RISCY-a-2-c2,RISCY-a-2-c2,1-RISCY-a-1-c2-u0.7-m1-p1-f0.def,RISCY-a-1-c2,results/phase_10/benchmark_registry.csv (default_dpl_baseline_HPWL_um = 731162.90),FAIL,Design key 'RISCY-a-2-c2' was coupled with DEF '1-RISCY-a-1-c2-u0.7-m1-p1-f0.def' (belongs to held-out design RISCY-a-1-c2)
42,52,RISCY-a-3-c2,RISCY-a-3-c2,RISCY-a-3-c2,1-RISCY-a-1-c2-u0.7-m1-p1-f0.def,RISCY-a-1-c2,results/phase_10/benchmark_registry.csv (default_dpl_baseline_HPWL_um = 731162.90),FAIL,Design key 'RISCY-a-3-c2' was coupled with DEF '1-RISCY-a-1-c2-u0.7-m1-p1-f0.def' (belongs to held-out design RISCY-a-1-c2)
42,53,RISCY-a-3-c2,RISCY-a-3-c2,RISCY-a-3-c2,1-RISCY-a-1-c2-u0.7-m1-p1-f0.def,RISCY-a-1-c2,results/phase_10/benchmark_registry.csv (default_dpl_baseline_HPWL_um = 731162.90),FAIL,Design key 'RISCY-a-3-c2' was coupled with DEF '1-RISCY-a-1-c2-u0.7-m1-p1-f0.def' (belongs to held-out design RISCY-a-1-c2)
42,54,RISCY-a-3-c2,RISCY-a-3-c2,RISCY-a-3-c2,1-RISCY-a-1-c2-u0.7-m1-p1-f0.def,RISCY-a-1-c2,results/phase_10/benchmark_registry.csv (default_dpl_baseline_HPWL_um = 731162.90),FAIL,Design key 'RISCY-a-3-c2' was coupled with DEF '1-RISCY-a-1-c2-u0.7-m1-p1-f0.def' (belongs to held-out design RISCY-a-1-c2)
42,55,RISCY-a-2-c2,RISCY-a-2-c2,RISCY-a-2-c2,1-RISCY-a-1-c2-u0.7-m1-p1-f0.def,RISCY-a-1-c2,results/phase_10/benchmark_registry.csv (default_dpl_baseline_HPWL_um = 731162.90),FAIL,Design key 'RISCY-a-2-c2' was coupled with DEF '1-RISCY-a-1-c2-u0.7-m1-p1-f0.def' (belongs to held-out design RISCY-a-1-c2)
42,56,RISCY-a-3-c2,RISCY-a-3-c2,RISCY-a-3-c2,1-RISCY-a-1-c2-u0.7-m1-p1-f0.def,RISCY-a-1-c2,results/phase_10/benchmark_registry.csv (default_dpl_baseline_HPWL_um = 731162.90),FAIL,Design key 'RISCY-a-3-c2' was coupled with DEF '1-RISCY-a-1-c2-u0.7-m1-p1-f0.def' (belongs to held-out design RISCY-a-1-c2)
42,57,RISCY-a-3-c2,RISCY-a-3-c2,RISCY-a-3-c2,1-RISCY-a-1-c2-u0.7-m1-p1-f0.def,RISCY-a-1-c2,results/phase_10/benchmark_registry.csv (default_dpl_baseline_HPWL_um = 731162.90),FAIL,Design key 'RISCY-a-3-c2' was coupled with DEF '1-RISCY-a-1-c2-u0.7-m1-p1-f0.def' (belongs to held-out design RISCY-a-1-c2)
42,58,RISCY-a-2-c2,RISCY-a-2-c2,RISCY-a-2-c2,1-RISCY-a-1-c2-u0.7-m1-p1-f0.def,RISCY-a-1-c2,results/phase_10/benchmark_registry.csv (default_dpl_baseline_HPWL_um = 731162.90),FAIL,Design key 'RISCY-a-2-c2' was coupled with DEF '1-RISCY-a-1-c2-u0.7-m1-p1-f0.def' (belongs to held-out design RISCY-a-1-c2)
42,59,RISCY-a-2-c2,RISCY-a-2-c2,RISCY-a-2-c2,1-RISCY-a-1-c2-u0.7-m1-p1-f0.def,RISCY-a-1-c2,results/phase_10/benchmark_registry.csv (default_dpl_baseline_HPWL_um = 731162.90),FAIL,Design key 'RISCY-a-2-c2' was coupled with DEF '1-RISCY-a-1-c2-u0.7-m1-p1-f0.def' (belongs to held-out design RISCY-a-1-c2)
42,60,RISCY-a-3-c2,RISCY-a-3-c2,RISCY-a-3-c2,1-RISCY-a-1-c2-u0.7-m1-p1-f0.def,RISCY-a-1-c2,results/phase_10/benchmark_registry.csv (default_dpl_baseline_HPWL_um = 731162.90),FAIL,Design key 'RISCY-a-3-c2' was coupled with DEF '1-RISCY-a-1-c2-u0.7-m1-p1-f0.def' (belongs to held-out design RISCY-a-1-c2)
42,61,RISCY-a-3-c2,RISCY-a-3-c2,RISCY-a-3-c2,1-RISCY-a-1-c2-u0.7-m1-p1-f0.def,RISCY-a-1-c2,results/phase_10/benchmark_registry.csv (default_dpl_baseline_HPWL_um = 731162.90),FAIL,Design key 'RISCY-a-3-c2' was coupled with DEF '1-RISCY-a-1-c2-u0.7-m1-p1-f0.def' (belongs to held-out design RISCY-a-1-c2)
42,62,RISCY-a-3-c2,RISCY-a-3-c2,RISCY-a-3-c2,1-RISCY-a-1-c2-u0.7-m1-p1-f0.def,RISCY-a-1-c2,results/phase_10/benchmark_registry.csv (default_dpl_baseline_HPWL_um = 731162.90),FAIL,Design key 'RISCY-a-3-c2' was coupled with DEF '1-RISCY-a-1-c2-u0.7-m1-p1-f0.def' (belongs to held-out design RISCY-a-1-c2)
42,63,RISCY-a-3-c2,RISCY-a-3-c2,RISCY-a-3-c2,1-RISCY-a-1-c2-u0.7-m1-p1-f0.def,RISCY-a-1-c2,results/phase_10/benchmark_registry.csv (default_dpl_baseline_HPWL_um = 731162.90),FAIL,Design key 'RISCY-a-3-c2' was coupled with DEF '1-RISCY-a-1-c2-u0.7-m1-p1-f0.def' (belongs to held-out design RISCY-a-1-c2)
42,64,RISCY-a-3-c2,RISCY-a-3-c2,RISCY-a-3-c2,1-RISCY-a-1-c2-u0.7-m1-p1-f0.def,RISCY-a-1-c2,results/phase_10/benchmark_registry.csv (default_dpl_baseline_HPWL_um = 731162.90),FAIL,Design key 'RISCY-a-3-c2' was coupled with DEF '1-RISCY-a-1-c2-u0.7-m1-p1-f0.def' (belongs to held-out design RISCY-a-1-c2)
42,65,RISCY-a-2-c2,RISCY-a-2-c2,RISCY-a-2-c2,1-RISCY-a-1-c2-u0.7-m1-p1-f0.def,RISCY-a-1-c2,results/phase_10/benchmark_registry.csv (default_dpl_baseline_HPWL_um = 731162.90),FAIL,Design key 'RISCY-a-2-c2' was coupled with DEF '1-RISCY-a-1-c2-u0.7-m1-p1-f0.def' (belongs to held-out design RISCY-a-1-c2)
42,66,RISCY-a-2-c2,RISCY-a-2-c2,RISCY-a-2-c2,1-RISCY-a-1-c2-u0.7-m1-p1-f0.def,RISCY-a-1-c2,results/phase_10/benchmark_registry.csv (default_dpl_baseline_HPWL_um = 731162.90),FAIL,Design key 'RISCY-a-2-c2' was coupled with DEF '1-RISCY-a-1-c2-u0.7-m1-p1-f0.def' (belongs to held-out design RISCY-a-1-c2)
42,67,RISCY-a-3-c2,RISCY-a-3-c2,RISCY-a-3-c2,1-RISCY-a-1-c2-u0.7-m1-p1-f0.def,RISCY-a-1-c2,results/phase_10/benchmark_registry.csv (default_dpl_baseline_HPWL_um = 731162.90),FAIL,Design key 'RISCY-a-3-c2' was coupled with DEF '1-RISCY-a-1-c2-u0.7-m1-p1-f0.def' (belongs to held-out design RISCY-a-1-c2)
42,68,RISCY-a-2-c2,RISCY-a-2-c2,RISCY-a-2-c2,1-RISCY-a-1-c2-u0.7-m1-p1-f0.def,RISCY-a-1-c2,results/phase_10/benchmark_registry.csv (default_dpl_baseline_HPWL_um = 731162.90),FAIL,Design key 'RISCY-a-2-c2' was coupled with DEF '1-RISCY-a-1-c2-u0.7-m1-p1-f0.def' (belongs to held-out design RISCY-a-1-c2)
42,69,RISCY-a-3-c2,RISCY-a-3-c2,RISCY-a-3-c2,1-RISCY-a-1-c2-u0.7-m1-p1-f0.def,RISCY-a-1-c2,results/phase_10/benchmark_registry.csv (default_dpl_baseline_HPWL_um = 731162.90),FAIL,Design key 'RISCY-a-3-c2' was coupled with DEF '1-RISCY-a-1-c2-u0.7-m1-p1-f0.def' (belongs to held-out design RISCY-a-1-c2)
42,70,RISCY-a-3-c2,RISCY-a-3-c2,RISCY-a-3-c2,1-RISCY-a-1-c2-u0.7-m1-p1-f0.def,RISCY-a-1-c2,results/phase_10/benchmark_registry.csv (default_dpl_baseline_HPWL_um = 731162.90),FAIL,Design key 'RISCY-a-3-c2' was coupled with DEF '1-RISCY-a-1-c2-u0.7-m1-p1-f0.def' (belongs to held-out design RISCY-a-1-c2)
42,71,RISCY-a-3-c2,RISCY-a-3-c2,RISCY-a-3-c2,1-RISCY-a-1-c2-u0.7-m1-p1-f0.def,RISCY-a-1-c2,results/phase_10/benchmark_registry.csv (default_dpl_baseline_HPWL_um = 731162.90),FAIL,Design key 'RISCY-a-3-c2' was coupled with DEF '1-RISCY-a-1-c2-u0.7-m1-p1-f0.def' (belongs to held-out design RISCY-a-1-c2)
42,72,RISCY-a-3-c2,RISCY-a-3-c2,RISCY-a-3-c2,1-RISCY-a-1-c2-u0.7-m1-p1-f0.def,RISCY-a-1-c2,results/phase_10/benchmark_registry.csv (default_dpl_baseline_HPWL_um = 731162.90),FAIL,Design key 'RISCY-a-3-c2' was coupled with DEF '1-RISCY-a-1-c2-u0.7-m1-p1-f0.def' (belongs to held-out design RISCY-a-1-c2)
42,73,RISCY-a-2-c2,RISCY-a-2-c2,RISCY-a-2-c2,1-RISCY-a-1-c2-u0.7-m1-p1-f0.def,RISCY-a-1-c2,results/phase_10/benchmark_registry.csv (default_dpl_baseline_HPWL_um = 731162.90),FAIL,Design key 'RISCY-a-2-c2' was coupled with DEF '1-RISCY-a-1-c2-u0.7-m1-p1-f0.def' (belongs to held-out design RISCY-a-1-c2)
42,74,RISCY-a-3-c2,RISCY-a-3-c2,RISCY-a-3-c2,1-RISCY-a-1-c2-u0.7-m1-p1-f0.def,RISCY-a-1-c2,results/phase_10/benchmark_registry.csv (default_dpl_baseline_HPWL_um = 731162.90),FAIL,Design key 'RISCY-a-3-c2' was coupled with DEF '1-RISCY-a-1-c2-u0.7-m1-p1-f0.def' (belongs to held-out design RISCY-a-1-c2)
42,75,RISCY-a-3-c2,RISCY-a-3-c2,RISCY-a-3-c2,1-RISCY-a-1-c2-u0.7-m1-p1-f0.def,RISCY-a-1-c2,results/phase_10/benchmark_registry.csv (default_dpl_baseline_HPWL_um = 731162.90),FAIL,Design key 'RISCY-a-3-c2' was coupled with DEF '1-RISCY-a-1-c2-u0.7-m1-p1-f0.def' (belongs to held-out design RISCY-a-1-c2)
42,76,RISCY-a-2-c2,RISCY-a-2-c2,RISCY-a-2-c2,1-RISCY-a-1-c2-u0.7-m1-p1-f0.def,RISCY-a-1-c2,results/phase_10/benchmark_registry.csv (default_dpl_baseline_HPWL_um = 731162.90),FAIL,Design key 'RISCY-a-2-c2' was coupled with DEF '1-RISCY-a-1-c2-u0.7-m1-p1-f0.def' (belongs to held-out design RISCY-a-1-c2)
42,77,RISCY-a-2-c2,RISCY-a-2-c2,RISCY-a-2-c2,1-RISCY-a-1-c2-u0.7-m1-p1-f0.def,RISCY-a-1-c2,results/phase_10/benchmark_registry.csv (default_dpl_baseline_HPWL_um = 731162.90),FAIL,Design key 'RISCY-a-2-c2' was coupled with DEF '1-RISCY-a-1-c2-u0.7-m1-p1-f0.def' (belongs to held-out design RISCY-a-1-c2)
42,78,RISCY-a-2-c2,RISCY-a-2-c2,RISCY-a-2-c2,1-RISCY-a-1-c2-u0.7-m1-p1-f0.def,RISCY-a-1-c2,results/phase_10/benchmark_registry.csv (default_dpl_baseline_HPWL_um = 731162.90),FAIL,Design key 'RISCY-a-2-c2' was coupled with DEF '1-RISCY-a-1-c2-u0.7-m1-p1-f0.def' (belongs to held-out design RISCY-a-1-c2)
42,79,RISCY-a-2-c2,RISCY-a-2-c2,RISCY-a-2-c2,1-RISCY-a-1-c2-u0.7-m1-p1-f0.def,RISCY-a-1-c2,results/phase_10/benchmark_registry.csv (default_dpl_baseline_HPWL_um = 731162.90),FAIL,Design key 'RISCY-a-2-c2' was coupled with DEF '1-RISCY-a-1-c2-u0.7-m1-p1-f0.def' (belongs to held-out design RISCY-a-1-c2)
42,80,RISCY-a-2-c2,RISCY-a-2-c2,RISCY-a-2-c2,1-RISCY-a-1-c2-u0.7-m1-p1-f0.def,RISCY-a-1-c2,results/phase_10/benchmark_registry.csv (default_dpl_baseline_HPWL_um = 731162.90),FAIL,Design key 'RISCY-a-2-c2' was coupled with DEF '1-RISCY-a-1-c2-u0.7-m1-p1-f0.def' (belongs to held-out design RISCY-a-1-c2)
42,81,RISCY-a-2-c2,RISCY-a-2-c2,RISCY-a-2-c2,1-RISCY-a-1-c2-u0.7-m1-p1-f0.def,RISCY-a-1-c2,results/phase_10/benchmark_registry.csv (default_dpl_baseline_HPWL_um = 731162.90),FAIL,Design key 'RISCY-a-2-c2' was coupled with DEF '1-RISCY-a-1-c2-u0.7-m1-p1-f0.def' (belongs to held-out design RISCY-a-1-c2)
42,82,RISCY-a-2-c2,RISCY-a-2-c2,RISCY-a-2-c2,1-RISCY-a-1-c2-u0.7-m1-p1-f0.def,RISCY-a-1-c2,results/phase_10/benchmark_registry.csv (default_dpl_baseline_HPWL_um = 731162.90),FAIL,Design key 'RISCY-a-2-c2' was coupled with DEF '1-RISCY-a-1-c2-u0.7-m1-p1-f0.def' (belongs to held-out design RISCY-a-1-c2)
42,83,RISCY-a-3-c2,RISCY-a-3-c2,RISCY-a-3-c2,1-RISCY-a-1-c2-u0.7-m1-p1-f0.def,RISCY-a-1-c2,results/phase_10/benchmark_registry.csv (default_dpl_baseline_HPWL_um = 731162.90),FAIL,Design key 'RISCY-a-3-c2' was coupled with DEF '1-RISCY-a-1-c2-u0.7-m1-p1-f0.def' (belongs to held-out design RISCY-a-1-c2)
42,84,RISCY-a-3-c2,RISCY-a-3-c2,RISCY-a-3-c2,1-RISCY-a-1-c2-u0.7-m1-p1-f0.def,RISCY-a-1-c2,results/phase_10/benchmark_registry.csv (default_dpl_baseline_HPWL_um = 731162.90),FAIL,Design key 'RISCY-a-3-c2' was coupled with DEF '1-RISCY-a-1-c2-u0.7-m1-p1-f0.def' (belongs to held-out design RISCY-a-1-c2)
42,85,RISCY-a-3-c2,RISCY-a-3-c2,RISCY-a-3-c2,1-RISCY-a-1-c2-u0.7-m1-p1-f0.def,RISCY-a-1-c2,results/phase_10/benchmark_registry.csv (default_dpl_baseline_HPWL_um = 731162.90),FAIL,Design key 'RISCY-a-3-c2' was coupled with DEF '1-RISCY-a-1-c2-u0.7-m1-p1-f0.def' (belongs to held-out design RISCY-a-1-c2)
42,86,RISCY-a-2-c2,RISCY-a-2-c2,RISCY-a-2-c2,1-RISCY-a-1-c2-u0.7-m1-p1-f0.def,RISCY-a-1-c2,results/phase_10/benchmark_registry.csv (default_dpl_baseline_HPWL_um = 731162.90),FAIL,Design key 'RISCY-a-2-c2' was coupled with DEF '1-RISCY-a-1-c2-u0.7-m1-p1-f0.def' (belongs to held-out design RISCY-a-1-c2)
42,87,RISCY-a-2-c2,RISCY-a-2-c2,RISCY-a-2-c2,1-RISCY-a-1-c2-u0.7-m1-p1-f0.def,RISCY-a-1-c2,results/phase_10/benchmark_registry.csv (default_dpl_baseline_HPWL_um = 731162.90),FAIL,Design key 'RISCY-a-2-c2' was coupled with DEF '1-RISCY-a-1-c2-u0.7-m1-p1-f0.def' (belongs to held-out design RISCY-a-1-c2)
42,88,RISCY-a-3-c2,RISCY-a-3-c2,RISCY-a-3-c2,1-RISCY-a-1-c2-u0.7-m1-p1-f0.def,RISCY-a-1-c2,results/phase_10/benchmark_registry.csv (default_dpl_baseline_HPWL_um = 731162.90),FAIL,Design key 'RISCY-a-3-c2' was coupled with DEF '1-RISCY-a-1-c2-u0.7-m1-p1-f0.def' (belongs to held-out design RISCY-a-1-c2)
42,89,RISCY-a-2-c2,RISCY-a-2-c2,RISCY-a-2-c2,1-RISCY-a-1-c2-u0.7-m1-p1-f0.def,RISCY-a-1-c2,results/phase_10/benchmark_registry.csv (default_dpl_baseline_HPWL_um = 731162.90),FAIL,Design key 'RISCY-a-2-c2' was coupled with DEF '1-RISCY-a-1-c2-u0.7-m1-p1-f0.def' (belongs to held-out design RISCY-a-1-c2)
42,90,RISCY-a-2-c2,RISCY-a-2-c2,RISCY-a-2-c2,1-RISCY-a-1-c2-u0.7-m1-p1-f0.def,RISCY-a-1-c2,results/phase_10/benchmark_registry.csv (default_dpl_baseline_HPWL_um = 731162.90),FAIL,Design key 'RISCY-a-2-c2' was coupled with DEF '1-RISCY-a-1-c2-u0.7-m1-p1-f0.def' (belongs to held-out design RISCY-a-1-c2)
42,91,RISCY-a-2-c2,RISCY-a-2-c2,RISCY-a-2-c2,1-RISCY-a-1-c2-u0.7-m1-p1-f0.def,RISCY-a-1-c2,results/phase_10/benchmark_registry.csv (default_dpl_baseline_HPWL_um = 731162.90),FAIL,Design key 'RISCY-a-2-c2' was coupled with DEF '1-RISCY-a-1-c2-u0.7-m1-p1-f0.def' (belongs to held-out design RISCY-a-1-c2)
42,92,RISCY-a-2-c2,RISCY-a-2-c2,RISCY-a-2-c2,1-RISCY-a-1-c2-u0.7-m1-p1-f0.def,RISCY-a-1-c2,results/phase_10/benchmark_registry.csv (default_dpl_baseline_HPWL_um = 731162.90),FAIL,Design key 'RISCY-a-2-c2' was coupled with DEF '1-RISCY-a-1-c2-u0.7-m1-p1-f0.def' (belongs to held-out design RISCY-a-1-c2)
42,93,RISCY-a-2-c2,RISCY-a-2-c2,RISCY-a-2-c2,1-RISCY-a-1-c2-u0.7-m1-p1-f0.def,RISCY-a-1-c2,results/phase_10/benchmark_registry.csv (default_dpl_baseline_HPWL_um = 731162.90),FAIL,Design key 'RISCY-a-2-c2' was coupled with DEF '1-RISCY-a-1-c2-u0.7-m1-p1-f0.def' (belongs to held-out design RISCY-a-1-c2)
42,94,RISCY-a-2-c2,RISCY-a-2-c2,RISCY-a-2-c2,1-RISCY-a-1-c2-u0.7-m1-p1-f0.def,RISCY-a-1-c2,results/phase_10/benchmark_registry.csv (default_dpl_baseline_HPWL_um = 731162.90),FAIL,Design key 'RISCY-a-2-c2' was coupled with DEF '1-RISCY-a-1-c2-u0.7-m1-p1-f0.def' (belongs to held-out design RISCY-a-1-c2)
42,95,RISCY-a-3-c2,RISCY-a-3-c2,RISCY-a-3-c2,1-RISCY-a-1-c2-u0.7-m1-p1-f0.def,RISCY-a-1-c2,results/phase_10/benchmark_registry.csv (default_dpl_baseline_HPWL_um = 731162.90),FAIL,Design key 'RISCY-a-3-c2' was coupled with DEF '1-RISCY-a-1-c2-u0.7-m1-p1-f0.def' (belongs to held-out design RISCY-a-1-c2)
42,96,RISCY-a-3-c2,RISCY-a-3-c2,RISCY-a-3-c2,1-RISCY-a-1-c2-u0.7-m1-p1-f0.def,RISCY-a-1-c2,results/phase_10/benchmark_registry.csv (default_dpl_baseline_HPWL_um = 731162.90),FAIL,Design key 'RISCY-a-3-c2' was coupled with DEF '1-RISCY-a-1-c2-u0.7-m1-p1-f0.def' (belongs to held-out design RISCY-a-1-c2)
42,97,RISCY-a-3-c2,RISCY-a-3-c2,RISCY-a-3-c2,1-RISCY-a-1-c2-u0.7-m1-p1-f0.def,RISCY-a-1-c2,results/phase_10/benchmark_registry.csv (default_dpl_baseline_HPWL_um = 731162.90),FAIL,Design key 'RISCY-a-3-c2' was coupled with DEF '1-RISCY-a-1-c2-u0.7-m1-p1-f0.def' (belongs to held-out design RISCY-a-1-c2)
42,98,RISCY-a-2-c2,RISCY-a-2-c2,RISCY-a-2-c2,1-RISCY-a-1-c2-u0.7-m1-p1-f0.def,RISCY-a-1-c2,results/phase_10/benchmark_registry.csv (default_dpl_baseline_HPWL_um = 731162.90),FAIL,Design key 'RISCY-a-2-c2' was coupled with DEF '1-RISCY-a-1-c2-u0.7-m1-p1-f0.def' (belongs to held-out design RISCY-a-1-c2)
42,99,RISCY-a-2-c2,RISCY-a-2-c2,RISCY-a-2-c2,1-RISCY-a-1-c2-u0.7-m1-p1-f0.def,RISCY-a-1-c2,results/phase_10/benchmark_registry.csv (default_dpl_baseline_HPWL_um = 731162.90),FAIL,Design key 'RISCY-a-2-c2' was coupled with DEF '1-RISCY-a-1-c2-u0.7-m1-p1-f0.def' (belongs to held-out design RISCY-a-1-c2)
42,100,RISCY-a-3-c2,RISCY-a-3-c2,RISCY-a-3-c2,1-RISCY-a-1-c2-u0.7-m1-p1-f0.def,RISCY-a-1-c2,results/phase_10/benchmark_registry.csv (default_dpl_baseline_HPWL_um = 731162.90),FAIL,Design key 'RISCY-a-3-c2' was coupled with DEF '1-RISCY-a-1-c2-u0.7-m1-p1-f0.def' (belongs to held-out design RISCY-a-1-c2)
43,1,RISCY-a-3-c2,RISCY-a-3-c2,RISCY-a-3-c2,1-RISCY-a-1-c2-u0.7-m1-p1-f0.def,RISCY-a-1-c2,results/phase_10/benchmark_registry.csv (default_dpl_baseline_HPWL_um = 731162.90),FAIL,Design key 'RISCY-a-3-c2' was coupled with DEF '1-RISCY-a-1-c2-u0.7-m1-p1-f0.def' (belongs to held-out design RISCY-a-1-c2)
43,2,RISCY-a-3-c2,RISCY-a-3-c2,RISCY-a-3-c2,1-RISCY-a-1-c2-u0.7-m1-p1-f0.def,RISCY-a-1-c2,results/phase_10/benchmark_registry.csv (default_dpl_baseline_HPWL_um = 731162.90),FAIL,Design key 'RISCY-a-3-c2' was coupled with DEF '1-RISCY-a-1-c2-u0.7-m1-p1-f0.def' (belongs to held-out design RISCY-a-1-c2)
43,3,RISCY-a-3-c2,RISCY-a-3-c2,RISCY-a-3-c2,1-RISCY-a-1-c2-u0.7-m1-p1-f0.def,RISCY-a-1-c2,results/phase_10/benchmark_registry.csv (default_dpl_baseline_HPWL_um = 731162.90),FAIL,Design key 'RISCY-a-3-c2' was coupled with DEF '1-RISCY-a-1-c2-u0.7-m1-p1-f0.def' (belongs to held-out design RISCY-a-1-c2)
43,4,RISCY-a-3-c2,RISCY-a-3-c2,RISCY-a-3-c2,1-RISCY-a-1-c2-u0.7-m1-p1-f0.def,RISCY-a-1-c2,results/phase_10/benchmark_registry.csv (default_dpl_baseline_HPWL_um = 731162.90),FAIL,Design key 'RISCY-a-3-c2' was coupled with DEF '1-RISCY-a-1-c2-u0.7-m1-p1-f0.def' (belongs to held-out design RISCY-a-1-c2)
43,5,RISCY-a-2-c2,RISCY-a-2-c2,RISCY-a-2-c2,1-RISCY-a-1-c2-u0.7-m1-p1-f0.def,RISCY-a-1-c2,results/phase_10/benchmark_registry.csv (default_dpl_baseline_HPWL_um = 731162.90),FAIL,Design key 'RISCY-a-2-c2' was coupled with DEF '1-RISCY-a-1-c2-u0.7-m1-p1-f0.def' (belongs to held-out design RISCY-a-1-c2)
43,6,RISCY-a-3-c2,RISCY-a-3-c2,RISCY-a-3-c2,1-RISCY-a-1-c2-u0.7-m1-p1-f0.def,RISCY-a-1-c2,results/phase_10/benchmark_registry.csv (default_dpl_baseline_HPWL_um = 731162.90),FAIL,Design key 'RISCY-a-3-c2' was coupled with DEF '1-RISCY-a-1-c2-u0.7-m1-p1-f0.def' (belongs to held-out design RISCY-a-1-c2)
43,7,RISCY-a-2-c2,RISCY-a-2-c2,RISCY-a-2-c2,1-RISCY-a-1-c2-u0.7-m1-p1-f0.def,RISCY-a-1-c2,results/phase_10/benchmark_registry.csv (default_dpl_baseline_HPWL_um = 731162.90),FAIL,Design key 'RISCY-a-2-c2' was coupled with DEF '1-RISCY-a-1-c2-u0.7-m1-p1-f0.def' (belongs to held-out design RISCY-a-1-c2)
43,8,RISCY-a-3-c2,RISCY-a-3-c2,RISCY-a-3-c2,1-RISCY-a-1-c2-u0.7-m1-p1-f0.def,RISCY-a-1-c2,results/phase_10/benchmark_registry.csv (default_dpl_baseline_HPWL_um = 731162.90),FAIL,Design key 'RISCY-a-3-c2' was coupled with DEF '1-RISCY-a-1-c2-u0.7-m1-p1-f0.def' (belongs to held-out design RISCY-a-1-c2)
43,9,RISCY-a-3-c2,RISCY-a-3-c2,RISCY-a-3-c2,1-RISCY-a-1-c2-u0.7-m1-p1-f0.def,RISCY-a-1-c2,results/phase_10/benchmark_registry.csv (default_dpl_baseline_HPWL_um = 731162.90),FAIL,Design key 'RISCY-a-3-c2' was coupled with DEF '1-RISCY-a-1-c2-u0.7-m1-p1-f0.def' (belongs to held-out design RISCY-a-1-c2)
43,10,RISCY-a-3-c2,RISCY-a-3-c2,RISCY-a-3-c2,1-RISCY-a-1-c2-u0.7-m1-p1-f0.def,RISCY-a-1-c2,results/phase_10/benchmark_registry.csv (default_dpl_baseline_HPWL_um = 731162.90),FAIL,Design key 'RISCY-a-3-c2' was coupled with DEF '1-RISCY-a-1-c2-u0.7-m1-p1-f0.def' (belongs to held-out design RISCY-a-1-c2)
43,11,RISCY-a-3-c2,RISCY-a-3-c2,RISCY-a-3-c2,1-RISCY-a-1-c2-u0.7-m1-p1-f0.def,RISCY-a-1-c2,results/phase_10/benchmark_registry.csv (default_dpl_baseline_HPWL_um = 731162.90),FAIL,Design key 'RISCY-a-3-c2' was coupled with DEF '1-RISCY-a-1-c2-u0.7-m1-p1-f0.def' (belongs to held-out design RISCY-a-1-c2)
43,12,RISCY-a-3-c2,RISCY-a-3-c2,RISCY-a-3-c2,1-RISCY-a-1-c2-u0.7-m1-p1-f0.def,RISCY-a-1-c2,results/phase_10/benchmark_registry.csv (default_dpl_baseline_HPWL_um = 731162.90),FAIL,Design key 'RISCY-a-3-c2' was coupled with DEF '1-RISCY-a-1-c2-u0.7-m1-p1-f0.def' (belongs to held-out design RISCY-a-1-c2)
43,13,RISCY-a-2-c2,RISCY-a-2-c2,RISCY-a-2-c2,1-RISCY-a-1-c2-u0.7-m1-p1-f0.def,RISCY-a-1-c2,results/phase_10/benchmark_registry.csv (default_dpl_baseline_HPWL_um = 731162.90),FAIL,Design key 'RISCY-a-2-c2' was coupled with DEF '1-RISCY-a-1-c2-u0.7-m1-p1-f0.def' (belongs to held-out design RISCY-a-1-c2)
43,14,RISCY-a-2-c2,RISCY-a-2-c2,RISCY-a-2-c2,1-RISCY-a-1-c2-u0.7-m1-p1-f0.def,RISCY-a-1-c2,results/phase_10/benchmark_registry.csv (default_dpl_baseline_HPWL_um = 731162.90),FAIL,Design key 'RISCY-a-2-c2' was coupled with DEF '1-RISCY-a-1-c2-u0.7-m1-p1-f0.def' (belongs to held-out design RISCY-a-1-c2)
43,15,RISCY-a-3-c2,RISCY-a-3-c2,RISCY-a-3-c2,1-RISCY-a-1-c2-u0.7-m1-p1-f0.def,RISCY-a-1-c2,results/phase_10/benchmark_registry.csv (default_dpl_baseline_HPWL_um = 731162.90),FAIL,Design key 'RISCY-a-3-c2' was coupled with DEF '1-RISCY-a-1-c2-u0.7-m1-p1-f0.def' (belongs to held-out design RISCY-a-1-c2)
43,16,RISCY-a-2-c2,RISCY-a-2-c2,RISCY-a-2-c2,1-RISCY-a-1-c2-u0.7-m1-p1-f0.def,RISCY-a-1-c2,results/phase_10/benchmark_registry.csv (default_dpl_baseline_HPWL_um = 731162.90),FAIL,Design key 'RISCY-a-2-c2' was coupled with DEF '1-RISCY-a-1-c2-u0.7-m1-p1-f0.def' (belongs to held-out design RISCY-a-1-c2)
43,17,RISCY-a-3-c2,RISCY-a-3-c2,RISCY-a-3-c2,1-RISCY-a-1-c2-u0.7-m1-p1-f0.def,RISCY-a-1-c2,results/phase_10/benchmark_registry.csv (default_dpl_baseline_HPWL_um = 731162.90),FAIL,Design key 'RISCY-a-3-c2' was coupled with DEF '1-RISCY-a-1-c2-u0.7-m1-p1-f0.def' (belongs to held-out design RISCY-a-1-c2)
43,18,RISCY-a-2-c2,RISCY-a-2-c2,RISCY-a-2-c2,1-RISCY-a-1-c2-u0.7-m1-p1-f0.def,RISCY-a-1-c2,results/phase_10/benchmark_registry.csv (default_dpl_baseline_HPWL_um = 731162.90),FAIL,Design key 'RISCY-a-2-c2' was coupled with DEF '1-RISCY-a-1-c2-u0.7-m1-p1-f0.def' (belongs to held-out design RISCY-a-1-c2)
43,19,RISCY-a-2-c2,RISCY-a-2-c2,RISCY-a-2-c2,1-RISCY-a-1-c2-u0.7-m1-p1-f0.def,RISCY-a-1-c2,results/phase_10/benchmark_registry.csv (default_dpl_baseline_HPWL_um = 731162.90),FAIL,Design key 'RISCY-a-2-c2' was coupled with DEF '1-RISCY-a-1-c2-u0.7-m1-p1-f0.def' (belongs to held-out design RISCY-a-1-c2)
43,20,RISCY-a-3-c2,RISCY-a-3-c2,RISCY-a-3-c2,1-RISCY-a-1-c2-u0.7-m1-p1-f0.def,RISCY-a-1-c2,results/phase_10/benchmark_registry.csv (default_dpl_baseline_HPWL_um = 731162.90),FAIL,Design key 'RISCY-a-3-c2' was coupled with DEF '1-RISCY-a-1-c2-u0.7-m1-p1-f0.def' (belongs to held-out design RISCY-a-1-c2)
43,21,RISCY-a-3-c2,RISCY-a-3-c2,RISCY-a-3-c2,1-RISCY-a-1-c2-u0.7-m1-p1-f0.def,RISCY-a-1-c2,results/phase_10/benchmark_registry.csv (default_dpl_baseline_HPWL_um = 731162.90),FAIL,Design key 'RISCY-a-3-c2' was coupled with DEF '1-RISCY-a-1-c2-u0.7-m1-p1-f0.def' (belongs to held-out design RISCY-a-1-c2)
43,22,RISCY-a-2-c2,RISCY-a-2-c2,RISCY-a-2-c2,1-RISCY-a-1-c2-u0.7-m1-p1-f0.def,RISCY-a-1-c2,results/phase_10/benchmark_registry.csv (default_dpl_baseline_HPWL_um = 731162.90),FAIL,Design key 'RISCY-a-2-c2' was coupled with DEF '1-RISCY-a-1-c2-u0.7-m1-p1-f0.def' (belongs to held-out design RISCY-a-1-c2)
43,23,RISCY-a-2-c2,RISCY-a-2-c2,RISCY-a-2-c2,1-RISCY-a-1-c2-u0.7-m1-p1-f0.def,RISCY-a-1-c2,results/phase_10/benchmark_registry.csv (default_dpl_baseline_HPWL_um = 731162.90),FAIL,Design key 'RISCY-a-2-c2' was coupled with DEF '1-RISCY-a-1-c2-u0.7-m1-p1-f0.def' (belongs to held-out design RISCY-a-1-c2)
43,24,RISCY-a-3-c2,RISCY-a-3-c2,RISCY-a-3-c2,1-RISCY-a-1-c2-u0.7-m1-p1-f0.def,RISCY-a-1-c2,results/phase_10/benchmark_registry.csv (default_dpl_baseline_HPWL_um = 731162.90),FAIL,Design key 'RISCY-a-3-c2' was coupled with DEF '1-RISCY-a-1-c2-u0.7-m1-p1-f0.def' (belongs to held-out design RISCY-a-1-c2)
43,25,RISCY-a-3-c2,RISCY-a-3-c2,RISCY-a-3-c2,1-RISCY-a-1-c2-u0.7-m1-p1-f0.def,RISCY-a-1-c2,results/phase_10/benchmark_registry.csv (default_dpl_baseline_HPWL_um = 731162.90),FAIL,Design key 'RISCY-a-3-c2' was coupled with DEF '1-RISCY-a-1-c2-u0.7-m1-p1-f0.def' (belongs to held-out design RISCY-a-1-c2)
43,26,RISCY-a-2-c2,RISCY-a-2-c2,RISCY-a-2-c2,1-RISCY-a-1-c2-u0.7-m1-p1-f0.def,RISCY-a-1-c2,results/phase_10/benchmark_registry.csv (default_dpl_baseline_HPWL_um = 731162.90),FAIL,Design key 'RISCY-a-2-c2' was coupled with DEF '1-RISCY-a-1-c2-u0.7-m1-p1-f0.def' (belongs to held-out design RISCY-a-1-c2)
43,27,RISCY-a-3-c2,RISCY-a-3-c2,RISCY-a-3-c2,1-RISCY-a-1-c2-u0.7-m1-p1-f0.def,RISCY-a-1-c2,results/phase_10/benchmark_registry.csv (default_dpl_baseline_HPWL_um = 731162.90),FAIL,Design key 'RISCY-a-3-c2' was coupled with DEF '1-RISCY-a-1-c2-u0.7-m1-p1-f0.def' (belongs to held-out design RISCY-a-1-c2)
43,28,RISCY-a-3-c2,RISCY-a-3-c2,RISCY-a-3-c2,1-RISCY-a-1-c2-u0.7-m1-p1-f0.def,RISCY-a-1-c2,results/phase_10/benchmark_registry.csv (default_dpl_baseline_HPWL_um = 731162.90),FAIL,Design key 'RISCY-a-3-c2' was coupled with DEF '1-RISCY-a-1-c2-u0.7-m1-p1-f0.def' (belongs to held-out design RISCY-a-1-c2)
43,29,RISCY-a-2-c2,RISCY-a-2-c2,RISCY-a-2-c2,1-RISCY-a-1-c2-u0.7-m1-p1-f0.def,RISCY-a-1-c2,results/phase_10/benchmark_registry.csv (default_dpl_baseline_HPWL_um = 731162.90),FAIL,Design key 'RISCY-a-2-c2' was coupled with DEF '1-RISCY-a-1-c2-u0.7-m1-p1-f0.def' (belongs to held-out design RISCY-a-1-c2)
43,30,RISCY-a-2-c2,RISCY-a-2-c2,RISCY-a-2-c2,1-RISCY-a-1-c2-u0.7-m1-p1-f0.def,RISCY-a-1-c2,results/phase_10/benchmark_registry.csv (default_dpl_baseline_HPWL_um = 731162.90),FAIL,Design key 'RISCY-a-2-c2' was coupled with DEF '1-RISCY-a-1-c2-u0.7-m1-p1-f0.def' (belongs to held-out design RISCY-a-1-c2)
43,31,RISCY-a-2-c2,RISCY-a-2-c2,RISCY-a-2-c2,1-RISCY-a-1-c2-u0.7-m1-p1-f0.def,RISCY-a-1-c2,results/phase_10/benchmark_registry.csv (default_dpl_baseline_HPWL_um = 731162.90),FAIL,Design key 'RISCY-a-2-c2' was coupled with DEF '1-RISCY-a-1-c2-u0.7-m1-p1-f0.def' (belongs to held-out design RISCY-a-1-c2)
43,32,RISCY-a-3-c2,RISCY-a-3-c2,RISCY-a-3-c2,1-RISCY-a-1-c2-u0.7-m1-p1-f0.def,RISCY-a-1-c2,results/phase_10/benchmark_registry.csv (default_dpl_baseline_HPWL_um = 731162.90),FAIL,Design key 'RISCY-a-3-c2' was coupled with DEF '1-RISCY-a-1-c2-u0.7-m1-p1-f0.def' (belongs to held-out design RISCY-a-1-c2)
43,33,RISCY-a-3-c2,RISCY-a-3-c2,RISCY-a-3-c2,1-RISCY-a-1-c2-u0.7-m1-p1-f0.def,RISCY-a-1-c2,results/phase_10/benchmark_registry.csv (default_dpl_baseline_HPWL_um = 731162.90),FAIL,Design key 'RISCY-a-3-c2' was coupled with DEF '1-RISCY-a-1-c2-u0.7-m1-p1-f0.def' (belongs to held-out design RISCY-a-1-c2)
43,34,RISCY-a-2-c2,RISCY-a-2-c2,RISCY-a-2-c2,1-RISCY-a-1-c2-u0.7-m1-p1-f0.def,RISCY-a-1-c2,results/phase_10/benchmark_registry.csv (default_dpl_baseline_HPWL_um = 731162.90),FAIL,Design key 'RISCY-a-2-c2' was coupled with DEF '1-RISCY-a-1-c2-u0.7-m1-p1-f0.def' (belongs to held-out design RISCY-a-1-c2)
43,35,RISCY-a-3-c2,RISCY-a-3-c2,RISCY-a-3-c2,1-RISCY-a-1-c2-u0.7-m1-p1-f0.def,RISCY-a-1-c2,results/phase_10/benchmark_registry.csv (default_dpl_baseline_HPWL_um = 731162.90),FAIL,Design key 'RISCY-a-3-c2' was coupled with DEF '1-RISCY-a-1-c2-u0.7-m1-p1-f0.def' (belongs to held-out design RISCY-a-1-c2)
43,36,RISCY-a-3-c2,RISCY-a-3-c2,RISCY-a-3-c2,1-RISCY-a-1-c2-u0.7-m1-p1-f0.def,RISCY-a-1-c2,results/phase_10/benchmark_registry.csv (default_dpl_baseline_HPWL_um = 731162.90),FAIL,Design key 'RISCY-a-3-c2' was coupled with DEF '1-RISCY-a-1-c2-u0.7-m1-p1-f0.def' (belongs to held-out design RISCY-a-1-c2)
43,37,RISCY-a-3-c2,RISCY-a-3-c2,RISCY-a-3-c2,1-RISCY-a-1-c2-u0.7-m1-p1-f0.def,RISCY-a-1-c2,results/phase_10/benchmark_registry.csv (default_dpl_baseline_HPWL_um = 731162.90),FAIL,Design key 'RISCY-a-3-c2' was coupled with DEF '1-RISCY-a-1-c2-u0.7-m1-p1-f0.def' (belongs to held-out design RISCY-a-1-c2)
43,38,RISCY-a-2-c2,RISCY-a-2-c2,RISCY-a-2-c2,1-RISCY-a-1-c2-u0.7-m1-p1-f0.def,RISCY-a-1-c2,results/phase_10/benchmark_registry.csv (default_dpl_baseline_HPWL_um = 731162.90),FAIL,Design key 'RISCY-a-2-c2' was coupled with DEF '1-RISCY-a-1-c2-u0.7-m1-p1-f0.def' (belongs to held-out design RISCY-a-1-c2)
43,39,RISCY-a-2-c2,RISCY-a-2-c2,RISCY-a-2-c2,1-RISCY-a-1-c2-u0.7-m1-p1-f0.def,RISCY-a-1-c2,results/phase_10/benchmark_registry.csv (default_dpl_baseline_HPWL_um = 731162.90),FAIL,Design key 'RISCY-a-2-c2' was coupled with DEF '1-RISCY-a-1-c2-u0.7-m1-p1-f0.def' (belongs to held-out design RISCY-a-1-c2)
43,40,RISCY-a-2-c2,RISCY-a-2-c2,RISCY-a-2-c2,1-RISCY-a-1-c2-u0.7-m1-p1-f0.def,RISCY-a-1-c2,results/phase_10/benchmark_registry.csv (default_dpl_baseline_HPWL_um = 731162.90),FAIL,Design key 'RISCY-a-2-c2' was coupled with DEF '1-RISCY-a-1-c2-u0.7-m1-p1-f0.def' (belongs to held-out design RISCY-a-1-c2)
43,41,RISCY-a-2-c2,RISCY-a-2-c2,RISCY-a-2-c2,1-RISCY-a-1-c2-u0.7-m1-p1-f0.def,RISCY-a-1-c2,results/phase_10/benchmark_registry.csv (default_dpl_baseline_HPWL_um = 731162.90),FAIL,Design key 'RISCY-a-2-c2' was coupled with DEF '1-RISCY-a-1-c2-u0.7-m1-p1-f0.def' (belongs to held-out design RISCY-a-1-c2)
43,42,RISCY-a-2-c2,RISCY-a-2-c2,RISCY-a-2-c2,1-RISCY-a-1-c2-u0.7-m1-p1-f0.def,RISCY-a-1-c2,results/phase_10/benchmark_registry.csv (default_dpl_baseline_HPWL_um = 731162.90),FAIL,Design key 'RISCY-a-2-c2' was coupled with DEF '1-RISCY-a-1-c2-u0.7-m1-p1-f0.def' (belongs to held-out design RISCY-a-1-c2)
43,43,RISCY-a-3-c2,RISCY-a-3-c2,RISCY-a-3-c2,1-RISCY-a-1-c2-u0.7-m1-p1-f0.def,RISCY-a-1-c2,results/phase_10/benchmark_registry.csv (default_dpl_baseline_HPWL_um = 731162.90),FAIL,Design key 'RISCY-a-3-c2' was coupled with DEF '1-RISCY-a-1-c2-u0.7-m1-p1-f0.def' (belongs to held-out design RISCY-a-1-c2)
43,44,RISCY-a-3-c2,RISCY-a-3-c2,RISCY-a-3-c2,1-RISCY-a-1-c2-u0.7-m1-p1-f0.def,RISCY-a-1-c2,results/phase_10/benchmark_registry.csv (default_dpl_baseline_HPWL_um = 731162.90),FAIL,Design key 'RISCY-a-3-c2' was coupled with DEF '1-RISCY-a-1-c2-u0.7-m1-p1-f0.def' (belongs to held-out design RISCY-a-1-c2)
43,45,RISCY-a-2-c2,RISCY-a-2-c2,RISCY-a-2-c2,1-RISCY-a-1-c2-u0.7-m1-p1-f0.def,RISCY-a-1-c2,results/phase_10/benchmark_registry.csv (default_dpl_baseline_HPWL_um = 731162.90),FAIL,Design key 'RISCY-a-2-c2' was coupled with DEF '1-RISCY-a-1-c2-u0.7-m1-p1-f0.def' (belongs to held-out design RISCY-a-1-c2)
43,46,RISCY-a-2-c2,RISCY-a-2-c2,RISCY-a-2-c2,1-RISCY-a-1-c2-u0.7-m1-p1-f0.def,RISCY-a-1-c2,results/phase_10/benchmark_registry.csv (default_dpl_baseline_HPWL_um = 731162.90),FAIL,Design key 'RISCY-a-2-c2' was coupled with DEF '1-RISCY-a-1-c2-u0.7-m1-p1-f0.def' (belongs to held-out design RISCY-a-1-c2)
43,47,RISCY-a-2-c2,RISCY-a-2-c2,RISCY-a-2-c2,1-RISCY-a-1-c2-u0.7-m1-p1-f0.def,RISCY-a-1-c2,results/phase_10/benchmark_registry.csv (default_dpl_baseline_HPWL_um = 731162.90),FAIL,Design key 'RISCY-a-2-c2' was coupled with DEF '1-RISCY-a-1-c2-u0.7-m1-p1-f0.def' (belongs to held-out design RISCY-a-1-c2)
43,48,RISCY-a-3-c2,RISCY-a-3-c2,RISCY-a-3-c2,1-RISCY-a-1-c2-u0.7-m1-p1-f0.def,RISCY-a-1-c2,results/phase_10/benchmark_registry.csv (default_dpl_baseline_HPWL_um = 731162.90),FAIL,Design key 'RISCY-a-3-c2' was coupled with DEF '1-RISCY-a-1-c2-u0.7-m1-p1-f0.def' (belongs to held-out design RISCY-a-1-c2)
43,49,RISCY-a-3-c2,RISCY-a-3-c2,RISCY-a-3-c2,1-RISCY-a-1-c2-u0.7-m1-p1-f0.def,RISCY-a-1-c2,results/phase_10/benchmark_registry.csv (default_dpl_baseline_HPWL_um = 731162.90),FAIL,Design key 'RISCY-a-3-c2' was coupled with DEF '1-RISCY-a-1-c2-u0.7-m1-p1-f0.def' (belongs to held-out design RISCY-a-1-c2)
43,50,RISCY-a-2-c2,RISCY-a-2-c2,RISCY-a-2-c2,1-RISCY-a-1-c2-u0.7-m1-p1-f0.def,RISCY-a-1-c2,results/phase_10/benchmark_registry.csv (default_dpl_baseline_HPWL_um = 731162.90),FAIL,Design key 'RISCY-a-2-c2' was coupled with DEF '1-RISCY-a-1-c2-u0.7-m1-p1-f0.def' (belongs to held-out design RISCY-a-1-c2)
43,51,RISCY-a-2-c2,RISCY-a-2-c2,RISCY-a-2-c2,1-RISCY-a-1-c2-u0.7-m1-p1-f0.def,RISCY-a-1-c2,results/phase_10/benchmark_registry.csv (default_dpl_baseline_HPWL_um = 731162.90),FAIL,Design key 'RISCY-a-2-c2' was coupled with DEF '1-RISCY-a-1-c2-u0.7-m1-p1-f0.def' (belongs to held-out design RISCY-a-1-c2)
43,52,RISCY-a-3-c2,RISCY-a-3-c2,RISCY-a-3-c2,1-RISCY-a-1-c2-u0.7-m1-p1-f0.def,RISCY-a-1-c2,results/phase_10/benchmark_registry.csv (default_dpl_baseline_HPWL_um = 731162.90),FAIL,Design key 'RISCY-a-3-c2' was coupled with DEF '1-RISCY-a-1-c2-u0.7-m1-p1-f0.def' (belongs to held-out design RISCY-a-1-c2)
43,53,RISCY-a-3-c2,RISCY-a-3-c2,RISCY-a-3-c2,1-RISCY-a-1-c2-u0.7-m1-p1-f0.def,RISCY-a-1-c2,results/phase_10/benchmark_registry.csv (default_dpl_baseline_HPWL_um = 731162.90),FAIL,Design key 'RISCY-a-3-c2' was coupled with DEF '1-RISCY-a-1-c2-u0.7-m1-p1-f0.def' (belongs to held-out design RISCY-a-1-c2)
43,54,RISCY-a-3-c2,RISCY-a-3-c2,RISCY-a-3-c2,1-RISCY-a-1-c2-u0.7-m1-p1-f0.def,RISCY-a-1-c2,results/phase_10/benchmark_registry.csv (default_dpl_baseline_HPWL_um = 731162.90),FAIL,Design key 'RISCY-a-3-c2' was coupled with DEF '1-RISCY-a-1-c2-u0.7-m1-p1-f0.def' (belongs to held-out design RISCY-a-1-c2)
43,55,RISCY-a-2-c2,RISCY-a-2-c2,RISCY-a-2-c2,1-RISCY-a-1-c2-u0.7-m1-p1-f0.def,RISCY-a-1-c2,results/phase_10/benchmark_registry.csv (default_dpl_baseline_HPWL_um = 731162.90),FAIL,Design key 'RISCY-a-2-c2' was coupled with DEF '1-RISCY-a-1-c2-u0.7-m1-p1-f0.def' (belongs to held-out design RISCY-a-1-c2)
43,56,RISCY-a-2-c2,RISCY-a-2-c2,RISCY-a-2-c2,1-RISCY-a-1-c2-u0.7-m1-p1-f0.def,RISCY-a-1-c2,results/phase_10/benchmark_registry.csv (default_dpl_baseline_HPWL_um = 731162.90),FAIL,Design key 'RISCY-a-2-c2' was coupled with DEF '1-RISCY-a-1-c2-u0.7-m1-p1-f0.def' (belongs to held-out design RISCY-a-1-c2)
43,57,RISCY-a-3-c2,RISCY-a-3-c2,RISCY-a-3-c2,1-RISCY-a-1-c2-u0.7-m1-p1-f0.def,RISCY-a-1-c2,results/phase_10/benchmark_registry.csv (default_dpl_baseline_HPWL_um = 731162.90),FAIL,Design key 'RISCY-a-3-c2' was coupled with DEF '1-RISCY-a-1-c2-u0.7-m1-p1-f0.def' (belongs to held-out design RISCY-a-1-c2)
43,58,RISCY-a-2-c2,RISCY-a-2-c2,RISCY-a-2-c2,1-RISCY-a-1-c2-u0.7-m1-p1-f0.def,RISCY-a-1-c2,results/phase_10/benchmark_registry.csv (default_dpl_baseline_HPWL_um = 731162.90),FAIL,Design key 'RISCY-a-2-c2' was coupled with DEF '1-RISCY-a-1-c2-u0.7-m1-p1-f0.def' (belongs to held-out design RISCY-a-1-c2)
43,59,RISCY-a-2-c2,RISCY-a-2-c2,RISCY-a-2-c2,1-RISCY-a-1-c2-u0.7-m1-p1-f0.def,RISCY-a-1-c2,results/phase_10/benchmark_registry.csv (default_dpl_baseline_HPWL_um = 731162.90),FAIL,Design key 'RISCY-a-2-c2' was coupled with DEF '1-RISCY-a-1-c2-u0.7-m1-p1-f0.def' (belongs to held-out design RISCY-a-1-c2)
43,60,RISCY-a-3-c2,RISCY-a-3-c2,RISCY-a-3-c2,1-RISCY-a-1-c2-u0.7-m1-p1-f0.def,RISCY-a-1-c2,results/phase_10/benchmark_registry.csv (default_dpl_baseline_HPWL_um = 731162.90),FAIL,Design key 'RISCY-a-3-c2' was coupled with DEF '1-RISCY-a-1-c2-u0.7-m1-p1-f0.def' (belongs to held-out design RISCY-a-1-c2)
43,61,RISCY-a-3-c2,RISCY-a-3-c2,RISCY-a-3-c2,1-RISCY-a-1-c2-u0.7-m1-p1-f0.def,RISCY-a-1-c2,results/phase_10/benchmark_registry.csv (default_dpl_baseline_HPWL_um = 731162.90),FAIL,Design key 'RISCY-a-3-c2' was coupled with DEF '1-RISCY-a-1-c2-u0.7-m1-p1-f0.def' (belongs to held-out design RISCY-a-1-c2)
43,62,RISCY-a-3-c2,RISCY-a-3-c2,RISCY-a-3-c2,1-RISCY-a-1-c2-u0.7-m1-p1-f0.def,RISCY-a-1-c2,results/phase_10/benchmark_registry.csv (default_dpl_baseline_HPWL_um = 731162.90),FAIL,Design key 'RISCY-a-3-c2' was coupled with DEF '1-RISCY-a-1-c2-u0.7-m1-p1-f0.def' (belongs to held-out design RISCY-a-1-c2)
43,63,RISCY-a-2-c2,RISCY-a-2-c2,RISCY-a-2-c2,1-RISCY-a-1-c2-u0.7-m1-p1-f0.def,RISCY-a-1-c2,results/phase_10/benchmark_registry.csv (default_dpl_baseline_HPWL_um = 731162.90),FAIL,Design key 'RISCY-a-2-c2' was coupled with DEF '1-RISCY-a-1-c2-u0.7-m1-p1-f0.def' (belongs to held-out design RISCY-a-1-c2)
43,64,RISCY-a-3-c2,RISCY-a-3-c2,RISCY-a-3-c2,1-RISCY-a-1-c2-u0.7-m1-p1-f0.def,RISCY-a-1-c2,results/phase_10/benchmark_registry.csv (default_dpl_baseline_HPWL_um = 731162.90),FAIL,Design key 'RISCY-a-3-c2' was coupled with DEF '1-RISCY-a-1-c2-u0.7-m1-p1-f0.def' (belongs to held-out design RISCY-a-1-c2)
43,65,RISCY-a-3-c2,RISCY-a-3-c2,RISCY-a-3-c2,1-RISCY-a-1-c2-u0.7-m1-p1-f0.def,RISCY-a-1-c2,results/phase_10/benchmark_registry.csv (default_dpl_baseline_HPWL_um = 731162.90),FAIL,Design key 'RISCY-a-3-c2' was coupled with DEF '1-RISCY-a-1-c2-u0.7-m1-p1-f0.def' (belongs to held-out design RISCY-a-1-c2)
43,66,RISCY-a-3-c2,RISCY-a-3-c2,RISCY-a-3-c2,1-RISCY-a-1-c2-u0.7-m1-p1-f0.def,RISCY-a-1-c2,results/phase_10/benchmark_registry.csv (default_dpl_baseline_HPWL_um = 731162.90),FAIL,Design key 'RISCY-a-3-c2' was coupled with DEF '1-RISCY-a-1-c2-u0.7-m1-p1-f0.def' (belongs to held-out design RISCY-a-1-c2)
43,67,RISCY-a-3-c2,RISCY-a-3-c2,RISCY-a-3-c2,1-RISCY-a-1-c2-u0.7-m1-p1-f0.def,RISCY-a-1-c2,results/phase_10/benchmark_registry.csv (default_dpl_baseline_HPWL_um = 731162.90),FAIL,Design key 'RISCY-a-3-c2' was coupled with DEF '1-RISCY-a-1-c2-u0.7-m1-p1-f0.def' (belongs to held-out design RISCY-a-1-c2)
43,68,RISCY-a-2-c2,RISCY-a-2-c2,RISCY-a-2-c2,1-RISCY-a-1-c2-u0.7-m1-p1-f0.def,RISCY-a-1-c2,results/phase_10/benchmark_registry.csv (default_dpl_baseline_HPWL_um = 731162.90),FAIL,Design key 'RISCY-a-2-c2' was coupled with DEF '1-RISCY-a-1-c2-u0.7-m1-p1-f0.def' (belongs to held-out design RISCY-a-1-c2)
43,69,RISCY-a-3-c2,RISCY-a-3-c2,RISCY-a-3-c2,1-RISCY-a-1-c2-u0.7-m1-p1-f0.def,RISCY-a-1-c2,results/phase_10/benchmark_registry.csv (default_dpl_baseline_HPWL_um = 731162.90),FAIL,Design key 'RISCY-a-3-c2' was coupled with DEF '1-RISCY-a-1-c2-u0.7-m1-p1-f0.def' (belongs to held-out design RISCY-a-1-c2)
43,70,RISCY-a-3-c2,RISCY-a-3-c2,RISCY-a-3-c2,1-RISCY-a-1-c2-u0.7-m1-p1-f0.def,RISCY-a-1-c2,results/phase_10/benchmark_registry.csv (default_dpl_baseline_HPWL_um = 731162.90),FAIL,Design key 'RISCY-a-3-c2' was coupled with DEF '1-RISCY-a-1-c2-u0.7-m1-p1-f0.def' (belongs to held-out design RISCY-a-1-c2)
43,71,RISCY-a-2-c2,RISCY-a-2-c2,RISCY-a-2-c2,1-RISCY-a-1-c2-u0.7-m1-p1-f0.def,RISCY-a-1-c2,results/phase_10/benchmark_registry.csv (default_dpl_baseline_HPWL_um = 731162.90),FAIL,Design key 'RISCY-a-2-c2' was coupled with DEF '1-RISCY-a-1-c2-u0.7-m1-p1-f0.def' (belongs to held-out design RISCY-a-1-c2)
43,72,RISCY-a-3-c2,RISCY-a-3-c2,RISCY-a-3-c2,1-RISCY-a-1-c2-u0.7-m1-p1-f0.def,RISCY-a-1-c2,results/phase_10/benchmark_registry.csv (default_dpl_baseline_HPWL_um = 731162.90),FAIL,Design key 'RISCY-a-3-c2' was coupled with DEF '1-RISCY-a-1-c2-u0.7-m1-p1-f0.def' (belongs to held-out design RISCY-a-1-c2)
43,73,RISCY-a-2-c2,RISCY-a-2-c2,RISCY-a-2-c2,1-RISCY-a-1-c2-u0.7-m1-p1-f0.def,RISCY-a-1-c2,results/phase_10/benchmark_registry.csv (default_dpl_baseline_HPWL_um = 731162.90),FAIL,Design key 'RISCY-a-2-c2' was coupled with DEF '1-RISCY-a-1-c2-u0.7-m1-p1-f0.def' (belongs to held-out design RISCY-a-1-c2)
43,74,RISCY-a-3-c2,RISCY-a-3-c2,RISCY-a-3-c2,1-RISCY-a-1-c2-u0.7-m1-p1-f0.def,RISCY-a-1-c2,results/phase_10/benchmark_registry.csv (default_dpl_baseline_HPWL_um = 731162.90),FAIL,Design key 'RISCY-a-3-c2' was coupled with DEF '1-RISCY-a-1-c2-u0.7-m1-p1-f0.def' (belongs to held-out design RISCY-a-1-c2)
43,75,RISCY-a-3-c2,RISCY-a-3-c2,RISCY-a-3-c2,1-RISCY-a-1-c2-u0.7-m1-p1-f0.def,RISCY-a-1-c2,results/phase_10/benchmark_registry.csv (default_dpl_baseline_HPWL_um = 731162.90),FAIL,Design key 'RISCY-a-3-c2' was coupled with DEF '1-RISCY-a-1-c2-u0.7-m1-p1-f0.def' (belongs to held-out design RISCY-a-1-c2)
43,76,RISCY-a-2-c2,RISCY-a-2-c2,RISCY-a-2-c2,1-RISCY-a-1-c2-u0.7-m1-p1-f0.def,RISCY-a-1-c2,results/phase_10/benchmark_registry.csv (default_dpl_baseline_HPWL_um = 731162.90),FAIL,Design key 'RISCY-a-2-c2' was coupled with DEF '1-RISCY-a-1-c2-u0.7-m1-p1-f0.def' (belongs to held-out design RISCY-a-1-c2)
43,77,RISCY-a-2-c2,RISCY-a-2-c2,RISCY-a-2-c2,1-RISCY-a-1-c2-u0.7-m1-p1-f0.def,RISCY-a-1-c2,results/phase_10/benchmark_registry.csv (default_dpl_baseline_HPWL_um = 731162.90),FAIL,Design key 'RISCY-a-2-c2' was coupled with DEF '1-RISCY-a-1-c2-u0.7-m1-p1-f0.def' (belongs to held-out design RISCY-a-1-c2)
43,78,RISCY-a-3-c2,RISCY-a-3-c2,RISCY-a-3-c2,1-RISCY-a-1-c2-u0.7-m1-p1-f0.def,RISCY-a-1-c2,results/phase_10/benchmark_registry.csv (default_dpl_baseline_HPWL_um = 731162.90),FAIL,Design key 'RISCY-a-3-c2' was coupled with DEF '1-RISCY-a-1-c2-u0.7-m1-p1-f0.def' (belongs to held-out design RISCY-a-1-c2)
43,79,RISCY-a-3-c2,RISCY-a-3-c2,RISCY-a-3-c2,1-RISCY-a-1-c2-u0.7-m1-p1-f0.def,RISCY-a-1-c2,results/phase_10/benchmark_registry.csv (default_dpl_baseline_HPWL_um = 731162.90),FAIL,Design key 'RISCY-a-3-c2' was coupled with DEF '1-RISCY-a-1-c2-u0.7-m1-p1-f0.def' (belongs to held-out design RISCY-a-1-c2)
43,80,RISCY-a-2-c2,RISCY-a-2-c2,RISCY-a-2-c2,1-RISCY-a-1-c2-u0.7-m1-p1-f0.def,RISCY-a-1-c2,results/phase_10/benchmark_registry.csv (default_dpl_baseline_HPWL_um = 731162.90),FAIL,Design key 'RISCY-a-2-c2' was coupled with DEF '1-RISCY-a-1-c2-u0.7-m1-p1-f0.def' (belongs to held-out design RISCY-a-1-c2)
43,81,RISCY-a-3-c2,RISCY-a-3-c2,RISCY-a-3-c2,1-RISCY-a-1-c2-u0.7-m1-p1-f0.def,RISCY-a-1-c2,results/phase_10/benchmark_registry.csv (default_dpl_baseline_HPWL_um = 731162.90),FAIL,Design key 'RISCY-a-3-c2' was coupled with DEF '1-RISCY-a-1-c2-u0.7-m1-p1-f0.def' (belongs to held-out design RISCY-a-1-c2)
43,82,RISCY-a-2-c2,RISCY-a-2-c2,RISCY-a-2-c2,1-RISCY-a-1-c2-u0.7-m1-p1-f0.def,RISCY-a-1-c2,results/phase_10/benchmark_registry.csv (default_dpl_baseline_HPWL_um = 731162.90),FAIL,Design key 'RISCY-a-2-c2' was coupled with DEF '1-RISCY-a-1-c2-u0.7-m1-p1-f0.def' (belongs to held-out design RISCY-a-1-c2)
43,83,RISCY-a-3-c2,RISCY-a-3-c2,RISCY-a-3-c2,1-RISCY-a-1-c2-u0.7-m1-p1-f0.def,RISCY-a-1-c2,results/phase_10/benchmark_registry.csv (default_dpl_baseline_HPWL_um = 731162.90),FAIL,Design key 'RISCY-a-3-c2' was coupled with DEF '1-RISCY-a-1-c2-u0.7-m1-p1-f0.def' (belongs to held-out design RISCY-a-1-c2)
43,84,RISCY-a-3-c2,RISCY-a-3-c2,RISCY-a-3-c2,1-RISCY-a-1-c2-u0.7-m1-p1-f0.def,RISCY-a-1-c2,results/phase_10/benchmark_registry.csv (default_dpl_baseline_HPWL_um = 731162.90),FAIL,Design key 'RISCY-a-3-c2' was coupled with DEF '1-RISCY-a-1-c2-u0.7-m1-p1-f0.def' (belongs to held-out design RISCY-a-1-c2)
43,85,RISCY-a-2-c2,RISCY-a-2-c2,RISCY-a-2-c2,1-RISCY-a-1-c2-u0.7-m1-p1-f0.def,RISCY-a-1-c2,results/phase_10/benchmark_registry.csv (default_dpl_baseline_HPWL_um = 731162.90),FAIL,Design key 'RISCY-a-2-c2' was coupled with DEF '1-RISCY-a-1-c2-u0.7-m1-p1-f0.def' (belongs to held-out design RISCY-a-1-c2)
43,86,RISCY-a-3-c2,RISCY-a-3-c2,RISCY-a-3-c2,1-RISCY-a-1-c2-u0.7-m1-p1-f0.def,RISCY-a-1-c2,results/phase_10/benchmark_registry.csv (default_dpl_baseline_HPWL_um = 731162.90),FAIL,Design key 'RISCY-a-3-c2' was coupled with DEF '1-RISCY-a-1-c2-u0.7-m1-p1-f0.def' (belongs to held-out design RISCY-a-1-c2)
43,87,RISCY-a-3-c2,RISCY-a-3-c2,RISCY-a-3-c2,1-RISCY-a-1-c2-u0.7-m1-p1-f0.def,RISCY-a-1-c2,results/phase_10/benchmark_registry.csv (default_dpl_baseline_HPWL_um = 731162.90),FAIL,Design key 'RISCY-a-3-c2' was coupled with DEF '1-RISCY-a-1-c2-u0.7-m1-p1-f0.def' (belongs to held-out design RISCY-a-1-c2)
43,88,RISCY-a-3-c2,RISCY-a-3-c2,RISCY-a-3-c2,1-RISCY-a-1-c2-u0.7-m1-p1-f0.def,RISCY-a-1-c2,results/phase_10/benchmark_registry.csv (default_dpl_baseline_HPWL_um = 731162.90),FAIL,Design key 'RISCY-a-3-c2' was coupled with DEF '1-RISCY-a-1-c2-u0.7-m1-p1-f0.def' (belongs to held-out design RISCY-a-1-c2)
43,89,RISCY-a-2-c2,RISCY-a-2-c2,RISCY-a-2-c2,1-RISCY-a-1-c2-u0.7-m1-p1-f0.def,RISCY-a-1-c2,results/phase_10/benchmark_registry.csv (default_dpl_baseline_HPWL_um = 731162.90),FAIL,Design key 'RISCY-a-2-c2' was coupled with DEF '1-RISCY-a-1-c2-u0.7-m1-p1-f0.def' (belongs to held-out design RISCY-a-1-c2)
43,90,RISCY-a-2-c2,RISCY-a-2-c2,RISCY-a-2-c2,1-RISCY-a-1-c2-u0.7-m1-p1-f0.def,RISCY-a-1-c2,results/phase_10/benchmark_registry.csv (default_dpl_baseline_HPWL_um = 731162.90),FAIL,Design key 'RISCY-a-2-c2' was coupled with DEF '1-RISCY-a-1-c2-u0.7-m1-p1-f0.def' (belongs to held-out design RISCY-a-1-c2)
43,91,RISCY-a-3-c2,RISCY-a-3-c2,RISCY-a-3-c2,1-RISCY-a-1-c2-u0.7-m1-p1-f0.def,RISCY-a-1-c2,results/phase_10/benchmark_registry.csv (default_dpl_baseline_HPWL_um = 731162.90),FAIL,Design key 'RISCY-a-3-c2' was coupled with DEF '1-RISCY-a-1-c2-u0.7-m1-p1-f0.def' (belongs to held-out design RISCY-a-1-c2)
43,92,RISCY-a-3-c2,RISCY-a-3-c2,RISCY-a-3-c2,1-RISCY-a-1-c2-u0.7-m1-p1-f0.def,RISCY-a-1-c2,results/phase_10/benchmark_registry.csv (default_dpl_baseline_HPWL_um = 731162.90),FAIL,Design key 'RISCY-a-3-c2' was coupled with DEF '1-RISCY-a-1-c2-u0.7-m1-p1-f0.def' (belongs to held-out design RISCY-a-1-c2)
43,93,RISCY-a-3-c2,RISCY-a-3-c2,RISCY-a-3-c2,1-RISCY-a-1-c2-u0.7-m1-p1-f0.def,RISCY-a-1-c2,results/phase_10/benchmark_registry.csv (default_dpl_baseline_HPWL_um = 731162.90),FAIL,Design key 'RISCY-a-3-c2' was coupled with DEF '1-RISCY-a-1-c2-u0.7-m1-p1-f0.def' (belongs to held-out design RISCY-a-1-c2)
43,94,RISCY-a-2-c2,RISCY-a-2-c2,RISCY-a-2-c2,1-RISCY-a-1-c2-u0.7-m1-p1-f0.def,RISCY-a-1-c2,results/phase_10/benchmark_registry.csv (default_dpl_baseline_HPWL_um = 731162.90),FAIL,Design key 'RISCY-a-2-c2' was coupled with DEF '1-RISCY-a-1-c2-u0.7-m1-p1-f0.def' (belongs to held-out design RISCY-a-1-c2)
43,95,RISCY-a-2-c2,RISCY-a-2-c2,RISCY-a-2-c2,1-RISCY-a-1-c2-u0.7-m1-p1-f0.def,RISCY-a-1-c2,results/phase_10/benchmark_registry.csv (default_dpl_baseline_HPWL_um = 731162.90),FAIL,Design key 'RISCY-a-2-c2' was coupled with DEF '1-RISCY-a-1-c2-u0.7-m1-p1-f0.def' (belongs to held-out design RISCY-a-1-c2)
43,96,RISCY-a-3-c2,RISCY-a-3-c2,RISCY-a-3-c2,1-RISCY-a-1-c2-u0.7-m1-p1-f0.def,RISCY-a-1-c2,results/phase_10/benchmark_registry.csv (default_dpl_baseline_HPWL_um = 731162.90),FAIL,Design key 'RISCY-a-3-c2' was coupled with DEF '1-RISCY-a-1-c2-u0.7-m1-p1-f0.def' (belongs to held-out design RISCY-a-1-c2)
43,97,RISCY-a-2-c2,RISCY-a-2-c2,RISCY-a-2-c2,1-RISCY-a-1-c2-u0.7-m1-p1-f0.def,RISCY-a-1-c2,results/phase_10/benchmark_registry.csv (default_dpl_baseline_HPWL_um = 731162.90),FAIL,Design key 'RISCY-a-2-c2' was coupled with DEF '1-RISCY-a-1-c2-u0.7-m1-p1-f0.def' (belongs to held-out design RISCY-a-1-c2)
43,98,RISCY-a-2-c2,RISCY-a-2-c2,RISCY-a-2-c2,1-RISCY-a-1-c2-u0.7-m1-p1-f0.def,RISCY-a-1-c2,results/phase_10/benchmark_registry.csv (default_dpl_baseline_HPWL_um = 731162.90),FAIL,Design key 'RISCY-a-2-c2' was coupled with DEF '1-RISCY-a-1-c2-u0.7-m1-p1-f0.def' (belongs to held-out design RISCY-a-1-c2)
43,99,RISCY-a-2-c2,RISCY-a-2-c2,RISCY-a-2-c2,1-RISCY-a-1-c2-u0.7-m1-p1-f0.def,RISCY-a-1-c2,results/phase_10/benchmark_registry.csv (default_dpl_baseline_HPWL_um = 731162.90),FAIL,Design key 'RISCY-a-2-c2' was coupled with DEF '1-RISCY-a-1-c2-u0.7-m1-p1-f0.def' (belongs to held-out design RISCY-a-1-c2)
43,100,RISCY-a-2-c2,RISCY-a-2-c2,RISCY-a-2-c2,1-RISCY-a-1-c2-u0.7-m1-p1-f0.def,RISCY-a-1-c2,results/phase_10/benchmark_registry.csv (default_dpl_baseline_HPWL_um = 731162.90),FAIL,Design key 'RISCY-a-2-c2' was coupled with DEF '1-RISCY-a-1-c2-u0.7-m1-p1-f0.def' (belongs to held-out design RISCY-a-1-c2)
44,1,RISCY-a-2-c2,RISCY-a-2-c2,RISCY-a-2-c2,1-RISCY-a-1-c2-u0.7-m1-p1-f0.def,RISCY-a-1-c2,results/phase_10/benchmark_registry.csv (default_dpl_baseline_HPWL_um = 731162.90),FAIL,Design key 'RISCY-a-2-c2' was coupled with DEF '1-RISCY-a-1-c2-u0.7-m1-p1-f0.def' (belongs to held-out design RISCY-a-1-c2)
44,2,RISCY-a-2-c2,RISCY-a-2-c2,RISCY-a-2-c2,1-RISCY-a-1-c2-u0.7-m1-p1-f0.def,RISCY-a-1-c2,results/phase_10/benchmark_registry.csv (default_dpl_baseline_HPWL_um = 731162.90),FAIL,Design key 'RISCY-a-2-c2' was coupled with DEF '1-RISCY-a-1-c2-u0.7-m1-p1-f0.def' (belongs to held-out design RISCY-a-1-c2)
44,3,RISCY-a-2-c2,RISCY-a-2-c2,RISCY-a-2-c2,1-RISCY-a-1-c2-u0.7-m1-p1-f0.def,RISCY-a-1-c2,results/phase_10/benchmark_registry.csv (default_dpl_baseline_HPWL_um = 731162.90),FAIL,Design key 'RISCY-a-2-c2' was coupled with DEF '1-RISCY-a-1-c2-u0.7-m1-p1-f0.def' (belongs to held-out design RISCY-a-1-c2)
44,4,RISCY-a-3-c2,RISCY-a-3-c2,RISCY-a-3-c2,1-RISCY-a-1-c2-u0.7-m1-p1-f0.def,RISCY-a-1-c2,results/phase_10/benchmark_registry.csv (default_dpl_baseline_HPWL_um = 731162.90),FAIL,Design key 'RISCY-a-3-c2' was coupled with DEF '1-RISCY-a-1-c2-u0.7-m1-p1-f0.def' (belongs to held-out design RISCY-a-1-c2)
44,5,RISCY-a-3-c2,RISCY-a-3-c2,RISCY-a-3-c2,1-RISCY-a-1-c2-u0.7-m1-p1-f0.def,RISCY-a-1-c2,results/phase_10/benchmark_registry.csv (default_dpl_baseline_HPWL_um = 731162.90),FAIL,Design key 'RISCY-a-3-c2' was coupled with DEF '1-RISCY-a-1-c2-u0.7-m1-p1-f0.def' (belongs to held-out design RISCY-a-1-c2)
44,6,RISCY-a-3-c2,RISCY-a-3-c2,RISCY-a-3-c2,1-RISCY-a-1-c2-u0.7-m1-p1-f0.def,RISCY-a-1-c2,results/phase_10/benchmark_registry.csv (default_dpl_baseline_HPWL_um = 731162.90),FAIL,Design key 'RISCY-a-3-c2' was coupled with DEF '1-RISCY-a-1-c2-u0.7-m1-p1-f0.def' (belongs to held-out design RISCY-a-1-c2)
44,7,RISCY-a-3-c2,RISCY-a-3-c2,RISCY-a-3-c2,1-RISCY-a-1-c2-u0.7-m1-p1-f0.def,RISCY-a-1-c2,results/phase_10/benchmark_registry.csv (default_dpl_baseline_HPWL_um = 731162.90),FAIL,Design key 'RISCY-a-3-c2' was coupled with DEF '1-RISCY-a-1-c2-u0.7-m1-p1-f0.def' (belongs to held-out design RISCY-a-1-c2)
44,8,RISCY-a-2-c2,RISCY-a-2-c2,RISCY-a-2-c2,1-RISCY-a-1-c2-u0.7-m1-p1-f0.def,RISCY-a-1-c2,results/phase_10/benchmark_registry.csv (default_dpl_baseline_HPWL_um = 731162.90),FAIL,Design key 'RISCY-a-2-c2' was coupled with DEF '1-RISCY-a-1-c2-u0.7-m1-p1-f0.def' (belongs to held-out design RISCY-a-1-c2)
44,9,RISCY-a-3-c2,RISCY-a-3-c2,RISCY-a-3-c2,1-RISCY-a-1-c2-u0.7-m1-p1-f0.def,RISCY-a-1-c2,results/phase_10/benchmark_registry.csv (default_dpl_baseline_HPWL_um = 731162.90),FAIL,Design key 'RISCY-a-3-c2' was coupled with DEF '1-RISCY-a-1-c2-u0.7-m1-p1-f0.def' (belongs to held-out design RISCY-a-1-c2)
44,10,RISCY-a-3-c2,RISCY-a-3-c2,RISCY-a-3-c2,1-RISCY-a-1-c2-u0.7-m1-p1-f0.def,RISCY-a-1-c2,results/phase_10/benchmark_registry.csv (default_dpl_baseline_HPWL_um = 731162.90),FAIL,Design key 'RISCY-a-3-c2' was coupled with DEF '1-RISCY-a-1-c2-u0.7-m1-p1-f0.def' (belongs to held-out design RISCY-a-1-c2)
44,11,RISCY-a-3-c2,RISCY-a-3-c2,RISCY-a-3-c2,1-RISCY-a-1-c2-u0.7-m1-p1-f0.def,RISCY-a-1-c2,results/phase_10/benchmark_registry.csv (default_dpl_baseline_HPWL_um = 731162.90),FAIL,Design key 'RISCY-a-3-c2' was coupled with DEF '1-RISCY-a-1-c2-u0.7-m1-p1-f0.def' (belongs to held-out design RISCY-a-1-c2)
44,12,RISCY-a-2-c2,RISCY-a-2-c2,RISCY-a-2-c2,1-RISCY-a-1-c2-u0.7-m1-p1-f0.def,RISCY-a-1-c2,results/phase_10/benchmark_registry.csv (default_dpl_baseline_HPWL_um = 731162.90),FAIL,Design key 'RISCY-a-2-c2' was coupled with DEF '1-RISCY-a-1-c2-u0.7-m1-p1-f0.def' (belongs to held-out design RISCY-a-1-c2)
44,13,RISCY-a-2-c2,RISCY-a-2-c2,RISCY-a-2-c2,1-RISCY-a-1-c2-u0.7-m1-p1-f0.def,RISCY-a-1-c2,results/phase_10/benchmark_registry.csv (default_dpl_baseline_HPWL_um = 731162.90),FAIL,Design key 'RISCY-a-2-c2' was coupled with DEF '1-RISCY-a-1-c2-u0.7-m1-p1-f0.def' (belongs to held-out design RISCY-a-1-c2)
44,14,RISCY-a-2-c2,RISCY-a-2-c2,RISCY-a-2-c2,1-RISCY-a-1-c2-u0.7-m1-p1-f0.def,RISCY-a-1-c2,results/phase_10/benchmark_registry.csv (default_dpl_baseline_HPWL_um = 731162.90),FAIL,Design key 'RISCY-a-2-c2' was coupled with DEF '1-RISCY-a-1-c2-u0.7-m1-p1-f0.def' (belongs to held-out design RISCY-a-1-c2)
44,15,RISCY-a-2-c2,RISCY-a-2-c2,RISCY-a-2-c2,1-RISCY-a-1-c2-u0.7-m1-p1-f0.def,RISCY-a-1-c2,results/phase_10/benchmark_registry.csv (default_dpl_baseline_HPWL_um = 731162.90),FAIL,Design key 'RISCY-a-2-c2' was coupled with DEF '1-RISCY-a-1-c2-u0.7-m1-p1-f0.def' (belongs to held-out design RISCY-a-1-c2)
44,16,RISCY-a-3-c2,RISCY-a-3-c2,RISCY-a-3-c2,1-RISCY-a-1-c2-u0.7-m1-p1-f0.def,RISCY-a-1-c2,results/phase_10/benchmark_registry.csv (default_dpl_baseline_HPWL_um = 731162.90),FAIL,Design key 'RISCY-a-3-c2' was coupled with DEF '1-RISCY-a-1-c2-u0.7-m1-p1-f0.def' (belongs to held-out design RISCY-a-1-c2)
44,17,RISCY-a-2-c2,RISCY-a-2-c2,RISCY-a-2-c2,1-RISCY-a-1-c2-u0.7-m1-p1-f0.def,RISCY-a-1-c2,results/phase_10/benchmark_registry.csv (default_dpl_baseline_HPWL_um = 731162.90),FAIL,Design key 'RISCY-a-2-c2' was coupled with DEF '1-RISCY-a-1-c2-u0.7-m1-p1-f0.def' (belongs to held-out design RISCY-a-1-c2)
44,18,RISCY-a-3-c2,RISCY-a-3-c2,RISCY-a-3-c2,1-RISCY-a-1-c2-u0.7-m1-p1-f0.def,RISCY-a-1-c2,results/phase_10/benchmark_registry.csv (default_dpl_baseline_HPWL_um = 731162.90),FAIL,Design key 'RISCY-a-3-c2' was coupled with DEF '1-RISCY-a-1-c2-u0.7-m1-p1-f0.def' (belongs to held-out design RISCY-a-1-c2)
44,19,RISCY-a-2-c2,RISCY-a-2-c2,RISCY-a-2-c2,1-RISCY-a-1-c2-u0.7-m1-p1-f0.def,RISCY-a-1-c2,results/phase_10/benchmark_registry.csv (default_dpl_baseline_HPWL_um = 731162.90),FAIL,Design key 'RISCY-a-2-c2' was coupled with DEF '1-RISCY-a-1-c2-u0.7-m1-p1-f0.def' (belongs to held-out design RISCY-a-1-c2)
44,20,RISCY-a-3-c2,RISCY-a-3-c2,RISCY-a-3-c2,1-RISCY-a-1-c2-u0.7-m1-p1-f0.def,RISCY-a-1-c2,results/phase_10/benchmark_registry.csv (default_dpl_baseline_HPWL_um = 731162.90),FAIL,Design key 'RISCY-a-3-c2' was coupled with DEF '1-RISCY-a-1-c2-u0.7-m1-p1-f0.def' (belongs to held-out design RISCY-a-1-c2)
44,21,RISCY-a-2-c2,RISCY-a-2-c2,RISCY-a-2-c2,1-RISCY-a-1-c2-u0.7-m1-p1-f0.def,RISCY-a-1-c2,results/phase_10/benchmark_registry.csv (default_dpl_baseline_HPWL_um = 731162.90),FAIL,Design key 'RISCY-a-2-c2' was coupled with DEF '1-RISCY-a-1-c2-u0.7-m1-p1-f0.def' (belongs to held-out design RISCY-a-1-c2)
44,22,RISCY-a-3-c2,RISCY-a-3-c2,RISCY-a-3-c2,1-RISCY-a-1-c2-u0.7-m1-p1-f0.def,RISCY-a-1-c2,results/phase_10/benchmark_registry.csv (default_dpl_baseline_HPWL_um = 731162.90),FAIL,Design key 'RISCY-a-3-c2' was coupled with DEF '1-RISCY-a-1-c2-u0.7-m1-p1-f0.def' (belongs to held-out design RISCY-a-1-c2)
44,23,RISCY-a-3-c2,RISCY-a-3-c2,RISCY-a-3-c2,1-RISCY-a-1-c2-u0.7-m1-p1-f0.def,RISCY-a-1-c2,results/phase_10/benchmark_registry.csv (default_dpl_baseline_HPWL_um = 731162.90),FAIL,Design key 'RISCY-a-3-c2' was coupled with DEF '1-RISCY-a-1-c2-u0.7-m1-p1-f0.def' (belongs to held-out design RISCY-a-1-c2)
44,24,RISCY-a-2-c2,RISCY-a-2-c2,RISCY-a-2-c2,1-RISCY-a-1-c2-u0.7-m1-p1-f0.def,RISCY-a-1-c2,results/phase_10/benchmark_registry.csv (default_dpl_baseline_HPWL_um = 731162.90),FAIL,Design key 'RISCY-a-2-c2' was coupled with DEF '1-RISCY-a-1-c2-u0.7-m1-p1-f0.def' (belongs to held-out design RISCY-a-1-c2)
44,25,RISCY-a-3-c2,RISCY-a-3-c2,RISCY-a-3-c2,1-RISCY-a-1-c2-u0.7-m1-p1-f0.def,RISCY-a-1-c2,results/phase_10/benchmark_registry.csv (default_dpl_baseline_HPWL_um = 731162.90),FAIL,Design key 'RISCY-a-3-c2' was coupled with DEF '1-RISCY-a-1-c2-u0.7-m1-p1-f0.def' (belongs to held-out design RISCY-a-1-c2)
44,26,RISCY-a-3-c2,RISCY-a-3-c2,RISCY-a-3-c2,1-RISCY-a-1-c2-u0.7-m1-p1-f0.def,RISCY-a-1-c2,results/phase_10/benchmark_registry.csv (default_dpl_baseline_HPWL_um = 731162.90),FAIL,Design key 'RISCY-a-3-c2' was coupled with DEF '1-RISCY-a-1-c2-u0.7-m1-p1-f0.def' (belongs to held-out design RISCY-a-1-c2)
44,27,RISCY-a-3-c2,RISCY-a-3-c2,RISCY-a-3-c2,1-RISCY-a-1-c2-u0.7-m1-p1-f0.def,RISCY-a-1-c2,results/phase_10/benchmark_registry.csv (default_dpl_baseline_HPWL_um = 731162.90),FAIL,Design key 'RISCY-a-3-c2' was coupled with DEF '1-RISCY-a-1-c2-u0.7-m1-p1-f0.def' (belongs to held-out design RISCY-a-1-c2)
44,28,RISCY-a-3-c2,RISCY-a-3-c2,RISCY-a-3-c2,1-RISCY-a-1-c2-u0.7-m1-p1-f0.def,RISCY-a-1-c2,results/phase_10/benchmark_registry.csv (default_dpl_baseline_HPWL_um = 731162.90),FAIL,Design key 'RISCY-a-3-c2' was coupled with DEF '1-RISCY-a-1-c2-u0.7-m1-p1-f0.def' (belongs to held-out design RISCY-a-1-c2)
44,29,RISCY-a-3-c2,RISCY-a-3-c2,RISCY-a-3-c2,1-RISCY-a-1-c2-u0.7-m1-p1-f0.def,RISCY-a-1-c2,results/phase_10/benchmark_registry.csv (default_dpl_baseline_HPWL_um = 731162.90),FAIL,Design key 'RISCY-a-3-c2' was coupled with DEF '1-RISCY-a-1-c2-u0.7-m1-p1-f0.def' (belongs to held-out design RISCY-a-1-c2)
44,30,RISCY-a-3-c2,RISCY-a-3-c2,RISCY-a-3-c2,1-RISCY-a-1-c2-u0.7-m1-p1-f0.def,RISCY-a-1-c2,results/phase_10/benchmark_registry.csv (default_dpl_baseline_HPWL_um = 731162.90),FAIL,Design key 'RISCY-a-3-c2' was coupled with DEF '1-RISCY-a-1-c2-u0.7-m1-p1-f0.def' (belongs to held-out design RISCY-a-1-c2)
44,31,RISCY-a-2-c2,RISCY-a-2-c2,RISCY-a-2-c2,1-RISCY-a-1-c2-u0.7-m1-p1-f0.def,RISCY-a-1-c2,results/phase_10/benchmark_registry.csv (default_dpl_baseline_HPWL_um = 731162.90),FAIL,Design key 'RISCY-a-2-c2' was coupled with DEF '1-RISCY-a-1-c2-u0.7-m1-p1-f0.def' (belongs to held-out design RISCY-a-1-c2)
44,32,RISCY-a-3-c2,RISCY-a-3-c2,RISCY-a-3-c2,1-RISCY-a-1-c2-u0.7-m1-p1-f0.def,RISCY-a-1-c2,results/phase_10/benchmark_registry.csv (default_dpl_baseline_HPWL_um = 731162.90),FAIL,Design key 'RISCY-a-3-c2' was coupled with DEF '1-RISCY-a-1-c2-u0.7-m1-p1-f0.def' (belongs to held-out design RISCY-a-1-c2)
44,33,RISCY-a-3-c2,RISCY-a-3-c2,RISCY-a-3-c2,1-RISCY-a-1-c2-u0.7-m1-p1-f0.def,RISCY-a-1-c2,results/phase_10/benchmark_registry.csv (default_dpl_baseline_HPWL_um = 731162.90),FAIL,Design key 'RISCY-a-3-c2' was coupled with DEF '1-RISCY-a-1-c2-u0.7-m1-p1-f0.def' (belongs to held-out design RISCY-a-1-c2)
44,34,RISCY-a-3-c2,RISCY-a-3-c2,RISCY-a-3-c2,1-RISCY-a-1-c2-u0.7-m1-p1-f0.def,RISCY-a-1-c2,results/phase_10/benchmark_registry.csv (default_dpl_baseline_HPWL_um = 731162.90),FAIL,Design key 'RISCY-a-3-c2' was coupled with DEF '1-RISCY-a-1-c2-u0.7-m1-p1-f0.def' (belongs to held-out design RISCY-a-1-c2)
44,35,RISCY-a-2-c2,RISCY-a-2-c2,RISCY-a-2-c2,1-RISCY-a-1-c2-u0.7-m1-p1-f0.def,RISCY-a-1-c2,results/phase_10/benchmark_registry.csv (default_dpl_baseline_HPWL_um = 731162.90),FAIL,Design key 'RISCY-a-2-c2' was coupled with DEF '1-RISCY-a-1-c2-u0.7-m1-p1-f0.def' (belongs to held-out design RISCY-a-1-c2)
44,36,RISCY-a-2-c2,RISCY-a-2-c2,RISCY-a-2-c2,1-RISCY-a-1-c2-u0.7-m1-p1-f0.def,RISCY-a-1-c2,results/phase_10/benchmark_registry.csv (default_dpl_baseline_HPWL_um = 731162.90),FAIL,Design key 'RISCY-a-2-c2' was coupled with DEF '1-RISCY-a-1-c2-u0.7-m1-p1-f0.def' (belongs to held-out design RISCY-a-1-c2)
44,37,RISCY-a-3-c2,RISCY-a-3-c2,RISCY-a-3-c2,1-RISCY-a-1-c2-u0.7-m1-p1-f0.def,RISCY-a-1-c2,results/phase_10/benchmark_registry.csv (default_dpl_baseline_HPWL_um = 731162.90),FAIL,Design key 'RISCY-a-3-c2' was coupled with DEF '1-RISCY-a-1-c2-u0.7-m1-p1-f0.def' (belongs to held-out design RISCY-a-1-c2)
44,38,RISCY-a-3-c2,RISCY-a-3-c2,RISCY-a-3-c2,1-RISCY-a-1-c2-u0.7-m1-p1-f0.def,RISCY-a-1-c2,results/phase_10/benchmark_registry.csv (default_dpl_baseline_HPWL_um = 731162.90),FAIL,Design key 'RISCY-a-3-c2' was coupled with DEF '1-RISCY-a-1-c2-u0.7-m1-p1-f0.def' (belongs to held-out design RISCY-a-1-c2)
44,39,RISCY-a-2-c2,RISCY-a-2-c2,RISCY-a-2-c2,1-RISCY-a-1-c2-u0.7-m1-p1-f0.def,RISCY-a-1-c2,results/phase_10/benchmark_registry.csv (default_dpl_baseline_HPWL_um = 731162.90),FAIL,Design key 'RISCY-a-2-c2' was coupled with DEF '1-RISCY-a-1-c2-u0.7-m1-p1-f0.def' (belongs to held-out design RISCY-a-1-c2)
44,40,RISCY-a-3-c2,RISCY-a-3-c2,RISCY-a-3-c2,1-RISCY-a-1-c2-u0.7-m1-p1-f0.def,RISCY-a-1-c2,results/phase_10/benchmark_registry.csv (default_dpl_baseline_HPWL_um = 731162.90),FAIL,Design key 'RISCY-a-3-c2' was coupled with DEF '1-RISCY-a-1-c2-u0.7-m1-p1-f0.def' (belongs to held-out design RISCY-a-1-c2)
44,41,RISCY-a-3-c2,RISCY-a-3-c2,RISCY-a-3-c2,1-RISCY-a-1-c2-u0.7-m1-p1-f0.def,RISCY-a-1-c2,results/phase_10/benchmark_registry.csv (default_dpl_baseline_HPWL_um = 731162.90),FAIL,Design key 'RISCY-a-3-c2' was coupled with DEF '1-RISCY-a-1-c2-u0.7-m1-p1-f0.def' (belongs to held-out design RISCY-a-1-c2)
44,42,RISCY-a-2-c2,RISCY-a-2-c2,RISCY-a-2-c2,1-RISCY-a-1-c2-u0.7-m1-p1-f0.def,RISCY-a-1-c2,results/phase_10/benchmark_registry.csv (default_dpl_baseline_HPWL_um = 731162.90),FAIL,Design key 'RISCY-a-2-c2' was coupled with DEF '1-RISCY-a-1-c2-u0.7-m1-p1-f0.def' (belongs to held-out design RISCY-a-1-c2)
44,43,RISCY-a-2-c2,RISCY-a-2-c2,RISCY-a-2-c2,1-RISCY-a-1-c2-u0.7-m1-p1-f0.def,RISCY-a-1-c2,results/phase_10/benchmark_registry.csv (default_dpl_baseline_HPWL_um = 731162.90),FAIL,Design key 'RISCY-a-2-c2' was coupled with DEF '1-RISCY-a-1-c2-u0.7-m1-p1-f0.def' (belongs to held-out design RISCY-a-1-c2)
44,44,RISCY-a-2-c2,RISCY-a-2-c2,RISCY-a-2-c2,1-RISCY-a-1-c2-u0.7-m1-p1-f0.def,RISCY-a-1-c2,results/phase_10/benchmark_registry.csv (default_dpl_baseline_HPWL_um = 731162.90),FAIL,Design key 'RISCY-a-2-c2' was coupled with DEF '1-RISCY-a-1-c2-u0.7-m1-p1-f0.def' (belongs to held-out design RISCY-a-1-c2)
44,45,RISCY-a-3-c2,RISCY-a-3-c2,RISCY-a-3-c2,1-RISCY-a-1-c2-u0.7-m1-p1-f0.def,RISCY-a-1-c2,results/phase_10/benchmark_registry.csv (default_dpl_baseline_HPWL_um = 731162.90),FAIL,Design key 'RISCY-a-3-c2' was coupled with DEF '1-RISCY-a-1-c2-u0.7-m1-p1-f0.def' (belongs to held-out design RISCY-a-1-c2)
44,46,RISCY-a-3-c2,RISCY-a-3-c2,RISCY-a-3-c2,1-RISCY-a-1-c2-u0.7-m1-p1-f0.def,RISCY-a-1-c2,results/phase_10/benchmark_registry.csv (default_dpl_baseline_HPWL_um = 731162.90),FAIL,Design key 'RISCY-a-3-c2' was coupled with DEF '1-RISCY-a-1-c2-u0.7-m1-p1-f0.def' (belongs to held-out design RISCY-a-1-c2)
44,47,RISCY-a-2-c2,RISCY-a-2-c2,RISCY-a-2-c2,1-RISCY-a-1-c2-u0.7-m1-p1-f0.def,RISCY-a-1-c2,results/phase_10/benchmark_registry.csv (default_dpl_baseline_HPWL_um = 731162.90),FAIL,Design key 'RISCY-a-2-c2' was coupled with DEF '1-RISCY-a-1-c2-u0.7-m1-p1-f0.def' (belongs to held-out design RISCY-a-1-c2)
44,48,RISCY-a-2-c2,RISCY-a-2-c2,RISCY-a-2-c2,1-RISCY-a-1-c2-u0.7-m1-p1-f0.def,RISCY-a-1-c2,results/phase_10/benchmark_registry.csv (default_dpl_baseline_HPWL_um = 731162.90),FAIL,Design key 'RISCY-a-2-c2' was coupled with DEF '1-RISCY-a-1-c2-u0.7-m1-p1-f0.def' (belongs to held-out design RISCY-a-1-c2)
44,49,RISCY-a-3-c2,RISCY-a-3-c2,RISCY-a-3-c2,1-RISCY-a-1-c2-u0.7-m1-p1-f0.def,RISCY-a-1-c2,results/phase_10/benchmark_registry.csv (default_dpl_baseline_HPWL_um = 731162.90),FAIL,Design key 'RISCY-a-3-c2' was coupled with DEF '1-RISCY-a-1-c2-u0.7-m1-p1-f0.def' (belongs to held-out design RISCY-a-1-c2)
44,50,RISCY-a-2-c2,RISCY-a-2-c2,RISCY-a-2-c2,1-RISCY-a-1-c2-u0.7-m1-p1-f0.def,RISCY-a-1-c2,results/phase_10/benchmark_registry.csv (default_dpl_baseline_HPWL_um = 731162.90),FAIL,Design key 'RISCY-a-2-c2' was coupled with DEF '1-RISCY-a-1-c2-u0.7-m1-p1-f0.def' (belongs to held-out design RISCY-a-1-c2)
44,51,RISCY-a-3-c2,RISCY-a-3-c2,RISCY-a-3-c2,1-RISCY-a-1-c2-u0.7-m1-p1-f0.def,RISCY-a-1-c2,results/phase_10/benchmark_registry.csv (default_dpl_baseline_HPWL_um = 731162.90),FAIL,Design key 'RISCY-a-3-c2' was coupled with DEF '1-RISCY-a-1-c2-u0.7-m1-p1-f0.def' (belongs to held-out design RISCY-a-1-c2)
44,52,RISCY-a-2-c2,RISCY-a-2-c2,RISCY-a-2-c2,1-RISCY-a-1-c2-u0.7-m1-p1-f0.def,RISCY-a-1-c2,results/phase_10/benchmark_registry.csv (default_dpl_baseline_HPWL_um = 731162.90),FAIL,Design key 'RISCY-a-2-c2' was coupled with DEF '1-RISCY-a-1-c2-u0.7-m1-p1-f0.def' (belongs to held-out design RISCY-a-1-c2)
44,53,RISCY-a-3-c2,RISCY-a-3-c2,RISCY-a-3-c2,1-RISCY-a-1-c2-u0.7-m1-p1-f0.def,RISCY-a-1-c2,results/phase_10/benchmark_registry.csv (default_dpl_baseline_HPWL_um = 731162.90),FAIL,Design key 'RISCY-a-3-c2' was coupled with DEF '1-RISCY-a-1-c2-u0.7-m1-p1-f0.def' (belongs to held-out design RISCY-a-1-c2)
44,54,RISCY-a-2-c2,RISCY-a-2-c2,RISCY-a-2-c2,1-RISCY-a-1-c2-u0.7-m1-p1-f0.def,RISCY-a-1-c2,results/phase_10/benchmark_registry.csv (default_dpl_baseline_HPWL_um = 731162.90),FAIL,Design key 'RISCY-a-2-c2' was coupled with DEF '1-RISCY-a-1-c2-u0.7-m1-p1-f0.def' (belongs to held-out design RISCY-a-1-c2)
44,55,RISCY-a-3-c2,RISCY-a-3-c2,RISCY-a-3-c2,1-RISCY-a-1-c2-u0.7-m1-p1-f0.def,RISCY-a-1-c2,results/phase_10/benchmark_registry.csv (default_dpl_baseline_HPWL_um = 731162.90),FAIL,Design key 'RISCY-a-3-c2' was coupled with DEF '1-RISCY-a-1-c2-u0.7-m1-p1-f0.def' (belongs to held-out design RISCY-a-1-c2)
44,56,RISCY-a-2-c2,RISCY-a-2-c2,RISCY-a-2-c2,1-RISCY-a-1-c2-u0.7-m1-p1-f0.def,RISCY-a-1-c2,results/phase_10/benchmark_registry.csv (default_dpl_baseline_HPWL_um = 731162.90),FAIL,Design key 'RISCY-a-2-c2' was coupled with DEF '1-RISCY-a-1-c2-u0.7-m1-p1-f0.def' (belongs to held-out design RISCY-a-1-c2)
44,57,RISCY-a-3-c2,RISCY-a-3-c2,RISCY-a-3-c2,1-RISCY-a-1-c2-u0.7-m1-p1-f0.def,RISCY-a-1-c2,results/phase_10/benchmark_registry.csv (default_dpl_baseline_HPWL_um = 731162.90),FAIL,Design key 'RISCY-a-3-c2' was coupled with DEF '1-RISCY-a-1-c2-u0.7-m1-p1-f0.def' (belongs to held-out design RISCY-a-1-c2)
44,58,RISCY-a-2-c2,RISCY-a-2-c2,RISCY-a-2-c2,1-RISCY-a-1-c2-u0.7-m1-p1-f0.def,RISCY-a-1-c2,results/phase_10/benchmark_registry.csv (default_dpl_baseline_HPWL_um = 731162.90),FAIL,Design key 'RISCY-a-2-c2' was coupled with DEF '1-RISCY-a-1-c2-u0.7-m1-p1-f0.def' (belongs to held-out design RISCY-a-1-c2)
44,59,RISCY-a-2-c2,RISCY-a-2-c2,RISCY-a-2-c2,1-RISCY-a-1-c2-u0.7-m1-p1-f0.def,RISCY-a-1-c2,results/phase_10/benchmark_registry.csv (default_dpl_baseline_HPWL_um = 731162.90),FAIL,Design key 'RISCY-a-2-c2' was coupled with DEF '1-RISCY-a-1-c2-u0.7-m1-p1-f0.def' (belongs to held-out design RISCY-a-1-c2)
44,60,RISCY-a-3-c2,RISCY-a-3-c2,RISCY-a-3-c2,1-RISCY-a-1-c2-u0.7-m1-p1-f0.def,RISCY-a-1-c2,results/phase_10/benchmark_registry.csv (default_dpl_baseline_HPWL_um = 731162.90),FAIL,Design key 'RISCY-a-3-c2' was coupled with DEF '1-RISCY-a-1-c2-u0.7-m1-p1-f0.def' (belongs to held-out design RISCY-a-1-c2)
44,61,RISCY-a-2-c2,RISCY-a-2-c2,RISCY-a-2-c2,1-RISCY-a-1-c2-u0.7-m1-p1-f0.def,RISCY-a-1-c2,results/phase_10/benchmark_registry.csv (default_dpl_baseline_HPWL_um = 731162.90),FAIL,Design key 'RISCY-a-2-c2' was coupled with DEF '1-RISCY-a-1-c2-u0.7-m1-p1-f0.def' (belongs to held-out design RISCY-a-1-c2)
44,62,RISCY-a-3-c2,RISCY-a-3-c2,RISCY-a-3-c2,1-RISCY-a-1-c2-u0.7-m1-p1-f0.def,RISCY-a-1-c2,results/phase_10/benchmark_registry.csv (default_dpl_baseline_HPWL_um = 731162.90),FAIL,Design key 'RISCY-a-3-c2' was coupled with DEF '1-RISCY-a-1-c2-u0.7-m1-p1-f0.def' (belongs to held-out design RISCY-a-1-c2)
44,63,RISCY-a-2-c2,RISCY-a-2-c2,RISCY-a-2-c2,1-RISCY-a-1-c2-u0.7-m1-p1-f0.def,RISCY-a-1-c2,results/phase_10/benchmark_registry.csv (default_dpl_baseline_HPWL_um = 731162.90),FAIL,Design key 'RISCY-a-2-c2' was coupled with DEF '1-RISCY-a-1-c2-u0.7-m1-p1-f0.def' (belongs to held-out design RISCY-a-1-c2)
44,64,RISCY-a-3-c2,RISCY-a-3-c2,RISCY-a-3-c2,1-RISCY-a-1-c2-u0.7-m1-p1-f0.def,RISCY-a-1-c2,results/phase_10/benchmark_registry.csv (default_dpl_baseline_HPWL_um = 731162.90),FAIL,Design key 'RISCY-a-3-c2' was coupled with DEF '1-RISCY-a-1-c2-u0.7-m1-p1-f0.def' (belongs to held-out design RISCY-a-1-c2)
44,65,RISCY-a-2-c2,RISCY-a-2-c2,RISCY-a-2-c2,1-RISCY-a-1-c2-u0.7-m1-p1-f0.def,RISCY-a-1-c2,results/phase_10/benchmark_registry.csv (default_dpl_baseline_HPWL_um = 731162.90),FAIL,Design key 'RISCY-a-2-c2' was coupled with DEF '1-RISCY-a-1-c2-u0.7-m1-p1-f0.def' (belongs to held-out design RISCY-a-1-c2)
44,66,RISCY-a-2-c2,RISCY-a-2-c2,RISCY-a-2-c2,1-RISCY-a-1-c2-u0.7-m1-p1-f0.def,RISCY-a-1-c2,results/phase_10/benchmark_registry.csv (default_dpl_baseline_HPWL_um = 731162.90),FAIL,Design key 'RISCY-a-2-c2' was coupled with DEF '1-RISCY-a-1-c2-u0.7-m1-p1-f0.def' (belongs to held-out design RISCY-a-1-c2)
44,67,RISCY-a-3-c2,RISCY-a-3-c2,RISCY-a-3-c2,1-RISCY-a-1-c2-u0.7-m1-p1-f0.def,RISCY-a-1-c2,results/phase_10/benchmark_registry.csv (default_dpl_baseline_HPWL_um = 731162.90),FAIL,Design key 'RISCY-a-3-c2' was coupled with DEF '1-RISCY-a-1-c2-u0.7-m1-p1-f0.def' (belongs to held-out design RISCY-a-1-c2)
44,68,RISCY-a-3-c2,RISCY-a-3-c2,RISCY-a-3-c2,1-RISCY-a-1-c2-u0.7-m1-p1-f0.def,RISCY-a-1-c2,results/phase_10/benchmark_registry.csv (default_dpl_baseline_HPWL_um = 731162.90),FAIL,Design key 'RISCY-a-3-c2' was coupled with DEF '1-RISCY-a-1-c2-u0.7-m1-p1-f0.def' (belongs to held-out design RISCY-a-1-c2)
44,69,RISCY-a-2-c2,RISCY-a-2-c2,RISCY-a-2-c2,1-RISCY-a-1-c2-u0.7-m1-p1-f0.def,RISCY-a-1-c2,results/phase_10/benchmark_registry.csv (default_dpl_baseline_HPWL_um = 731162.90),FAIL,Design key 'RISCY-a-2-c2' was coupled with DEF '1-RISCY-a-1-c2-u0.7-m1-p1-f0.def' (belongs to held-out design RISCY-a-1-c2)
44,70,RISCY-a-2-c2,RISCY-a-2-c2,RISCY-a-2-c2,1-RISCY-a-1-c2-u0.7-m1-p1-f0.def,RISCY-a-1-c2,results/phase_10/benchmark_registry.csv (default_dpl_baseline_HPWL_um = 731162.90),FAIL,Design key 'RISCY-a-2-c2' was coupled with DEF '1-RISCY-a-1-c2-u0.7-m1-p1-f0.def' (belongs to held-out design RISCY-a-1-c2)
44,71,RISCY-a-2-c2,RISCY-a-2-c2,RISCY-a-2-c2,1-RISCY-a-1-c2-u0.7-m1-p1-f0.def,RISCY-a-1-c2,results/phase_10/benchmark_registry.csv (default_dpl_baseline_HPWL_um = 731162.90),FAIL,Design key 'RISCY-a-2-c2' was coupled with DEF '1-RISCY-a-1-c2-u0.7-m1-p1-f0.def' (belongs to held-out design RISCY-a-1-c2)
44,72,RISCY-a-3-c2,RISCY-a-3-c2,RISCY-a-3-c2,1-RISCY-a-1-c2-u0.7-m1-p1-f0.def,RISCY-a-1-c2,results/phase_10/benchmark_registry.csv (default_dpl_baseline_HPWL_um = 731162.90),FAIL,Design key 'RISCY-a-3-c2' was coupled with DEF '1-RISCY-a-1-c2-u0.7-m1-p1-f0.def' (belongs to held-out design RISCY-a-1-c2)
44,73,RISCY-a-2-c2,RISCY-a-2-c2,RISCY-a-2-c2,1-RISCY-a-1-c2-u0.7-m1-p1-f0.def,RISCY-a-1-c2,results/phase_10/benchmark_registry.csv (default_dpl_baseline_HPWL_um = 731162.90),FAIL,Design key 'RISCY-a-2-c2' was coupled with DEF '1-RISCY-a-1-c2-u0.7-m1-p1-f0.def' (belongs to held-out design RISCY-a-1-c2)
44,74,RISCY-a-2-c2,RISCY-a-2-c2,RISCY-a-2-c2,1-RISCY-a-1-c2-u0.7-m1-p1-f0.def,RISCY-a-1-c2,results/phase_10/benchmark_registry.csv (default_dpl_baseline_HPWL_um = 731162.90),FAIL,Design key 'RISCY-a-2-c2' was coupled with DEF '1-RISCY-a-1-c2-u0.7-m1-p1-f0.def' (belongs to held-out design RISCY-a-1-c2)
44,75,RISCY-a-2-c2,RISCY-a-2-c2,RISCY-a-2-c2,1-RISCY-a-1-c2-u0.7-m1-p1-f0.def,RISCY-a-1-c2,results/phase_10/benchmark_registry.csv (default_dpl_baseline_HPWL_um = 731162.90),FAIL,Design key 'RISCY-a-2-c2' was coupled with DEF '1-RISCY-a-1-c2-u0.7-m1-p1-f0.def' (belongs to held-out design RISCY-a-1-c2)
44,76,RISCY-a-3-c2,RISCY-a-3-c2,RISCY-a-3-c2,1-RISCY-a-1-c2-u0.7-m1-p1-f0.def,RISCY-a-1-c2,results/phase_10/benchmark_registry.csv (default_dpl_baseline_HPWL_um = 731162.90),FAIL,Design key 'RISCY-a-3-c2' was coupled with DEF '1-RISCY-a-1-c2-u0.7-m1-p1-f0.def' (belongs to held-out design RISCY-a-1-c2)
44,77,RISCY-a-2-c2,RISCY-a-2-c2,RISCY-a-2-c2,1-RISCY-a-1-c2-u0.7-m1-p1-f0.def,RISCY-a-1-c2,results/phase_10/benchmark_registry.csv (default_dpl_baseline_HPWL_um = 731162.90),FAIL,Design key 'RISCY-a-2-c2' was coupled with DEF '1-RISCY-a-1-c2-u0.7-m1-p1-f0.def' (belongs to held-out design RISCY-a-1-c2)
44,78,RISCY-a-2-c2,RISCY-a-2-c2,RISCY-a-2-c2,1-RISCY-a-1-c2-u0.7-m1-p1-f0.def,RISCY-a-1-c2,results/phase_10/benchmark_registry.csv (default_dpl_baseline_HPWL_um = 731162.90),FAIL,Design key 'RISCY-a-2-c2' was coupled with DEF '1-RISCY-a-1-c2-u0.7-m1-p1-f0.def' (belongs to held-out design RISCY-a-1-c2)
44,79,RISCY-a-3-c2,RISCY-a-3-c2,RISCY-a-3-c2,1-RISCY-a-1-c2-u0.7-m1-p1-f0.def,RISCY-a-1-c2,results/phase_10/benchmark_registry.csv (default_dpl_baseline_HPWL_um = 731162.90),FAIL,Design key 'RISCY-a-3-c2' was coupled with DEF '1-RISCY-a-1-c2-u0.7-m1-p1-f0.def' (belongs to held-out design RISCY-a-1-c2)
44,80,RISCY-a-3-c2,RISCY-a-3-c2,RISCY-a-3-c2,1-RISCY-a-1-c2-u0.7-m1-p1-f0.def,RISCY-a-1-c2,results/phase_10/benchmark_registry.csv (default_dpl_baseline_HPWL_um = 731162.90),FAIL,Design key 'RISCY-a-3-c2' was coupled with DEF '1-RISCY-a-1-c2-u0.7-m1-p1-f0.def' (belongs to held-out design RISCY-a-1-c2)
44,81,RISCY-a-2-c2,RISCY-a-2-c2,RISCY-a-2-c2,1-RISCY-a-1-c2-u0.7-m1-p1-f0.def,RISCY-a-1-c2,results/phase_10/benchmark_registry.csv (default_dpl_baseline_HPWL_um = 731162.90),FAIL,Design key 'RISCY-a-2-c2' was coupled with DEF '1-RISCY-a-1-c2-u0.7-m1-p1-f0.def' (belongs to held-out design RISCY-a-1-c2)
44,82,RISCY-a-3-c2,RISCY-a-3-c2,RISCY-a-3-c2,1-RISCY-a-1-c2-u0.7-m1-p1-f0.def,RISCY-a-1-c2,results/phase_10/benchmark_registry.csv (default_dpl_baseline_HPWL_um = 731162.90),FAIL,Design key 'RISCY-a-3-c2' was coupled with DEF '1-RISCY-a-1-c2-u0.7-m1-p1-f0.def' (belongs to held-out design RISCY-a-1-c2)
44,83,RISCY-a-3-c2,RISCY-a-3-c2,RISCY-a-3-c2,1-RISCY-a-1-c2-u0.7-m1-p1-f0.def,RISCY-a-1-c2,results/phase_10/benchmark_registry.csv (default_dpl_baseline_HPWL_um = 731162.90),FAIL,Design key 'RISCY-a-3-c2' was coupled with DEF '1-RISCY-a-1-c2-u0.7-m1-p1-f0.def' (belongs to held-out design RISCY-a-1-c2)
44,84,RISCY-a-3-c2,RISCY-a-3-c2,RISCY-a-3-c2,1-RISCY-a-1-c2-u0.7-m1-p1-f0.def,RISCY-a-1-c2,results/phase_10/benchmark_registry.csv (default_dpl_baseline_HPWL_um = 731162.90),FAIL,Design key 'RISCY-a-3-c2' was coupled with DEF '1-RISCY-a-1-c2-u0.7-m1-p1-f0.def' (belongs to held-out design RISCY-a-1-c2)
44,85,RISCY-a-3-c2,RISCY-a-3-c2,RISCY-a-3-c2,1-RISCY-a-1-c2-u0.7-m1-p1-f0.def,RISCY-a-1-c2,results/phase_10/benchmark_registry.csv (default_dpl_baseline_HPWL_um = 731162.90),FAIL,Design key 'RISCY-a-3-c2' was coupled with DEF '1-RISCY-a-1-c2-u0.7-m1-p1-f0.def' (belongs to held-out design RISCY-a-1-c2)
44,86,RISCY-a-2-c2,RISCY-a-2-c2,RISCY-a-2-c2,1-RISCY-a-1-c2-u0.7-m1-p1-f0.def,RISCY-a-1-c2,results/phase_10/benchmark_registry.csv (default_dpl_baseline_HPWL_um = 731162.90),FAIL,Design key 'RISCY-a-2-c2' was coupled with DEF '1-RISCY-a-1-c2-u0.7-m1-p1-f0.def' (belongs to held-out design RISCY-a-1-c2)
44,87,RISCY-a-2-c2,RISCY-a-2-c2,RISCY-a-2-c2,1-RISCY-a-1-c2-u0.7-m1-p1-f0.def,RISCY-a-1-c2,results/phase_10/benchmark_registry.csv (default_dpl_baseline_HPWL_um = 731162.90),FAIL,Design key 'RISCY-a-2-c2' was coupled with DEF '1-RISCY-a-1-c2-u0.7-m1-p1-f0.def' (belongs to held-out design RISCY-a-1-c2)
44,88,RISCY-a-2-c2,RISCY-a-2-c2,RISCY-a-2-c2,1-RISCY-a-1-c2-u0.7-m1-p1-f0.def,RISCY-a-1-c2,results/phase_10/benchmark_registry.csv (default_dpl_baseline_HPWL_um = 731162.90),FAIL,Design key 'RISCY-a-2-c2' was coupled with DEF '1-RISCY-a-1-c2-u0.7-m1-p1-f0.def' (belongs to held-out design RISCY-a-1-c2)
44,89,RISCY-a-3-c2,RISCY-a-3-c2,RISCY-a-3-c2,1-RISCY-a-1-c2-u0.7-m1-p1-f0.def,RISCY-a-1-c2,results/phase_10/benchmark_registry.csv (default_dpl_baseline_HPWL_um = 731162.90),FAIL,Design key 'RISCY-a-3-c2' was coupled with DEF '1-RISCY-a-1-c2-u0.7-m1-p1-f0.def' (belongs to held-out design RISCY-a-1-c2)
44,90,RISCY-a-3-c2,RISCY-a-3-c2,RISCY-a-3-c2,1-RISCY-a-1-c2-u0.7-m1-p1-f0.def,RISCY-a-1-c2,results/phase_10/benchmark_registry.csv (default_dpl_baseline_HPWL_um = 731162.90),FAIL,Design key 'RISCY-a-3-c2' was coupled with DEF '1-RISCY-a-1-c2-u0.7-m1-p1-f0.def' (belongs to held-out design RISCY-a-1-c2)
44,91,RISCY-a-3-c2,RISCY-a-3-c2,RISCY-a-3-c2,1-RISCY-a-1-c2-u0.7-m1-p1-f0.def,RISCY-a-1-c2,results/phase_10/benchmark_registry.csv (default_dpl_baseline_HPWL_um = 731162.90),FAIL,Design key 'RISCY-a-3-c2' was coupled with DEF '1-RISCY-a-1-c2-u0.7-m1-p1-f0.def' (belongs to held-out design RISCY-a-1-c2)
44,92,RISCY-a-2-c2,RISCY-a-2-c2,RISCY-a-2-c2,1-RISCY-a-1-c2-u0.7-m1-p1-f0.def,RISCY-a-1-c2,results/phase_10/benchmark_registry.csv (default_dpl_baseline_HPWL_um = 731162.90),FAIL,Design key 'RISCY-a-2-c2' was coupled with DEF '1-RISCY-a-1-c2-u0.7-m1-p1-f0.def' (belongs to held-out design RISCY-a-1-c2)
44,93,RISCY-a-2-c2,RISCY-a-2-c2,RISCY-a-2-c2,1-RISCY-a-1-c2-u0.7-m1-p1-f0.def,RISCY-a-1-c2,results/phase_10/benchmark_registry.csv (default_dpl_baseline_HPWL_um = 731162.90),FAIL,Design key 'RISCY-a-2-c2' was coupled with DEF '1-RISCY-a-1-c2-u0.7-m1-p1-f0.def' (belongs to held-out design RISCY-a-1-c2)
44,94,RISCY-a-3-c2,RISCY-a-3-c2,RISCY-a-3-c2,1-RISCY-a-1-c2-u0.7-m1-p1-f0.def,RISCY-a-1-c2,results/phase_10/benchmark_registry.csv (default_dpl_baseline_HPWL_um = 731162.90),FAIL,Design key 'RISCY-a-3-c2' was coupled with DEF '1-RISCY-a-1-c2-u0.7-m1-p1-f0.def' (belongs to held-out design RISCY-a-1-c2)
44,95,RISCY-a-3-c2,RISCY-a-3-c2,RISCY-a-3-c2,1-RISCY-a-1-c2-u0.7-m1-p1-f0.def,RISCY-a-1-c2,results/phase_10/benchmark_registry.csv (default_dpl_baseline_HPWL_um = 731162.90),FAIL,Design key 'RISCY-a-3-c2' was coupled with DEF '1-RISCY-a-1-c2-u0.7-m1-p1-f0.def' (belongs to held-out design RISCY-a-1-c2)
44,96,RISCY-a-2-c2,RISCY-a-2-c2,RISCY-a-2-c2,1-RISCY-a-1-c2-u0.7-m1-p1-f0.def,RISCY-a-1-c2,results/phase_10/benchmark_registry.csv (default_dpl_baseline_HPWL_um = 731162.90),FAIL,Design key 'RISCY-a-2-c2' was coupled with DEF '1-RISCY-a-1-c2-u0.7-m1-p1-f0.def' (belongs to held-out design RISCY-a-1-c2)
44,97,RISCY-a-2-c2,RISCY-a-2-c2,RISCY-a-2-c2,1-RISCY-a-1-c2-u0.7-m1-p1-f0.def,RISCY-a-1-c2,results/phase_10/benchmark_registry.csv (default_dpl_baseline_HPWL_um = 731162.90),FAIL,Design key 'RISCY-a-2-c2' was coupled with DEF '1-RISCY-a-1-c2-u0.7-m1-p1-f0.def' (belongs to held-out design RISCY-a-1-c2)
44,98,RISCY-a-2-c2,RISCY-a-2-c2,RISCY-a-2-c2,1-RISCY-a-1-c2-u0.7-m1-p1-f0.def,RISCY-a-1-c2,results/phase_10/benchmark_registry.csv (default_dpl_baseline_HPWL_um = 731162.90),FAIL,Design key 'RISCY-a-2-c2' was coupled with DEF '1-RISCY-a-1-c2-u0.7-m1-p1-f0.def' (belongs to held-out design RISCY-a-1-c2)
44,99,RISCY-a-2-c2,RISCY-a-2-c2,RISCY-a-2-c2,1-RISCY-a-1-c2-u0.7-m1-p1-f0.def,RISCY-a-1-c2,results/phase_10/benchmark_registry.csv (default_dpl_baseline_HPWL_um = 731162.90),FAIL,Design key 'RISCY-a-2-c2' was coupled with DEF '1-RISCY-a-1-c2-u0.7-m1-p1-f0.def' (belongs to held-out design RISCY-a-1-c2)
44,100,RISCY-a-2-c2,RISCY-a-2-c2,RISCY-a-2-c2,1-RISCY-a-1-c2-u0.7-m1-p1-f0.def,RISCY-a-1-c2,results/phase_10/benchmark_registry.csv (default_dpl_baseline_HPWL_um = 731162.90),FAIL,Design key 'RISCY-a-2-c2' was coupled with DEF '1-RISCY-a-1-c2-u0.7-m1-p1-f0.def' (belongs to held-out design RISCY-a-1-c2)
45,1,RISCY-a-3-c2,RISCY-a-3-c2,RISCY-a-3-c2,1-RISCY-a-1-c2-u0.7-m1-p1-f0.def,RISCY-a-1-c2,results/phase_10/benchmark_registry.csv (default_dpl_baseline_HPWL_um = 731162.90),FAIL,Design key 'RISCY-a-3-c2' was coupled with DEF '1-RISCY-a-1-c2-u0.7-m1-p1-f0.def' (belongs to held-out design RISCY-a-1-c2)
45,2,RISCY-a-3-c2,RISCY-a-3-c2,RISCY-a-3-c2,1-RISCY-a-1-c2-u0.7-m1-p1-f0.def,RISCY-a-1-c2,results/phase_10/benchmark_registry.csv (default_dpl_baseline_HPWL_um = 731162.90),FAIL,Design key 'RISCY-a-3-c2' was coupled with DEF '1-RISCY-a-1-c2-u0.7-m1-p1-f0.def' (belongs to held-out design RISCY-a-1-c2)
45,3,RISCY-a-3-c2,RISCY-a-3-c2,RISCY-a-3-c2,1-RISCY-a-1-c2-u0.7-m1-p1-f0.def,RISCY-a-1-c2,results/phase_10/benchmark_registry.csv (default_dpl_baseline_HPWL_um = 731162.90),FAIL,Design key 'RISCY-a-3-c2' was coupled with DEF '1-RISCY-a-1-c2-u0.7-m1-p1-f0.def' (belongs to held-out design RISCY-a-1-c2)
45,4,RISCY-a-3-c2,RISCY-a-3-c2,RISCY-a-3-c2,1-RISCY-a-1-c2-u0.7-m1-p1-f0.def,RISCY-a-1-c2,results/phase_10/benchmark_registry.csv (default_dpl_baseline_HPWL_um = 731162.90),FAIL,Design key 'RISCY-a-3-c2' was coupled with DEF '1-RISCY-a-1-c2-u0.7-m1-p1-f0.def' (belongs to held-out design RISCY-a-1-c2)
45,5,RISCY-a-3-c2,RISCY-a-3-c2,RISCY-a-3-c2,1-RISCY-a-1-c2-u0.7-m1-p1-f0.def,RISCY-a-1-c2,results/phase_10/benchmark_registry.csv (default_dpl_baseline_HPWL_um = 731162.90),FAIL,Design key 'RISCY-a-3-c2' was coupled with DEF '1-RISCY-a-1-c2-u0.7-m1-p1-f0.def' (belongs to held-out design RISCY-a-1-c2)
45,6,RISCY-a-3-c2,RISCY-a-3-c2,RISCY-a-3-c2,1-RISCY-a-1-c2-u0.7-m1-p1-f0.def,RISCY-a-1-c2,results/phase_10/benchmark_registry.csv (default_dpl_baseline_HPWL_um = 731162.90),FAIL,Design key 'RISCY-a-3-c2' was coupled with DEF '1-RISCY-a-1-c2-u0.7-m1-p1-f0.def' (belongs to held-out design RISCY-a-1-c2)
45,7,RISCY-a-3-c2,RISCY-a-3-c2,RISCY-a-3-c2,1-RISCY-a-1-c2-u0.7-m1-p1-f0.def,RISCY-a-1-c2,results/phase_10/benchmark_registry.csv (default_dpl_baseline_HPWL_um = 731162.90),FAIL,Design key 'RISCY-a-3-c2' was coupled with DEF '1-RISCY-a-1-c2-u0.7-m1-p1-f0.def' (belongs to held-out design RISCY-a-1-c2)
45,8,RISCY-a-3-c2,RISCY-a-3-c2,RISCY-a-3-c2,1-RISCY-a-1-c2-u0.7-m1-p1-f0.def,RISCY-a-1-c2,results/phase_10/benchmark_registry.csv (default_dpl_baseline_HPWL_um = 731162.90),FAIL,Design key 'RISCY-a-3-c2' was coupled with DEF '1-RISCY-a-1-c2-u0.7-m1-p1-f0.def' (belongs to held-out design RISCY-a-1-c2)
45,9,RISCY-a-3-c2,RISCY-a-3-c2,RISCY-a-3-c2,1-RISCY-a-1-c2-u0.7-m1-p1-f0.def,RISCY-a-1-c2,results/phase_10/benchmark_registry.csv (default_dpl_baseline_HPWL_um = 731162.90),FAIL,Design key 'RISCY-a-3-c2' was coupled with DEF '1-RISCY-a-1-c2-u0.7-m1-p1-f0.def' (belongs to held-out design RISCY-a-1-c2)
45,10,RISCY-a-3-c2,RISCY-a-3-c2,RISCY-a-3-c2,1-RISCY-a-1-c2-u0.7-m1-p1-f0.def,RISCY-a-1-c2,results/phase_10/benchmark_registry.csv (default_dpl_baseline_HPWL_um = 731162.90),FAIL,Design key 'RISCY-a-3-c2' was coupled with DEF '1-RISCY-a-1-c2-u0.7-m1-p1-f0.def' (belongs to held-out design RISCY-a-1-c2)
45,11,RISCY-a-2-c2,RISCY-a-2-c2,RISCY-a-2-c2,1-RISCY-a-1-c2-u0.7-m1-p1-f0.def,RISCY-a-1-c2,results/phase_10/benchmark_registry.csv (default_dpl_baseline_HPWL_um = 731162.90),FAIL,Design key 'RISCY-a-2-c2' was coupled with DEF '1-RISCY-a-1-c2-u0.7-m1-p1-f0.def' (belongs to held-out design RISCY-a-1-c2)
45,12,RISCY-a-2-c2,RISCY-a-2-c2,RISCY-a-2-c2,1-RISCY-a-1-c2-u0.7-m1-p1-f0.def,RISCY-a-1-c2,results/phase_10/benchmark_registry.csv (default_dpl_baseline_HPWL_um = 731162.90),FAIL,Design key 'RISCY-a-2-c2' was coupled with DEF '1-RISCY-a-1-c2-u0.7-m1-p1-f0.def' (belongs to held-out design RISCY-a-1-c2)
45,13,RISCY-a-2-c2,RISCY-a-2-c2,RISCY-a-2-c2,1-RISCY-a-1-c2-u0.7-m1-p1-f0.def,RISCY-a-1-c2,results/phase_10/benchmark_registry.csv (default_dpl_baseline_HPWL_um = 731162.90),FAIL,Design key 'RISCY-a-2-c2' was coupled with DEF '1-RISCY-a-1-c2-u0.7-m1-p1-f0.def' (belongs to held-out design RISCY-a-1-c2)
45,14,RISCY-a-3-c2,RISCY-a-3-c2,RISCY-a-3-c2,1-RISCY-a-1-c2-u0.7-m1-p1-f0.def,RISCY-a-1-c2,results/phase_10/benchmark_registry.csv (default_dpl_baseline_HPWL_um = 731162.90),FAIL,Design key 'RISCY-a-3-c2' was coupled with DEF '1-RISCY-a-1-c2-u0.7-m1-p1-f0.def' (belongs to held-out design RISCY-a-1-c2)
45,15,RISCY-a-3-c2,RISCY-a-3-c2,RISCY-a-3-c2,1-RISCY-a-1-c2-u0.7-m1-p1-f0.def,RISCY-a-1-c2,results/phase_10/benchmark_registry.csv (default_dpl_baseline_HPWL_um = 731162.90),FAIL,Design key 'RISCY-a-3-c2' was coupled with DEF '1-RISCY-a-1-c2-u0.7-m1-p1-f0.def' (belongs to held-out design RISCY-a-1-c2)
45,16,RISCY-a-3-c2,RISCY-a-3-c2,RISCY-a-3-c2,1-RISCY-a-1-c2-u0.7-m1-p1-f0.def,RISCY-a-1-c2,results/phase_10/benchmark_registry.csv (default_dpl_baseline_HPWL_um = 731162.90),FAIL,Design key 'RISCY-a-3-c2' was coupled with DEF '1-RISCY-a-1-c2-u0.7-m1-p1-f0.def' (belongs to held-out design RISCY-a-1-c2)
45,17,RISCY-a-2-c2,RISCY-a-2-c2,RISCY-a-2-c2,1-RISCY-a-1-c2-u0.7-m1-p1-f0.def,RISCY-a-1-c2,results/phase_10/benchmark_registry.csv (default_dpl_baseline_HPWL_um = 731162.90),FAIL,Design key 'RISCY-a-2-c2' was coupled with DEF '1-RISCY-a-1-c2-u0.7-m1-p1-f0.def' (belongs to held-out design RISCY-a-1-c2)
45,18,RISCY-a-2-c2,RISCY-a-2-c2,RISCY-a-2-c2,1-RISCY-a-1-c2-u0.7-m1-p1-f0.def,RISCY-a-1-c2,results/phase_10/benchmark_registry.csv (default_dpl_baseline_HPWL_um = 731162.90),FAIL,Design key 'RISCY-a-2-c2' was coupled with DEF '1-RISCY-a-1-c2-u0.7-m1-p1-f0.def' (belongs to held-out design RISCY-a-1-c2)
45,19,RISCY-a-3-c2,RISCY-a-3-c2,RISCY-a-3-c2,1-RISCY-a-1-c2-u0.7-m1-p1-f0.def,RISCY-a-1-c2,results/phase_10/benchmark_registry.csv (default_dpl_baseline_HPWL_um = 731162.90),FAIL,Design key 'RISCY-a-3-c2' was coupled with DEF '1-RISCY-a-1-c2-u0.7-m1-p1-f0.def' (belongs to held-out design RISCY-a-1-c2)
45,20,RISCY-a-3-c2,RISCY-a-3-c2,RISCY-a-3-c2,1-RISCY-a-1-c2-u0.7-m1-p1-f0.def,RISCY-a-1-c2,results/phase_10/benchmark_registry.csv (default_dpl_baseline_HPWL_um = 731162.90),FAIL,Design key 'RISCY-a-3-c2' was coupled with DEF '1-RISCY-a-1-c2-u0.7-m1-p1-f0.def' (belongs to held-out design RISCY-a-1-c2)
45,21,RISCY-a-2-c2,RISCY-a-2-c2,RISCY-a-2-c2,1-RISCY-a-1-c2-u0.7-m1-p1-f0.def,RISCY-a-1-c2,results/phase_10/benchmark_registry.csv (default_dpl_baseline_HPWL_um = 731162.90),FAIL,Design key 'RISCY-a-2-c2' was coupled with DEF '1-RISCY-a-1-c2-u0.7-m1-p1-f0.def' (belongs to held-out design RISCY-a-1-c2)
45,22,RISCY-a-3-c2,RISCY-a-3-c2,RISCY-a-3-c2,1-RISCY-a-1-c2-u0.7-m1-p1-f0.def,RISCY-a-1-c2,results/phase_10/benchmark_registry.csv (default_dpl_baseline_HPWL_um = 731162.90),FAIL,Design key 'RISCY-a-3-c2' was coupled with DEF '1-RISCY-a-1-c2-u0.7-m1-p1-f0.def' (belongs to held-out design RISCY-a-1-c2)
45,23,RISCY-a-2-c2,RISCY-a-2-c2,RISCY-a-2-c2,1-RISCY-a-1-c2-u0.7-m1-p1-f0.def,RISCY-a-1-c2,results/phase_10/benchmark_registry.csv (default_dpl_baseline_HPWL_um = 731162.90),FAIL,Design key 'RISCY-a-2-c2' was coupled with DEF '1-RISCY-a-1-c2-u0.7-m1-p1-f0.def' (belongs to held-out design RISCY-a-1-c2)
45,24,RISCY-a-3-c2,RISCY-a-3-c2,RISCY-a-3-c2,1-RISCY-a-1-c2-u0.7-m1-p1-f0.def,RISCY-a-1-c2,results/phase_10/benchmark_registry.csv (default_dpl_baseline_HPWL_um = 731162.90),FAIL,Design key 'RISCY-a-3-c2' was coupled with DEF '1-RISCY-a-1-c2-u0.7-m1-p1-f0.def' (belongs to held-out design RISCY-a-1-c2)
45,25,RISCY-a-2-c2,RISCY-a-2-c2,RISCY-a-2-c2,1-RISCY-a-1-c2-u0.7-m1-p1-f0.def,RISCY-a-1-c2,results/phase_10/benchmark_registry.csv (default_dpl_baseline_HPWL_um = 731162.90),FAIL,Design key 'RISCY-a-2-c2' was coupled with DEF '1-RISCY-a-1-c2-u0.7-m1-p1-f0.def' (belongs to held-out design RISCY-a-1-c2)
45,26,RISCY-a-3-c2,RISCY-a-3-c2,RISCY-a-3-c2,1-RISCY-a-1-c2-u0.7-m1-p1-f0.def,RISCY-a-1-c2,results/phase_10/benchmark_registry.csv (default_dpl_baseline_HPWL_um = 731162.90),FAIL,Design key 'RISCY-a-3-c2' was coupled with DEF '1-RISCY-a-1-c2-u0.7-m1-p1-f0.def' (belongs to held-out design RISCY-a-1-c2)
45,27,RISCY-a-3-c2,RISCY-a-3-c2,RISCY-a-3-c2,1-RISCY-a-1-c2-u0.7-m1-p1-f0.def,RISCY-a-1-c2,results/phase_10/benchmark_registry.csv (default_dpl_baseline_HPWL_um = 731162.90),FAIL,Design key 'RISCY-a-3-c2' was coupled with DEF '1-RISCY-a-1-c2-u0.7-m1-p1-f0.def' (belongs to held-out design RISCY-a-1-c2)
45,28,RISCY-a-2-c2,RISCY-a-2-c2,RISCY-a-2-c2,1-RISCY-a-1-c2-u0.7-m1-p1-f0.def,RISCY-a-1-c2,results/phase_10/benchmark_registry.csv (default_dpl_baseline_HPWL_um = 731162.90),FAIL,Design key 'RISCY-a-2-c2' was coupled with DEF '1-RISCY-a-1-c2-u0.7-m1-p1-f0.def' (belongs to held-out design RISCY-a-1-c2)
45,29,RISCY-a-3-c2,RISCY-a-3-c2,RISCY-a-3-c2,1-RISCY-a-1-c2-u0.7-m1-p1-f0.def,RISCY-a-1-c2,results/phase_10/benchmark_registry.csv (default_dpl_baseline_HPWL_um = 731162.90),FAIL,Design key 'RISCY-a-3-c2' was coupled with DEF '1-RISCY-a-1-c2-u0.7-m1-p1-f0.def' (belongs to held-out design RISCY-a-1-c2)
45,30,RISCY-a-2-c2,RISCY-a-2-c2,RISCY-a-2-c2,1-RISCY-a-1-c2-u0.7-m1-p1-f0.def,RISCY-a-1-c2,results/phase_10/benchmark_registry.csv (default_dpl_baseline_HPWL_um = 731162.90),FAIL,Design key 'RISCY-a-2-c2' was coupled with DEF '1-RISCY-a-1-c2-u0.7-m1-p1-f0.def' (belongs to held-out design RISCY-a-1-c2)
45,31,RISCY-a-2-c2,RISCY-a-2-c2,RISCY-a-2-c2,1-RISCY-a-1-c2-u0.7-m1-p1-f0.def,RISCY-a-1-c2,results/phase_10/benchmark_registry.csv (default_dpl_baseline_HPWL_um = 731162.90),FAIL,Design key 'RISCY-a-2-c2' was coupled with DEF '1-RISCY-a-1-c2-u0.7-m1-p1-f0.def' (belongs to held-out design RISCY-a-1-c2)
45,32,RISCY-a-2-c2,RISCY-a-2-c2,RISCY-a-2-c2,1-RISCY-a-1-c2-u0.7-m1-p1-f0.def,RISCY-a-1-c2,results/phase_10/benchmark_registry.csv (default_dpl_baseline_HPWL_um = 731162.90),FAIL,Design key 'RISCY-a-2-c2' was coupled with DEF '1-RISCY-a-1-c2-u0.7-m1-p1-f0.def' (belongs to held-out design RISCY-a-1-c2)
45,33,RISCY-a-2-c2,RISCY-a-2-c2,RISCY-a-2-c2,1-RISCY-a-1-c2-u0.7-m1-p1-f0.def,RISCY-a-1-c2,results/phase_10/benchmark_registry.csv (default_dpl_baseline_HPWL_um = 731162.90),FAIL,Design key 'RISCY-a-2-c2' was coupled with DEF '1-RISCY-a-1-c2-u0.7-m1-p1-f0.def' (belongs to held-out design RISCY-a-1-c2)
45,34,RISCY-a-2-c2,RISCY-a-2-c2,RISCY-a-2-c2,1-RISCY-a-1-c2-u0.7-m1-p1-f0.def,RISCY-a-1-c2,results/phase_10/benchmark_registry.csv (default_dpl_baseline_HPWL_um = 731162.90),FAIL,Design key 'RISCY-a-2-c2' was coupled with DEF '1-RISCY-a-1-c2-u0.7-m1-p1-f0.def' (belongs to held-out design RISCY-a-1-c2)
45,35,RISCY-a-2-c2,RISCY-a-2-c2,RISCY-a-2-c2,1-RISCY-a-1-c2-u0.7-m1-p1-f0.def,RISCY-a-1-c2,results/phase_10/benchmark_registry.csv (default_dpl_baseline_HPWL_um = 731162.90),FAIL,Design key 'RISCY-a-2-c2' was coupled with DEF '1-RISCY-a-1-c2-u0.7-m1-p1-f0.def' (belongs to held-out design RISCY-a-1-c2)
45,36,RISCY-a-2-c2,RISCY-a-2-c2,RISCY-a-2-c2,1-RISCY-a-1-c2-u0.7-m1-p1-f0.def,RISCY-a-1-c2,results/phase_10/benchmark_registry.csv (default_dpl_baseline_HPWL_um = 731162.90),FAIL,Design key 'RISCY-a-2-c2' was coupled with DEF '1-RISCY-a-1-c2-u0.7-m1-p1-f0.def' (belongs to held-out design RISCY-a-1-c2)
45,37,RISCY-a-2-c2,RISCY-a-2-c2,RISCY-a-2-c2,1-RISCY-a-1-c2-u0.7-m1-p1-f0.def,RISCY-a-1-c2,results/phase_10/benchmark_registry.csv (default_dpl_baseline_HPWL_um = 731162.90),FAIL,Design key 'RISCY-a-2-c2' was coupled with DEF '1-RISCY-a-1-c2-u0.7-m1-p1-f0.def' (belongs to held-out design RISCY-a-1-c2)
45,38,RISCY-a-2-c2,RISCY-a-2-c2,RISCY-a-2-c2,1-RISCY-a-1-c2-u0.7-m1-p1-f0.def,RISCY-a-1-c2,results/phase_10/benchmark_registry.csv (default_dpl_baseline_HPWL_um = 731162.90),FAIL,Design key 'RISCY-a-2-c2' was coupled with DEF '1-RISCY-a-1-c2-u0.7-m1-p1-f0.def' (belongs to held-out design RISCY-a-1-c2)
45,39,RISCY-a-3-c2,RISCY-a-3-c2,RISCY-a-3-c2,1-RISCY-a-1-c2-u0.7-m1-p1-f0.def,RISCY-a-1-c2,results/phase_10/benchmark_registry.csv (default_dpl_baseline_HPWL_um = 731162.90),FAIL,Design key 'RISCY-a-3-c2' was coupled with DEF '1-RISCY-a-1-c2-u0.7-m1-p1-f0.def' (belongs to held-out design RISCY-a-1-c2)
45,40,RISCY-a-2-c2,RISCY-a-2-c2,RISCY-a-2-c2,1-RISCY-a-1-c2-u0.7-m1-p1-f0.def,RISCY-a-1-c2,results/phase_10/benchmark_registry.csv (default_dpl_baseline_HPWL_um = 731162.90),FAIL,Design key 'RISCY-a-2-c2' was coupled with DEF '1-RISCY-a-1-c2-u0.7-m1-p1-f0.def' (belongs to held-out design RISCY-a-1-c2)
45,41,RISCY-a-3-c2,RISCY-a-3-c2,RISCY-a-3-c2,1-RISCY-a-1-c2-u0.7-m1-p1-f0.def,RISCY-a-1-c2,results/phase_10/benchmark_registry.csv (default_dpl_baseline_HPWL_um = 731162.90),FAIL,Design key 'RISCY-a-3-c2' was coupled with DEF '1-RISCY-a-1-c2-u0.7-m1-p1-f0.def' (belongs to held-out design RISCY-a-1-c2)
45,42,RISCY-a-3-c2,RISCY-a-3-c2,RISCY-a-3-c2,1-RISCY-a-1-c2-u0.7-m1-p1-f0.def,RISCY-a-1-c2,results/phase_10/benchmark_registry.csv (default_dpl_baseline_HPWL_um = 731162.90),FAIL,Design key 'RISCY-a-3-c2' was coupled with DEF '1-RISCY-a-1-c2-u0.7-m1-p1-f0.def' (belongs to held-out design RISCY-a-1-c2)
45,43,RISCY-a-2-c2,RISCY-a-2-c2,RISCY-a-2-c2,1-RISCY-a-1-c2-u0.7-m1-p1-f0.def,RISCY-a-1-c2,results/phase_10/benchmark_registry.csv (default_dpl_baseline_HPWL_um = 731162.90),FAIL,Design key 'RISCY-a-2-c2' was coupled with DEF '1-RISCY-a-1-c2-u0.7-m1-p1-f0.def' (belongs to held-out design RISCY-a-1-c2)
45,44,RISCY-a-3-c2,RISCY-a-3-c2,RISCY-a-3-c2,1-RISCY-a-1-c2-u0.7-m1-p1-f0.def,RISCY-a-1-c2,results/phase_10/benchmark_registry.csv (default_dpl_baseline_HPWL_um = 731162.90),FAIL,Design key 'RISCY-a-3-c2' was coupled with DEF '1-RISCY-a-1-c2-u0.7-m1-p1-f0.def' (belongs to held-out design RISCY-a-1-c2)
45,45,RISCY-a-2-c2,RISCY-a-2-c2,RISCY-a-2-c2,1-RISCY-a-1-c2-u0.7-m1-p1-f0.def,RISCY-a-1-c2,results/phase_10/benchmark_registry.csv (default_dpl_baseline_HPWL_um = 731162.90),FAIL,Design key 'RISCY-a-2-c2' was coupled with DEF '1-RISCY-a-1-c2-u0.7-m1-p1-f0.def' (belongs to held-out design RISCY-a-1-c2)
45,46,RISCY-a-3-c2,RISCY-a-3-c2,RISCY-a-3-c2,1-RISCY-a-1-c2-u0.7-m1-p1-f0.def,RISCY-a-1-c2,results/phase_10/benchmark_registry.csv (default_dpl_baseline_HPWL_um = 731162.90),FAIL,Design key 'RISCY-a-3-c2' was coupled with DEF '1-RISCY-a-1-c2-u0.7-m1-p1-f0.def' (belongs to held-out design RISCY-a-1-c2)
45,47,RISCY-a-3-c2,RISCY-a-3-c2,RISCY-a-3-c2,1-RISCY-a-1-c2-u0.7-m1-p1-f0.def,RISCY-a-1-c2,results/phase_10/benchmark_registry.csv (default_dpl_baseline_HPWL_um = 731162.90),FAIL,Design key 'RISCY-a-3-c2' was coupled with DEF '1-RISCY-a-1-c2-u0.7-m1-p1-f0.def' (belongs to held-out design RISCY-a-1-c2)
45,48,RISCY-a-3-c2,RISCY-a-3-c2,RISCY-a-3-c2,1-RISCY-a-1-c2-u0.7-m1-p1-f0.def,RISCY-a-1-c2,results/phase_10/benchmark_registry.csv (default_dpl_baseline_HPWL_um = 731162.90),FAIL,Design key 'RISCY-a-3-c2' was coupled with DEF '1-RISCY-a-1-c2-u0.7-m1-p1-f0.def' (belongs to held-out design RISCY-a-1-c2)
45,49,RISCY-a-2-c2,RISCY-a-2-c2,RISCY-a-2-c2,1-RISCY-a-1-c2-u0.7-m1-p1-f0.def,RISCY-a-1-c2,results/phase_10/benchmark_registry.csv (default_dpl_baseline_HPWL_um = 731162.90),FAIL,Design key 'RISCY-a-2-c2' was coupled with DEF '1-RISCY-a-1-c2-u0.7-m1-p1-f0.def' (belongs to held-out design RISCY-a-1-c2)
45,50,RISCY-a-2-c2,RISCY-a-2-c2,RISCY-a-2-c2,1-RISCY-a-1-c2-u0.7-m1-p1-f0.def,RISCY-a-1-c2,results/phase_10/benchmark_registry.csv (default_dpl_baseline_HPWL_um = 731162.90),FAIL,Design key 'RISCY-a-2-c2' was coupled with DEF '1-RISCY-a-1-c2-u0.7-m1-p1-f0.def' (belongs to held-out design RISCY-a-1-c2)
45,51,RISCY-a-2-c2,RISCY-a-2-c2,RISCY-a-2-c2,1-RISCY-a-1-c2-u0.7-m1-p1-f0.def,RISCY-a-1-c2,results/phase_10/benchmark_registry.csv (default_dpl_baseline_HPWL_um = 731162.90),FAIL,Design key 'RISCY-a-2-c2' was coupled with DEF '1-RISCY-a-1-c2-u0.7-m1-p1-f0.def' (belongs to held-out design RISCY-a-1-c2)
45,52,RISCY-a-2-c2,RISCY-a-2-c2,RISCY-a-2-c2,1-RISCY-a-1-c2-u0.7-m1-p1-f0.def,RISCY-a-1-c2,results/phase_10/benchmark_registry.csv (default_dpl_baseline_HPWL_um = 731162.90),FAIL,Design key 'RISCY-a-2-c2' was coupled with DEF '1-RISCY-a-1-c2-u0.7-m1-p1-f0.def' (belongs to held-out design RISCY-a-1-c2)
45,53,RISCY-a-3-c2,RISCY-a-3-c2,RISCY-a-3-c2,1-RISCY-a-1-c2-u0.7-m1-p1-f0.def,RISCY-a-1-c2,results/phase_10/benchmark_registry.csv (default_dpl_baseline_HPWL_um = 731162.90),FAIL,Design key 'RISCY-a-3-c2' was coupled with DEF '1-RISCY-a-1-c2-u0.7-m1-p1-f0.def' (belongs to held-out design RISCY-a-1-c2)
45,54,RISCY-a-3-c2,RISCY-a-3-c2,RISCY-a-3-c2,1-RISCY-a-1-c2-u0.7-m1-p1-f0.def,RISCY-a-1-c2,results/phase_10/benchmark_registry.csv (default_dpl_baseline_HPWL_um = 731162.90),FAIL,Design key 'RISCY-a-3-c2' was coupled with DEF '1-RISCY-a-1-c2-u0.7-m1-p1-f0.def' (belongs to held-out design RISCY-a-1-c2)
45,55,RISCY-a-2-c2,RISCY-a-2-c2,RISCY-a-2-c2,1-RISCY-a-1-c2-u0.7-m1-p1-f0.def,RISCY-a-1-c2,results/phase_10/benchmark_registry.csv (default_dpl_baseline_HPWL_um = 731162.90),FAIL,Design key 'RISCY-a-2-c2' was coupled with DEF '1-RISCY-a-1-c2-u0.7-m1-p1-f0.def' (belongs to held-out design RISCY-a-1-c2)
45,56,RISCY-a-2-c2,RISCY-a-2-c2,RISCY-a-2-c2,1-RISCY-a-1-c2-u0.7-m1-p1-f0.def,RISCY-a-1-c2,results/phase_10/benchmark_registry.csv (default_dpl_baseline_HPWL_um = 731162.90),FAIL,Design key 'RISCY-a-2-c2' was coupled with DEF '1-RISCY-a-1-c2-u0.7-m1-p1-f0.def' (belongs to held-out design RISCY-a-1-c2)
45,57,RISCY-a-3-c2,RISCY-a-3-c2,RISCY-a-3-c2,1-RISCY-a-1-c2-u0.7-m1-p1-f0.def,RISCY-a-1-c2,results/phase_10/benchmark_registry.csv (default_dpl_baseline_HPWL_um = 731162.90),FAIL,Design key 'RISCY-a-3-c2' was coupled with DEF '1-RISCY-a-1-c2-u0.7-m1-p1-f0.def' (belongs to held-out design RISCY-a-1-c2)
45,58,RISCY-a-3-c2,RISCY-a-3-c2,RISCY-a-3-c2,1-RISCY-a-1-c2-u0.7-m1-p1-f0.def,RISCY-a-1-c2,results/phase_10/benchmark_registry.csv (default_dpl_baseline_HPWL_um = 731162.90),FAIL,Design key 'RISCY-a-3-c2' was coupled with DEF '1-RISCY-a-1-c2-u0.7-m1-p1-f0.def' (belongs to held-out design RISCY-a-1-c2)
45,59,RISCY-a-2-c2,RISCY-a-2-c2,RISCY-a-2-c2,1-RISCY-a-1-c2-u0.7-m1-p1-f0.def,RISCY-a-1-c2,results/phase_10/benchmark_registry.csv (default_dpl_baseline_HPWL_um = 731162.90),FAIL,Design key 'RISCY-a-2-c2' was coupled with DEF '1-RISCY-a-1-c2-u0.7-m1-p1-f0.def' (belongs to held-out design RISCY-a-1-c2)
45,60,RISCY-a-3-c2,RISCY-a-3-c2,RISCY-a-3-c2,1-RISCY-a-1-c2-u0.7-m1-p1-f0.def,RISCY-a-1-c2,results/phase_10/benchmark_registry.csv (default_dpl_baseline_HPWL_um = 731162.90),FAIL,Design key 'RISCY-a-3-c2' was coupled with DEF '1-RISCY-a-1-c2-u0.7-m1-p1-f0.def' (belongs to held-out design RISCY-a-1-c2)
45,61,RISCY-a-3-c2,RISCY-a-3-c2,RISCY-a-3-c2,1-RISCY-a-1-c2-u0.7-m1-p1-f0.def,RISCY-a-1-c2,results/phase_10/benchmark_registry.csv (default_dpl_baseline_HPWL_um = 731162.90),FAIL,Design key 'RISCY-a-3-c2' was coupled with DEF '1-RISCY-a-1-c2-u0.7-m1-p1-f0.def' (belongs to held-out design RISCY-a-1-c2)
45,62,RISCY-a-3-c2,RISCY-a-3-c2,RISCY-a-3-c2,1-RISCY-a-1-c2-u0.7-m1-p1-f0.def,RISCY-a-1-c2,results/phase_10/benchmark_registry.csv (default_dpl_baseline_HPWL_um = 731162.90),FAIL,Design key 'RISCY-a-3-c2' was coupled with DEF '1-RISCY-a-1-c2-u0.7-m1-p1-f0.def' (belongs to held-out design RISCY-a-1-c2)
45,63,RISCY-a-2-c2,RISCY-a-2-c2,RISCY-a-2-c2,1-RISCY-a-1-c2-u0.7-m1-p1-f0.def,RISCY-a-1-c2,results/phase_10/benchmark_registry.csv (default_dpl_baseline_HPWL_um = 731162.90),FAIL,Design key 'RISCY-a-2-c2' was coupled with DEF '1-RISCY-a-1-c2-u0.7-m1-p1-f0.def' (belongs to held-out design RISCY-a-1-c2)
45,64,RISCY-a-3-c2,RISCY-a-3-c2,RISCY-a-3-c2,1-RISCY-a-1-c2-u0.7-m1-p1-f0.def,RISCY-a-1-c2,results/phase_10/benchmark_registry.csv (default_dpl_baseline_HPWL_um = 731162.90),FAIL,Design key 'RISCY-a-3-c2' was coupled with DEF '1-RISCY-a-1-c2-u0.7-m1-p1-f0.def' (belongs to held-out design RISCY-a-1-c2)
45,65,RISCY-a-2-c2,RISCY-a-2-c2,RISCY-a-2-c2,1-RISCY-a-1-c2-u0.7-m1-p1-f0.def,RISCY-a-1-c2,results/phase_10/benchmark_registry.csv (default_dpl_baseline_HPWL_um = 731162.90),FAIL,Design key 'RISCY-a-2-c2' was coupled with DEF '1-RISCY-a-1-c2-u0.7-m1-p1-f0.def' (belongs to held-out design RISCY-a-1-c2)
45,66,RISCY-a-3-c2,RISCY-a-3-c2,RISCY-a-3-c2,1-RISCY-a-1-c2-u0.7-m1-p1-f0.def,RISCY-a-1-c2,results/phase_10/benchmark_registry.csv (default_dpl_baseline_HPWL_um = 731162.90),FAIL,Design key 'RISCY-a-3-c2' was coupled with DEF '1-RISCY-a-1-c2-u0.7-m1-p1-f0.def' (belongs to held-out design RISCY-a-1-c2)
45,67,RISCY-a-2-c2,RISCY-a-2-c2,RISCY-a-2-c2,1-RISCY-a-1-c2-u0.7-m1-p1-f0.def,RISCY-a-1-c2,results/phase_10/benchmark_registry.csv (default_dpl_baseline_HPWL_um = 731162.90),FAIL,Design key 'RISCY-a-2-c2' was coupled with DEF '1-RISCY-a-1-c2-u0.7-m1-p1-f0.def' (belongs to held-out design RISCY-a-1-c2)
45,68,RISCY-a-3-c2,RISCY-a-3-c2,RISCY-a-3-c2,1-RISCY-a-1-c2-u0.7-m1-p1-f0.def,RISCY-a-1-c2,results/phase_10/benchmark_registry.csv (default_dpl_baseline_HPWL_um = 731162.90),FAIL,Design key 'RISCY-a-3-c2' was coupled with DEF '1-RISCY-a-1-c2-u0.7-m1-p1-f0.def' (belongs to held-out design RISCY-a-1-c2)
45,69,RISCY-a-3-c2,RISCY-a-3-c2,RISCY-a-3-c2,1-RISCY-a-1-c2-u0.7-m1-p1-f0.def,RISCY-a-1-c2,results/phase_10/benchmark_registry.csv (default_dpl_baseline_HPWL_um = 731162.90),FAIL,Design key 'RISCY-a-3-c2' was coupled with DEF '1-RISCY-a-1-c2-u0.7-m1-p1-f0.def' (belongs to held-out design RISCY-a-1-c2)
45,70,RISCY-a-3-c2,RISCY-a-3-c2,RISCY-a-3-c2,1-RISCY-a-1-c2-u0.7-m1-p1-f0.def,RISCY-a-1-c2,results/phase_10/benchmark_registry.csv (default_dpl_baseline_HPWL_um = 731162.90),FAIL,Design key 'RISCY-a-3-c2' was coupled with DEF '1-RISCY-a-1-c2-u0.7-m1-p1-f0.def' (belongs to held-out design RISCY-a-1-c2)
45,71,RISCY-a-2-c2,RISCY-a-2-c2,RISCY-a-2-c2,1-RISCY-a-1-c2-u0.7-m1-p1-f0.def,RISCY-a-1-c2,results/phase_10/benchmark_registry.csv (default_dpl_baseline_HPWL_um = 731162.90),FAIL,Design key 'RISCY-a-2-c2' was coupled with DEF '1-RISCY-a-1-c2-u0.7-m1-p1-f0.def' (belongs to held-out design RISCY-a-1-c2)
45,72,RISCY-a-3-c2,RISCY-a-3-c2,RISCY-a-3-c2,1-RISCY-a-1-c2-u0.7-m1-p1-f0.def,RISCY-a-1-c2,results/phase_10/benchmark_registry.csv (default_dpl_baseline_HPWL_um = 731162.90),FAIL,Design key 'RISCY-a-3-c2' was coupled with DEF '1-RISCY-a-1-c2-u0.7-m1-p1-f0.def' (belongs to held-out design RISCY-a-1-c2)
45,73,RISCY-a-3-c2,RISCY-a-3-c2,RISCY-a-3-c2,1-RISCY-a-1-c2-u0.7-m1-p1-f0.def,RISCY-a-1-c2,results/phase_10/benchmark_registry.csv (default_dpl_baseline_HPWL_um = 731162.90),FAIL,Design key 'RISCY-a-3-c2' was coupled with DEF '1-RISCY-a-1-c2-u0.7-m1-p1-f0.def' (belongs to held-out design RISCY-a-1-c2)
45,74,RISCY-a-2-c2,RISCY-a-2-c2,RISCY-a-2-c2,1-RISCY-a-1-c2-u0.7-m1-p1-f0.def,RISCY-a-1-c2,results/phase_10/benchmark_registry.csv (default_dpl_baseline_HPWL_um = 731162.90),FAIL,Design key 'RISCY-a-2-c2' was coupled with DEF '1-RISCY-a-1-c2-u0.7-m1-p1-f0.def' (belongs to held-out design RISCY-a-1-c2)
45,75,RISCY-a-3-c2,RISCY-a-3-c2,RISCY-a-3-c2,1-RISCY-a-1-c2-u0.7-m1-p1-f0.def,RISCY-a-1-c2,results/phase_10/benchmark_registry.csv (default_dpl_baseline_HPWL_um = 731162.90),FAIL,Design key 'RISCY-a-3-c2' was coupled with DEF '1-RISCY-a-1-c2-u0.7-m1-p1-f0.def' (belongs to held-out design RISCY-a-1-c2)
45,76,RISCY-a-3-c2,RISCY-a-3-c2,RISCY-a-3-c2,1-RISCY-a-1-c2-u0.7-m1-p1-f0.def,RISCY-a-1-c2,results/phase_10/benchmark_registry.csv (default_dpl_baseline_HPWL_um = 731162.90),FAIL,Design key 'RISCY-a-3-c2' was coupled with DEF '1-RISCY-a-1-c2-u0.7-m1-p1-f0.def' (belongs to held-out design RISCY-a-1-c2)
45,77,RISCY-a-3-c2,RISCY-a-3-c2,RISCY-a-3-c2,1-RISCY-a-1-c2-u0.7-m1-p1-f0.def,RISCY-a-1-c2,results/phase_10/benchmark_registry.csv (default_dpl_baseline_HPWL_um = 731162.90),FAIL,Design key 'RISCY-a-3-c2' was coupled with DEF '1-RISCY-a-1-c2-u0.7-m1-p1-f0.def' (belongs to held-out design RISCY-a-1-c2)
45,78,RISCY-a-2-c2,RISCY-a-2-c2,RISCY-a-2-c2,1-RISCY-a-1-c2-u0.7-m1-p1-f0.def,RISCY-a-1-c2,results/phase_10/benchmark_registry.csv (default_dpl_baseline_HPWL_um = 731162.90),FAIL,Design key 'RISCY-a-2-c2' was coupled with DEF '1-RISCY-a-1-c2-u0.7-m1-p1-f0.def' (belongs to held-out design RISCY-a-1-c2)
45,79,RISCY-a-3-c2,RISCY-a-3-c2,RISCY-a-3-c2,1-RISCY-a-1-c2-u0.7-m1-p1-f0.def,RISCY-a-1-c2,results/phase_10/benchmark_registry.csv (default_dpl_baseline_HPWL_um = 731162.90),FAIL,Design key 'RISCY-a-3-c2' was coupled with DEF '1-RISCY-a-1-c2-u0.7-m1-p1-f0.def' (belongs to held-out design RISCY-a-1-c2)
45,80,RISCY-a-2-c2,RISCY-a-2-c2,RISCY-a-2-c2,1-RISCY-a-1-c2-u0.7-m1-p1-f0.def,RISCY-a-1-c2,results/phase_10/benchmark_registry.csv (default_dpl_baseline_HPWL_um = 731162.90),FAIL,Design key 'RISCY-a-2-c2' was coupled with DEF '1-RISCY-a-1-c2-u0.7-m1-p1-f0.def' (belongs to held-out design RISCY-a-1-c2)
45,81,RISCY-a-2-c2,RISCY-a-2-c2,RISCY-a-2-c2,1-RISCY-a-1-c2-u0.7-m1-p1-f0.def,RISCY-a-1-c2,results/phase_10/benchmark_registry.csv (default_dpl_baseline_HPWL_um = 731162.90),FAIL,Design key 'RISCY-a-2-c2' was coupled with DEF '1-RISCY-a-1-c2-u0.7-m1-p1-f0.def' (belongs to held-out design RISCY-a-1-c2)
45,82,RISCY-a-2-c2,RISCY-a-2-c2,RISCY-a-2-c2,1-RISCY-a-1-c2-u0.7-m1-p1-f0.def,RISCY-a-1-c2,results/phase_10/benchmark_registry.csv (default_dpl_baseline_HPWL_um = 731162.90),FAIL,Design key 'RISCY-a-2-c2' was coupled with DEF '1-RISCY-a-1-c2-u0.7-m1-p1-f0.def' (belongs to held-out design RISCY-a-1-c2)
45,83,RISCY-a-3-c2,RISCY-a-3-c2,RISCY-a-3-c2,1-RISCY-a-1-c2-u0.7-m1-p1-f0.def,RISCY-a-1-c2,results/phase_10/benchmark_registry.csv (default_dpl_baseline_HPWL_um = 731162.90),FAIL,Design key 'RISCY-a-3-c2' was coupled with DEF '1-RISCY-a-1-c2-u0.7-m1-p1-f0.def' (belongs to held-out design RISCY-a-1-c2)
45,84,RISCY-a-3-c2,RISCY-a-3-c2,RISCY-a-3-c2,1-RISCY-a-1-c2-u0.7-m1-p1-f0.def,RISCY-a-1-c2,results/phase_10/benchmark_registry.csv (default_dpl_baseline_HPWL_um = 731162.90),FAIL,Design key 'RISCY-a-3-c2' was coupled with DEF '1-RISCY-a-1-c2-u0.7-m1-p1-f0.def' (belongs to held-out design RISCY-a-1-c2)
45,85,RISCY-a-3-c2,RISCY-a-3-c2,RISCY-a-3-c2,1-RISCY-a-1-c2-u0.7-m1-p1-f0.def,RISCY-a-1-c2,results/phase_10/benchmark_registry.csv (default_dpl_baseline_HPWL_um = 731162.90),FAIL,Design key 'RISCY-a-3-c2' was coupled with DEF '1-RISCY-a-1-c2-u0.7-m1-p1-f0.def' (belongs to held-out design RISCY-a-1-c2)
45,86,RISCY-a-2-c2,RISCY-a-2-c2,RISCY-a-2-c2,1-RISCY-a-1-c2-u0.7-m1-p1-f0.def,RISCY-a-1-c2,results/phase_10/benchmark_registry.csv (default_dpl_baseline_HPWL_um = 731162.90),FAIL,Design key 'RISCY-a-2-c2' was coupled with DEF '1-RISCY-a-1-c2-u0.7-m1-p1-f0.def' (belongs to held-out design RISCY-a-1-c2)
45,87,RISCY-a-3-c2,RISCY-a-3-c2,RISCY-a-3-c2,1-RISCY-a-1-c2-u0.7-m1-p1-f0.def,RISCY-a-1-c2,results/phase_10/benchmark_registry.csv (default_dpl_baseline_HPWL_um = 731162.90),FAIL,Design key 'RISCY-a-3-c2' was coupled with DEF '1-RISCY-a-1-c2-u0.7-m1-p1-f0.def' (belongs to held-out design RISCY-a-1-c2)
45,88,RISCY-a-3-c2,RISCY-a-3-c2,RISCY-a-3-c2,1-RISCY-a-1-c2-u0.7-m1-p1-f0.def,RISCY-a-1-c2,results/phase_10/benchmark_registry.csv (default_dpl_baseline_HPWL_um = 731162.90),FAIL,Design key 'RISCY-a-3-c2' was coupled with DEF '1-RISCY-a-1-c2-u0.7-m1-p1-f0.def' (belongs to held-out design RISCY-a-1-c2)
45,89,RISCY-a-2-c2,RISCY-a-2-c2,RISCY-a-2-c2,1-RISCY-a-1-c2-u0.7-m1-p1-f0.def,RISCY-a-1-c2,results/phase_10/benchmark_registry.csv (default_dpl_baseline_HPWL_um = 731162.90),FAIL,Design key 'RISCY-a-2-c2' was coupled with DEF '1-RISCY-a-1-c2-u0.7-m1-p1-f0.def' (belongs to held-out design RISCY-a-1-c2)
45,90,RISCY-a-2-c2,RISCY-a-2-c2,RISCY-a-2-c2,1-RISCY-a-1-c2-u0.7-m1-p1-f0.def,RISCY-a-1-c2,results/phase_10/benchmark_registry.csv (default_dpl_baseline_HPWL_um = 731162.90),FAIL,Design key 'RISCY-a-2-c2' was coupled with DEF '1-RISCY-a-1-c2-u0.7-m1-p1-f0.def' (belongs to held-out design RISCY-a-1-c2)
45,91,RISCY-a-3-c2,RISCY-a-3-c2,RISCY-a-3-c2,1-RISCY-a-1-c2-u0.7-m1-p1-f0.def,RISCY-a-1-c2,results/phase_10/benchmark_registry.csv (default_dpl_baseline_HPWL_um = 731162.90),FAIL,Design key 'RISCY-a-3-c2' was coupled with DEF '1-RISCY-a-1-c2-u0.7-m1-p1-f0.def' (belongs to held-out design RISCY-a-1-c2)
45,92,RISCY-a-2-c2,RISCY-a-2-c2,RISCY-a-2-c2,1-RISCY-a-1-c2-u0.7-m1-p1-f0.def,RISCY-a-1-c2,results/phase_10/benchmark_registry.csv (default_dpl_baseline_HPWL_um = 731162.90),FAIL,Design key 'RISCY-a-2-c2' was coupled with DEF '1-RISCY-a-1-c2-u0.7-m1-p1-f0.def' (belongs to held-out design RISCY-a-1-c2)
45,93,RISCY-a-2-c2,RISCY-a-2-c2,RISCY-a-2-c2,1-RISCY-a-1-c2-u0.7-m1-p1-f0.def,RISCY-a-1-c2,results/phase_10/benchmark_registry.csv (default_dpl_baseline_HPWL_um = 731162.90),FAIL,Design key 'RISCY-a-2-c2' was coupled with DEF '1-RISCY-a-1-c2-u0.7-m1-p1-f0.def' (belongs to held-out design RISCY-a-1-c2)
45,94,RISCY-a-3-c2,RISCY-a-3-c2,RISCY-a-3-c2,1-RISCY-a-1-c2-u0.7-m1-p1-f0.def,RISCY-a-1-c2,results/phase_10/benchmark_registry.csv (default_dpl_baseline_HPWL_um = 731162.90),FAIL,Design key 'RISCY-a-3-c2' was coupled with DEF '1-RISCY-a-1-c2-u0.7-m1-p1-f0.def' (belongs to held-out design RISCY-a-1-c2)
45,95,RISCY-a-3-c2,RISCY-a-3-c2,RISCY-a-3-c2,1-RISCY-a-1-c2-u0.7-m1-p1-f0.def,RISCY-a-1-c2,results/phase_10/benchmark_registry.csv (default_dpl_baseline_HPWL_um = 731162.90),FAIL,Design key 'RISCY-a-3-c2' was coupled with DEF '1-RISCY-a-1-c2-u0.7-m1-p1-f0.def' (belongs to held-out design RISCY-a-1-c2)
45,96,RISCY-a-2-c2,RISCY-a-2-c2,RISCY-a-2-c2,1-RISCY-a-1-c2-u0.7-m1-p1-f0.def,RISCY-a-1-c2,results/phase_10/benchmark_registry.csv (default_dpl_baseline_HPWL_um = 731162.90),FAIL,Design key 'RISCY-a-2-c2' was coupled with DEF '1-RISCY-a-1-c2-u0.7-m1-p1-f0.def' (belongs to held-out design RISCY-a-1-c2)
45,97,RISCY-a-3-c2,RISCY-a-3-c2,RISCY-a-3-c2,1-RISCY-a-1-c2-u0.7-m1-p1-f0.def,RISCY-a-1-c2,results/phase_10/benchmark_registry.csv (default_dpl_baseline_HPWL_um = 731162.90),FAIL,Design key 'RISCY-a-3-c2' was coupled with DEF '1-RISCY-a-1-c2-u0.7-m1-p1-f0.def' (belongs to held-out design RISCY-a-1-c2)
45,98,RISCY-a-3-c2,RISCY-a-3-c2,RISCY-a-3-c2,1-RISCY-a-1-c2-u0.7-m1-p1-f0.def,RISCY-a-1-c2,results/phase_10/benchmark_registry.csv (default_dpl_baseline_HPWL_um = 731162.90),FAIL,Design key 'RISCY-a-3-c2' was coupled with DEF '1-RISCY-a-1-c2-u0.7-m1-p1-f0.def' (belongs to held-out design RISCY-a-1-c2)
45,99,RISCY-a-3-c2,RISCY-a-3-c2,RISCY-a-3-c2,1-RISCY-a-1-c2-u0.7-m1-p1-f0.def,RISCY-a-1-c2,results/phase_10/benchmark_registry.csv (default_dpl_baseline_HPWL_um = 731162.90),FAIL,Design key 'RISCY-a-3-c2' was coupled with DEF '1-RISCY-a-1-c2-u0.7-m1-p1-f0.def' (belongs to held-out design RISCY-a-1-c2)
45,100,RISCY-a-2-c2,RISCY-a-2-c2,RISCY-a-2-c2,1-RISCY-a-1-c2-u0.7-m1-p1-f0.def,RISCY-a-1-c2,results/phase_10/benchmark_registry.csv (default_dpl_baseline_HPWL_um = 731162.90),FAIL,Design key 'RISCY-a-2-c2' was coupled with DEF '1-RISCY-a-1-c2-u0.7-m1-p1-f0.def' (belongs to held-out design RISCY-a-1-c2)
46,1,RISCY-a-3-c2,RISCY-a-3-c2,RISCY-a-3-c2,1-RISCY-a-1-c2-u0.7-m1-p1-f0.def,RISCY-a-1-c2,results/phase_10/benchmark_registry.csv (default_dpl_baseline_HPWL_um = 731162.90),FAIL,Design key 'RISCY-a-3-c2' was coupled with DEF '1-RISCY-a-1-c2-u0.7-m1-p1-f0.def' (belongs to held-out design RISCY-a-1-c2)
46,2,RISCY-a-2-c2,RISCY-a-2-c2,RISCY-a-2-c2,1-RISCY-a-1-c2-u0.7-m1-p1-f0.def,RISCY-a-1-c2,results/phase_10/benchmark_registry.csv (default_dpl_baseline_HPWL_um = 731162.90),FAIL,Design key 'RISCY-a-2-c2' was coupled with DEF '1-RISCY-a-1-c2-u0.7-m1-p1-f0.def' (belongs to held-out design RISCY-a-1-c2)
46,3,RISCY-a-3-c2,RISCY-a-3-c2,RISCY-a-3-c2,1-RISCY-a-1-c2-u0.7-m1-p1-f0.def,RISCY-a-1-c2,results/phase_10/benchmark_registry.csv (default_dpl_baseline_HPWL_um = 731162.90),FAIL,Design key 'RISCY-a-3-c2' was coupled with DEF '1-RISCY-a-1-c2-u0.7-m1-p1-f0.def' (belongs to held-out design RISCY-a-1-c2)
46,4,RISCY-a-3-c2,RISCY-a-3-c2,RISCY-a-3-c2,1-RISCY-a-1-c2-u0.7-m1-p1-f0.def,RISCY-a-1-c2,results/phase_10/benchmark_registry.csv (default_dpl_baseline_HPWL_um = 731162.90),FAIL,Design key 'RISCY-a-3-c2' was coupled with DEF '1-RISCY-a-1-c2-u0.7-m1-p1-f0.def' (belongs to held-out design RISCY-a-1-c2)
46,5,RISCY-a-2-c2,RISCY-a-2-c2,RISCY-a-2-c2,1-RISCY-a-1-c2-u0.7-m1-p1-f0.def,RISCY-a-1-c2,results/phase_10/benchmark_registry.csv (default_dpl_baseline_HPWL_um = 731162.90),FAIL,Design key 'RISCY-a-2-c2' was coupled with DEF '1-RISCY-a-1-c2-u0.7-m1-p1-f0.def' (belongs to held-out design RISCY-a-1-c2)
46,6,RISCY-a-2-c2,RISCY-a-2-c2,RISCY-a-2-c2,1-RISCY-a-1-c2-u0.7-m1-p1-f0.def,RISCY-a-1-c2,results/phase_10/benchmark_registry.csv (default_dpl_baseline_HPWL_um = 731162.90),FAIL,Design key 'RISCY-a-2-c2' was coupled with DEF '1-RISCY-a-1-c2-u0.7-m1-p1-f0.def' (belongs to held-out design RISCY-a-1-c2)
46,7,RISCY-a-3-c2,RISCY-a-3-c2,RISCY-a-3-c2,1-RISCY-a-1-c2-u0.7-m1-p1-f0.def,RISCY-a-1-c2,results/phase_10/benchmark_registry.csv (default_dpl_baseline_HPWL_um = 731162.90),FAIL,Design key 'RISCY-a-3-c2' was coupled with DEF '1-RISCY-a-1-c2-u0.7-m1-p1-f0.def' (belongs to held-out design RISCY-a-1-c2)
46,8,RISCY-a-2-c2,RISCY-a-2-c2,RISCY-a-2-c2,1-RISCY-a-1-c2-u0.7-m1-p1-f0.def,RISCY-a-1-c2,results/phase_10/benchmark_registry.csv (default_dpl_baseline_HPWL_um = 731162.90),FAIL,Design key 'RISCY-a-2-c2' was coupled with DEF '1-RISCY-a-1-c2-u0.7-m1-p1-f0.def' (belongs to held-out design RISCY-a-1-c2)
46,9,RISCY-a-2-c2,RISCY-a-2-c2,RISCY-a-2-c2,1-RISCY-a-1-c2-u0.7-m1-p1-f0.def,RISCY-a-1-c2,results/phase_10/benchmark_registry.csv (default_dpl_baseline_HPWL_um = 731162.90),FAIL,Design key 'RISCY-a-2-c2' was coupled with DEF '1-RISCY-a-1-c2-u0.7-m1-p1-f0.def' (belongs to held-out design RISCY-a-1-c2)
46,10,RISCY-a-2-c2,RISCY-a-2-c2,RISCY-a-2-c2,1-RISCY-a-1-c2-u0.7-m1-p1-f0.def,RISCY-a-1-c2,results/phase_10/benchmark_registry.csv (default_dpl_baseline_HPWL_um = 731162.90),FAIL,Design key 'RISCY-a-2-c2' was coupled with DEF '1-RISCY-a-1-c2-u0.7-m1-p1-f0.def' (belongs to held-out design RISCY-a-1-c2)
46,11,RISCY-a-2-c2,RISCY-a-2-c2,RISCY-a-2-c2,1-RISCY-a-1-c2-u0.7-m1-p1-f0.def,RISCY-a-1-c2,results/phase_10/benchmark_registry.csv (default_dpl_baseline_HPWL_um = 731162.90),FAIL,Design key 'RISCY-a-2-c2' was coupled with DEF '1-RISCY-a-1-c2-u0.7-m1-p1-f0.def' (belongs to held-out design RISCY-a-1-c2)
46,12,RISCY-a-3-c2,RISCY-a-3-c2,RISCY-a-3-c2,1-RISCY-a-1-c2-u0.7-m1-p1-f0.def,RISCY-a-1-c2,results/phase_10/benchmark_registry.csv (default_dpl_baseline_HPWL_um = 731162.90),FAIL,Design key 'RISCY-a-3-c2' was coupled with DEF '1-RISCY-a-1-c2-u0.7-m1-p1-f0.def' (belongs to held-out design RISCY-a-1-c2)
46,13,RISCY-a-3-c2,RISCY-a-3-c2,RISCY-a-3-c2,1-RISCY-a-1-c2-u0.7-m1-p1-f0.def,RISCY-a-1-c2,results/phase_10/benchmark_registry.csv (default_dpl_baseline_HPWL_um = 731162.90),FAIL,Design key 'RISCY-a-3-c2' was coupled with DEF '1-RISCY-a-1-c2-u0.7-m1-p1-f0.def' (belongs to held-out design RISCY-a-1-c2)
46,14,RISCY-a-3-c2,RISCY-a-3-c2,RISCY-a-3-c2,1-RISCY-a-1-c2-u0.7-m1-p1-f0.def,RISCY-a-1-c2,results/phase_10/benchmark_registry.csv (default_dpl_baseline_HPWL_um = 731162.90),FAIL,Design key 'RISCY-a-3-c2' was coupled with DEF '1-RISCY-a-1-c2-u0.7-m1-p1-f0.def' (belongs to held-out design RISCY-a-1-c2)
46,15,RISCY-a-3-c2,RISCY-a-3-c2,RISCY-a-3-c2,1-RISCY-a-1-c2-u0.7-m1-p1-f0.def,RISCY-a-1-c2,results/phase_10/benchmark_registry.csv (default_dpl_baseline_HPWL_um = 731162.90),FAIL,Design key 'RISCY-a-3-c2' was coupled with DEF '1-RISCY-a-1-c2-u0.7-m1-p1-f0.def' (belongs to held-out design RISCY-a-1-c2)
46,16,RISCY-a-3-c2,RISCY-a-3-c2,RISCY-a-3-c2,1-RISCY-a-1-c2-u0.7-m1-p1-f0.def,RISCY-a-1-c2,results/phase_10/benchmark_registry.csv (default_dpl_baseline_HPWL_um = 731162.90),FAIL,Design key 'RISCY-a-3-c2' was coupled with DEF '1-RISCY-a-1-c2-u0.7-m1-p1-f0.def' (belongs to held-out design RISCY-a-1-c2)
46,17,RISCY-a-3-c2,RISCY-a-3-c2,RISCY-a-3-c2,1-RISCY-a-1-c2-u0.7-m1-p1-f0.def,RISCY-a-1-c2,results/phase_10/benchmark_registry.csv (default_dpl_baseline_HPWL_um = 731162.90),FAIL,Design key 'RISCY-a-3-c2' was coupled with DEF '1-RISCY-a-1-c2-u0.7-m1-p1-f0.def' (belongs to held-out design RISCY-a-1-c2)
46,18,RISCY-a-3-c2,RISCY-a-3-c2,RISCY-a-3-c2,1-RISCY-a-1-c2-u0.7-m1-p1-f0.def,RISCY-a-1-c2,results/phase_10/benchmark_registry.csv (default_dpl_baseline_HPWL_um = 731162.90),FAIL,Design key 'RISCY-a-3-c2' was coupled with DEF '1-RISCY-a-1-c2-u0.7-m1-p1-f0.def' (belongs to held-out design RISCY-a-1-c2)
46,19,RISCY-a-3-c2,RISCY-a-3-c2,RISCY-a-3-c2,1-RISCY-a-1-c2-u0.7-m1-p1-f0.def,RISCY-a-1-c2,results/phase_10/benchmark_registry.csv (default_dpl_baseline_HPWL_um = 731162.90),FAIL,Design key 'RISCY-a-3-c2' was coupled with DEF '1-RISCY-a-1-c2-u0.7-m1-p1-f0.def' (belongs to held-out design RISCY-a-1-c2)
46,20,RISCY-a-3-c2,RISCY-a-3-c2,RISCY-a-3-c2,1-RISCY-a-1-c2-u0.7-m1-p1-f0.def,RISCY-a-1-c2,results/phase_10/benchmark_registry.csv (default_dpl_baseline_HPWL_um = 731162.90),FAIL,Design key 'RISCY-a-3-c2' was coupled with DEF '1-RISCY-a-1-c2-u0.7-m1-p1-f0.def' (belongs to held-out design RISCY-a-1-c2)
46,21,RISCY-a-3-c2,RISCY-a-3-c2,RISCY-a-3-c2,1-RISCY-a-1-c2-u0.7-m1-p1-f0.def,RISCY-a-1-c2,results/phase_10/benchmark_registry.csv (default_dpl_baseline_HPWL_um = 731162.90),FAIL,Design key 'RISCY-a-3-c2' was coupled with DEF '1-RISCY-a-1-c2-u0.7-m1-p1-f0.def' (belongs to held-out design RISCY-a-1-c2)
46,22,RISCY-a-3-c2,RISCY-a-3-c2,RISCY-a-3-c2,1-RISCY-a-1-c2-u0.7-m1-p1-f0.def,RISCY-a-1-c2,results/phase_10/benchmark_registry.csv (default_dpl_baseline_HPWL_um = 731162.90),FAIL,Design key 'RISCY-a-3-c2' was coupled with DEF '1-RISCY-a-1-c2-u0.7-m1-p1-f0.def' (belongs to held-out design RISCY-a-1-c2)
46,23,RISCY-a-3-c2,RISCY-a-3-c2,RISCY-a-3-c2,1-RISCY-a-1-c2-u0.7-m1-p1-f0.def,RISCY-a-1-c2,results/phase_10/benchmark_registry.csv (default_dpl_baseline_HPWL_um = 731162.90),FAIL,Design key 'RISCY-a-3-c2' was coupled with DEF '1-RISCY-a-1-c2-u0.7-m1-p1-f0.def' (belongs to held-out design RISCY-a-1-c2)
46,24,RISCY-a-3-c2,RISCY-a-3-c2,RISCY-a-3-c2,1-RISCY-a-1-c2-u0.7-m1-p1-f0.def,RISCY-a-1-c2,results/phase_10/benchmark_registry.csv (default_dpl_baseline_HPWL_um = 731162.90),FAIL,Design key 'RISCY-a-3-c2' was coupled with DEF '1-RISCY-a-1-c2-u0.7-m1-p1-f0.def' (belongs to held-out design RISCY-a-1-c2)
46,25,RISCY-a-3-c2,RISCY-a-3-c2,RISCY-a-3-c2,1-RISCY-a-1-c2-u0.7-m1-p1-f0.def,RISCY-a-1-c2,results/phase_10/benchmark_registry.csv (default_dpl_baseline_HPWL_um = 731162.90),FAIL,Design key 'RISCY-a-3-c2' was coupled with DEF '1-RISCY-a-1-c2-u0.7-m1-p1-f0.def' (belongs to held-out design RISCY-a-1-c2)
46,26,RISCY-a-2-c2,RISCY-a-2-c2,RISCY-a-2-c2,1-RISCY-a-1-c2-u0.7-m1-p1-f0.def,RISCY-a-1-c2,results/phase_10/benchmark_registry.csv (default_dpl_baseline_HPWL_um = 731162.90),FAIL,Design key 'RISCY-a-2-c2' was coupled with DEF '1-RISCY-a-1-c2-u0.7-m1-p1-f0.def' (belongs to held-out design RISCY-a-1-c2)
46,27,RISCY-a-3-c2,RISCY-a-3-c2,RISCY-a-3-c2,1-RISCY-a-1-c2-u0.7-m1-p1-f0.def,RISCY-a-1-c2,results/phase_10/benchmark_registry.csv (default_dpl_baseline_HPWL_um = 731162.90),FAIL,Design key 'RISCY-a-3-c2' was coupled with DEF '1-RISCY-a-1-c2-u0.7-m1-p1-f0.def' (belongs to held-out design RISCY-a-1-c2)
46,28,RISCY-a-3-c2,RISCY-a-3-c2,RISCY-a-3-c2,1-RISCY-a-1-c2-u0.7-m1-p1-f0.def,RISCY-a-1-c2,results/phase_10/benchmark_registry.csv (default_dpl_baseline_HPWL_um = 731162.90),FAIL,Design key 'RISCY-a-3-c2' was coupled with DEF '1-RISCY-a-1-c2-u0.7-m1-p1-f0.def' (belongs to held-out design RISCY-a-1-c2)
46,29,RISCY-a-3-c2,RISCY-a-3-c2,RISCY-a-3-c2,1-RISCY-a-1-c2-u0.7-m1-p1-f0.def,RISCY-a-1-c2,results/phase_10/benchmark_registry.csv (default_dpl_baseline_HPWL_um = 731162.90),FAIL,Design key 'RISCY-a-3-c2' was coupled with DEF '1-RISCY-a-1-c2-u0.7-m1-p1-f0.def' (belongs to held-out design RISCY-a-1-c2)
46,30,RISCY-a-3-c2,RISCY-a-3-c2,RISCY-a-3-c2,1-RISCY-a-1-c2-u0.7-m1-p1-f0.def,RISCY-a-1-c2,results/phase_10/benchmark_registry.csv (default_dpl_baseline_HPWL_um = 731162.90),FAIL,Design key 'RISCY-a-3-c2' was coupled with DEF '1-RISCY-a-1-c2-u0.7-m1-p1-f0.def' (belongs to held-out design RISCY-a-1-c2)
46,31,RISCY-a-3-c2,RISCY-a-3-c2,RISCY-a-3-c2,1-RISCY-a-1-c2-u0.7-m1-p1-f0.def,RISCY-a-1-c2,results/phase_10/benchmark_registry.csv (default_dpl_baseline_HPWL_um = 731162.90),FAIL,Design key 'RISCY-a-3-c2' was coupled with DEF '1-RISCY-a-1-c2-u0.7-m1-p1-f0.def' (belongs to held-out design RISCY-a-1-c2)
46,32,RISCY-a-2-c2,RISCY-a-2-c2,RISCY-a-2-c2,1-RISCY-a-1-c2-u0.7-m1-p1-f0.def,RISCY-a-1-c2,results/phase_10/benchmark_registry.csv (default_dpl_baseline_HPWL_um = 731162.90),FAIL,Design key 'RISCY-a-2-c2' was coupled with DEF '1-RISCY-a-1-c2-u0.7-m1-p1-f0.def' (belongs to held-out design RISCY-a-1-c2)
46,33,RISCY-a-3-c2,RISCY-a-3-c2,RISCY-a-3-c2,1-RISCY-a-1-c2-u0.7-m1-p1-f0.def,RISCY-a-1-c2,results/phase_10/benchmark_registry.csv (default_dpl_baseline_HPWL_um = 731162.90),FAIL,Design key 'RISCY-a-3-c2' was coupled with DEF '1-RISCY-a-1-c2-u0.7-m1-p1-f0.def' (belongs to held-out design RISCY-a-1-c2)
46,34,RISCY-a-2-c2,RISCY-a-2-c2,RISCY-a-2-c2,1-RISCY-a-1-c2-u0.7-m1-p1-f0.def,RISCY-a-1-c2,results/phase_10/benchmark_registry.csv (default_dpl_baseline_HPWL_um = 731162.90),FAIL,Design key 'RISCY-a-2-c2' was coupled with DEF '1-RISCY-a-1-c2-u0.7-m1-p1-f0.def' (belongs to held-out design RISCY-a-1-c2)
46,35,RISCY-a-3-c2,RISCY-a-3-c2,RISCY-a-3-c2,1-RISCY-a-1-c2-u0.7-m1-p1-f0.def,RISCY-a-1-c2,results/phase_10/benchmark_registry.csv (default_dpl_baseline_HPWL_um = 731162.90),FAIL,Design key 'RISCY-a-3-c2' was coupled with DEF '1-RISCY-a-1-c2-u0.7-m1-p1-f0.def' (belongs to held-out design RISCY-a-1-c2)
46,36,RISCY-a-3-c2,RISCY-a-3-c2,RISCY-a-3-c2,1-RISCY-a-1-c2-u0.7-m1-p1-f0.def,RISCY-a-1-c2,results/phase_10/benchmark_registry.csv (default_dpl_baseline_HPWL_um = 731162.90),FAIL,Design key 'RISCY-a-3-c2' was coupled with DEF '1-RISCY-a-1-c2-u0.7-m1-p1-f0.def' (belongs to held-out design RISCY-a-1-c2)
46,37,RISCY-a-2-c2,RISCY-a-2-c2,RISCY-a-2-c2,1-RISCY-a-1-c2-u0.7-m1-p1-f0.def,RISCY-a-1-c2,results/phase_10/benchmark_registry.csv (default_dpl_baseline_HPWL_um = 731162.90),FAIL,Design key 'RISCY-a-2-c2' was coupled with DEF '1-RISCY-a-1-c2-u0.7-m1-p1-f0.def' (belongs to held-out design RISCY-a-1-c2)
46,38,RISCY-a-3-c2,RISCY-a-3-c2,RISCY-a-3-c2,1-RISCY-a-1-c2-u0.7-m1-p1-f0.def,RISCY-a-1-c2,results/phase_10/benchmark_registry.csv (default_dpl_baseline_HPWL_um = 731162.90),FAIL,Design key 'RISCY-a-3-c2' was coupled with DEF '1-RISCY-a-1-c2-u0.7-m1-p1-f0.def' (belongs to held-out design RISCY-a-1-c2)
46,39,RISCY-a-2-c2,RISCY-a-2-c2,RISCY-a-2-c2,1-RISCY-a-1-c2-u0.7-m1-p1-f0.def,RISCY-a-1-c2,results/phase_10/benchmark_registry.csv (default_dpl_baseline_HPWL_um = 731162.90),FAIL,Design key 'RISCY-a-2-c2' was coupled with DEF '1-RISCY-a-1-c2-u0.7-m1-p1-f0.def' (belongs to held-out design RISCY-a-1-c2)
46,40,RISCY-a-2-c2,RISCY-a-2-c2,RISCY-a-2-c2,1-RISCY-a-1-c2-u0.7-m1-p1-f0.def,RISCY-a-1-c2,results/phase_10/benchmark_registry.csv (default_dpl_baseline_HPWL_um = 731162.90),FAIL,Design key 'RISCY-a-2-c2' was coupled with DEF '1-RISCY-a-1-c2-u0.7-m1-p1-f0.def' (belongs to held-out design RISCY-a-1-c2)
46,41,RISCY-a-2-c2,RISCY-a-2-c2,RISCY-a-2-c2,1-RISCY-a-1-c2-u0.7-m1-p1-f0.def,RISCY-a-1-c2,results/phase_10/benchmark_registry.csv (default_dpl_baseline_HPWL_um = 731162.90),FAIL,Design key 'RISCY-a-2-c2' was coupled with DEF '1-RISCY-a-1-c2-u0.7-m1-p1-f0.def' (belongs to held-out design RISCY-a-1-c2)
46,42,RISCY-a-3-c2,RISCY-a-3-c2,RISCY-a-3-c2,1-RISCY-a-1-c2-u0.7-m1-p1-f0.def,RISCY-a-1-c2,results/phase_10/benchmark_registry.csv (default_dpl_baseline_HPWL_um = 731162.90),FAIL,Design key 'RISCY-a-3-c2' was coupled with DEF '1-RISCY-a-1-c2-u0.7-m1-p1-f0.def' (belongs to held-out design RISCY-a-1-c2)
46,43,RISCY-a-3-c2,RISCY-a-3-c2,RISCY-a-3-c2,1-RISCY-a-1-c2-u0.7-m1-p1-f0.def,RISCY-a-1-c2,results/phase_10/benchmark_registry.csv (default_dpl_baseline_HPWL_um = 731162.90),FAIL,Design key 'RISCY-a-3-c2' was coupled with DEF '1-RISCY-a-1-c2-u0.7-m1-p1-f0.def' (belongs to held-out design RISCY-a-1-c2)
46,44,RISCY-a-3-c2,RISCY-a-3-c2,RISCY-a-3-c2,1-RISCY-a-1-c2-u0.7-m1-p1-f0.def,RISCY-a-1-c2,results/phase_10/benchmark_registry.csv (default_dpl_baseline_HPWL_um = 731162.90),FAIL,Design key 'RISCY-a-3-c2' was coupled with DEF '1-RISCY-a-1-c2-u0.7-m1-p1-f0.def' (belongs to held-out design RISCY-a-1-c2)
46,45,RISCY-a-2-c2,RISCY-a-2-c2,RISCY-a-2-c2,1-RISCY-a-1-c2-u0.7-m1-p1-f0.def,RISCY-a-1-c2,results/phase_10/benchmark_registry.csv (default_dpl_baseline_HPWL_um = 731162.90),FAIL,Design key 'RISCY-a-2-c2' was coupled with DEF '1-RISCY-a-1-c2-u0.7-m1-p1-f0.def' (belongs to held-out design RISCY-a-1-c2)
46,46,RISCY-a-2-c2,RISCY-a-2-c2,RISCY-a-2-c2,1-RISCY-a-1-c2-u0.7-m1-p1-f0.def,RISCY-a-1-c2,results/phase_10/benchmark_registry.csv (default_dpl_baseline_HPWL_um = 731162.90),FAIL,Design key 'RISCY-a-2-c2' was coupled with DEF '1-RISCY-a-1-c2-u0.7-m1-p1-f0.def' (belongs to held-out design RISCY-a-1-c2)
46,47,RISCY-a-2-c2,RISCY-a-2-c2,RISCY-a-2-c2,1-RISCY-a-1-c2-u0.7-m1-p1-f0.def,RISCY-a-1-c2,results/phase_10/benchmark_registry.csv (default_dpl_baseline_HPWL_um = 731162.90),FAIL,Design key 'RISCY-a-2-c2' was coupled with DEF '1-RISCY-a-1-c2-u0.7-m1-p1-f0.def' (belongs to held-out design RISCY-a-1-c2)
46,48,RISCY-a-2-c2,RISCY-a-2-c2,RISCY-a-2-c2,1-RISCY-a-1-c2-u0.7-m1-p1-f0.def,RISCY-a-1-c2,results/phase_10/benchmark_registry.csv (default_dpl_baseline_HPWL_um = 731162.90),FAIL,Design key 'RISCY-a-2-c2' was coupled with DEF '1-RISCY-a-1-c2-u0.7-m1-p1-f0.def' (belongs to held-out design RISCY-a-1-c2)
46,49,RISCY-a-2-c2,RISCY-a-2-c2,RISCY-a-2-c2,1-RISCY-a-1-c2-u0.7-m1-p1-f0.def,RISCY-a-1-c2,results/phase_10/benchmark_registry.csv (default_dpl_baseline_HPWL_um = 731162.90),FAIL,Design key 'RISCY-a-2-c2' was coupled with DEF '1-RISCY-a-1-c2-u0.7-m1-p1-f0.def' (belongs to held-out design RISCY-a-1-c2)
46,50,RISCY-a-3-c2,RISCY-a-3-c2,RISCY-a-3-c2,1-RISCY-a-1-c2-u0.7-m1-p1-f0.def,RISCY-a-1-c2,results/phase_10/benchmark_registry.csv (default_dpl_baseline_HPWL_um = 731162.90),FAIL,Design key 'RISCY-a-3-c2' was coupled with DEF '1-RISCY-a-1-c2-u0.7-m1-p1-f0.def' (belongs to held-out design RISCY-a-1-c2)
46,51,RISCY-a-2-c2,RISCY-a-2-c2,RISCY-a-2-c2,1-RISCY-a-1-c2-u0.7-m1-p1-f0.def,RISCY-a-1-c2,results/phase_10/benchmark_registry.csv (default_dpl_baseline_HPWL_um = 731162.90),FAIL,Design key 'RISCY-a-2-c2' was coupled with DEF '1-RISCY-a-1-c2-u0.7-m1-p1-f0.def' (belongs to held-out design RISCY-a-1-c2)
46,52,RISCY-a-2-c2,RISCY-a-2-c2,RISCY-a-2-c2,1-RISCY-a-1-c2-u0.7-m1-p1-f0.def,RISCY-a-1-c2,results/phase_10/benchmark_registry.csv (default_dpl_baseline_HPWL_um = 731162.90),FAIL,Design key 'RISCY-a-2-c2' was coupled with DEF '1-RISCY-a-1-c2-u0.7-m1-p1-f0.def' (belongs to held-out design RISCY-a-1-c2)
46,53,RISCY-a-3-c2,RISCY-a-3-c2,RISCY-a-3-c2,1-RISCY-a-1-c2-u0.7-m1-p1-f0.def,RISCY-a-1-c2,results/phase_10/benchmark_registry.csv (default_dpl_baseline_HPWL_um = 731162.90),FAIL,Design key 'RISCY-a-3-c2' was coupled with DEF '1-RISCY-a-1-c2-u0.7-m1-p1-f0.def' (belongs to held-out design RISCY-a-1-c2)
46,54,RISCY-a-2-c2,RISCY-a-2-c2,RISCY-a-2-c2,1-RISCY-a-1-c2-u0.7-m1-p1-f0.def,RISCY-a-1-c2,results/phase_10/benchmark_registry.csv (default_dpl_baseline_HPWL_um = 731162.90),FAIL,Design key 'RISCY-a-2-c2' was coupled with DEF '1-RISCY-a-1-c2-u0.7-m1-p1-f0.def' (belongs to held-out design RISCY-a-1-c2)
46,55,RISCY-a-2-c2,RISCY-a-2-c2,RISCY-a-2-c2,1-RISCY-a-1-c2-u0.7-m1-p1-f0.def,RISCY-a-1-c2,results/phase_10/benchmark_registry.csv (default_dpl_baseline_HPWL_um = 731162.90),FAIL,Design key 'RISCY-a-2-c2' was coupled with DEF '1-RISCY-a-1-c2-u0.7-m1-p1-f0.def' (belongs to held-out design RISCY-a-1-c2)
46,56,RISCY-a-3-c2,RISCY-a-3-c2,RISCY-a-3-c2,1-RISCY-a-1-c2-u0.7-m1-p1-f0.def,RISCY-a-1-c2,results/phase_10/benchmark_registry.csv (default_dpl_baseline_HPWL_um = 731162.90),FAIL,Design key 'RISCY-a-3-c2' was coupled with DEF '1-RISCY-a-1-c2-u0.7-m1-p1-f0.def' (belongs to held-out design RISCY-a-1-c2)
46,57,RISCY-a-2-c2,RISCY-a-2-c2,RISCY-a-2-c2,1-RISCY-a-1-c2-u0.7-m1-p1-f0.def,RISCY-a-1-c2,results/phase_10/benchmark_registry.csv (default_dpl_baseline_HPWL_um = 731162.90),FAIL,Design key 'RISCY-a-2-c2' was coupled with DEF '1-RISCY-a-1-c2-u0.7-m1-p1-f0.def' (belongs to held-out design RISCY-a-1-c2)
46,58,RISCY-a-3-c2,RISCY-a-3-c2,RISCY-a-3-c2,1-RISCY-a-1-c2-u0.7-m1-p1-f0.def,RISCY-a-1-c2,results/phase_10/benchmark_registry.csv (default_dpl_baseline_HPWL_um = 731162.90),FAIL,Design key 'RISCY-a-3-c2' was coupled with DEF '1-RISCY-a-1-c2-u0.7-m1-p1-f0.def' (belongs to held-out design RISCY-a-1-c2)
46,59,RISCY-a-3-c2,RISCY-a-3-c2,RISCY-a-3-c2,1-RISCY-a-1-c2-u0.7-m1-p1-f0.def,RISCY-a-1-c2,results/phase_10/benchmark_registry.csv (default_dpl_baseline_HPWL_um = 731162.90),FAIL,Design key 'RISCY-a-3-c2' was coupled with DEF '1-RISCY-a-1-c2-u0.7-m1-p1-f0.def' (belongs to held-out design RISCY-a-1-c2)
46,60,RISCY-a-2-c2,RISCY-a-2-c2,RISCY-a-2-c2,1-RISCY-a-1-c2-u0.7-m1-p1-f0.def,RISCY-a-1-c2,results/phase_10/benchmark_registry.csv (default_dpl_baseline_HPWL_um = 731162.90),FAIL,Design key 'RISCY-a-2-c2' was coupled with DEF '1-RISCY-a-1-c2-u0.7-m1-p1-f0.def' (belongs to held-out design RISCY-a-1-c2)
46,61,RISCY-a-3-c2,RISCY-a-3-c2,RISCY-a-3-c2,1-RISCY-a-1-c2-u0.7-m1-p1-f0.def,RISCY-a-1-c2,results/phase_10/benchmark_registry.csv (default_dpl_baseline_HPWL_um = 731162.90),FAIL,Design key 'RISCY-a-3-c2' was coupled with DEF '1-RISCY-a-1-c2-u0.7-m1-p1-f0.def' (belongs to held-out design RISCY-a-1-c2)
46,62,RISCY-a-2-c2,RISCY-a-2-c2,RISCY-a-2-c2,1-RISCY-a-1-c2-u0.7-m1-p1-f0.def,RISCY-a-1-c2,results/phase_10/benchmark_registry.csv (default_dpl_baseline_HPWL_um = 731162.90),FAIL,Design key 'RISCY-a-2-c2' was coupled with DEF '1-RISCY-a-1-c2-u0.7-m1-p1-f0.def' (belongs to held-out design RISCY-a-1-c2)
46,63,RISCY-a-2-c2,RISCY-a-2-c2,RISCY-a-2-c2,1-RISCY-a-1-c2-u0.7-m1-p1-f0.def,RISCY-a-1-c2,results/phase_10/benchmark_registry.csv (default_dpl_baseline_HPWL_um = 731162.90),FAIL,Design key 'RISCY-a-2-c2' was coupled with DEF '1-RISCY-a-1-c2-u0.7-m1-p1-f0.def' (belongs to held-out design RISCY-a-1-c2)
46,64,RISCY-a-3-c2,RISCY-a-3-c2,RISCY-a-3-c2,1-RISCY-a-1-c2-u0.7-m1-p1-f0.def,RISCY-a-1-c2,results/phase_10/benchmark_registry.csv (default_dpl_baseline_HPWL_um = 731162.90),FAIL,Design key 'RISCY-a-3-c2' was coupled with DEF '1-RISCY-a-1-c2-u0.7-m1-p1-f0.def' (belongs to held-out design RISCY-a-1-c2)
46,65,RISCY-a-2-c2,RISCY-a-2-c2,RISCY-a-2-c2,1-RISCY-a-1-c2-u0.7-m1-p1-f0.def,RISCY-a-1-c2,results/phase_10/benchmark_registry.csv (default_dpl_baseline_HPWL_um = 731162.90),FAIL,Design key 'RISCY-a-2-c2' was coupled with DEF '1-RISCY-a-1-c2-u0.7-m1-p1-f0.def' (belongs to held-out design RISCY-a-1-c2)
46,66,RISCY-a-2-c2,RISCY-a-2-c2,RISCY-a-2-c2,1-RISCY-a-1-c2-u0.7-m1-p1-f0.def,RISCY-a-1-c2,results/phase_10/benchmark_registry.csv (default_dpl_baseline_HPWL_um = 731162.90),FAIL,Design key 'RISCY-a-2-c2' was coupled with DEF '1-RISCY-a-1-c2-u0.7-m1-p1-f0.def' (belongs to held-out design RISCY-a-1-c2)
46,67,RISCY-a-3-c2,RISCY-a-3-c2,RISCY-a-3-c2,1-RISCY-a-1-c2-u0.7-m1-p1-f0.def,RISCY-a-1-c2,results/phase_10/benchmark_registry.csv (default_dpl_baseline_HPWL_um = 731162.90),FAIL,Design key 'RISCY-a-3-c2' was coupled with DEF '1-RISCY-a-1-c2-u0.7-m1-p1-f0.def' (belongs to held-out design RISCY-a-1-c2)
46,68,RISCY-a-3-c2,RISCY-a-3-c2,RISCY-a-3-c2,1-RISCY-a-1-c2-u0.7-m1-p1-f0.def,RISCY-a-1-c2,results/phase_10/benchmark_registry.csv (default_dpl_baseline_HPWL_um = 731162.90),FAIL,Design key 'RISCY-a-3-c2' was coupled with DEF '1-RISCY-a-1-c2-u0.7-m1-p1-f0.def' (belongs to held-out design RISCY-a-1-c2)
46,69,RISCY-a-2-c2,RISCY-a-2-c2,RISCY-a-2-c2,1-RISCY-a-1-c2-u0.7-m1-p1-f0.def,RISCY-a-1-c2,results/phase_10/benchmark_registry.csv (default_dpl_baseline_HPWL_um = 731162.90),FAIL,Design key 'RISCY-a-2-c2' was coupled with DEF '1-RISCY-a-1-c2-u0.7-m1-p1-f0.def' (belongs to held-out design RISCY-a-1-c2)
46,70,RISCY-a-3-c2,RISCY-a-3-c2,RISCY-a-3-c2,1-RISCY-a-1-c2-u0.7-m1-p1-f0.def,RISCY-a-1-c2,results/phase_10/benchmark_registry.csv (default_dpl_baseline_HPWL_um = 731162.90),FAIL,Design key 'RISCY-a-3-c2' was coupled with DEF '1-RISCY-a-1-c2-u0.7-m1-p1-f0.def' (belongs to held-out design RISCY-a-1-c2)
46,71,RISCY-a-2-c2,RISCY-a-2-c2,RISCY-a-2-c2,1-RISCY-a-1-c2-u0.7-m1-p1-f0.def,RISCY-a-1-c2,results/phase_10/benchmark_registry.csv (default_dpl_baseline_HPWL_um = 731162.90),FAIL,Design key 'RISCY-a-2-c2' was coupled with DEF '1-RISCY-a-1-c2-u0.7-m1-p1-f0.def' (belongs to held-out design RISCY-a-1-c2)
46,72,RISCY-a-2-c2,RISCY-a-2-c2,RISCY-a-2-c2,1-RISCY-a-1-c2-u0.7-m1-p1-f0.def,RISCY-a-1-c2,results/phase_10/benchmark_registry.csv (default_dpl_baseline_HPWL_um = 731162.90),FAIL,Design key 'RISCY-a-2-c2' was coupled with DEF '1-RISCY-a-1-c2-u0.7-m1-p1-f0.def' (belongs to held-out design RISCY-a-1-c2)
46,73,RISCY-a-2-c2,RISCY-a-2-c2,RISCY-a-2-c2,1-RISCY-a-1-c2-u0.7-m1-p1-f0.def,RISCY-a-1-c2,results/phase_10/benchmark_registry.csv (default_dpl_baseline_HPWL_um = 731162.90),FAIL,Design key 'RISCY-a-2-c2' was coupled with DEF '1-RISCY-a-1-c2-u0.7-m1-p1-f0.def' (belongs to held-out design RISCY-a-1-c2)
46,74,RISCY-a-3-c2,RISCY-a-3-c2,RISCY-a-3-c2,1-RISCY-a-1-c2-u0.7-m1-p1-f0.def,RISCY-a-1-c2,results/phase_10/benchmark_registry.csv (default_dpl_baseline_HPWL_um = 731162.90),FAIL,Design key 'RISCY-a-3-c2' was coupled with DEF '1-RISCY-a-1-c2-u0.7-m1-p1-f0.def' (belongs to held-out design RISCY-a-1-c2)
46,75,RISCY-a-3-c2,RISCY-a-3-c2,RISCY-a-3-c2,1-RISCY-a-1-c2-u0.7-m1-p1-f0.def,RISCY-a-1-c2,results/phase_10/benchmark_registry.csv (default_dpl_baseline_HPWL_um = 731162.90),FAIL,Design key 'RISCY-a-3-c2' was coupled with DEF '1-RISCY-a-1-c2-u0.7-m1-p1-f0.def' (belongs to held-out design RISCY-a-1-c2)
46,76,RISCY-a-3-c2,RISCY-a-3-c2,RISCY-a-3-c2,1-RISCY-a-1-c2-u0.7-m1-p1-f0.def,RISCY-a-1-c2,results/phase_10/benchmark_registry.csv (default_dpl_baseline_HPWL_um = 731162.90),FAIL,Design key 'RISCY-a-3-c2' was coupled with DEF '1-RISCY-a-1-c2-u0.7-m1-p1-f0.def' (belongs to held-out design RISCY-a-1-c2)
46,77,RISCY-a-3-c2,RISCY-a-3-c2,RISCY-a-3-c2,1-RISCY-a-1-c2-u0.7-m1-p1-f0.def,RISCY-a-1-c2,results/phase_10/benchmark_registry.csv (default_dpl_baseline_HPWL_um = 731162.90),FAIL,Design key 'RISCY-a-3-c2' was coupled with DEF '1-RISCY-a-1-c2-u0.7-m1-p1-f0.def' (belongs to held-out design RISCY-a-1-c2)
46,78,RISCY-a-2-c2,RISCY-a-2-c2,RISCY-a-2-c2,1-RISCY-a-1-c2-u0.7-m1-p1-f0.def,RISCY-a-1-c2,results/phase_10/benchmark_registry.csv (default_dpl_baseline_HPWL_um = 731162.90),FAIL,Design key 'RISCY-a-2-c2' was coupled with DEF '1-RISCY-a-1-c2-u0.7-m1-p1-f0.def' (belongs to held-out design RISCY-a-1-c2)
46,79,RISCY-a-2-c2,RISCY-a-2-c2,RISCY-a-2-c2,1-RISCY-a-1-c2-u0.7-m1-p1-f0.def,RISCY-a-1-c2,results/phase_10/benchmark_registry.csv (default_dpl_baseline_HPWL_um = 731162.90),FAIL,Design key 'RISCY-a-2-c2' was coupled with DEF '1-RISCY-a-1-c2-u0.7-m1-p1-f0.def' (belongs to held-out design RISCY-a-1-c2)
46,80,RISCY-a-2-c2,RISCY-a-2-c2,RISCY-a-2-c2,1-RISCY-a-1-c2-u0.7-m1-p1-f0.def,RISCY-a-1-c2,results/phase_10/benchmark_registry.csv (default_dpl_baseline_HPWL_um = 731162.90),FAIL,Design key 'RISCY-a-2-c2' was coupled with DEF '1-RISCY-a-1-c2-u0.7-m1-p1-f0.def' (belongs to held-out design RISCY-a-1-c2)
46,81,RISCY-a-3-c2,RISCY-a-3-c2,RISCY-a-3-c2,1-RISCY-a-1-c2-u0.7-m1-p1-f0.def,RISCY-a-1-c2,results/phase_10/benchmark_registry.csv (default_dpl_baseline_HPWL_um = 731162.90),FAIL,Design key 'RISCY-a-3-c2' was coupled with DEF '1-RISCY-a-1-c2-u0.7-m1-p1-f0.def' (belongs to held-out design RISCY-a-1-c2)
46,82,RISCY-a-2-c2,RISCY-a-2-c2,RISCY-a-2-c2,1-RISCY-a-1-c2-u0.7-m1-p1-f0.def,RISCY-a-1-c2,results/phase_10/benchmark_registry.csv (default_dpl_baseline_HPWL_um = 731162.90),FAIL,Design key 'RISCY-a-2-c2' was coupled with DEF '1-RISCY-a-1-c2-u0.7-m1-p1-f0.def' (belongs to held-out design RISCY-a-1-c2)
46,83,RISCY-a-2-c2,RISCY-a-2-c2,RISCY-a-2-c2,1-RISCY-a-1-c2-u0.7-m1-p1-f0.def,RISCY-a-1-c2,results/phase_10/benchmark_registry.csv (default_dpl_baseline_HPWL_um = 731162.90),FAIL,Design key 'RISCY-a-2-c2' was coupled with DEF '1-RISCY-a-1-c2-u0.7-m1-p1-f0.def' (belongs to held-out design RISCY-a-1-c2)
46,84,RISCY-a-3-c2,RISCY-a-3-c2,RISCY-a-3-c2,1-RISCY-a-1-c2-u0.7-m1-p1-f0.def,RISCY-a-1-c2,results/phase_10/benchmark_registry.csv (default_dpl_baseline_HPWL_um = 731162.90),FAIL,Design key 'RISCY-a-3-c2' was coupled with DEF '1-RISCY-a-1-c2-u0.7-m1-p1-f0.def' (belongs to held-out design RISCY-a-1-c2)
46,85,RISCY-a-3-c2,RISCY-a-3-c2,RISCY-a-3-c2,1-RISCY-a-1-c2-u0.7-m1-p1-f0.def,RISCY-a-1-c2,results/phase_10/benchmark_registry.csv (default_dpl_baseline_HPWL_um = 731162.90),FAIL,Design key 'RISCY-a-3-c2' was coupled with DEF '1-RISCY-a-1-c2-u0.7-m1-p1-f0.def' (belongs to held-out design RISCY-a-1-c2)
46,86,RISCY-a-2-c2,RISCY-a-2-c2,RISCY-a-2-c2,1-RISCY-a-1-c2-u0.7-m1-p1-f0.def,RISCY-a-1-c2,results/phase_10/benchmark_registry.csv (default_dpl_baseline_HPWL_um = 731162.90),FAIL,Design key 'RISCY-a-2-c2' was coupled with DEF '1-RISCY-a-1-c2-u0.7-m1-p1-f0.def' (belongs to held-out design RISCY-a-1-c2)
46,87,RISCY-a-3-c2,RISCY-a-3-c2,RISCY-a-3-c2,1-RISCY-a-1-c2-u0.7-m1-p1-f0.def,RISCY-a-1-c2,results/phase_10/benchmark_registry.csv (default_dpl_baseline_HPWL_um = 731162.90),FAIL,Design key 'RISCY-a-3-c2' was coupled with DEF '1-RISCY-a-1-c2-u0.7-m1-p1-f0.def' (belongs to held-out design RISCY-a-1-c2)
46,88,RISCY-a-2-c2,RISCY-a-2-c2,RISCY-a-2-c2,1-RISCY-a-1-c2-u0.7-m1-p1-f0.def,RISCY-a-1-c2,results/phase_10/benchmark_registry.csv (default_dpl_baseline_HPWL_um = 731162.90),FAIL,Design key 'RISCY-a-2-c2' was coupled with DEF '1-RISCY-a-1-c2-u0.7-m1-p1-f0.def' (belongs to held-out design RISCY-a-1-c2)
46,89,RISCY-a-3-c2,RISCY-a-3-c2,RISCY-a-3-c2,1-RISCY-a-1-c2-u0.7-m1-p1-f0.def,RISCY-a-1-c2,results/phase_10/benchmark_registry.csv (default_dpl_baseline_HPWL_um = 731162.90),FAIL,Design key 'RISCY-a-3-c2' was coupled with DEF '1-RISCY-a-1-c2-u0.7-m1-p1-f0.def' (belongs to held-out design RISCY-a-1-c2)
46,90,RISCY-a-2-c2,RISCY-a-2-c2,RISCY-a-2-c2,1-RISCY-a-1-c2-u0.7-m1-p1-f0.def,RISCY-a-1-c2,results/phase_10/benchmark_registry.csv (default_dpl_baseline_HPWL_um = 731162.90),FAIL,Design key 'RISCY-a-2-c2' was coupled with DEF '1-RISCY-a-1-c2-u0.7-m1-p1-f0.def' (belongs to held-out design RISCY-a-1-c2)
46,91,RISCY-a-2-c2,RISCY-a-2-c2,RISCY-a-2-c2,1-RISCY-a-1-c2-u0.7-m1-p1-f0.def,RISCY-a-1-c2,results/phase_10/benchmark_registry.csv (default_dpl_baseline_HPWL_um = 731162.90),FAIL,Design key 'RISCY-a-2-c2' was coupled with DEF '1-RISCY-a-1-c2-u0.7-m1-p1-f0.def' (belongs to held-out design RISCY-a-1-c2)
46,92,RISCY-a-2-c2,RISCY-a-2-c2,RISCY-a-2-c2,1-RISCY-a-1-c2-u0.7-m1-p1-f0.def,RISCY-a-1-c2,results/phase_10/benchmark_registry.csv (default_dpl_baseline_HPWL_um = 731162.90),FAIL,Design key 'RISCY-a-2-c2' was coupled with DEF '1-RISCY-a-1-c2-u0.7-m1-p1-f0.def' (belongs to held-out design RISCY-a-1-c2)
46,93,RISCY-a-2-c2,RISCY-a-2-c2,RISCY-a-2-c2,1-RISCY-a-1-c2-u0.7-m1-p1-f0.def,RISCY-a-1-c2,results/phase_10/benchmark_registry.csv (default_dpl_baseline_HPWL_um = 731162.90),FAIL,Design key 'RISCY-a-2-c2' was coupled with DEF '1-RISCY-a-1-c2-u0.7-m1-p1-f0.def' (belongs to held-out design RISCY-a-1-c2)
46,94,RISCY-a-2-c2,RISCY-a-2-c2,RISCY-a-2-c2,1-RISCY-a-1-c2-u0.7-m1-p1-f0.def,RISCY-a-1-c2,results/phase_10/benchmark_registry.csv (default_dpl_baseline_HPWL_um = 731162.90),FAIL,Design key 'RISCY-a-2-c2' was coupled with DEF '1-RISCY-a-1-c2-u0.7-m1-p1-f0.def' (belongs to held-out design RISCY-a-1-c2)
46,95,RISCY-a-3-c2,RISCY-a-3-c2,RISCY-a-3-c2,1-RISCY-a-1-c2-u0.7-m1-p1-f0.def,RISCY-a-1-c2,results/phase_10/benchmark_registry.csv (default_dpl_baseline_HPWL_um = 731162.90),FAIL,Design key 'RISCY-a-3-c2' was coupled with DEF '1-RISCY-a-1-c2-u0.7-m1-p1-f0.def' (belongs to held-out design RISCY-a-1-c2)
46,96,RISCY-a-3-c2,RISCY-a-3-c2,RISCY-a-3-c2,1-RISCY-a-1-c2-u0.7-m1-p1-f0.def,RISCY-a-1-c2,results/phase_10/benchmark_registry.csv (default_dpl_baseline_HPWL_um = 731162.90),FAIL,Design key 'RISCY-a-3-c2' was coupled with DEF '1-RISCY-a-1-c2-u0.7-m1-p1-f0.def' (belongs to held-out design RISCY-a-1-c2)
46,97,RISCY-a-2-c2,RISCY-a-2-c2,RISCY-a-2-c2,1-RISCY-a-1-c2-u0.7-m1-p1-f0.def,RISCY-a-1-c2,results/phase_10/benchmark_registry.csv (default_dpl_baseline_HPWL_um = 731162.90),FAIL,Design key 'RISCY-a-2-c2' was coupled with DEF '1-RISCY-a-1-c2-u0.7-m1-p1-f0.def' (belongs to held-out design RISCY-a-1-c2)
46,98,RISCY-a-3-c2,RISCY-a-3-c2,RISCY-a-3-c2,1-RISCY-a-1-c2-u0.7-m1-p1-f0.def,RISCY-a-1-c2,results/phase_10/benchmark_registry.csv (default_dpl_baseline_HPWL_um = 731162.90),FAIL,Design key 'RISCY-a-3-c2' was coupled with DEF '1-RISCY-a-1-c2-u0.7-m1-p1-f0.def' (belongs to held-out design RISCY-a-1-c2)
46,99,RISCY-a-2-c2,RISCY-a-2-c2,RISCY-a-2-c2,1-RISCY-a-1-c2-u0.7-m1-p1-f0.def,RISCY-a-1-c2,results/phase_10/benchmark_registry.csv (default_dpl_baseline_HPWL_um = 731162.90),FAIL,Design key 'RISCY-a-2-c2' was coupled with DEF '1-RISCY-a-1-c2-u0.7-m1-p1-f0.def' (belongs to held-out design RISCY-a-1-c2)
46,100,RISCY-a-2-c2,RISCY-a-2-c2,RISCY-a-2-c2,1-RISCY-a-1-c2-u0.7-m1-p1-f0.def,RISCY-a-1-c2,results/phase_10/benchmark_registry.csv (default_dpl_baseline_HPWL_um = 731162.90),FAIL,Design key 'RISCY-a-2-c2' was coupled with DEF '1-RISCY-a-1-c2-u0.7-m1-p1-f0.def' (belongs to held-out design RISCY-a-1-c2)
