seed,episode,step,design_id,action,parameters_before,parameters_after,status,initial_hpwl,result_hpwl,delta_hpwl,delta_hpwl_percent,reward,done
42,1,1,zero-riscy-a-3-c2,6,"{""max_displacement"": 0, ""site_search_window"": 0, ""row_search_window"": 0, ""disallow_one_site_gaps"": 0, ""use_diamond_legalizer"": 1, ""disable_window_extension"": 0}","{""max_displacement"": 0, ""site_search_window"": 0, ""row_search_window"": 0, ""disallow_one_site_gaps"": 0, ""use_diamond_legalizer"": 1, ""disable_window_extension"": 0}",VALID,4400147.4,4400147.4,0.0,0.0,0.0,False
42,1,2,zero-riscy-a-3-c2,6,"{""max_displacement"": 0, ""site_search_window"": 0, ""row_search_window"": 0, ""disallow_one_site_gaps"": 0, ""use_diamond_legalizer"": 1, ""disable_window_extension"": 0}","{""max_displacement"": 0, ""site_search_window"": 0, ""row_search_window"": 0, ""disallow_one_site_gaps"": 0, ""use_diamond_legalizer"": 1, ""disable_window_extension"": 0}",VALID,4400147.4,4400147.4,0.0,0.0,0.0,False
42,1,3,zero-riscy-a-3-c2,4,"{""max_displacement"": 0, ""site_search_window"": 0, ""row_search_window"": 0, ""disallow_one_site_gaps"": 0, ""use_diamond_legalizer"": 1, ""disable_window_extension"": 0}","{""max_displacement"": 0, ""site_search_window"": 0, ""row_search_window"": 0, ""disallow_one_site_gaps"": 0, ""use_diamond_legalizer"": 1, ""disable_window_extension"": 0}",VALID,4400147.4,4400147.4,0.0,0.0,0.0,False
42,1,4,zero-riscy-a-3-c2,6,"{""max_displacement"": 0, ""site_search_window"": 0, ""row_search_window"": 0, ""disallow_one_site_gaps"": 0, ""use_diamond_legalizer"": 1, ""disable_window_extension"": 0}","{""max_displacement"": 0, ""site_search_window"": 0, ""row_search_window"": 0, ""disallow_one_site_gaps"": 0, ""use_diamond_legalizer"": 1, ""disable_window_extension"": 0}",VALID,4400147.4,4400147.4,0.0,0.0,0.0,False
42,1,5,zero-riscy-a-3-c2,1,"{""max_displacement"": 0, ""site_search_window"": 0, ""row_search_window"": 0, ""disallow_one_site_gaps"": 0, ""use_diamond_legalizer"": 1, ""disable_window_extension"": 0}","{""max_displacement"": 10, ""site_search_window"": 10, ""row_search_window"": 2, ""disallow_one_site_gaps"": 0, ""use_diamond_legalizer"": 1, ""disable_window_extension"": 0}",VALID,4400147.4,4400152.7,-5.2999999998137355,-9.999999999999999e-05,-1.2045051035821516e-06,False
42,1,6,zero-riscy-a-3-c2,3,"{""max_displacement"": 10, ""site_search_window"": 10, ""row_search_window"": 2, ""disallow_one_site_gaps"": 0, ""use_diamond_legalizer"": 1, ""disable_window_extension"": 0}","{""max_displacement"": 10, ""site_search_window"": 20, ""row_search_window"": 4, ""disallow_one_site_gaps"": 0, ""use_diamond_legalizer"": 1, ""disable_window_extension"": 0}",VALID,4400147.4,4400152.7,0.0,0.0,0.0,False
42,1,7,zero-riscy-a-3-c2,1,"{""max_displacement"": 10, ""site_search_window"": 20, ""row_search_window"": 4, ""disallow_one_site_gaps"": 0, ""use_diamond_legalizer"": 1, ""disable_window_extension"": 0}","{""max_displacement"": 20, ""site_search_window"": 30, ""row_search_window"": 6, ""disallow_one_site_gaps"": 0, ""use_diamond_legalizer"": 1, ""disable_window_extension"": 0}",VALID,4400147.4,4400147.4,5.2999999998137355,9.999999999999999e-05,1.2045036527513546e-06,False
42,1,8,zero-riscy-a-3-c2,1,"{""max_displacement"": 20, ""site_search_window"": 30, ""row_search_window"": 6, ""disallow_one_site_gaps"": 0, ""use_diamond_legalizer"": 1, ""disable_window_extension"": 0}","{""max_displacement"": 30, ""site_search_window"": 40, ""row_search_window"": 8, ""disallow_one_site_gaps"": 0, ""use_diamond_legalizer"": 1, ""disable_window_extension"": 0}",VALID,4400147.4,4400147.4,0.0,0.0,0.0,False
42,1,9,zero-riscy-a-3-c2,7,"{""max_displacement"": 30, ""site_search_window"": 40, ""row_search_window"": 8, ""disallow_one_site_gaps"": 0, ""use_diamond_legalizer"": 1, ""disable_window_extension"": 0}","{""max_displacement"": 30, ""site_search_window"": 40, ""row_search_window"": 8, ""disallow_one_site_gaps"": 0, ""use_diamond_legalizer"": 1, ""disable_window_extension"": 0}",VALID,4400147.4,4400147.4,0.0,0.0,0.0,False
42,1,10,zero-riscy-a-3-c2,7,"{""max_displacement"": 30, ""site_search_window"": 40, ""row_search_window"": 8, ""disallow_one_site_gaps"": 0, ""use_diamond_legalizer"": 1, ""disable_window_extension"": 0}","{""max_displacement"": 30, ""site_search_window"": 40, ""row_search_window"": 8, ""disallow_one_site_gaps"": 0, ""use_diamond_legalizer"": 1, ""disable_window_extension"": 0}",VALID,4400147.4,4400147.4,0.0,0.0,0.0,True
42,2,1,RISCY-b-2-c20,5,"{""max_displacement"": 0, ""site_search_window"": 0, ""row_search_window"": 0, ""disallow_one_site_gaps"": 0, ""use_diamond_legalizer"": 1, ""disable_window_extension"": 0}","{""max_displacement"": 10, ""site_search_window"": 10, ""row_search_window"": 0, ""disallow_one_site_gaps"": 0, ""use_diamond_legalizer"": 1, ""disable_window_extension"": 0}",FAILED,2782023.4,2782023.4,0.0,-100.0,-1.0,False
42,2,2,RISCY-b-2-c20,3,"{""max_displacement"": 10, ""site_search_window"": 10, ""row_search_window"": 0, ""disallow_one_site_gaps"": 0, ""use_diamond_legalizer"": 1, ""disable_window_extension"": 0}","{""max_displacement"": 10, ""site_search_window"": 20, ""row_search_window"": 2, ""disallow_one_site_gaps"": 0, ""use_diamond_legalizer"": 1, ""disable_window_extension"": 0}",FAILED,2782023.4,2782023.4,0.0,-100.0,-1.0,False
42,2,3,RISCY-b-2-c20,6,"{""max_displacement"": 10, ""site_search_window"": 20, ""row_search_window"": 2, ""disallow_one_site_gaps"": 0, ""use_diamond_legalizer"": 1, ""disable_window_extension"": 0}","{""max_displacement"": 0, ""site_search_window"": 10, ""row_search_window"": 2, ""disallow_one_site_gaps"": 0, ""use_diamond_legalizer"": 1, ""disable_window_extension"": 0}",VALID,2782023.4,2782023.4,0.0,0.0,0.0,False
42,2,4,RISCY-b-2-c20,2,"{""max_displacement"": 0, ""site_search_window"": 10, ""row_search_window"": 2, ""disallow_one_site_gaps"": 0, ""use_diamond_legalizer"": 1, ""disable_window_extension"": 0}","{""max_displacement"": 0, ""site_search_window"": 0, ""row_search_window"": 0, ""disallow_one_site_gaps"": 0, ""use_diamond_legalizer"": 1, ""disable_window_extension"": 0}",VALID,2782023.4,2782023.4,0.0,0.0,0.0,False
42,2,5,RISCY-b-2-c20,6,"{""max_displacement"": 0, ""site_search_window"": 0, ""row_search_window"": 0, ""disallow_one_site_gaps"": 0, ""use_diamond_legalizer"": 1, ""disable_window_extension"": 0}","{""max_displacement"": 0, ""site_search_window"": 0, ""row_search_window"": 0, ""disallow_one_site_gaps"": 0, ""use_diamond_legalizer"": 1, ""disable_window_extension"": 0}",VALID,2782023.4,2782023.4,0.0,0.0,0.0,False
42,2,6,RISCY-b-2-c20,5,"{""max_displacement"": 0, ""site_search_window"": 0, ""row_search_window"": 0, ""disallow_one_site_gaps"": 0, ""use_diamond_legalizer"": 1, ""disable_window_extension"": 0}","{""max_displacement"": 10, ""site_search_window"": 10, ""row_search_window"": 0, ""disallow_one_site_gaps"": 0, ""use_diamond_legalizer"": 1, ""disable_window_extension"": 0}",FAILED,2782023.4,2782023.4,0.0,-100.0,-1.0,False
42,2,7,RISCY-b-2-c20,6,"{""max_displacement"": 10, ""site_search_window"": 10, ""row_search_window"": 0, ""disallow_one_site_gaps"": 0, ""use_diamond_legalizer"": 1, ""disable_window_extension"": 0}","{""max_displacement"": 0, ""site_search_window"": 0, ""row_search_window"": 0, ""disallow_one_site_gaps"": 0, ""use_diamond_legalizer"": 1, ""disable_window_extension"": 0}",VALID,2782023.4,2782023.4,0.0,0.0,0.0,False
42,2,8,RISCY-b-2-c20,7,"{""max_displacement"": 0, ""site_search_window"": 0, ""row_search_window"": 0, ""disallow_one_site_gaps"": 0, ""use_diamond_legalizer"": 1, ""disable_window_extension"": 0}","{""max_displacement"": 0, ""site_search_window"": 0, ""row_search_window"": 0, ""disallow_one_site_gaps"": 0, ""use_diamond_legalizer"": 1, ""disable_window_extension"": 0}",VALID,2782023.4,2782023.4,0.0,0.0,0.0,False
42,2,9,RISCY-b-2-c20,0,"{""max_displacement"": 0, ""site_search_window"": 0, ""row_search_window"": 0, ""disallow_one_site_gaps"": 0, ""use_diamond_legalizer"": 1, ""disable_window_extension"": 0}","{""max_displacement"": 0, ""site_search_window"": 0, ""row_search_window"": 0, ""disallow_one_site_gaps"": true, ""use_diamond_legalizer"": 1, ""disable_window_extension"": true}",VALID,2782023.4,2782023.4,0.0,0.0,0.0,False
42,2,10,RISCY-b-2-c20,4,"{""max_displacement"": 0, ""site_search_window"": 0, ""row_search_window"": 0, ""disallow_one_site_gaps"": true, ""use_diamond_legalizer"": 1, ""disable_window_extension"": true}","{""max_displacement"": 0, ""site_search_window"": 0, ""row_search_window"": 0, ""disallow_one_site_gaps"": true, ""use_diamond_legalizer"": 1, ""disable_window_extension"": true}",VALID,2782023.4,2782023.4,0.0,0.0,0.0,True
42,3,1,zero-riscy-b-1-c20,3,"{""max_displacement"": 0, ""site_search_window"": 0, ""row_search_window"": 0, ""disallow_one_site_gaps"": 0, ""use_diamond_legalizer"": 1, ""disable_window_extension"": 0}","{""max_displacement"": 0, ""site_search_window"": 10, ""row_search_window"": 2, ""disallow_one_site_gaps"": 0, ""use_diamond_legalizer"": 1, ""disable_window_extension"": 0}",VALID,1957747.6,1957747.6,0.0,0.0,0.0,False
42,3,2,zero-riscy-b-1-c20,7,"{""max_displacement"": 0, ""site_search_window"": 10, ""row_search_window"": 2, ""disallow_one_site_gaps"": 0, ""use_diamond_legalizer"": 1, ""disable_window_extension"": 0}","{""max_displacement"": 0, ""site_search_window"": 10, ""row_search_window"": 2, ""disallow_one_site_gaps"": 0, ""use_diamond_legalizer"": 1, ""disable_window_extension"": 0}",VALID,1957747.6,1957747.6,0.0,0.0,0.0,False
42,3,3,zero-riscy-b-1-c20,1,"{""max_displacement"": 0, ""site_search_window"": 10, ""row_search_window"": 2, ""disallow_one_site_gaps"": 0, ""use_diamond_legalizer"": 1, ""disable_window_extension"": 0}","{""max_displacement"": 10, ""site_search_window"": 20, ""row_search_window"": 4, ""disallow_one_site_gaps"": 0, ""use_diamond_legalizer"": 1, ""disable_window_extension"": 0}",VALID,1957747.6,1957747.6,0.0,0.0,0.0,False
42,3,4,zero-riscy-b-1-c20,3,"{""max_displacement"": 10, ""site_search_window"": 20, ""row_search_window"": 4, ""disallow_one_site_gaps"": 0, ""use_diamond_legalizer"": 1, ""disable_window_extension"": 0}","{""max_displacement"": 10, ""site_search_window"": 30, ""row_search_window"": 6, ""disallow_one_site_gaps"": 0, ""use_diamond_legalizer"": 1, ""disable_window_extension"": 0}",VALID,1957747.6,1957747.6,0.0,0.0,0.0,False
42,3,5,zero-riscy-b-1-c20,1,"{""max_displacement"": 10, ""site_search_window"": 30, ""row_search_window"": 6, ""disallow_one_site_gaps"": 0, ""use_diamond_legalizer"": 1, ""disable_window_extension"": 0}","{""max_displacement"": 20, ""site_search_window"": 40, ""row_search_window"": 8, ""disallow_one_site_gaps"": 0, ""use_diamond_legalizer"": 1, ""disable_window_extension"": 0}",VALID,1957747.6,1957747.6,0.0,0.0,0.0,False
42,3,6,zero-riscy-b-1-c20,0,"{""max_displacement"": 20, ""site_search_window"": 40, ""row_search_window"": 8, ""disallow_one_site_gaps"": 0, ""use_diamond_legalizer"": 1, ""disable_window_extension"": 0}","{""max_displacement"": 20, ""site_search_window"": 40, ""row_search_window"": 8, ""disallow_one_site_gaps"": true, ""use_diamond_legalizer"": 1, ""disable_window_extension"": true}",VALID,1957747.6,1957747.6,0.0,0.0,0.0,False
42,3,7,zero-riscy-b-1-c20,4,"{""max_displacement"": 20, ""site_search_window"": 40, ""row_search_window"": 8, ""disallow_one_site_gaps"": true, ""use_diamond_legalizer"": 1, ""disable_window_extension"": true}","{""max_displacement"": 20, ""site_search_window"": 30, ""row_search_window"": 6, ""disallow_one_site_gaps"": true, ""use_diamond_legalizer"": 1, ""disable_window_extension"": true}",VALID,1957747.6,1957747.6,0.0,0.0,0.0,False
42,3,8,zero-riscy-b-1-c20,7,"{""max_displacement"": 20, ""site_search_window"": 30, ""row_search_window"": 6, ""disallow_one_site_gaps"": true, ""use_diamond_legalizer"": 1, ""disable_window_extension"": true}","{""max_displacement"": 20, ""site_search_window"": 30, ""row_search_window"": 6, ""disallow_one_site_gaps"": true, ""use_diamond_legalizer"": 1, ""disable_window_extension"": true}",VALID,1957747.6,1957747.6,0.0,0.0,0.0,False
42,3,9,zero-riscy-b-1-c20,2,"{""max_displacement"": 20, ""site_search_window"": 30, ""row_search_window"": 6, ""disallow_one_site_gaps"": true, ""use_diamond_legalizer"": 1, ""disable_window_extension"": true}","{""max_displacement"": 10, ""site_search_window"": 20, ""row_search_window"": 4, ""disallow_one_site_gaps"": true, ""use_diamond_legalizer"": 1, ""disable_window_extension"": true}",VALID,1957747.6,1957747.6,0.0,0.0,0.0,False
42,3,10,zero-riscy-b-1-c20,5,"{""max_displacement"": 10, ""site_search_window"": 20, ""row_search_window"": 4, ""disallow_one_site_gaps"": true, ""use_diamond_legalizer"": 1, ""disable_window_extension"": true}","{""max_displacement"": 20, ""site_search_window"": 30, ""row_search_window"": 4, ""disallow_one_site_gaps"": true, ""use_diamond_legalizer"": 1, ""disable_window_extension"": true}",VALID,1957747.6,1957747.6,0.0,0.0,0.0,True
42,4,1,RISCY-FPU-a-1-c20,0,"{""max_displacement"": 0, ""site_search_window"": 0, ""row_search_window"": 0, ""disallow_one_site_gaps"": 0, ""use_diamond_legalizer"": 1, ""disable_window_extension"": 0}","{""max_displacement"": 0, ""site_search_window"": 0, ""row_search_window"": 0, ""disallow_one_site_gaps"": true, ""use_diamond_legalizer"": 1, ""disable_window_extension"": true}",VALID,5621676.5,5621676.5,0.0,0.0,0.0,False
42,4,2,RISCY-FPU-a-1-c20,4,"{""max_displacement"": 0, ""site_search_window"": 0, ""row_search_window"": 0, ""disallow_one_site_gaps"": true, ""use_diamond_legalizer"": 1, ""disable_window_extension"": true}","{""max_displacement"": 0, ""site_search_window"": 0, ""row_search_window"": 0, ""disallow_one_site_gaps"": true, ""use_diamond_legalizer"": 1, ""disable_window_extension"": true}",VALID,5621676.5,5621676.5,0.0,0.0,0.0,False
42,4,3,RISCY-FPU-a-1-c20,7,"{""max_displacement"": 0, ""site_search_window"": 0, ""row_search_window"": 0, ""disallow_one_site_gaps"": true, ""use_diamond_legalizer"": 1, ""disable_window_extension"": true}","{""max_displacement"": 0, ""site_search_window"": 0, ""row_search_window"": 0, ""disallow_one_site_gaps"": true, ""use_diamond_legalizer"": 1, ""disable_window_extension"": true}",VALID,5621676.5,5621676.5,0.0,0.0,0.0,False
42,4,4,RISCY-FPU-a-1-c20,0,"{""max_displacement"": 0, ""site_search_window"": 0, ""row_search_window"": 0, ""disallow_one_site_gaps"": true, ""use_diamond_legalizer"": 1, ""disable_window_extension"": true}","{""max_displacement"": 0, ""site_search_window"": 0, ""row_search_window"": 0, ""disallow_one_site_gaps"": false, ""use_diamond_legalizer"": 1, ""disable_window_extension"": false}",VALID,5621676.5,5621676.5,0.0,0.0,0.0,False
42,4,5,RISCY-FPU-a-1-c20,6,"{""max_displacement"": 0, ""site_search_window"": 0, ""row_search_window"": 0, ""disallow_one_site_gaps"": false, ""use_diamond_legalizer"": 1, ""disable_window_extension"": false}","{""max_displacement"": 0, ""site_search_window"": 0, ""row_search_window"": 0, ""disallow_one_site_gaps"": false, ""use_diamond_legalizer"": 1, ""disable_window_extension"": false}",VALID,5621676.5,5621676.5,0.0,0.0,0.0,False
42,4,6,RISCY-FPU-a-1-c20,0,"{""max_displacement"": 0, ""site_search_window"": 0, ""row_search_window"": 0, ""disallow_one_site_gaps"": false, ""use_diamond_legalizer"": 1, ""disable_window_extension"": false}","{""max_displacement"": 0, ""site_search_window"": 0, ""row_search_window"": 0, ""disallow_one_site_gaps"": true, ""use_diamond_legalizer"": 1, ""disable_window_extension"": true}",VALID,5621676.5,5621676.5,0.0,0.0,0.0,False
42,4,7,RISCY-FPU-a-1-c20,1,"{""max_displacement"": 0, ""site_search_window"": 0, ""row_search_window"": 0, ""disallow_one_site_gaps"": true, ""use_diamond_legalizer"": 1, ""disable_window_extension"": true}","{""max_displacement"": 10, ""site_search_window"": 10, ""row_search_window"": 2, ""disallow_one_site_gaps"": true, ""use_diamond_legalizer"": 1, ""disable_window_extension"": true}",FAILED,5621676.5,5621676.5,0.0,-100.0,-1.0,False
42,4,8,RISCY-FPU-a-1-c20,0,"{""max_displacement"": 10, ""site_search_window"": 10, ""row_search_window"": 2, ""disallow_one_site_gaps"": true, ""use_diamond_legalizer"": 1, ""disable_window_extension"": true}","{""max_displacement"": 10, ""site_search_window"": 10, ""row_search_window"": 2, ""disallow_one_site_gaps"": false, ""use_diamond_legalizer"": 1, ""disable_window_extension"": false}",FAILED,5621676.5,5621676.5,0.0,-100.0,-1.0,False
42,4,9,RISCY-FPU-a-1-c20,7,"{""max_displacement"": 10, ""site_search_window"": 10, ""row_search_window"": 2, ""disallow_one_site_gaps"": false, ""use_diamond_legalizer"": 1, ""disable_window_extension"": false}","{""max_displacement"": 10, ""site_search_window"": 10, ""row_search_window"": 2, ""disallow_one_site_gaps"": false, ""use_diamond_legalizer"": 1, ""disable_window_extension"": false}",FAILED,5621676.5,5621676.5,0.0,-100.0,-1.0,False
42,4,10,RISCY-FPU-a-1-c20,4,"{""max_displacement"": 10, ""site_search_window"": 10, ""row_search_window"": 2, ""disallow_one_site_gaps"": false, ""use_diamond_legalizer"": 1, ""disable_window_extension"": false}","{""max_displacement"": 10, ""site_search_window"": 0, ""row_search_window"": 0, ""disallow_one_site_gaps"": false, ""use_diamond_legalizer"": 1, ""disable_window_extension"": false}",FAILED,5621676.5,5621676.5,0.0,-100.0,-1.0,True
42,5,1,RISCY-FPU-b-1-c5,4,"{""max_displacement"": 0, ""site_search_window"": 0, ""row_search_window"": 0, ""disallow_one_site_gaps"": 0, ""use_diamond_legalizer"": 1, ""disable_window_extension"": 0}","{""max_displacement"": 0, ""site_search_window"": 0, ""row_search_window"": 0, ""disallow_one_site_gaps"": 0, ""use_diamond_legalizer"": 1, ""disable_window_extension"": 0}",VALID,4682989.8,4682989.8,0.0,0.0,0.0,False
42,5,2,RISCY-FPU-b-1-c5,4,"{""max_displacement"": 0, ""site_search_window"": 0, ""row_search_window"": 0, ""disallow_one_site_gaps"": 0, ""use_diamond_legalizer"": 1, ""disable_window_extension"": 0}","{""max_displacement"": 0, ""site_search_window"": 0, ""row_search_window"": 0, ""disallow_one_site_gaps"": 0, ""use_diamond_legalizer"": 1, ""disable_window_extension"": 0}",VALID,4682989.8,4682989.8,0.0,0.0,0.0,False
42,5,3,RISCY-FPU-b-1-c5,1,"{""max_displacement"": 0, ""site_search_window"": 0, ""row_search_window"": 0, ""disallow_one_site_gaps"": 0, ""use_diamond_legalizer"": 1, ""disable_window_extension"": 0}","{""max_displacement"": 10, ""site_search_window"": 10, ""row_search_window"": 2, ""disallow_one_site_gaps"": 0, ""use_diamond_legalizer"": 1, ""disable_window_extension"": 0}",VALID,4682989.8,4682989.8,0.0,0.0,0.0,False
42,5,4,RISCY-FPU-b-1-c5,0,"{""max_displacement"": 10, ""site_search_window"": 10, ""row_search_window"": 2, ""disallow_one_site_gaps"": 0, ""use_diamond_legalizer"": 1, ""disable_window_extension"": 0}","{""max_displacement"": 10, ""site_search_window"": 10, ""row_search_window"": 2, ""disallow_one_site_gaps"": true, ""use_diamond_legalizer"": 1, ""disable_window_extension"": true}",VALID,4682989.8,4682989.8,0.0,0.0,0.0,False
42,5,5,RISCY-FPU-b-1-c5,6,"{""max_displacement"": 10, ""site_search_window"": 10, ""row_search_window"": 2, ""disallow_one_site_gaps"": true, ""use_diamond_legalizer"": 1, ""disable_window_extension"": true}","{""max_displacement"": 0, ""site_search_window"": 0, ""row_search_window"": 2, ""disallow_one_site_gaps"": true, ""use_diamond_legalizer"": 1, ""disable_window_extension"": true}",VALID,4682989.8,4682989.8,0.0,0.0,0.0,False
42,5,6,RISCY-FPU-b-1-c5,1,"{""max_displacement"": 0, ""site_search_window"": 0, ""row_search_window"": 2, ""disallow_one_site_gaps"": true, ""use_diamond_legalizer"": 1, ""disable_window_extension"": true}","{""max_displacement"": 10, ""site_search_window"": 10, ""row_search_window"": 4, ""disallow_one_site_gaps"": true, ""use_diamond_legalizer"": 1, ""disable_window_extension"": true}",VALID,4682989.8,4682989.8,0.0,0.0,0.0,False
42,5,7,RISCY-FPU-b-1-c5,1,"{""max_displacement"": 10, ""site_search_window"": 10, ""row_search_window"": 4, ""disallow_one_site_gaps"": true, ""use_diamond_legalizer"": 1, ""disable_window_extension"": true}","{""max_displacement"": 20, ""site_search_window"": 20, ""row_search_window"": 6, ""disallow_one_site_gaps"": true, ""use_diamond_legalizer"": 1, ""disable_window_extension"": true}",VALID,4682989.8,4682989.8,0.0,0.0,0.0,False
42,5,8,RISCY-FPU-b-1-c5,1,"{""max_displacement"": 20, ""site_search_window"": 20, ""row_search_window"": 6, ""disallow_one_site_gaps"": true, ""use_diamond_legalizer"": 1, ""disable_window_extension"": true}","{""max_displacement"": 30, ""site_search_window"": 30, ""row_search_window"": 8, ""disallow_one_site_gaps"": true, ""use_diamond_legalizer"": 1, ""disable_window_extension"": true}",VALID,4682989.8,4682989.8,0.0,0.0,0.0,False
42,5,9,RISCY-FPU-b-1-c5,3,"{""max_displacement"": 30, ""site_search_window"": 30, ""row_search_window"": 8, ""disallow_one_site_gaps"": true, ""use_diamond_legalizer"": 1, ""disable_window_extension"": true}","{""max_displacement"": 30, ""site_search_window"": 40, ""row_search_window"": 10, ""disallow_one_site_gaps"": true, ""use_diamond_legalizer"": 1, ""disable_window_extension"": true}",VALID,4682989.8,4682989.8,0.0,0.0,0.0,False
42,5,10,RISCY-FPU-b-1-c5,6,"{""max_displacement"": 30, ""site_search_window"": 40, ""row_search_window"": 10, ""disallow_one_site_gaps"": true, ""use_diamond_legalizer"": 1, ""disable_window_extension"": true}","{""max_displacement"": 20, ""site_search_window"": 30, ""row_search_window"": 10, ""disallow_one_site_gaps"": true, ""use_diamond_legalizer"": 1, ""disable_window_extension"": true}",VALID,4682989.8,4682989.8,0.0,0.0,0.0,True
42,6,1,RISCY-FPU-b-2-c5,0,"{""max_displacement"": 0, ""site_search_window"": 0, ""row_search_window"": 0, ""disallow_one_site_gaps"": 0, ""use_diamond_legalizer"": 1, ""disable_window_extension"": 0}","{""max_displacement"": 0, ""site_search_window"": 0, ""row_search_window"": 0, ""disallow_one_site_gaps"": true, ""use_diamond_legalizer"": 1, ""disable_window_extension"": true}",VALID,5390089.0,5390089.0,0.0,0.0,0.0,False
42,6,2,RISCY-FPU-b-2-c5,1,"{""max_displacement"": 0, ""site_search_window"": 0, ""row_search_window"": 0, ""disallow_one_site_gaps"": true, ""use_diamond_legalizer"": 1, ""disable_window_extension"": true}","{""max_displacement"": 10, ""site_search_window"": 10, ""row_search_window"": 2, ""disallow_one_site_gaps"": true, ""use_diamond_legalizer"": 1, ""disable_window_extension"": true}",FAILED,5390089.0,5390089.0,0.0,-100.0,-1.0,False
42,6,3,RISCY-FPU-b-2-c5,4,"{""max_displacement"": 10, ""site_search_window"": 10, ""row_search_window"": 2, ""disallow_one_site_gaps"": true, ""use_diamond_legalizer"": 1, ""disable_window_extension"": true}","{""max_displacement"": 10, ""site_search_window"": 0, ""row_search_window"": 0, ""disallow_one_site_gaps"": true, ""use_diamond_legalizer"": 1, ""disable_window_extension"": true}",FAILED,5390089.0,5390089.0,0.0,-100.0,-1.0,False
42,6,4,RISCY-FPU-b-2-c5,0,"{""max_displacement"": 10, ""site_search_window"": 0, ""row_search_window"": 0, ""disallow_one_site_gaps"": true, ""use_diamond_legalizer"": 1, ""disable_window_extension"": true}","{""max_displacement"": 10, ""site_search_window"": 0, ""row_search_window"": 0, ""disallow_one_site_gaps"": false, ""use_diamond_legalizer"": 1, ""disable_window_extension"": false}",FAILED,5390089.0,5390089.0,0.0,-100.0,-1.0,False
42,6,5,RISCY-FPU-b-2-c5,5,"{""max_displacement"": 10, ""site_search_window"": 0, ""row_search_window"": 0, ""disallow_one_site_gaps"": false, ""use_diamond_legalizer"": 1, ""disable_window_extension"": false}","{""max_displacement"": 20, ""site_search_window"": 10, ""row_search_window"": 0, ""disallow_one_site_gaps"": false, ""use_diamond_legalizer"": 1, ""disable_window_extension"": false}",VALID,5390089.0,5390089.0,0.0,0.0,0.0,False
42,6,6,RISCY-FPU-b-2-c5,2,"{""max_displacement"": 20, ""site_search_window"": 10, ""row_search_window"": 0, ""disallow_one_site_gaps"": false, ""use_diamond_legalizer"": 1, ""disable_window_extension"": false}","{""max_displacement"": 10, ""site_search_window"": 0, ""row_search_window"": 0, ""disallow_one_site_gaps"": false, ""use_diamond_legalizer"": 1, ""disable_window_extension"": false}",FAILED,5390089.0,5390089.0,0.0,-100.0,-1.0,False
42,6,7,RISCY-FPU-b-2-c5,0,"{""max_displacement"": 10, ""site_search_window"": 0, ""row_search_window"": 0, ""disallow_one_site_gaps"": false, ""use_diamond_legalizer"": 1, ""disable_window_extension"": false}","{""max_displacement"": 10, ""site_search_window"": 0, ""row_search_window"": 0, ""disallow_one_site_gaps"": true, ""use_diamond_legalizer"": 1, ""disable_window_extension"": true}",FAILED,5390089.0,5390089.0,0.0,-100.0,-1.0,False
42,6,8,RISCY-FPU-b-2-c5,0,"{""max_displacement"": 10, ""site_search_window"": 0, ""row_search_window"": 0, ""disallow_one_site_gaps"": true, ""use_diamond_legalizer"": 1, ""disable_window_extension"": true}","{""max_displacement"": 10, ""site_search_window"": 0, ""row_search_window"": 0, ""disallow_one_site_gaps"": false, ""use_diamond_legalizer"": 1, ""disable_window_extension"": false}",FAILED,5390089.0,5390089.0,0.0,-100.0,-1.0,False
42,6,9,RISCY-FPU-b-2-c5,1,"{""max_displacement"": 10, ""site_search_window"": 0, ""row_search_window"": 0, ""disallow_one_site_gaps"": false, ""use_diamond_legalizer"": 1, ""disable_window_extension"": false}","{""max_displacement"": 20, ""site_search_window"": 10, ""row_search_window"": 2, ""disallow_one_site_gaps"": false, ""use_diamond_legalizer"": 1, ""disable_window_extension"": false}",VALID,5390089.0,5390089.0,0.0,0.0,0.0,False
42,6,10,RISCY-FPU-b-2-c5,2,"{""max_displacement"": 20, ""site_search_window"": 10, ""row_search_window"": 2, ""disallow_one_site_gaps"": false, ""use_diamond_legalizer"": 1, ""disable_window_extension"": false}","{""max_displacement"": 10, ""site_search_window"": 0, ""row_search_window"": 0, ""disallow_one_site_gaps"": false, ""use_diamond_legalizer"": 1, ""disable_window_extension"": false}",FAILED,5390089.0,5390089.0,0.0,-100.0,-1.0,True
42,7,1,RISCY-a-3-c20,0,"{""max_displacement"": 0, ""site_search_window"": 0, ""row_search_window"": 0, ""disallow_one_site_gaps"": 0, ""use_diamond_legalizer"": 1, ""disable_window_extension"": 0}","{""max_displacement"": 0, ""site_search_window"": 0, ""row_search_window"": 0, ""disallow_one_site_gaps"": true, ""use_diamond_legalizer"": 1, ""disable_window_extension"": true}",VALID,5117723.0,5117723.0,0.0,0.0,0.0,False
42,7,2,RISCY-a-3-c20,2,"{""max_displacement"": 0, ""site_search_window"": 0, ""row_search_window"": 0, ""disallow_one_site_gaps"": true, ""use_diamond_legalizer"": 1, ""disable_window_extension"": true}","{""max_displacement"": 0, ""site_search_window"": 0, ""row_search_window"": 0, ""disallow_one_site_gaps"": true, ""use_diamond_legalizer"": 1, ""disable_window_extension"": true}",VALID,5117723.0,5117723.0,0.0,0.0,0.0,False
42,7,3,RISCY-a-3-c20,7,"{""max_displacement"": 0, ""site_search_window"": 0, ""row_search_window"": 0, ""disallow_one_site_gaps"": true, ""use_diamond_legalizer"": 1, ""disable_window_extension"": true}","{""max_displacement"": 0, ""site_search_window"": 0, ""row_search_window"": 0, ""disallow_one_site_gaps"": true, ""use_diamond_legalizer"": 1, ""disable_window_extension"": true}",VALID,5117723.0,5117723.0,0.0,0.0,0.0,False
42,7,4,RISCY-a-3-c20,4,"{""max_displacement"": 0, ""site_search_window"": 0, ""row_search_window"": 0, ""disallow_one_site_gaps"": true, ""use_diamond_legalizer"": 1, ""disable_window_extension"": true}","{""max_displacement"": 0, ""site_search_window"": 0, ""row_search_window"": 0, ""disallow_one_site_gaps"": true, ""use_diamond_legalizer"": 1, ""disable_window_extension"": true}",VALID,5117723.0,5117723.0,0.0,0.0,0.0,False
42,7,5,RISCY-a-3-c20,0,"{""max_displacement"": 0, ""site_search_window"": 0, ""row_search_window"": 0, ""disallow_one_site_gaps"": true, ""use_diamond_legalizer"": 1, ""disable_window_extension"": true}","{""max_displacement"": 0, ""site_search_window"": 0, ""row_search_window"": 0, ""disallow_one_site_gaps"": false, ""use_diamond_legalizer"": 1, ""disable_window_extension"": false}",VALID,5117723.0,5117723.0,0.0,0.0,0.0,False
42,7,6,RISCY-a-3-c20,6,"{""max_displacement"": 0, ""site_search_window"": 0, ""row_search_window"": 0, ""disallow_one_site_gaps"": false, ""use_diamond_legalizer"": 1, ""disable_window_extension"": false}","{""max_displacement"": 0, ""site_search_window"": 0, ""row_search_window"": 0, ""disallow_one_site_gaps"": false, ""use_diamond_legalizer"": 1, ""disable_window_extension"": false}",VALID,5117723.0,5117723.0,0.0,0.0,0.0,False
42,7,7,RISCY-a-3-c20,0,"{""max_displacement"": 0, ""site_search_window"": 0, ""row_search_window"": 0, ""disallow_one_site_gaps"": false, ""use_diamond_legalizer"": 1, ""disable_window_extension"": false}","{""max_displacement"": 0, ""site_search_window"": 0, ""row_search_window"": 0, ""disallow_one_site_gaps"": true, ""use_diamond_legalizer"": 1, ""disable_window_extension"": true}",VALID,5117723.0,5117723.0,0.0,0.0,0.0,False
42,7,8,RISCY-a-3-c20,2,"{""max_displacement"": 0, ""site_search_window"": 0, ""row_search_window"": 0, ""disallow_one_site_gaps"": true, ""use_diamond_legalizer"": 1, ""disable_window_extension"": true}","{""max_displacement"": 0, ""site_search_window"": 0, ""row_search_window"": 0, ""disallow_one_site_gaps"": true, ""use_diamond_legalizer"": 1, ""disable_window_extension"": true}",VALID,5117723.0,5117723.0,0.0,0.0,0.0,False
42,7,9,RISCY-a-3-c20,0,"{""max_displacement"": 0, ""site_search_window"": 0, ""row_search_window"": 0, ""disallow_one_site_gaps"": true, ""use_diamond_legalizer"": 1, ""disable_window_extension"": true}","{""max_displacement"": 0, ""site_search_window"": 0, ""row_search_window"": 0, ""disallow_one_site_gaps"": false, ""use_diamond_legalizer"": 1, ""disable_window_extension"": false}",VALID,5117723.0,5117723.0,0.0,0.0,0.0,False
42,7,10,RISCY-a-3-c20,3,"{""max_displacement"": 0, ""site_search_window"": 0, ""row_search_window"": 0, ""disallow_one_site_gaps"": false, ""use_diamond_legalizer"": 1, ""disable_window_extension"": false}","{""max_displacement"": 0, ""site_search_window"": 10, ""row_search_window"": 2, ""disallow_one_site_gaps"": false, ""use_diamond_legalizer"": 1, ""disable_window_extension"": false}",VALID,5117723.0,5117723.0,0.0,0.0,0.0,True
42,8,1,RISCY-a-2-c2,2,"{""max_displacement"": 0, ""site_search_window"": 0, ""row_search_window"": 0, ""disallow_one_site_gaps"": 0, ""use_diamond_legalizer"": 1, ""disable_window_extension"": 0}","{""max_displacement"": 0, ""site_search_window"": 0, ""row_search_window"": 0, ""disallow_one_site_gaps"": 0, ""use_diamond_legalizer"": 1, ""disable_window_extension"": 0}",VALID,4861249.7,4861249.7,0.0,0.0,0.0,False
42,8,2,RISCY-a-2-c2,5,"{""max_displacement"": 0, ""site_search_window"": 0, ""row_search_window"": 0, ""disallow_one_site_gaps"": 0, ""use_diamond_legalizer"": 1, ""disable_window_extension"": 0}","{""max_displacement"": 10, ""site_search_window"": 10, ""row_search_window"": 0, ""disallow_one_site_gaps"": 0, ""use_diamond_legalizer"": 1, ""disable_window_extension"": 0}",FAILED,4861249.7,4861249.7,0.0,-100.0,-1.0,False
42,8,3,RISCY-a-2-c2,3,"{""max_displacement"": 10, ""site_search_window"": 10, ""row_search_window"": 0, ""disallow_one_site_gaps"": 0, ""use_diamond_legalizer"": 1, ""disable_window_extension"": 0}","{""max_displacement"": 10, ""site_search_window"": 20, ""row_search_window"": 2, ""disallow_one_site_gaps"": 0, ""use_diamond_legalizer"": 1, ""disable_window_extension"": 0}",FAILED,4861249.7,4861249.7,0.0,-100.0,-1.0,False
42,8,4,RISCY-a-2-c2,5,"{""max_displacement"": 10, ""site_search_window"": 20, ""row_search_window"": 2, ""disallow_one_site_gaps"": 0, ""use_diamond_legalizer"": 1, ""disable_window_extension"": 0}","{""max_displacement"": 20, ""site_search_window"": 30, ""row_search_window"": 2, ""disallow_one_site_gaps"": 0, ""use_diamond_legalizer"": 1, ""disable_window_extension"": 0}",VALID,4861249.7,4861249.7,0.0,0.0,0.0,False
42,8,5,RISCY-a-2-c2,4,"{""max_displacement"": 20, ""site_search_window"": 30, ""row_search_window"": 2, ""disallow_one_site_gaps"": 0, ""use_diamond_legalizer"": 1, ""disable_window_extension"": 0}","{""max_displacement"": 20, ""site_search_window"": 20, ""row_search_window"": 0, ""disallow_one_site_gaps"": 0, ""use_diamond_legalizer"": 1, ""disable_window_extension"": 0}",VALID,4861249.7,4861249.7,0.0,0.0,0.0,False
42,8,6,RISCY-a-2-c2,6,"{""max_displacement"": 20, ""site_search_window"": 20, ""row_search_window"": 0, ""disallow_one_site_gaps"": 0, ""use_diamond_legalizer"": 1, ""disable_window_extension"": 0}","{""max_displacement"": 10, ""site_search_window"": 10, ""row_search_window"": 0, ""disallow_one_site_gaps"": 0, ""use_diamond_legalizer"": 1, ""disable_window_extension"": 0}",FAILED,4861249.7,4861249.7,0.0,-100.0,-1.0,False
42,8,7,RISCY-a-2-c2,6,"{""max_displacement"": 10, ""site_search_window"": 10, ""row_search_window"": 0, ""disallow_one_site_gaps"": 0, ""use_diamond_legalizer"": 1, ""disable_window_extension"": 0}","{""max_displacement"": 0, ""site_search_window"": 0, ""row_search_window"": 0, ""disallow_one_site_gaps"": 0, ""use_diamond_legalizer"": 1, ""disable_window_extension"": 0}",VALID,4861249.7,4861249.7,0.0,0.0,0.0,False
42,8,8,RISCY-a-2-c2,1,"{""max_displacement"": 0, ""site_search_window"": 0, ""row_search_window"": 0, ""disallow_one_site_gaps"": 0, ""use_diamond_legalizer"": 1, ""disable_window_extension"": 0}","{""max_displacement"": 10, ""site_search_window"": 10, ""row_search_window"": 2, ""disallow_one_site_gaps"": 0, ""use_diamond_legalizer"": 1, ""disable_window_extension"": 0}",FAILED,4861249.7,4861249.7,0.0,-100.0,-1.0,False
42,8,9,RISCY-a-2-c2,3,"{""max_displacement"": 10, ""site_search_window"": 10, ""row_search_window"": 2, ""disallow_one_site_gaps"": 0, ""use_diamond_legalizer"": 1, ""disable_window_extension"": 0}","{""max_displacement"": 10, ""site_search_window"": 20, ""row_search_window"": 4, ""disallow_one_site_gaps"": 0, ""use_diamond_legalizer"": 1, ""disable_window_extension"": 0}",FAILED,4861249.7,4861249.7,0.0,-100.0,-1.0,False
42,8,10,RISCY-a-2-c2,7,"{""max_displacement"": 10, ""site_search_window"": 20, ""row_search_window"": 4, ""disallow_one_site_gaps"": 0, ""use_diamond_legalizer"": 1, ""disable_window_extension"": 0}","{""max_displacement"": 10, ""site_search_window"": 20, ""row_search_window"": 4, ""disallow_one_site_gaps"": 0, ""use_diamond_legalizer"": 1, ""disable_window_extension"": 0}",FAILED,4861249.7,4861249.7,0.0,-100.0,-1.0,True
42,9,1,zero-riscy-a-1-c5,3,"{""max_displacement"": 0, ""site_search_window"": 0, ""row_search_window"": 0, ""disallow_one_site_gaps"": 0, ""use_diamond_legalizer"": 1, ""disable_window_extension"": 0}","{""max_displacement"": 0, ""site_search_window"": 10, ""row_search_window"": 2, ""disallow_one_site_gaps"": 0, ""use_diamond_legalizer"": 1, ""disable_window_extension"": 0}",VALID,3677735.1,3677735.1,0.0,0.0,0.0,False
42,9,2,zero-riscy-a-1-c5,1,"{""max_displacement"": 0, ""site_search_window"": 10, ""row_search_window"": 2, ""disallow_one_site_gaps"": 0, ""use_diamond_legalizer"": 1, ""disable_window_extension"": 0}","{""max_displacement"": 10, ""site_search_window"": 20, ""row_search_window"": 4, ""disallow_one_site_gaps"": 0, ""use_diamond_legalizer"": 1, ""disable_window_extension"": 0}",VALID,3677735.1,3677735.1,0.0,0.0,0.0,False
42,9,3,zero-riscy-a-1-c5,3,"{""max_displacement"": 10, ""site_search_window"": 20, ""row_search_window"": 4, ""disallow_one_site_gaps"": 0, ""use_diamond_legalizer"": 1, ""disable_window_extension"": 0}","{""max_displacement"": 10, ""site_search_window"": 30, ""row_search_window"": 6, ""disallow_one_site_gaps"": 0, ""use_diamond_legalizer"": 1, ""disable_window_extension"": 0}",VALID,3677735.1,3677735.1,0.0,0.0,0.0,False
42,9,4,zero-riscy-a-1-c5,2,"{""max_displacement"": 10, ""site_search_window"": 30, ""row_search_window"": 6, ""disallow_one_site_gaps"": 0, ""use_diamond_legalizer"": 1, ""disable_window_extension"": 0}","{""max_displacement"": 0, ""site_search_window"": 20, ""row_search_window"": 4, ""disallow_one_site_gaps"": 0, ""use_diamond_legalizer"": 1, ""disable_window_extension"": 0}",VALID,3677735.1,3677735.1,0.0,0.0,0.0,False
42,9,5,zero-riscy-a-1-c5,7,"{""max_displacement"": 0, ""site_search_window"": 20, ""row_search_window"": 4, ""disallow_one_site_gaps"": 0, ""use_diamond_legalizer"": 1, ""disable_window_extension"": 0}","{""max_displacement"": 0, ""site_search_window"": 20, ""row_search_window"": 4, ""disallow_one_site_gaps"": 0, ""use_diamond_legalizer"": 1, ""disable_window_extension"": 0}",VALID,3677735.1,3677735.1,0.0,0.0,0.0,False
42,9,6,zero-riscy-a-1-c5,2,"{""max_displacement"": 0, ""site_search_window"": 20, ""row_search_window"": 4, ""disallow_one_site_gaps"": 0, ""use_diamond_legalizer"": 1, ""disable_window_extension"": 0}","{""max_displacement"": 0, ""site_search_window"": 10, ""row_search_window"": 2, ""disallow_one_site_gaps"": 0, ""use_diamond_legalizer"": 1, ""disable_window_extension"": 0}",VALID,3677735.1,3677735.1,0.0,0.0,0.0,False
42,9,7,zero-riscy-a-1-c5,0,"{""max_displacement"": 0, ""site_search_window"": 10, ""row_search_window"": 2, ""disallow_one_site_gaps"": 0, ""use_diamond_legalizer"": 1, ""disable_window_extension"": 0}","{""max_displacement"": 0, ""site_search_window"": 10, ""row_search_window"": 2, ""disallow_one_site_gaps"": true, ""use_diamond_legalizer"": 1, ""disable_window_extension"": true}",VALID,3677735.1,3677735.1,0.0,0.0,0.0,False
42,9,8,zero-riscy-a-1-c5,6,"{""max_displacement"": 0, ""site_search_window"": 10, ""row_search_window"": 2, ""disallow_one_site_gaps"": true, ""use_diamond_legalizer"": 1, ""disable_window_extension"": true}","{""max_displacement"": 0, ""site_search_window"": 0, ""row_search_window"": 2, ""disallow_one_site_gaps"": true, ""use_diamond_legalizer"": 1, ""disable_window_extension"": true}",VALID,3677735.1,3677735.1,0.0,0.0,0.0,False
42,9,9,zero-riscy-a-1-c5,6,"{""max_displacement"": 0, ""site_search_window"": 0, ""row_search_window"": 2, ""disallow_one_site_gaps"": true, ""use_diamond_legalizer"": 1, ""disable_window_extension"": true}","{""max_displacement"": 0, ""site_search_window"": 0, ""row_search_window"": 2, ""disallow_one_site_gaps"": true, ""use_diamond_legalizer"": 1, ""disable_window_extension"": true}",VALID,3677735.1,3677735.1,0.0,0.0,0.0,False
42,9,10,zero-riscy-a-1-c5,3,"{""max_displacement"": 0, ""site_search_window"": 0, ""row_search_window"": 2, ""disallow_one_site_gaps"": true, ""use_diamond_legalizer"": 1, ""disable_window_extension"": true}","{""max_displacement"": 0, ""site_search_window"": 10, ""row_search_window"": 4, ""disallow_one_site_gaps"": true, ""use_diamond_legalizer"": 1, ""disable_window_extension"": true}",VALID,3677735.1,3677735.1,0.0,0.0,0.0,True
42,10,1,zero-riscy-a-3-c2,2,"{""max_displacement"": 0, ""site_search_window"": 0, ""row_search_window"": 0, ""disallow_one_site_gaps"": 0, ""use_diamond_legalizer"": 1, ""disable_window_extension"": 0}","{""max_displacement"": 0, ""site_search_window"": 0, ""row_search_window"": 0, ""disallow_one_site_gaps"": 0, ""use_diamond_legalizer"": 1, ""disable_window_extension"": 0}",VALID,4400147.4,4400147.4,0.0,0.0,0.0,False
42,10,2,zero-riscy-a-3-c2,1,"{""max_displacement"": 0, ""site_search_window"": 0, ""row_search_window"": 0, ""disallow_one_site_gaps"": 0, ""use_diamond_legalizer"": 1, ""disable_window_extension"": 0}","{""max_displacement"": 10, ""site_search_window"": 10, ""row_search_window"": 2, ""disallow_one_site_gaps"": 0, ""use_diamond_legalizer"": 1, ""disable_window_extension"": 0}",VALID,4400147.4,4400152.7,-5.2999999998137355,-9.999999999999999e-05,-1.2045051035821516e-06,False
42,10,3,zero-riscy-a-3-c2,7,"{""max_displacement"": 10, ""site_search_window"": 10, ""row_search_window"": 2, ""disallow_one_site_gaps"": 0, ""use_diamond_legalizer"": 1, ""disable_window_extension"": 0}","{""max_displacement"": 10, ""site_search_window"": 10, ""row_search_window"": 2, ""disallow_one_site_gaps"": 0, ""use_diamond_legalizer"": 1, ""disable_window_extension"": 0}",VALID,4400147.4,4400152.7,0.0,0.0,0.0,False
42,10,4,zero-riscy-a-3-c2,3,"{""max_displacement"": 10, ""site_search_window"": 10, ""row_search_window"": 2, ""disallow_one_site_gaps"": 0, ""use_diamond_legalizer"": 1, ""disable_window_extension"": 0}","{""max_displacement"": 10, ""site_search_window"": 20, ""row_search_window"": 4, ""disallow_one_site_gaps"": 0, ""use_diamond_legalizer"": 1, ""disable_window_extension"": 0}",VALID,4400147.4,4400152.7,0.0,0.0,0.0,False
42,10,5,zero-riscy-a-3-c2,1,"{""max_displacement"": 10, ""site_search_window"": 20, ""row_search_window"": 4, ""disallow_one_site_gaps"": 0, ""use_diamond_legalizer"": 1, ""disable_window_extension"": 0}","{""max_displacement"": 20, ""site_search_window"": 30, ""row_search_window"": 6, ""disallow_one_site_gaps"": 0, ""use_diamond_legalizer"": 1, ""disable_window_extension"": 0}",VALID,4400147.4,4400147.4,5.2999999998137355,9.999999999999999e-05,1.2045036527513546e-06,False
42,10,6,zero-riscy-a-3-c2,6,"{""max_displacement"": 20, ""site_search_window"": 30, ""row_search_window"": 6, ""disallow_one_site_gaps"": 0, ""use_diamond_legalizer"": 1, ""disable_window_extension"": 0}","{""max_displacement"": 10, ""site_search_window"": 20, ""row_search_window"": 6, ""disallow_one_site_gaps"": 0, ""use_diamond_legalizer"": 1, ""disable_window_extension"": 0}",VALID,4400147.4,4400152.7,-5.2999999998137355,-9.999999999999999e-05,-1.2045051035821516e-06,False
42,10,7,zero-riscy-a-3-c2,6,"{""max_displacement"": 10, ""site_search_window"": 20, ""row_search_window"": 6, ""disallow_one_site_gaps"": 0, ""use_diamond_legalizer"": 1, ""disable_window_extension"": 0}","{""max_displacement"": 0, ""site_search_window"": 10, ""row_search_window"": 6, ""disallow_one_site_gaps"": 0, ""use_diamond_legalizer"": 1, ""disable_window_extension"": 0}",VALID,4400147.4,4400147.4,5.2999999998137355,9.999999999999999e-05,1.2045036527513546e-06,False
42,10,8,zero-riscy-a-3-c2,5,"{""max_displacement"": 0, ""site_search_window"": 10, ""row_search_window"": 6, ""disallow_one_site_gaps"": 0, ""use_diamond_legalizer"": 1, ""disable_window_extension"": 0}","{""max_displacement"": 10, ""site_search_window"": 20, ""row_search_window"": 6, ""disallow_one_site_gaps"": 0, ""use_diamond_legalizer"": 1, ""disable_window_extension"": 0}",VALID,4400147.4,4400152.7,-5.2999999998137355,-9.999999999999999e-05,-1.2045051035821516e-06,False
42,10,9,zero-riscy-a-3-c2,4,"{""max_displacement"": 10, ""site_search_window"": 20, ""row_search_window"": 6, ""disallow_one_site_gaps"": 0, ""use_diamond_legalizer"": 1, ""disable_window_extension"": 0}","{""max_displacement"": 10, ""site_search_window"": 10, ""row_search_window"": 4, ""disallow_one_site_gaps"": 0, ""use_diamond_legalizer"": 1, ""disable_window_extension"": 0}",VALID,4400147.4,4400152.7,0.0,0.0,0.0,False
42,10,10,zero-riscy-a-3-c2,1,"{""max_displacement"": 10, ""site_search_window"": 10, ""row_search_window"": 4, ""disallow_one_site_gaps"": 0, ""use_diamond_legalizer"": 1, ""disable_window_extension"": 0}","{""max_displacement"": 20, ""site_search_window"": 20, ""row_search_window"": 6, ""disallow_one_site_gaps"": 0, ""use_diamond_legalizer"": 1, ""disable_window_extension"": 0}",VALID,4400147.4,4400147.4,5.2999999998137355,9.999999999999999e-05,1.2045036527513546e-06,True
42,11,1,RISCY-b-3-c5,0,"{""max_displacement"": 0, ""site_search_window"": 0, ""row_search_window"": 0, ""disallow_one_site_gaps"": 0, ""use_diamond_legalizer"": 1, ""disable_window_extension"": 0}","{""max_displacement"": 0, ""site_search_window"": 0, ""row_search_window"": 0, ""disallow_one_site_gaps"": true, ""use_diamond_legalizer"": 1, ""disable_window_extension"": true}",VALID,3393677.9,3393677.9,0.0,0.0,0.0,False
42,11,2,RISCY-b-3-c5,4,"{""max_displacement"": 0, ""site_search_window"": 0, ""row_search_window"": 0, ""disallow_one_site_gaps"": true, ""use_diamond_legalizer"": 1, ""disable_window_extension"": true}","{""max_displacement"": 0, ""site_search_window"": 0, ""row_search_window"": 0, ""disallow_one_site_gaps"": true, ""use_diamond_legalizer"": 1, ""disable_window_extension"": true}",VALID,3393677.9,3393677.9,0.0,0.0,0.0,False
42,11,3,RISCY-b-3-c5,2,"{""max_displacement"": 0, ""site_search_window"": 0, ""row_search_window"": 0, ""disallow_one_site_gaps"": true, ""use_diamond_legalizer"": 1, ""disable_window_extension"": true}","{""max_displacement"": 0, ""site_search_window"": 0, ""row_search_window"": 0, ""disallow_one_site_gaps"": true, ""use_diamond_legalizer"": 1, ""disable_window_extension"": true}",VALID,3393677.9,3393677.9,0.0,0.0,0.0,False
42,11,4,RISCY-b-3-c5,7,"{""max_displacement"": 0, ""site_search_window"": 0, ""row_search_window"": 0, ""disallow_one_site_gaps"": true, ""use_diamond_legalizer"": 1, ""disable_window_extension"": true}","{""max_displacement"": 0, ""site_search_window"": 0, ""row_search_window"": 0, ""disallow_one_site_gaps"": true, ""use_diamond_legalizer"": 1, ""disable_window_extension"": true}",VALID,3393677.9,3393677.9,0.0,0.0,0.0,False
42,11,5,RISCY-b-3-c5,1,"{""max_displacement"": 0, ""site_search_window"": 0, ""row_search_window"": 0, ""disallow_one_site_gaps"": true, ""use_diamond_legalizer"": 1, ""disable_window_extension"": true}","{""max_displacement"": 10, ""site_search_window"": 10, ""row_search_window"": 2, ""disallow_one_site_gaps"": true, ""use_diamond_legalizer"": 1, ""disable_window_extension"": true}",VALID,3393677.9,3393677.9,0.0,0.0,0.0,False
42,11,6,RISCY-b-3-c5,5,"{""max_displacement"": 10, ""site_search_window"": 10, ""row_search_window"": 2, ""disallow_one_site_gaps"": true, ""use_diamond_legalizer"": 1, ""disable_window_extension"": true}","{""max_displacement"": 20, ""site_search_window"": 20, ""row_search_window"": 2, ""disallow_one_site_gaps"": true, ""use_diamond_legalizer"": 1, ""disable_window_extension"": true}",VALID,3393677.9,3393677.9,0.0,0.0,0.0,False
42,11,7,RISCY-b-3-c5,4,"{""max_displacement"": 20, ""site_search_window"": 20, ""row_search_window"": 2, ""disallow_one_site_gaps"": true, ""use_diamond_legalizer"": 1, ""disable_window_extension"": true}","{""max_displacement"": 20, ""site_search_window"": 10, ""row_search_window"": 0, ""disallow_one_site_gaps"": true, ""use_diamond_legalizer"": 1, ""disable_window_extension"": true}",VALID,3393677.9,3393677.9,0.0,0.0,0.0,False
42,11,8,RISCY-b-3-c5,0,"{""max_displacement"": 20, ""site_search_window"": 10, ""row_search_window"": 0, ""disallow_one_site_gaps"": true, ""use_diamond_legalizer"": 1, ""disable_window_extension"": true}","{""max_displacement"": 20, ""site_search_window"": 10, ""row_search_window"": 0, ""disallow_one_site_gaps"": false, ""use_diamond_legalizer"": 1, ""disable_window_extension"": false}",VALID,3393677.9,3393677.9,0.0,0.0,0.0,False
42,11,9,RISCY-b-3-c5,7,"{""max_displacement"": 20, ""site_search_window"": 10, ""row_search_window"": 0, ""disallow_one_site_gaps"": false, ""use_diamond_legalizer"": 1, ""disable_window_extension"": false}","{""max_displacement"": 20, ""site_search_window"": 10, ""row_search_window"": 0, ""disallow_one_site_gaps"": false, ""use_diamond_legalizer"": 1, ""disable_window_extension"": false}",VALID,3393677.9,3393677.9,0.0,0.0,0.0,False
42,11,10,RISCY-b-3-c5,5,"{""max_displacement"": 20, ""site_search_window"": 10, ""row_search_window"": 0, ""disallow_one_site_gaps"": false, ""use_diamond_legalizer"": 1, ""disable_window_extension"": false}","{""max_displacement"": 30, ""site_search_window"": 20, ""row_search_window"": 0, ""disallow_one_site_gaps"": false, ""use_diamond_legalizer"": 1, ""disable_window_extension"": false}",VALID,3393677.9,3393677.9,0.0,0.0,0.0,True
42,12,1,zero-riscy-b-3-c20,1,"{""max_displacement"": 0, ""site_search_window"": 0, ""row_search_window"": 0, ""disallow_one_site_gaps"": 0, ""use_diamond_legalizer"": 1, ""disable_window_extension"": 0}","{""max_displacement"": 10, ""site_search_window"": 10, ""row_search_window"": 2, ""disallow_one_site_gaps"": 0, ""use_diamond_legalizer"": 1, ""disable_window_extension"": 0}",VALID,1996434.6,1996434.6,0.0,0.0,0.0,False
42,12,2,zero-riscy-b-3-c20,5,"{""max_displacement"": 10, ""site_search_window"": 10, ""row_search_window"": 2, ""disallow_one_site_gaps"": 0, ""use_diamond_legalizer"": 1, ""disable_window_extension"": 0}","{""max_displacement"": 20, ""site_search_window"": 20, ""row_search_window"": 2, ""disallow_one_site_gaps"": 0, ""use_diamond_legalizer"": 1, ""disable_window_extension"": 0}",VALID,1996434.6,1996434.6,0.0,0.0,0.0,False
42,12,3,zero-riscy-b-3-c20,0,"{""max_displacement"": 20, ""site_search_window"": 20, ""row_search_window"": 2, ""disallow_one_site_gaps"": 0, ""use_diamond_legalizer"": 1, ""disable_window_extension"": 0}","{""max_displacement"": 20, ""site_search_window"": 20, ""row_search_window"": 2, ""disallow_one_site_gaps"": true, ""use_diamond_legalizer"": 1, ""disable_window_extension"": true}",VALID,1996434.6,1996434.6,0.0,0.0,0.0,False
42,12,4,zero-riscy-b-3-c20,0,"{""max_displacement"": 20, ""site_search_window"": 20, ""row_search_window"": 2, ""disallow_one_site_gaps"": true, ""use_diamond_legalizer"": 1, ""disable_window_extension"": true}","{""max_displacement"": 20, ""site_search_window"": 20, ""row_search_window"": 2, ""disallow_one_site_gaps"": false, ""use_diamond_legalizer"": 1, ""disable_window_extension"": false}",VALID,1996434.6,1996434.6,0.0,0.0,0.0,False
42,12,5,zero-riscy-b-3-c20,4,"{""max_displacement"": 20, ""site_search_window"": 20, ""row_search_window"": 2, ""disallow_one_site_gaps"": false, ""use_diamond_legalizer"": 1, ""disable_window_extension"": false}","{""max_displacement"": 20, ""site_search_window"": 10, ""row_search_window"": 0, ""disallow_one_site_gaps"": false, ""use_diamond_legalizer"": 1, ""disable_window_extension"": false}",VALID,1996434.6,1996434.6,0.0,0.0,0.0,False
42,12,6,zero-riscy-b-3-c20,4,"{""max_displacement"": 20, ""site_search_window"": 10, ""row_search_window"": 0, ""disallow_one_site_gaps"": false, ""use_diamond_legalizer"": 1, ""disable_window_extension"": false}","{""max_displacement"": 20, ""site_search_window"": 0, ""row_search_window"": 0, ""disallow_one_site_gaps"": false, ""use_diamond_legalizer"": 1, ""disable_window_extension"": false}",VALID,1996434.6,1996434.6,0.0,0.0,0.0,False
42,12,7,zero-riscy-b-3-c20,0,"{""max_displacement"": 20, ""site_search_window"": 0, ""row_search_window"": 0, ""disallow_one_site_gaps"": false, ""use_diamond_legalizer"": 1, ""disable_window_extension"": false}","{""max_displacement"": 20, ""site_search_window"": 0, ""row_search_window"": 0, ""disallow_one_site_gaps"": true, ""use_diamond_legalizer"": 1, ""disable_window_extension"": true}",VALID,1996434.6,1996434.6,0.0,0.0,0.0,False
42,12,8,zero-riscy-b-3-c20,5,"{""max_displacement"": 20, ""site_search_window"": 0, ""row_search_window"": 0, ""disallow_one_site_gaps"": true, ""use_diamond_legalizer"": 1, ""disable_window_extension"": true}","{""max_displacement"": 30, ""site_search_window"": 10, ""row_search_window"": 0, ""disallow_one_site_gaps"": true, ""use_diamond_legalizer"": 1, ""disable_window_extension"": true}",VALID,1996434.6,1996434.6,0.0,0.0,0.0,False
42,12,9,zero-riscy-b-3-c20,2,"{""max_displacement"": 30, ""site_search_window"": 10, ""row_search_window"": 0, ""disallow_one_site_gaps"": true, ""use_diamond_legalizer"": 1, ""disable_window_extension"": true}","{""max_displacement"": 20, ""site_search_window"": 0, ""row_search_window"": 0, ""disallow_one_site_gaps"": true, ""use_diamond_legalizer"": 1, ""disable_window_extension"": true}",VALID,1996434.6,1996434.6,0.0,0.0,0.0,False
42,12,10,zero-riscy-b-3-c20,1,"{""max_displacement"": 20, ""site_search_window"": 0, ""row_search_window"": 0, ""disallow_one_site_gaps"": true, ""use_diamond_legalizer"": 1, ""disable_window_extension"": true}","{""max_displacement"": 30, ""site_search_window"": 10, ""row_search_window"": 2, ""disallow_one_site_gaps"": true, ""use_diamond_legalizer"": 1, ""disable_window_extension"": true}",VALID,1996434.6,1996434.6,0.0,0.0,0.0,True
42,13,1,zero-riscy-a-2-c5,3,"{""max_displacement"": 0, ""site_search_window"": 0, ""row_search_window"": 0, ""disallow_one_site_gaps"": 0, ""use_diamond_legalizer"": 1, ""disable_window_extension"": 0}","{""max_displacement"": 0, ""site_search_window"": 10, ""row_search_window"": 2, ""disallow_one_site_gaps"": 0, ""use_diamond_legalizer"": 1, ""disable_window_extension"": 0}",VALID,3745024.3,3745024.3,0.0,0.0,0.0,False
42,13,2,zero-riscy-a-2-c5,2,"{""max_displacement"": 0, ""site_search_window"": 10, ""row_search_window"": 2, ""disallow_one_site_gaps"": 0, ""use_diamond_legalizer"": 1, ""disable_window_extension"": 0}","{""max_displacement"": 0, ""site_search_window"": 0, ""row_search_window"": 0, ""disallow_one_site_gaps"": 0, ""use_diamond_legalizer"": 1, ""disable_window_extension"": 0}",VALID,3745024.3,3745024.3,0.0,0.0,0.0,False
42,13,3,zero-riscy-a-2-c5,3,"{""max_displacement"": 0, ""site_search_window"": 0, ""row_search_window"": 0, ""disallow_one_site_gaps"": 0, ""use_diamond_legalizer"": 1, ""disable_window_extension"": 0}","{""max_displacement"": 0, ""site_search_window"": 10, ""row_search_window"": 2, ""disallow_one_site_gaps"": 0, ""use_diamond_legalizer"": 1, ""disable_window_extension"": 0}",VALID,3745024.3,3745024.3,0.0,0.0,0.0,False
42,13,4,zero-riscy-a-2-c5,5,"{""max_displacement"": 0, ""site_search_window"": 10, ""row_search_window"": 2, ""disallow_one_site_gaps"": 0, ""use_diamond_legalizer"": 1, ""disable_window_extension"": 0}","{""max_displacement"": 10, ""site_search_window"": 20, ""row_search_window"": 2, ""disallow_one_site_gaps"": 0, ""use_diamond_legalizer"": 1, ""disable_window_extension"": 0}",VALID,3745024.3,3745024.3,0.0,0.0,0.0,False
42,13,5,zero-riscy-a-2-c5,7,"{""max_displacement"": 10, ""site_search_window"": 20, ""row_search_window"": 2, ""disallow_one_site_gaps"": 0, ""use_diamond_legalizer"": 1, ""disable_window_extension"": 0}","{""max_displacement"": 10, ""site_search_window"": 20, ""row_search_window"": 2, ""disallow_one_site_gaps"": 0, ""use_diamond_legalizer"": 1, ""disable_window_extension"": 0}",VALID,3745024.3,3745024.3,0.0,0.0,0.0,False
42,13,6,zero-riscy-a-2-c5,7,"{""max_displacement"": 10, ""site_search_window"": 20, ""row_search_window"": 2, ""disallow_one_site_gaps"": 0, ""use_diamond_legalizer"": 1, ""disable_window_extension"": 0}","{""max_displacement"": 10, ""site_search_window"": 20, ""row_search_window"": 2, ""disallow_one_site_gaps"": 0, ""use_diamond_legalizer"": 1, ""disable_window_extension"": 0}",VALID,3745024.3,3745024.3,0.0,0.0,0.0,False
42,13,7,zero-riscy-a-2-c5,1,"{""max_displacement"": 10, ""site_search_window"": 20, ""row_search_window"": 2, ""disallow_one_site_gaps"": 0, ""use_diamond_legalizer"": 1, ""disable_window_extension"": 0}","{""max_displacement"": 20, ""site_search_window"": 30, ""row_search_window"": 4, ""disallow_one_site_gaps"": 0, ""use_diamond_legalizer"": 1, ""disable_window_extension"": 0}",VALID,3745024.3,3745024.3,0.0,0.0,0.0,False
42,13,8,zero-riscy-a-2-c5,7,"{""max_displacement"": 20, ""site_search_window"": 30, ""row_search_window"": 4, ""disallow_one_site_gaps"": 0, ""use_diamond_legalizer"": 1, ""disable_window_extension"": 0}","{""max_displacement"": 20, ""site_search_window"": 30, ""row_search_window"": 4, ""disallow_one_site_gaps"": 0, ""use_diamond_legalizer"": 1, ""disable_window_extension"": 0}",VALID,3745024.3,3745024.3,0.0,0.0,0.0,False
42,13,9,zero-riscy-a-2-c5,5,"{""max_displacement"": 20, ""site_search_window"": 30, ""row_search_window"": 4, ""disallow_one_site_gaps"": 0, ""use_diamond_legalizer"": 1, ""disable_window_extension"": 0}","{""max_displacement"": 30, ""site_search_window"": 40, ""row_search_window"": 4, ""disallow_one_site_gaps"": 0, ""use_diamond_legalizer"": 1, ""disable_window_extension"": 0}",VALID,3745024.3,3745024.3,0.0,0.0,0.0,False
42,13,10,zero-riscy-a-2-c5,3,"{""max_displacement"": 30, ""site_search_window"": 40, ""row_search_window"": 4, ""disallow_one_site_gaps"": 0, ""use_diamond_legalizer"": 1, ""disable_window_extension"": 0}","{""max_displacement"": 30, ""site_search_window"": 50, ""row_search_window"": 6, ""disallow_one_site_gaps"": 0, ""use_diamond_legalizer"": 1, ""disable_window_extension"": 0}",VALID,3745024.3,3745024.3,0.0,0.0,0.0,True
42,14,1,RISCY-FPU-a-2-c20,7,"{""max_displacement"": 0, ""site_search_window"": 0, ""row_search_window"": 0, ""disallow_one_site_gaps"": 0, ""use_diamond_legalizer"": 1, ""disable_window_extension"": 0}","{""max_displacement"": 0, ""site_search_window"": 0, ""row_search_window"": 0, ""disallow_one_site_gaps"": 0, ""use_diamond_legalizer"": 1, ""disable_window_extension"": 0}",VALID,7925768.4,7925768.4,0.0,0.0,0.0,False
42,14,2,RISCY-FPU-a-2-c20,3,"{""max_displacement"": 0, ""site_search_window"": 0, ""row_search_window"": 0, ""disallow_one_site_gaps"": 0, ""use_diamond_legalizer"": 1, ""disable_window_extension"": 0}","{""max_displacement"": 0, ""site_search_window"": 10, ""row_search_window"": 2, ""disallow_one_site_gaps"": 0, ""use_diamond_legalizer"": 1, ""disable_window_extension"": 0}",VALID,7925768.4,7925768.4,0.0,0.0,0.0,False
42,14,3,RISCY-FPU-a-2-c20,6,"{""max_displacement"": 0, ""site_search_window"": 10, ""row_search_window"": 2, ""disallow_one_site_gaps"": 0, ""use_diamond_legalizer"": 1, ""disable_window_extension"": 0}","{""max_displacement"": 0, ""site_search_window"": 0, ""row_search_window"": 2, ""disallow_one_site_gaps"": 0, ""use_diamond_legalizer"": 1, ""disable_window_extension"": 0}",VALID,7925768.4,7925768.4,0.0,0.0,0.0,False
42,14,4,RISCY-FPU-a-2-c20,7,"{""max_displacement"": 0, ""site_search_window"": 0, ""row_search_window"": 2, ""disallow_one_site_gaps"": 0, ""use_diamond_legalizer"": 1, ""disable_window_extension"": 0}","{""max_displacement"": 0, ""site_search_window"": 0, ""row_search_window"": 2, ""disallow_one_site_gaps"": 0, ""use_diamond_legalizer"": 1, ""disable_window_extension"": 0}",VALID,7925768.4,7925768.4,0.0,0.0,0.0,False
42,14,5,RISCY-FPU-a-2-c20,6,"{""max_displacement"": 0, ""site_search_window"": 0, ""row_search_window"": 2, ""disallow_one_site_gaps"": 0, ""use_diamond_legalizer"": 1, ""disable_window_extension"": 0}","{""max_displacement"": 0, ""site_search_window"": 0, ""row_search_window"": 2, ""disallow_one_site_gaps"": 0, ""use_diamond_legalizer"": 1, ""disable_window_extension"": 0}",VALID,7925768.4,7925768.4,0.0,0.0,0.0,False
42,14,6,RISCY-FPU-a-2-c20,7,"{""max_displacement"": 0, ""site_search_window"": 0, ""row_search_window"": 2, ""disallow_one_site_gaps"": 0, ""use_diamond_legalizer"": 1, ""disable_window_extension"": 0}","{""max_displacement"": 0, ""site_search_window"": 0, ""row_search_window"": 2, ""disallow_one_site_gaps"": 0, ""use_diamond_legalizer"": 1, ""disable_window_extension"": 0}",VALID,7925768.4,7925768.4,0.0,0.0,0.0,False
42,14,7,RISCY-FPU-a-2-c20,3,"{""max_displacement"": 0, ""site_search_window"": 0, ""row_search_window"": 2, ""disallow_one_site_gaps"": 0, ""use_diamond_legalizer"": 1, ""disable_window_extension"": 0}","{""max_displacement"": 0, ""site_search_window"": 10, ""row_search_window"": 4, ""disallow_one_site_gaps"": 0, ""use_diamond_legalizer"": 1, ""disable_window_extension"": 0}",VALID,7925768.4,7925768.4,0.0,0.0,0.0,False
42,14,8,RISCY-FPU-a-2-c20,7,"{""max_displacement"": 0, ""site_search_window"": 10, ""row_search_window"": 4, ""disallow_one_site_gaps"": 0, ""use_diamond_legalizer"": 1, ""disable_window_extension"": 0}","{""max_displacement"": 0, ""site_search_window"": 10, ""row_search_window"": 4, ""disallow_one_site_gaps"": 0, ""use_diamond_legalizer"": 1, ""disable_window_extension"": 0}",VALID,7925768.4,7925768.4,0.0,0.0,0.0,False
42,14,9,RISCY-FPU-a-2-c20,4,"{""max_displacement"": 0, ""site_search_window"": 10, ""row_search_window"": 4, ""disallow_one_site_gaps"": 0, ""use_diamond_legalizer"": 1, ""disable_window_extension"": 0}","{""max_displacement"": 0, ""site_search_window"": 0, ""row_search_window"": 2, ""disallow_one_site_gaps"": 0, ""use_diamond_legalizer"": 1, ""disable_window_extension"": 0}",VALID,7925768.4,7925768.4,0.0,0.0,0.0,False
42,14,10,RISCY-FPU-a-2-c20,1,"{""max_displacement"": 0, ""site_search_window"": 0, ""row_search_window"": 2, ""disallow_one_site_gaps"": 0, ""use_diamond_legalizer"": 1, ""disable_window_extension"": 0}","{""max_displacement"": 10, ""site_search_window"": 10, ""row_search_window"": 4, ""disallow_one_site_gaps"": 0, ""use_diamond_legalizer"": 1, ""disable_window_extension"": 0}",FAILED,7925768.4,7925768.4,0.0,-100.0,-1.0,True
42,15,1,RISCY-FPU-b-3-c5,2,"{""max_displacement"": 0, ""site_search_window"": 0, ""row_search_window"": 0, ""disallow_one_site_gaps"": 0, ""use_diamond_legalizer"": 1, ""disable_window_extension"": 0}","{""max_displacement"": 0, ""site_search_window"": 0, ""row_search_window"": 0, ""disallow_one_site_gaps"": 0, ""use_diamond_legalizer"": 1, ""disable_window_extension"": 0}",VALID,4968947.9,4968947.9,0.0,0.0,0.0,False
42,15,2,RISCY-FPU-b-3-c5,0,"{""max_displacement"": 0, ""site_search_window"": 0, ""row_search_window"": 0, ""disallow_one_site_gaps"": 0, ""use_diamond_legalizer"": 1, ""disable_window_extension"": 0}","{""max_displacement"": 0, ""site_search_window"": 0, ""row_search_window"": 0, ""disallow_one_site_gaps"": true, ""use_diamond_legalizer"": 1, ""disable_window_extension"": true}",VALID,4968947.9,4968947.9,0.0,0.0,0.0,False
42,15,3,RISCY-FPU-b-3-c5,2,"{""max_displacement"": 0, ""site_search_window"": 0, ""row_search_window"": 0, ""disallow_one_site_gaps"": true, ""use_diamond_legalizer"": 1, ""disable_window_extension"": true}","{""max_displacement"": 0, ""site_search_window"": 0, ""row_search_window"": 0, ""disallow_one_site_gaps"": true, ""use_diamond_legalizer"": 1, ""disable_window_extension"": true}",VALID,4968947.9,4968947.9,0.0,0.0,0.0,False
42,15,4,RISCY-FPU-b-3-c5,5,"{""max_displacement"": 0, ""site_search_window"": 0, ""row_search_window"": 0, ""disallow_one_site_gaps"": true, ""use_diamond_legalizer"": 1, ""disable_window_extension"": true}","{""max_displacement"": 10, ""site_search_window"": 10, ""row_search_window"": 0, ""disallow_one_site_gaps"": true, ""use_diamond_legalizer"": 1, ""disable_window_extension"": true}",FAILED,4968947.9,4968947.9,0.0,-100.0,-1.0,False
42,15,5,RISCY-FPU-b-3-c5,2,"{""max_displacement"": 10, ""site_search_window"": 10, ""row_search_window"": 0, ""disallow_one_site_gaps"": true, ""use_diamond_legalizer"": 1, ""disable_window_extension"": true}","{""max_displacement"": 0, ""site_search_window"": 0, ""row_search_window"": 0, ""disallow_one_site_gaps"": true, ""use_diamond_legalizer"": 1, ""disable_window_extension"": true}",VALID,4968947.9,4968947.9,0.0,0.0,0.0,False
42,15,6,RISCY-FPU-b-3-c5,5,"{""max_displacement"": 0, ""site_search_window"": 0, ""row_search_window"": 0, ""disallow_one_site_gaps"": true, ""use_diamond_legalizer"": 1, ""disable_window_extension"": true}","{""max_displacement"": 10, ""site_search_window"": 10, ""row_search_window"": 0, ""disallow_one_site_gaps"": true, ""use_diamond_legalizer"": 1, ""disable_window_extension"": true}",FAILED,4968947.9,4968947.9,0.0,-100.0,-1.0,False
42,15,7,RISCY-FPU-b-3-c5,6,"{""max_displacement"": 10, ""site_search_window"": 10, ""row_search_window"": 0, ""disallow_one_site_gaps"": true, ""use_diamond_legalizer"": 1, ""disable_window_extension"": true}","{""max_displacement"": 0, ""site_search_window"": 0, ""row_search_window"": 0, ""disallow_one_site_gaps"": true, ""use_diamond_legalizer"": 1, ""disable_window_extension"": true}",VALID,4968947.9,4968947.9,0.0,0.0,0.0,False
42,15,8,RISCY-FPU-b-3-c5,2,"{""max_displacement"": 0, ""site_search_window"": 0, ""row_search_window"": 0, ""disallow_one_site_gaps"": true, ""use_diamond_legalizer"": 1, ""disable_window_extension"": true}","{""max_displacement"": 0, ""site_search_window"": 0, ""row_search_window"": 0, ""disallow_one_site_gaps"": true, ""use_diamond_legalizer"": 1, ""disable_window_extension"": true}",VALID,4968947.9,4968947.9,0.0,0.0,0.0,False
42,15,9,RISCY-FPU-b-3-c5,6,"{""max_displacement"": 0, ""site_search_window"": 0, ""row_search_window"": 0, ""disallow_one_site_gaps"": true, ""use_diamond_legalizer"": 1, ""disable_window_extension"": true}","{""max_displacement"": 0, ""site_search_window"": 0, ""row_search_window"": 0, ""disallow_one_site_gaps"": true, ""use_diamond_legalizer"": 1, ""disable_window_extension"": true}",VALID,4968947.9,4968947.9,0.0,0.0,0.0,False
42,15,10,RISCY-FPU-b-3-c5,5,"{""max_displacement"": 0, ""site_search_window"": 0, ""row_search_window"": 0, ""disallow_one_site_gaps"": true, ""use_diamond_legalizer"": 1, ""disable_window_extension"": true}","{""max_displacement"": 10, ""site_search_window"": 10, ""row_search_window"": 0, ""disallow_one_site_gaps"": true, ""use_diamond_legalizer"": 1, ""disable_window_extension"": true}",FAILED,4968947.9,4968947.9,0.0,-100.0,-1.0,True
42,16,1,RISCY-FPU-b-3-c20,7,"{""max_displacement"": 0, ""site_search_window"": 0, ""row_search_window"": 0, ""disallow_one_site_gaps"": 0, ""use_diamond_legalizer"": 1, ""disable_window_extension"": 0}","{""max_displacement"": 0, ""site_search_window"": 0, ""row_search_window"": 0, ""disallow_one_site_gaps"": 0, ""use_diamond_legalizer"": 1, ""disable_window_extension"": 0}",VALID,5040703.3,5040703.3,0.0,0.0,0.0,False
42,16,2,RISCY-FPU-b-3-c20,6,"{""max_displacement"": 0, ""site_search_window"": 0, ""row_search_window"": 0, ""disallow_one_site_gaps"": 0, ""use_diamond_legalizer"": 1, ""disable_window_extension"": 0}","{""max_displacement"": 0, ""site_search_window"": 0, ""row_search_window"": 0, ""disallow_one_site_gaps"": 0, ""use_diamond_legalizer"": 1, ""disable_window_extension"": 0}",VALID,5040703.3,5040703.3,0.0,0.0,0.0,False
42,16,3,RISCY-FPU-b-3-c20,6,"{""max_displacement"": 0, ""site_search_window"": 0, ""row_search_window"": 0, ""disallow_one_site_gaps"": 0, ""use_diamond_legalizer"": 1, ""disable_window_extension"": 0}","{""max_displacement"": 0, ""site_search_window"": 0, ""row_search_window"": 0, ""disallow_one_site_gaps"": 0, ""use_diamond_legalizer"": 1, ""disable_window_extension"": 0}",VALID,5040703.3,5040703.3,0.0,0.0,0.0,False
42,16,4,RISCY-FPU-b-3-c20,7,"{""max_displacement"": 0, ""site_search_window"": 0, ""row_search_window"": 0, ""disallow_one_site_gaps"": 0, ""use_diamond_legalizer"": 1, ""disable_window_extension"": 0}","{""max_displacement"": 0, ""site_search_window"": 0, ""row_search_window"": 0, ""disallow_one_site_gaps"": 0, ""use_diamond_legalizer"": 1, ""disable_window_extension"": 0}",VALID,5040703.3,5040703.3,0.0,0.0,0.0,False
42,16,5,RISCY-FPU-b-3-c20,6,"{""max_displacement"": 0, ""site_search_window"": 0, ""row_search_window"": 0, ""disallow_one_site_gaps"": 0, ""use_diamond_legalizer"": 1, ""disable_window_extension"": 0}","{""max_displacement"": 0, ""site_search_window"": 0, ""row_search_window"": 0, ""disallow_one_site_gaps"": 0, ""use_diamond_legalizer"": 1, ""disable_window_extension"": 0}",VALID,5040703.3,5040703.3,0.0,0.0,0.0,False
42,16,6,RISCY-FPU-b-3-c20,1,"{""max_displacement"": 0, ""site_search_window"": 0, ""row_search_window"": 0, ""disallow_one_site_gaps"": 0, ""use_diamond_legalizer"": 1, ""disable_window_extension"": 0}","{""max_displacement"": 10, ""site_search_window"": 10, ""row_search_window"": 2, ""disallow_one_site_gaps"": 0, ""use_diamond_legalizer"": 1, ""disable_window_extension"": 0}",FAILED,5040703.3,5040703.3,0.0,-100.0,-1.0,False
42,16,7,RISCY-FPU-b-3-c20,2,"{""max_displacement"": 10, ""site_search_window"": 10, ""row_search_window"": 2, ""disallow_one_site_gaps"": 0, ""use_diamond_legalizer"": 1, ""disable_window_extension"": 0}","{""max_displacement"": 0, ""site_search_window"": 0, ""row_search_window"": 0, ""disallow_one_site_gaps"": 0, ""use_diamond_legalizer"": 1, ""disable_window_extension"": 0}",VALID,5040703.3,5040703.3,0.0,0.0,0.0,False
42,16,8,RISCY-FPU-b-3-c20,1,"{""max_displacement"": 0, ""site_search_window"": 0, ""row_search_window"": 0, ""disallow_one_site_gaps"": 0, ""use_diamond_legalizer"": 1, ""disable_window_extension"": 0}","{""max_displacement"": 10, ""site_search_window"": 10, ""row_search_window"": 2, ""disallow_one_site_gaps"": 0, ""use_diamond_legalizer"": 1, ""disable_window_extension"": 0}",FAILED,5040703.3,5040703.3,0.0,-100.0,-1.0,False
42,16,9,RISCY-FPU-b-3-c20,0,"{""max_displacement"": 10, ""site_search_window"": 10, ""row_search_window"": 2, ""disallow_one_site_gaps"": 0, ""use_diamond_legalizer"": 1, ""disable_window_extension"": 0}","{""max_displacement"": 10, ""site_search_window"": 10, ""row_search_window"": 2, ""disallow_one_site_gaps"": true, ""use_diamond_legalizer"": 1, ""disable_window_extension"": true}",FAILED,5040703.3,5040703.3,0.0,-100.0,-1.0,False
42,16,10,RISCY-FPU-b-3-c20,6,"{""max_displacement"": 10, ""site_search_window"": 10, ""row_search_window"": 2, ""disallow_one_site_gaps"": true, ""use_diamond_legalizer"": 1, ""disable_window_extension"": true}","{""max_displacement"": 0, ""site_search_window"": 0, ""row_search_window"": 2, ""disallow_one_site_gaps"": true, ""use_diamond_legalizer"": 1, ""disable_window_extension"": true}",VALID,5040703.3,5040703.3,0.0,0.0,0.0,True
42,17,1,RISCY-b-3-c5,6,"{""max_displacement"": 0, ""site_search_window"": 0, ""row_search_window"": 0, ""disallow_one_site_gaps"": 0, ""use_diamond_legalizer"": 1, ""disable_window_extension"": 0}","{""max_displacement"": 0, ""site_search_window"": 0, ""row_search_window"": 0, ""disallow_one_site_gaps"": 0, ""use_diamond_legalizer"": 1, ""disable_window_extension"": 0}",VALID,3393677.9,3393677.9,0.0,0.0,0.0,False
42,17,2,RISCY-b-3-c5,3,"{""max_displacement"": 0, ""site_search_window"": 0, ""row_search_window"": 0, ""disallow_one_site_gaps"": 0, ""use_diamond_legalizer"": 1, ""disable_window_extension"": 0}","{""max_displacement"": 0, ""site_search_window"": 10, ""row_search_window"": 2, ""disallow_one_site_gaps"": 0, ""use_diamond_legalizer"": 1, ""disable_window_extension"": 0}",VALID,3393677.9,3393677.9,0.0,0.0,0.0,False
42,17,3,RISCY-b-3-c5,7,"{""max_displacement"": 0, ""site_search_window"": 10, ""row_search_window"": 2, ""disallow_one_site_gaps"": 0, ""use_diamond_legalizer"": 1, ""disable_window_extension"": 0}","{""max_displacement"": 0, ""site_search_window"": 10, ""row_search_window"": 2, ""disallow_one_site_gaps"": 0, ""use_diamond_legalizer"": 1, ""disable_window_extension"": 0}",VALID,3393677.9,3393677.9,0.0,0.0,0.0,False
42,17,4,RISCY-b-3-c5,1,"{""max_displacement"": 0, ""site_search_window"": 10, ""row_search_window"": 2, ""disallow_one_site_gaps"": 0, ""use_diamond_legalizer"": 1, ""disable_window_extension"": 0}","{""max_displacement"": 10, ""site_search_window"": 20, ""row_search_window"": 4, ""disallow_one_site_gaps"": 0, ""use_diamond_legalizer"": 1, ""disable_window_extension"": 0}",VALID,3393677.9,3393677.9,0.0,0.0,0.0,False
42,17,5,RISCY-b-3-c5,3,"{""max_displacement"": 10, ""site_search_window"": 20, ""row_search_window"": 4, ""disallow_one_site_gaps"": 0, ""use_diamond_legalizer"": 1, ""disable_window_extension"": 0}","{""max_displacement"": 10, ""site_search_window"": 30, ""row_search_window"": 6, ""disallow_one_site_gaps"": 0, ""use_diamond_legalizer"": 1, ""disable_window_extension"": 0}",VALID,3393677.9,3393677.9,0.0,0.0,0.0,False
42,17,6,RISCY-b-3-c5,1,"{""max_displacement"": 10, ""site_search_window"": 30, ""row_search_window"": 6, ""disallow_one_site_gaps"": 0, ""use_diamond_legalizer"": 1, ""disable_window_extension"": 0}","{""max_displacement"": 20, ""site_search_window"": 40, ""row_search_window"": 8, ""disallow_one_site_gaps"": 0, ""use_diamond_legalizer"": 1, ""disable_window_extension"": 0}",VALID,3393677.9,3393677.9,0.0,0.0,0.0,False
42,17,7,RISCY-b-3-c5,5,"{""max_displacement"": 20, ""site_search_window"": 40, ""row_search_window"": 8, ""disallow_one_site_gaps"": 0, ""use_diamond_legalizer"": 1, ""disable_window_extension"": 0}","{""max_displacement"": 30, ""site_search_window"": 50, ""row_search_window"": 8, ""disallow_one_site_gaps"": 0, ""use_diamond_legalizer"": 1, ""disable_window_extension"": 0}",VALID,3393677.9,3393677.9,0.0,0.0,0.0,False
42,17,8,RISCY-b-3-c5,6,"{""max_displacement"": 30, ""site_search_window"": 50, ""row_search_window"": 8, ""disallow_one_site_gaps"": 0, ""use_diamond_legalizer"": 1, ""disable_window_extension"": 0}","{""max_displacement"": 20, ""site_search_window"": 40, ""row_search_window"": 8, ""disallow_one_site_gaps"": 0, ""use_diamond_legalizer"": 1, ""disable_window_extension"": 0}",VALID,3393677.9,3393677.9,0.0,0.0,0.0,False
42,17,9,RISCY-b-3-c5,0,"{""max_displacement"": 20, ""site_search_window"": 40, ""row_search_window"": 8, ""disallow_one_site_gaps"": 0, ""use_diamond_legalizer"": 1, ""disable_window_extension"": 0}","{""max_displacement"": 20, ""site_search_window"": 40, ""row_search_window"": 8, ""disallow_one_site_gaps"": true, ""use_diamond_legalizer"": 1, ""disable_window_extension"": true}",VALID,3393677.9,3393677.9,0.0,0.0,0.0,False
42,17,10,RISCY-b-3-c5,6,"{""max_displacement"": 20, ""site_search_window"": 40, ""row_search_window"": 8, ""disallow_one_site_gaps"": true, ""use_diamond_legalizer"": 1, ""disable_window_extension"": true}","{""max_displacement"": 10, ""site_search_window"": 30, ""row_search_window"": 8, ""disallow_one_site_gaps"": true, ""use_diamond_legalizer"": 1, ""disable_window_extension"": true}",VALID,3393677.9,3393677.9,0.0,0.0,0.0,True
42,18,1,zero-riscy-b-3-c2,2,"{""max_displacement"": 0, ""site_search_window"": 0, ""row_search_window"": 0, ""disallow_one_site_gaps"": 0, ""use_diamond_legalizer"": 1, ""disable_window_extension"": 0}","{""max_displacement"": 0, ""site_search_window"": 0, ""row_search_window"": 0, ""disallow_one_site_gaps"": 0, ""use_diamond_legalizer"": 1, ""disable_window_extension"": 0}",VALID,2341203.8,2341203.8,0.0,0.0,0.0,False
42,18,2,zero-riscy-b-3-c2,7,"{""max_displacement"": 0, ""site_search_window"": 0, ""row_search_window"": 0, ""disallow_one_site_gaps"": 0, ""use_diamond_legalizer"": 1, ""disable_window_extension"": 0}","{""max_displacement"": 0, ""site_search_window"": 0, ""row_search_window"": 0, ""disallow_one_site_gaps"": 0, ""use_diamond_legalizer"": 1, ""disable_window_extension"": 0}",VALID,2341203.8,2341203.8,0.0,0.0,0.0,False
42,18,3,zero-riscy-b-3-c2,4,"{""max_displacement"": 0, ""site_search_window"": 0, ""row_search_window"": 0, ""disallow_one_site_gaps"": 0, ""use_diamond_legalizer"": 1, ""disable_window_extension"": 0}","{""max_displacement"": 0, ""site_search_window"": 0, ""row_search_window"": 0, ""disallow_one_site_gaps"": 0, ""use_diamond_legalizer"": 1, ""disable_window_extension"": 0}",VALID,2341203.8,2341203.8,0.0,0.0,0.0,False
42,18,4,zero-riscy-b-3-c2,7,"{""max_displacement"": 0, ""site_search_window"": 0, ""row_search_window"": 0, ""disallow_one_site_gaps"": 0, ""use_diamond_legalizer"": 1, ""disable_window_extension"": 0}","{""max_displacement"": 0, ""site_search_window"": 0, ""row_search_window"": 0, ""disallow_one_site_gaps"": 0, ""use_diamond_legalizer"": 1, ""disable_window_extension"": 0}",VALID,2341203.8,2341203.8,0.0,0.0,0.0,False
42,18,5,zero-riscy-b-3-c2,5,"{""max_displacement"": 0, ""site_search_window"": 0, ""row_search_window"": 0, ""disallow_one_site_gaps"": 0, ""use_diamond_legalizer"": 1, ""disable_window_extension"": 0}","{""max_displacement"": 10, ""site_search_window"": 10, ""row_search_window"": 0, ""disallow_one_site_gaps"": 0, ""use_diamond_legalizer"": 1, ""disable_window_extension"": 0}",VALID,2341203.8,2341203.8,0.0,0.0,0.0,False
42,18,6,zero-riscy-b-3-c2,2,"{""max_displacement"": 10, ""site_search_window"": 10, ""row_search_window"": 0, ""disallow_one_site_gaps"": 0, ""use_diamond_legalizer"": 1, ""disable_window_extension"": 0}","{""max_displacement"": 0, ""site_search_window"": 0, ""row_search_window"": 0, ""disallow_one_site_gaps"": 0, ""use_diamond_legalizer"": 1, ""disable_window_extension"": 0}",VALID,2341203.8,2341203.8,0.0,0.0,0.0,False
42,18,7,zero-riscy-b-3-c2,0,"{""max_displacement"": 0, ""site_search_window"": 0, ""row_search_window"": 0, ""disallow_one_site_gaps"": 0, ""use_diamond_legalizer"": 1, ""disable_window_extension"": 0}","{""max_displacement"": 0, ""site_search_window"": 0, ""row_search_window"": 0, ""disallow_one_site_gaps"": true, ""use_diamond_legalizer"": 1, ""disable_window_extension"": true}",VALID,2341203.8,2341203.8,0.0,0.0,0.0,False
42,18,8,zero-riscy-b-3-c2,0,"{""max_displacement"": 0, ""site_search_window"": 0, ""row_search_window"": 0, ""disallow_one_site_gaps"": true, ""use_diamond_legalizer"": 1, ""disable_window_extension"": true}","{""max_displacement"": 0, ""site_search_window"": 0, ""row_search_window"": 0, ""disallow_one_site_gaps"": false, ""use_diamond_legalizer"": 1, ""disable_window_extension"": false}",VALID,2341203.8,2341203.8,0.0,0.0,0.0,False
42,18,9,zero-riscy-b-3-c2,0,"{""max_displacement"": 0, ""site_search_window"": 0, ""row_search_window"": 0, ""disallow_one_site_gaps"": false, ""use_diamond_legalizer"": 1, ""disable_window_extension"": false}","{""max_displacement"": 0, ""site_search_window"": 0, ""row_search_window"": 0, ""disallow_one_site_gaps"": true, ""use_diamond_legalizer"": 1, ""disable_window_extension"": true}",VALID,2341203.8,2341203.8,0.0,0.0,0.0,False
42,18,10,zero-riscy-b-3-c2,3,"{""max_displacement"": 0, ""site_search_window"": 0, ""row_search_window"": 0, ""disallow_one_site_gaps"": true, ""use_diamond_legalizer"": 1, ""disable_window_extension"": true}","{""max_displacement"": 0, ""site_search_window"": 10, ""row_search_window"": 2, ""disallow_one_site_gaps"": true, ""use_diamond_legalizer"": 1, ""disable_window_extension"": true}",VALID,2341203.8,2341203.8,0.0,0.0,0.0,True
42,19,1,RISCY-a-3-c5,0,"{""max_displacement"": 0, ""site_search_window"": 0, ""row_search_window"": 0, ""disallow_one_site_gaps"": 0, ""use_diamond_legalizer"": 1, ""disable_window_extension"": 0}","{""max_displacement"": 0, ""site_search_window"": 0, ""row_search_window"": 0, ""disallow_one_site_gaps"": true, ""use_diamond_legalizer"": 1, ""disable_window_extension"": true}",VALID,5599044.1,5599044.1,0.0,0.0,0.0,False
42,19,2,RISCY-a-3-c5,2,"{""max_displacement"": 0, ""site_search_window"": 0, ""row_search_window"": 0, ""disallow_one_site_gaps"": true, ""use_diamond_legalizer"": 1, ""disable_window_extension"": true}","{""max_displacement"": 0, ""site_search_window"": 0, ""row_search_window"": 0, ""disallow_one_site_gaps"": true, ""use_diamond_legalizer"": 1, ""disable_window_extension"": true}",VALID,5599044.1,5599044.1,0.0,0.0,0.0,False
42,19,3,RISCY-a-3-c5,0,"{""max_displacement"": 0, ""site_search_window"": 0, ""row_search_window"": 0, ""disallow_one_site_gaps"": true, ""use_diamond_legalizer"": 1, ""disable_window_extension"": true}","{""max_displacement"": 0, ""site_search_window"": 0, ""row_search_window"": 0, ""disallow_one_site_gaps"": false, ""use_diamond_legalizer"": 1, ""disable_window_extension"": false}",VALID,5599044.1,5599044.1,0.0,0.0,0.0,False
42,19,4,RISCY-a-3-c5,4,"{""max_displacement"": 0, ""site_search_window"": 0, ""row_search_window"": 0, ""disallow_one_site_gaps"": false, ""use_diamond_legalizer"": 1, ""disable_window_extension"": false}","{""max_displacement"": 0, ""site_search_window"": 0, ""row_search_window"": 0, ""disallow_one_site_gaps"": false, ""use_diamond_legalizer"": 1, ""disable_window_extension"": false}",VALID,5599044.1,5599044.1,0.0,0.0,0.0,False
42,19,5,RISCY-a-3-c5,7,"{""max_displacement"": 0, ""site_search_window"": 0, ""row_search_window"": 0, ""disallow_one_site_gaps"": false, ""use_diamond_legalizer"": 1, ""disable_window_extension"": false}","{""max_displacement"": 0, ""site_search_window"": 0, ""row_search_window"": 0, ""disallow_one_site_gaps"": false, ""use_diamond_legalizer"": 1, ""disable_window_extension"": false}",VALID,5599044.1,5599044.1,0.0,0.0,0.0,False
42,19,6,RISCY-a-3-c5,2,"{""max_displacement"": 0, ""site_search_window"": 0, ""row_search_window"": 0, ""disallow_one_site_gaps"": false, ""use_diamond_legalizer"": 1, ""disable_window_extension"": false}","{""max_displacement"": 0, ""site_search_window"": 0, ""row_search_window"": 0, ""disallow_one_site_gaps"": false, ""use_diamond_legalizer"": 1, ""disable_window_extension"": false}",VALID,5599044.1,5599044.1,0.0,0.0,0.0,False
42,19,7,RISCY-a-3-c5,2,"{""max_displacement"": 0, ""site_search_window"": 0, ""row_search_window"": 0, ""disallow_one_site_gaps"": false, ""use_diamond_legalizer"": 1, ""disable_window_extension"": false}","{""max_displacement"": 0, ""site_search_window"": 0, ""row_search_window"": 0, ""disallow_one_site_gaps"": false, ""use_diamond_legalizer"": 1, ""disable_window_extension"": false}",VALID,5599044.1,5599044.1,0.0,0.0,0.0,False
42,19,8,RISCY-a-3-c5,4,"{""max_displacement"": 0, ""site_search_window"": 0, ""row_search_window"": 0, ""disallow_one_site_gaps"": false, ""use_diamond_legalizer"": 1, ""disable_window_extension"": false}","{""max_displacement"": 0, ""site_search_window"": 0, ""row_search_window"": 0, ""disallow_one_site_gaps"": false, ""use_diamond_legalizer"": 1, ""disable_window_extension"": false}",VALID,5599044.1,5599044.1,0.0,0.0,0.0,False
42,19,9,RISCY-a-3-c5,3,"{""max_displacement"": 0, ""site_search_window"": 0, ""row_search_window"": 0, ""disallow_one_site_gaps"": false, ""use_diamond_legalizer"": 1, ""disable_window_extension"": false}","{""max_displacement"": 0, ""site_search_window"": 10, ""row_search_window"": 2, ""disallow_one_site_gaps"": false, ""use_diamond_legalizer"": 1, ""disable_window_extension"": false}",VALID,5599044.1,5599044.1,0.0,0.0,0.0,False
42,19,10,RISCY-a-3-c5,3,"{""max_displacement"": 0, ""site_search_window"": 10, ""row_search_window"": 2, ""disallow_one_site_gaps"": false, ""use_diamond_legalizer"": 1, ""disable_window_extension"": false}","{""max_displacement"": 0, ""site_search_window"": 20, ""row_search_window"": 4, ""disallow_one_site_gaps"": false, ""use_diamond_legalizer"": 1, ""disable_window_extension"": false}",VALID,5599044.1,5599044.1,0.0,0.0,0.0,True
42,20,1,zero-riscy-b-3-c2,5,"{""max_displacement"": 0, ""site_search_window"": 0, ""row_search_window"": 0, ""disallow_one_site_gaps"": 0, ""use_diamond_legalizer"": 1, ""disable_window_extension"": 0}","{""max_displacement"": 10, ""site_search_window"": 10, ""row_search_window"": 0, ""disallow_one_site_gaps"": 0, ""use_diamond_legalizer"": 1, ""disable_window_extension"": 0}",VALID,2341203.8,2341203.8,0.0,0.0,0.0,False
42,20,2,zero-riscy-b-3-c2,6,"{""max_displacement"": 10, ""site_search_window"": 10, ""row_search_window"": 0, ""disallow_one_site_gaps"": 0, ""use_diamond_legalizer"": 1, ""disable_window_extension"": 0}","{""max_displacement"": 0, ""site_search_window"": 0, ""row_search_window"": 0, ""disallow_one_site_gaps"": 0, ""use_diamond_legalizer"": 1, ""disable_window_extension"": 0}",VALID,2341203.8,2341203.8,0.0,0.0,0.0,False
42,20,3,zero-riscy-b-3-c2,3,"{""max_displacement"": 0, ""site_search_window"": 0, ""row_search_window"": 0, ""disallow_one_site_gaps"": 0, ""use_diamond_legalizer"": 1, ""disable_window_extension"": 0}","{""max_displacement"": 0, ""site_search_window"": 10, ""row_search_window"": 2, ""disallow_one_site_gaps"": 0, ""use_diamond_legalizer"": 1, ""disable_window_extension"": 0}",VALID,2341203.8,2341203.8,0.0,0.0,0.0,False
42,20,4,zero-riscy-b-3-c2,7,"{""max_displacement"": 0, ""site_search_window"": 10, ""row_search_window"": 2, ""disallow_one_site_gaps"": 0, ""use_diamond_legalizer"": 1, ""disable_window_extension"": 0}","{""max_displacement"": 0, ""site_search_window"": 10, ""row_search_window"": 2, ""disallow_one_site_gaps"": 0, ""use_diamond_legalizer"": 1, ""disable_window_extension"": 0}",VALID,2341203.8,2341203.8,0.0,0.0,0.0,False
42,20,5,zero-riscy-b-3-c2,0,"{""max_displacement"": 0, ""site_search_window"": 10, ""row_search_window"": 2, ""disallow_one_site_gaps"": 0, ""use_diamond_legalizer"": 1, ""disable_window_extension"": 0}","{""max_displacement"": 0, ""site_search_window"": 10, ""row_search_window"": 2, ""disallow_one_site_gaps"": true, ""use_diamond_legalizer"": 1, ""disable_window_extension"": true}",VALID,2341203.8,2341203.8,0.0,0.0,0.0,False
42,20,6,zero-riscy-b-3-c2,0,"{""max_displacement"": 0, ""site_search_window"": 10, ""row_search_window"": 2, ""disallow_one_site_gaps"": true, ""use_diamond_legalizer"": 1, ""disable_window_extension"": true}","{""max_displacement"": 0, ""site_search_window"": 10, ""row_search_window"": 2, ""disallow_one_site_gaps"": false, ""use_diamond_legalizer"": 1, ""disable_window_extension"": false}",VALID,2341203.8,2341203.8,0.0,0.0,0.0,False
42,20,7,zero-riscy-b-3-c2,3,"{""max_displacement"": 0, ""site_search_window"": 10, ""row_search_window"": 2, ""disallow_one_site_gaps"": false, ""use_diamond_legalizer"": 1, ""disable_window_extension"": false}","{""max_displacement"": 0, ""site_search_window"": 20, ""row_search_window"": 4, ""disallow_one_site_gaps"": false, ""use_diamond_legalizer"": 1, ""disable_window_extension"": false}",VALID,2341203.8,2341203.8,0.0,0.0,0.0,False
42,20,8,zero-riscy-b-3-c2,1,"{""max_displacement"": 0, ""site_search_window"": 20, ""row_search_window"": 4, ""disallow_one_site_gaps"": false, ""use_diamond_legalizer"": 1, ""disable_window_extension"": false}","{""max_displacement"": 10, ""site_search_window"": 30, ""row_search_window"": 6, ""disallow_one_site_gaps"": false, ""use_diamond_legalizer"": 1, ""disable_window_extension"": false}",VALID,2341203.8,2341203.8,0.0,0.0,0.0,False
42,20,9,zero-riscy-b-3-c2,1,"{""max_displacement"": 10, ""site_search_window"": 30, ""row_search_window"": 6, ""disallow_one_site_gaps"": false, ""use_diamond_legalizer"": 1, ""disable_window_extension"": false}","{""max_displacement"": 20, ""site_search_window"": 40, ""row_search_window"": 8, ""disallow_one_site_gaps"": false, ""use_diamond_legalizer"": 1, ""disable_window_extension"": false}",VALID,2341203.8,2341203.8,0.0,0.0,0.0,False
42,20,10,zero-riscy-b-3-c2,6,"{""max_displacement"": 20, ""site_search_window"": 40, ""row_search_window"": 8, ""disallow_one_site_gaps"": false, ""use_diamond_legalizer"": 1, ""disable_window_extension"": false}","{""max_displacement"": 10, ""site_search_window"": 30, ""row_search_window"": 8, ""disallow_one_site_gaps"": false, ""use_diamond_legalizer"": 1, ""disable_window_extension"": false}",VALID,2341203.8,2341203.8,0.0,0.0,0.0,True
42,21,1,RISCY-FPU-a-2-c5,1,"{""max_displacement"": 0, ""site_search_window"": 0, ""row_search_window"": 0, ""disallow_one_site_gaps"": 0, ""use_diamond_legalizer"": 1, ""disable_window_extension"": 0}","{""max_displacement"": 10, ""site_search_window"": 10, ""row_search_window"": 2, ""disallow_one_site_gaps"": 0, ""use_diamond_legalizer"": 1, ""disable_window_extension"": 0}",FAILED,6590100.9,6590100.9,0.0,-100.0,-1.0,False
42,21,2,RISCY-FPU-a-2-c5,7,"{""max_displacement"": 10, ""site_search_window"": 10, ""row_search_window"": 2, ""disallow_one_site_gaps"": 0, ""use_diamond_legalizer"": 1, ""disable_window_extension"": 0}","{""max_displacement"": 10, ""site_search_window"": 10, ""row_search_window"": 2, ""disallow_one_site_gaps"": 0, ""use_diamond_legalizer"": 1, ""disable_window_extension"": 0}",FAILED,6590100.9,6590100.9,0.0,-100.0,-1.0,False
42,21,3,RISCY-FPU-a-2-c5,2,"{""max_displacement"": 10, ""site_search_window"": 10, ""row_search_window"": 2, ""disallow_one_site_gaps"": 0, ""use_diamond_legalizer"": 1, ""disable_window_extension"": 0}","{""max_displacement"": 0, ""site_search_window"": 0, ""row_search_window"": 0, ""disallow_one_site_gaps"": 0, ""use_diamond_legalizer"": 1, ""disable_window_extension"": 0}",VALID,6590100.9,6590100.9,0.0,0.0,0.0,False
42,21,4,RISCY-FPU-a-2-c5,1,"{""max_displacement"": 0, ""site_search_window"": 0, ""row_search_window"": 0, ""disallow_one_site_gaps"": 0, ""use_diamond_legalizer"": 1, ""disable_window_extension"": 0}","{""max_displacement"": 10, ""site_search_window"": 10, ""row_search_window"": 2, ""disallow_one_site_gaps"": 0, ""use_diamond_legalizer"": 1, ""disable_window_extension"": 0}",FAILED,6590100.9,6590100.9,0.0,-100.0,-1.0,False
42,21,5,RISCY-FPU-a-2-c5,7,"{""max_displacement"": 10, ""site_search_window"": 10, ""row_search_window"": 2, ""disallow_one_site_gaps"": 0, ""use_diamond_legalizer"": 1, ""disable_window_extension"": 0}","{""max_displacement"": 10, ""site_search_window"": 10, ""row_search_window"": 2, ""disallow_one_site_gaps"": 0, ""use_diamond_legalizer"": 1, ""disable_window_extension"": 0}",FAILED,6590100.9,6590100.9,0.0,-100.0,-1.0,False
42,21,6,RISCY-FPU-a-2-c5,0,"{""max_displacement"": 10, ""site_search_window"": 10, ""row_search_window"": 2, ""disallow_one_site_gaps"": 0, ""use_diamond_legalizer"": 1, ""disable_window_extension"": 0}","{""max_displacement"": 10, ""site_search_window"": 10, ""row_search_window"": 2, ""disallow_one_site_gaps"": true, ""use_diamond_legalizer"": 1, ""disable_window_extension"": true}",FAILED,6590100.9,6590100.9,0.0,-100.0,-1.0,False
42,21,7,RISCY-FPU-a-2-c5,0,"{""max_displacement"": 10, ""site_search_window"": 10, ""row_search_window"": 2, ""disallow_one_site_gaps"": true, ""use_diamond_legalizer"": 1, ""disable_window_extension"": true}","{""max_displacement"": 10, ""site_search_window"": 10, ""row_search_window"": 2, ""disallow_one_site_gaps"": false, ""use_diamond_legalizer"": 1, ""disable_window_extension"": false}",FAILED,6590100.9,6590100.9,0.0,-100.0,-1.0,False
42,21,8,RISCY-FPU-a-2-c5,0,"{""max_displacement"": 10, ""site_search_window"": 10, ""row_search_window"": 2, ""disallow_one_site_gaps"": false, ""use_diamond_legalizer"": 1, ""disable_window_extension"": false}","{""max_displacement"": 10, ""site_search_window"": 10, ""row_search_window"": 2, ""disallow_one_site_gaps"": true, ""use_diamond_legalizer"": 1, ""disable_window_extension"": true}",FAILED,6590100.9,6590100.9,0.0,-100.0,-1.0,False
42,21,9,RISCY-FPU-a-2-c5,0,"{""max_displacement"": 10, ""site_search_window"": 10, ""row_search_window"": 2, ""disallow_one_site_gaps"": true, ""use_diamond_legalizer"": 1, ""disable_window_extension"": true}","{""max_displacement"": 10, ""site_search_window"": 10, ""row_search_window"": 2, ""disallow_one_site_gaps"": false, ""use_diamond_legalizer"": 1, ""disable_window_extension"": false}",FAILED,6590100.9,6590100.9,0.0,-100.0,-1.0,False
42,21,10,RISCY-FPU-a-2-c5,7,"{""max_displacement"": 10, ""site_search_window"": 10, ""row_search_window"": 2, ""disallow_one_site_gaps"": false, ""use_diamond_legalizer"": 1, ""disable_window_extension"": false}","{""max_displacement"": 10, ""site_search_window"": 10, ""row_search_window"": 2, ""disallow_one_site_gaps"": false, ""use_diamond_legalizer"": 1, ""disable_window_extension"": false}",FAILED,6590100.9,6590100.9,0.0,-100.0,-1.0,True
42,22,1,RISCY-b-3-c2,4,"{""max_displacement"": 0, ""site_search_window"": 0, ""row_search_window"": 0, ""disallow_one_site_gaps"": 0, ""use_diamond_legalizer"": 1, ""disable_window_extension"": 0}","{""max_displacement"": 0, ""site_search_window"": 0, ""row_search_window"": 0, ""disallow_one_site_gaps"": 0, ""use_diamond_legalizer"": 1, ""disable_window_extension"": 0}",VALID,4119260.8,4119260.8,0.0,0.0,0.0,False
42,22,2,RISCY-b-3-c2,3,"{""max_displacement"": 0, ""site_search_window"": 0, ""row_search_window"": 0, ""disallow_one_site_gaps"": 0, ""use_diamond_legalizer"": 1, ""disable_window_extension"": 0}","{""max_displacement"": 0, ""site_search_window"": 10, ""row_search_window"": 2, ""disallow_one_site_gaps"": 0, ""use_diamond_legalizer"": 1, ""disable_window_extension"": 0}",VALID,4119260.8,4119260.8,0.0,0.0,0.0,False
42,22,3,RISCY-b-3-c2,0,"{""max_displacement"": 0, ""site_search_window"": 10, ""row_search_window"": 2, ""disallow_one_site_gaps"": 0, ""use_diamond_legalizer"": 1, ""disable_window_extension"": 0}","{""max_displacement"": 0, ""site_search_window"": 10, ""row_search_window"": 2, ""disallow_one_site_gaps"": true, ""use_diamond_legalizer"": 1, ""disable_window_extension"": true}",VALID,4119260.8,4119260.8,0.0,0.0,0.0,False
42,22,4,RISCY-b-3-c2,6,"{""max_displacement"": 0, ""site_search_window"": 10, ""row_search_window"": 2, ""disallow_one_site_gaps"": true, ""use_diamond_legalizer"": 1, ""disable_window_extension"": true}","{""max_displacement"": 0, ""site_search_window"": 0, ""row_search_window"": 2, ""disallow_one_site_gaps"": true, ""use_diamond_legalizer"": 1, ""disable_window_extension"": true}",VALID,4119260.8,4119260.8,0.0,0.0,0.0,False
42,22,5,RISCY-b-3-c2,1,"{""max_displacement"": 0, ""site_search_window"": 0, ""row_search_window"": 2, ""disallow_one_site_gaps"": true, ""use_diamond_legalizer"": 1, ""disable_window_extension"": true}","{""max_displacement"": 10, ""site_search_window"": 10, ""row_search_window"": 4, ""disallow_one_site_gaps"": true, ""use_diamond_legalizer"": 1, ""disable_window_extension"": true}",VALID,4119260.8,4119224.9,35.89999999990687,0.0009,8.715155884256435e-06,False
42,22,6,RISCY-b-3-c2,5,"{""max_displacement"": 10, ""site_search_window"": 10, ""row_search_window"": 4, ""disallow_one_site_gaps"": true, ""use_diamond_legalizer"": 1, ""disable_window_extension"": true}","{""max_displacement"": 20, ""site_search_window"": 20, ""row_search_window"": 4, ""disallow_one_site_gaps"": true, ""use_diamond_legalizer"": 1, ""disable_window_extension"": true}",VALID,4119260.8,4119260.8,-35.89999999990687,-0.0009,-8.715231838860478e-06,False
42,22,7,RISCY-b-3-c2,0,"{""max_displacement"": 20, ""site_search_window"": 20, ""row_search_window"": 4, ""disallow_one_site_gaps"": true, ""use_diamond_legalizer"": 1, ""disable_window_extension"": true}","{""max_displacement"": 20, ""site_search_window"": 20, ""row_search_window"": 4, ""disallow_one_site_gaps"": false, ""use_diamond_legalizer"": 1, ""disable_window_extension"": false}",VALID,4119260.8,4119260.8,0.0,0.0,0.0,False
42,22,8,RISCY-b-3-c2,0,"{""max_displacement"": 20, ""site_search_window"": 20, ""row_search_window"": 4, ""disallow_one_site_gaps"": false, ""use_diamond_legalizer"": 1, ""disable_window_extension"": false}","{""max_displacement"": 20, ""site_search_window"": 20, ""row_search_window"": 4, ""disallow_one_site_gaps"": true, ""use_diamond_legalizer"": 1, ""disable_window_extension"": true}",VALID,4119260.8,4119260.8,0.0,0.0,0.0,False
42,22,9,RISCY-b-3-c2,4,"{""max_displacement"": 20, ""site_search_window"": 20, ""row_search_window"": 4, ""disallow_one_site_gaps"": true, ""use_diamond_legalizer"": 1, ""disable_window_extension"": true}","{""max_displacement"": 20, ""site_search_window"": 10, ""row_search_window"": 2, ""disallow_one_site_gaps"": true, ""use_diamond_legalizer"": 1, ""disable_window_extension"": true}",VALID,4119260.8,4119260.8,0.0,0.0,0.0,False
42,22,10,RISCY-b-3-c2,6,"{""max_displacement"": 20, ""site_search_window"": 10, ""row_search_window"": 2, ""disallow_one_site_gaps"": true, ""use_diamond_legalizer"": 1, ""disable_window_extension"": true}","{""max_displacement"": 10, ""site_search_window"": 0, ""row_search_window"": 2, ""disallow_one_site_gaps"": true, ""use_diamond_legalizer"": 1, ""disable_window_extension"": true}",VALID,4119260.8,4119224.9,35.89999999990687,0.0009,8.715155884256435e-06,True
42,23,1,zero-riscy-a-2-c5,0,"{""max_displacement"": 0, ""site_search_window"": 0, ""row_search_window"": 0, ""disallow_one_site_gaps"": 0, ""use_diamond_legalizer"": 1, ""disable_window_extension"": 0}","{""max_displacement"": 0, ""site_search_window"": 0, ""row_search_window"": 0, ""disallow_one_site_gaps"": true, ""use_diamond_legalizer"": 1, ""disable_window_extension"": true}",VALID,3745024.3,3745024.3,0.0,0.0,0.0,False
42,23,2,zero-riscy-a-2-c5,2,"{""max_displacement"": 0, ""site_search_window"": 0, ""row_search_window"": 0, ""disallow_one_site_gaps"": true, ""use_diamond_legalizer"": 1, ""disable_window_extension"": true}","{""max_displacement"": 0, ""site_search_window"": 0, ""row_search_window"": 0, ""disallow_one_site_gaps"": true, ""use_diamond_legalizer"": 1, ""disable_window_extension"": true}",VALID,3745024.3,3745024.3,0.0,0.0,0.0,False
42,23,3,zero-riscy-a-2-c5,7,"{""max_displacement"": 0, ""site_search_window"": 0, ""row_search_window"": 0, ""disallow_one_site_gaps"": true, ""use_diamond_legalizer"": 1, ""disable_window_extension"": true}","{""max_displacement"": 0, ""site_search_window"": 0, ""row_search_window"": 0, ""disallow_one_site_gaps"": true, ""use_diamond_legalizer"": 1, ""disable_window_extension"": true}",VALID,3745024.3,3745024.3,0.0,0.0,0.0,False
42,23,4,zero-riscy-a-2-c5,7,"{""max_displacement"": 0, ""site_search_window"": 0, ""row_search_window"": 0, ""disallow_one_site_gaps"": true, ""use_diamond_legalizer"": 1, ""disable_window_extension"": true}","{""max_displacement"": 0, ""site_search_window"": 0, ""row_search_window"": 0, ""disallow_one_site_gaps"": true, ""use_diamond_legalizer"": 1, ""disable_window_extension"": true}",VALID,3745024.3,3745024.3,0.0,0.0,0.0,False
42,23,5,zero-riscy-a-2-c5,1,"{""max_displacement"": 0, ""site_search_window"": 0, ""row_search_window"": 0, ""disallow_one_site_gaps"": true, ""use_diamond_legalizer"": 1, ""disable_window_extension"": true}","{""max_displacement"": 10, ""site_search_window"": 10, ""row_search_window"": 2, ""disallow_one_site_gaps"": true, ""use_diamond_legalizer"": 1, ""disable_window_extension"": true}",VALID,3745024.3,3745024.3,0.0,0.0,0.0,False
42,23,6,zero-riscy-a-2-c5,3,"{""max_displacement"": 10, ""site_search_window"": 10, ""row_search_window"": 2, ""disallow_one_site_gaps"": true, ""use_diamond_legalizer"": 1, ""disable_window_extension"": true}","{""max_displacement"": 10, ""site_search_window"": 20, ""row_search_window"": 4, ""disallow_one_site_gaps"": true, ""use_diamond_legalizer"": 1, ""disable_window_extension"": true}",VALID,3745024.3,3745024.3,0.0,0.0,0.0,False
42,23,7,zero-riscy-a-2-c5,2,"{""max_displacement"": 10, ""site_search_window"": 20, ""row_search_window"": 4, ""disallow_one_site_gaps"": true, ""use_diamond_legalizer"": 1, ""disable_window_extension"": true}","{""max_displacement"": 0, ""site_search_window"": 10, ""row_search_window"": 2, ""disallow_one_site_gaps"": true, ""use_diamond_legalizer"": 1, ""disable_window_extension"": true}",VALID,3745024.3,3745024.3,0.0,0.0,0.0,False
42,23,8,zero-riscy-a-2-c5,7,"{""max_displacement"": 0, ""site_search_window"": 10, ""row_search_window"": 2, ""disallow_one_site_gaps"": true, ""use_diamond_legalizer"": 1, ""disable_window_extension"": true}","{""max_displacement"": 0, ""site_search_window"": 10, ""row_search_window"": 2, ""disallow_one_site_gaps"": true, ""use_diamond_legalizer"": 1, ""disable_window_extension"": true}",VALID,3745024.3,3745024.3,0.0,0.0,0.0,False
42,23,9,zero-riscy-a-2-c5,7,"{""max_displacement"": 0, ""site_search_window"": 10, ""row_search_window"": 2, ""disallow_one_site_gaps"": true, ""use_diamond_legalizer"": 1, ""disable_window_extension"": true}","{""max_displacement"": 0, ""site_search_window"": 10, ""row_search_window"": 2, ""disallow_one_site_gaps"": true, ""use_diamond_legalizer"": 1, ""disable_window_extension"": true}",VALID,3745024.3,3745024.3,0.0,0.0,0.0,False
42,23,10,zero-riscy-a-2-c5,4,"{""max_displacement"": 0, ""site_search_window"": 10, ""row_search_window"": 2, ""disallow_one_site_gaps"": true, ""use_diamond_legalizer"": 1, ""disable_window_extension"": true}","{""max_displacement"": 0, ""site_search_window"": 0, ""row_search_window"": 0, ""disallow_one_site_gaps"": true, ""use_diamond_legalizer"": 1, ""disable_window_extension"": true}",VALID,3745024.3,3745024.3,0.0,0.0,0.0,True
42,24,1,RISCY-b-2-c20,7,"{""max_displacement"": 0, ""site_search_window"": 0, ""row_search_window"": 0, ""disallow_one_site_gaps"": 0, ""use_diamond_legalizer"": 1, ""disable_window_extension"": 0}","{""max_displacement"": 0, ""site_search_window"": 0, ""row_search_window"": 0, ""disallow_one_site_gaps"": 0, ""use_diamond_legalizer"": 1, ""disable_window_extension"": 0}",VALID,2782023.4,2782023.4,0.0,0.0,0.0,False
42,24,2,RISCY-b-2-c20,3,"{""max_displacement"": 0, ""site_search_window"": 0, ""row_search_window"": 0, ""disallow_one_site_gaps"": 0, ""use_diamond_legalizer"": 1, ""disable_window_extension"": 0}","{""max_displacement"": 0, ""site_search_window"": 10, ""row_search_window"": 2, ""disallow_one_site_gaps"": 0, ""use_diamond_legalizer"": 1, ""disable_window_extension"": 0}",VALID,2782023.4,2782023.4,0.0,0.0,0.0,False
42,24,3,RISCY-b-2-c20,6,"{""max_displacement"": 0, ""site_search_window"": 10, ""row_search_window"": 2, ""disallow_one_site_gaps"": 0, ""use_diamond_legalizer"": 1, ""disable_window_extension"": 0}","{""max_displacement"": 0, ""site_search_window"": 0, ""row_search_window"": 2, ""disallow_one_site_gaps"": 0, ""use_diamond_legalizer"": 1, ""disable_window_extension"": 0}",VALID,2782023.4,2782023.4,0.0,0.0,0.0,False
42,24,4,RISCY-b-2-c20,2,"{""max_displacement"": 0, ""site_search_window"": 0, ""row_search_window"": 2, ""disallow_one_site_gaps"": 0, ""use_diamond_legalizer"": 1, ""disable_window_extension"": 0}","{""max_displacement"": 0, ""site_search_window"": 0, ""row_search_window"": 0, ""disallow_one_site_gaps"": 0, ""use_diamond_legalizer"": 1, ""disable_window_extension"": 0}",VALID,2782023.4,2782023.4,0.0,0.0,0.0,False
42,24,5,RISCY-b-2-c20,0,"{""max_displacement"": 0, ""site_search_window"": 0, ""row_search_window"": 0, ""disallow_one_site_gaps"": 0, ""use_diamond_legalizer"": 1, ""disable_window_extension"": 0}","{""max_displacement"": 0, ""site_search_window"": 0, ""row_search_window"": 0, ""disallow_one_site_gaps"": true, ""use_diamond_legalizer"": 1, ""disable_window_extension"": true}",VALID,2782023.4,2782023.4,0.0,0.0,0.0,False
42,24,6,RISCY-b-2-c20,5,"{""max_displacement"": 0, ""site_search_window"": 0, ""row_search_window"": 0, ""disallow_one_site_gaps"": true, ""use_diamond_legalizer"": 1, ""disable_window_extension"": true}","{""max_displacement"": 10, ""site_search_window"": 10, ""row_search_window"": 0, ""disallow_one_site_gaps"": true, ""use_diamond_legalizer"": 1, ""disable_window_extension"": true}",FAILED,2782023.4,2782023.4,0.0,-100.0,-1.0,False
42,24,7,RISCY-b-2-c20,4,"{""max_displacement"": 10, ""site_search_window"": 10, ""row_search_window"": 0, ""disallow_one_site_gaps"": true, ""use_diamond_legalizer"": 1, ""disable_window_extension"": true}","{""max_displacement"": 10, ""site_search_window"": 0, ""row_search_window"": 0, ""disallow_one_site_gaps"": true, ""use_diamond_legalizer"": 1, ""disable_window_extension"": true}",FAILED,2782023.4,2782023.4,0.0,-100.0,-1.0,False
42,24,8,RISCY-b-2-c20,3,"{""max_displacement"": 10, ""site_search_window"": 0, ""row_search_window"": 0, ""disallow_one_site_gaps"": true, ""use_diamond_legalizer"": 1, ""disable_window_extension"": true}","{""max_displacement"": 10, ""site_search_window"": 10, ""row_search_window"": 2, ""disallow_one_site_gaps"": true, ""use_diamond_legalizer"": 1, ""disable_window_extension"": true}",FAILED,2782023.4,2782023.4,0.0,-100.0,-1.0,False
42,24,9,RISCY-b-2-c20,3,"{""max_displacement"": 10, ""site_search_window"": 10, ""row_search_window"": 2, ""disallow_one_site_gaps"": true, ""use_diamond_legalizer"": 1, ""disable_window_extension"": true}","{""max_displacement"": 10, ""site_search_window"": 20, ""row_search_window"": 4, ""disallow_one_site_gaps"": true, ""use_diamond_legalizer"": 1, ""disable_window_extension"": true}",FAILED,2782023.4,2782023.4,0.0,-100.0,-1.0,False
42,24,10,RISCY-b-2-c20,7,"{""max_displacement"": 10, ""site_search_window"": 20, ""row_search_window"": 4, ""disallow_one_site_gaps"": true, ""use_diamond_legalizer"": 1, ""disable_window_extension"": true}","{""max_displacement"": 10, ""site_search_window"": 20, ""row_search_window"": 4, ""disallow_one_site_gaps"": true, ""use_diamond_legalizer"": 1, ""disable_window_extension"": true}",FAILED,2782023.4,2782023.4,0.0,-100.0,-1.0,True
42,25,1,zero-riscy-b-3-c20,2,"{""max_displacement"": 0, ""site_search_window"": 0, ""row_search_window"": 0, ""disallow_one_site_gaps"": 0, ""use_diamond_legalizer"": 1, ""disable_window_extension"": 0}","{""max_displacement"": 0, ""site_search_window"": 0, ""row_search_window"": 0, ""disallow_one_site_gaps"": 0, ""use_diamond_legalizer"": 1, ""disable_window_extension"": 0}",VALID,1996434.6,1996434.6,0.0,0.0,0.0,False
42,25,2,zero-riscy-b-3-c20,5,"{""max_displacement"": 0, ""site_search_window"": 0, ""row_search_window"": 0, ""disallow_one_site_gaps"": 0, ""use_diamond_legalizer"": 1, ""disable_window_extension"": 0}","{""max_displacement"": 10, ""site_search_window"": 10, ""row_search_window"": 0, ""disallow_one_site_gaps"": 0, ""use_diamond_legalizer"": 1, ""disable_window_extension"": 0}",VALID,1996434.6,1996434.6,0.0,0.0,0.0,False
42,25,3,zero-riscy-b-3-c20,1,"{""max_displacement"": 10, ""site_search_window"": 10, ""row_search_window"": 0, ""disallow_one_site_gaps"": 0, ""use_diamond_legalizer"": 1, ""disable_window_extension"": 0}","{""max_displacement"": 20, ""site_search_window"": 20, ""row_search_window"": 2, ""disallow_one_site_gaps"": 0, ""use_diamond_legalizer"": 1, ""disable_window_extension"": 0}",VALID,1996434.6,1996434.6,0.0,0.0,0.0,False
42,25,4,zero-riscy-b-3-c20,3,"{""max_displacement"": 20, ""site_search_window"": 20, ""row_search_window"": 2, ""disallow_one_site_gaps"": 0, ""use_diamond_legalizer"": 1, ""disable_window_extension"": 0}","{""max_displacement"": 20, ""site_search_window"": 30, ""row_search_window"": 4, ""disallow_one_site_gaps"": 0, ""use_diamond_legalizer"": 1, ""disable_window_extension"": 0}",VALID,1996434.6,1996434.6,0.0,0.0,0.0,False
42,25,5,zero-riscy-b-3-c20,5,"{""max_displacement"": 20, ""site_search_window"": 30, ""row_search_window"": 4, ""disallow_one_site_gaps"": 0, ""use_diamond_legalizer"": 1, ""disable_window_extension"": 0}","{""max_displacement"": 30, ""site_search_window"": 40, ""row_search_window"": 4, ""disallow_one_site_gaps"": 0, ""use_diamond_legalizer"": 1, ""disable_window_extension"": 0}",VALID,1996434.6,1996434.6,0.0,0.0,0.0,False
42,25,6,zero-riscy-b-3-c20,1,"{""max_displacement"": 30, ""site_search_window"": 40, ""row_search_window"": 4, ""disallow_one_site_gaps"": 0, ""use_diamond_legalizer"": 1, ""disable_window_extension"": 0}","{""max_displacement"": 40, ""site_search_window"": 50, ""row_search_window"": 6, ""disallow_one_site_gaps"": 0, ""use_diamond_legalizer"": 1, ""disable_window_extension"": 0}",VALID,1996434.6,1996434.6,0.0,0.0,0.0,False
42,25,7,zero-riscy-b-3-c20,3,"{""max_displacement"": 40, ""site_search_window"": 50, ""row_search_window"": 6, ""disallow_one_site_gaps"": 0, ""use_diamond_legalizer"": 1, ""disable_window_extension"": 0}","{""max_displacement"": 40, ""site_search_window"": 60, ""row_search_window"": 8, ""disallow_one_site_gaps"": 0, ""use_diamond_legalizer"": 1, ""disable_window_extension"": 0}",VALID,1996434.6,1996434.6,0.0,0.0,0.0,False
42,25,8,zero-riscy-b-3-c20,7,"{""max_displacement"": 40, ""site_search_window"": 60, ""row_search_window"": 8, ""disallow_one_site_gaps"": 0, ""use_diamond_legalizer"": 1, ""disable_window_extension"": 0}","{""max_displacement"": 40, ""site_search_window"": 60, ""row_search_window"": 8, ""disallow_one_site_gaps"": 0, ""use_diamond_legalizer"": 1, ""disable_window_extension"": 0}",VALID,1996434.6,1996434.6,0.0,0.0,0.0,False
42,25,9,zero-riscy-b-3-c20,7,"{""max_displacement"": 40, ""site_search_window"": 60, ""row_search_window"": 8, ""disallow_one_site_gaps"": 0, ""use_diamond_legalizer"": 1, ""disable_window_extension"": 0}","{""max_displacement"": 40, ""site_search_window"": 60, ""row_search_window"": 8, ""disallow_one_site_gaps"": 0, ""use_diamond_legalizer"": 1, ""disable_window_extension"": 0}",VALID,1996434.6,1996434.6,0.0,0.0,0.0,False
42,25,10,zero-riscy-b-3-c20,4,"{""max_displacement"": 40, ""site_search_window"": 60, ""row_search_window"": 8, ""disallow_one_site_gaps"": 0, ""use_diamond_legalizer"": 1, ""disable_window_extension"": 0}","{""max_displacement"": 40, ""site_search_window"": 50, ""row_search_window"": 6, ""disallow_one_site_gaps"": 0, ""use_diamond_legalizer"": 1, ""disable_window_extension"": 0}",VALID,1996434.6,1996434.6,0.0,0.0,0.0,True
42,26,1,RISCY-FPU-a-1-c5,6,"{""max_displacement"": 0, ""site_search_window"": 0, ""row_search_window"": 0, ""disallow_one_site_gaps"": 0, ""use_diamond_legalizer"": 1, ""disable_window_extension"": 0}","{""max_displacement"": 0, ""site_search_window"": 0, ""row_search_window"": 0, ""disallow_one_site_gaps"": 0, ""use_diamond_legalizer"": 1, ""disable_window_extension"": 0}",VALID,6071437.2,6071437.2,0.0,0.0,0.0,False
42,26,2,RISCY-FPU-a-1-c5,1,"{""max_displacement"": 0, ""site_search_window"": 0, ""row_search_window"": 0, ""disallow_one_site_gaps"": 0, ""use_diamond_legalizer"": 1, ""disable_window_extension"": 0}","{""max_displacement"": 10, ""site_search_window"": 10, ""row_search_window"": 2, ""disallow_one_site_gaps"": 0, ""use_diamond_legalizer"": 1, ""disable_window_extension"": 0}",FAILED,6071437.2,6071437.2,0.0,-100.0,-1.0,False
42,26,3,RISCY-FPU-a-1-c5,0,"{""max_displacement"": 10, ""site_search_window"": 10, ""row_search_window"": 2, ""disallow_one_site_gaps"": 0, ""use_diamond_legalizer"": 1, ""disable_window_extension"": 0}","{""max_displacement"": 10, ""site_search_window"": 10, ""row_search_window"": 2, ""disallow_one_site_gaps"": true, ""use_diamond_legalizer"": 1, ""disable_window_extension"": true}",FAILED,6071437.2,6071437.2,0.0,-100.0,-1.0,False
42,26,4,RISCY-FPU-a-1-c5,1,"{""max_displacement"": 10, ""site_search_window"": 10, ""row_search_window"": 2, ""disallow_one_site_gaps"": true, ""use_diamond_legalizer"": 1, ""disable_window_extension"": true}","{""max_displacement"": 20, ""site_search_window"": 20, ""row_search_window"": 4, ""disallow_one_site_gaps"": true, ""use_diamond_legalizer"": 1, ""disable_window_extension"": true}",VALID,6071437.2,6071437.2,0.0,0.0,0.0,False
42,26,5,RISCY-FPU-a-1-c5,3,"{""max_displacement"": 20, ""site_search_window"": 20, ""row_search_window"": 4, ""disallow_one_site_gaps"": true, ""use_diamond_legalizer"": 1, ""disable_window_extension"": true}","{""max_displacement"": 20, ""site_search_window"": 30, ""row_search_window"": 6, ""disallow_one_site_gaps"": true, ""use_diamond_legalizer"": 1, ""disable_window_extension"": true}",VALID,6071437.2,6071437.2,0.0,0.0,0.0,False
42,26,6,RISCY-FPU-a-1-c5,2,"{""max_displacement"": 20, ""site_search_window"": 30, ""row_search_window"": 6, ""disallow_one_site_gaps"": true, ""use_diamond_legalizer"": 1, ""disable_window_extension"": true}","{""max_displacement"": 10, ""site_search_window"": 20, ""row_search_window"": 4, ""disallow_one_site_gaps"": true, ""use_diamond_legalizer"": 1, ""disable_window_extension"": true}",FAILED,6071437.2,6071437.2,0.0,-100.0,-1.0,False
42,26,7,RISCY-FPU-a-1-c5,6,"{""max_displacement"": 10, ""site_search_window"": 20, ""row_search_window"": 4, ""disallow_one_site_gaps"": true, ""use_diamond_legalizer"": 1, ""disable_window_extension"": true}","{""max_displacement"": 0, ""site_search_window"": 10, ""row_search_window"": 4, ""disallow_one_site_gaps"": true, ""use_diamond_legalizer"": 1, ""disable_window_extension"": true}",VALID,6071437.2,6071437.2,0.0,0.0,0.0,False
42,26,8,RISCY-FPU-a-1-c5,5,"{""max_displacement"": 0, ""site_search_window"": 10, ""row_search_window"": 4, ""disallow_one_site_gaps"": true, ""use_diamond_legalizer"": 1, ""disable_window_extension"": true}","{""max_displacement"": 10, ""site_search_window"": 20, ""row_search_window"": 4, ""disallow_one_site_gaps"": true, ""use_diamond_legalizer"": 1, ""disable_window_extension"": true}",FAILED,6071437.2,6071437.2,0.0,-100.0,-1.0,False
42,26,9,RISCY-FPU-a-1-c5,1,"{""max_displacement"": 10, ""site_search_window"": 20, ""row_search_window"": 4, ""disallow_one_site_gaps"": true, ""use_diamond_legalizer"": 1, ""disable_window_extension"": true}","{""max_displacement"": 20, ""site_search_window"": 30, ""row_search_window"": 6, ""disallow_one_site_gaps"": true, ""use_diamond_legalizer"": 1, ""disable_window_extension"": true}",VALID,6071437.2,6071437.2,0.0,0.0,0.0,False
42,26,10,RISCY-FPU-a-1-c5,3,"{""max_displacement"": 20, ""site_search_window"": 30, ""row_search_window"": 6, ""disallow_one_site_gaps"": true, ""use_diamond_legalizer"": 1, ""disable_window_extension"": true}","{""max_displacement"": 20, ""site_search_window"": 40, ""row_search_window"": 8, ""disallow_one_site_gaps"": true, ""use_diamond_legalizer"": 1, ""disable_window_extension"": true}",VALID,6071437.2,6071437.2,0.0,0.0,0.0,True
42,27,1,RISCY-b-2-c2,3,"{""max_displacement"": 0, ""site_search_window"": 0, ""row_search_window"": 0, ""disallow_one_site_gaps"": 0, ""use_diamond_legalizer"": 1, ""disable_window_extension"": 0}","{""max_displacement"": 0, ""site_search_window"": 10, ""row_search_window"": 2, ""disallow_one_site_gaps"": 0, ""use_diamond_legalizer"": 1, ""disable_window_extension"": 0}",VALID,3574287.5,3574287.5,0.0,0.0,0.0,False
42,27,2,RISCY-b-2-c2,5,"{""max_displacement"": 0, ""site_search_window"": 10, ""row_search_window"": 2, ""disallow_one_site_gaps"": 0, ""use_diamond_legalizer"": 1, ""disable_window_extension"": 0}","{""max_displacement"": 10, ""site_search_window"": 20, ""row_search_window"": 2, ""disallow_one_site_gaps"": 0, ""use_diamond_legalizer"": 1, ""disable_window_extension"": 0}",FAILED,3574287.5,3574287.5,0.0,-100.0,-1.0,False
42,27,3,RISCY-b-2-c2,6,"{""max_displacement"": 10, ""site_search_window"": 20, ""row_search_window"": 2, ""disallow_one_site_gaps"": 0, ""use_diamond_legalizer"": 1, ""disable_window_extension"": 0}","{""max_displacement"": 0, ""site_search_window"": 10, ""row_search_window"": 2, ""disallow_one_site_gaps"": 0, ""use_diamond_legalizer"": 1, ""disable_window_extension"": 0}",VALID,3574287.5,3574287.5,0.0,0.0,0.0,False
42,27,4,RISCY-b-2-c2,7,"{""max_displacement"": 0, ""site_search_window"": 10, ""row_search_window"": 2, ""disallow_one_site_gaps"": 0, ""use_diamond_legalizer"": 1, ""disable_window_extension"": 0}","{""max_displacement"": 0, ""site_search_window"": 10, ""row_search_window"": 2, ""disallow_one_site_gaps"": 0, ""use_diamond_legalizer"": 1, ""disable_window_extension"": 0}",VALID,3574287.5,3574287.5,0.0,0.0,0.0,False
42,27,5,RISCY-b-2-c2,5,"{""max_displacement"": 0, ""site_search_window"": 10, ""row_search_window"": 2, ""disallow_one_site_gaps"": 0, ""use_diamond_legalizer"": 1, ""disable_window_extension"": 0}","{""max_displacement"": 10, ""site_search_window"": 20, ""row_search_window"": 2, ""disallow_one_site_gaps"": 0, ""use_diamond_legalizer"": 1, ""disable_window_extension"": 0}",FAILED,3574287.5,3574287.5,0.0,-100.0,-1.0,False
42,27,6,RISCY-b-2-c2,4,"{""max_displacement"": 10, ""site_search_window"": 20, ""row_search_window"": 2, ""disallow_one_site_gaps"": 0, ""use_diamond_legalizer"": 1, ""disable_window_extension"": 0}","{""max_displacement"": 10, ""site_search_window"": 10, ""row_search_window"": 0, ""disallow_one_site_gaps"": 0, ""use_diamond_legalizer"": 1, ""disable_window_extension"": 0}",FAILED,3574287.5,3574287.5,0.0,-100.0,-1.0,False
42,27,7,RISCY-b-2-c2,3,"{""max_displacement"": 10, ""site_search_window"": 10, ""row_search_window"": 0, ""disallow_one_site_gaps"": 0, ""use_diamond_legalizer"": 1, ""disable_window_extension"": 0}","{""max_displacement"": 10, ""site_search_window"": 20, ""row_search_window"": 2, ""disallow_one_site_gaps"": 0, ""use_diamond_legalizer"": 1, ""disable_window_extension"": 0}",FAILED,3574287.5,3574287.5,0.0,-100.0,-1.0,False
42,27,8,RISCY-b-2-c2,0,"{""max_displacement"": 10, ""site_search_window"": 20, ""row_search_window"": 2, ""disallow_one_site_gaps"": 0, ""use_diamond_legalizer"": 1, ""disable_window_extension"": 0}","{""max_displacement"": 10, ""site_search_window"": 20, ""row_search_window"": 2, ""disallow_one_site_gaps"": true, ""use_diamond_legalizer"": 1, ""disable_window_extension"": true}",FAILED,3574287.5,3574287.5,0.0,-100.0,-1.0,False
42,27,9,RISCY-b-2-c2,1,"{""max_displacement"": 10, ""site_search_window"": 20, ""row_search_window"": 2, ""disallow_one_site_gaps"": true, ""use_diamond_legalizer"": 1, ""disable_window_extension"": true}","{""max_displacement"": 20, ""site_search_window"": 30, ""row_search_window"": 4, ""disallow_one_site_gaps"": true, ""use_diamond_legalizer"": 1, ""disable_window_extension"": true}",VALID,3574287.5,3574287.5,0.0,0.0,0.0,False
42,27,10,RISCY-b-2-c2,5,"{""max_displacement"": 20, ""site_search_window"": 30, ""row_search_window"": 4, ""disallow_one_site_gaps"": true, ""use_diamond_legalizer"": 1, ""disable_window_extension"": true}","{""max_displacement"": 30, ""site_search_window"": 40, ""row_search_window"": 4, ""disallow_one_site_gaps"": true, ""use_diamond_legalizer"": 1, ""disable_window_extension"": true}",VALID,3574287.5,3574287.5,0.0,0.0,0.0,True
42,28,1,RISCY-b-3-c5,6,"{""max_displacement"": 0, ""site_search_window"": 0, ""row_search_window"": 0, ""disallow_one_site_gaps"": 0, ""use_diamond_legalizer"": 1, ""disable_window_extension"": 0}","{""max_displacement"": 0, ""site_search_window"": 0, ""row_search_window"": 0, ""disallow_one_site_gaps"": 0, ""use_diamond_legalizer"": 1, ""disable_window_extension"": 0}",VALID,3393677.9,3393677.9,0.0,0.0,0.0,False
42,28,2,RISCY-b-3-c5,4,"{""max_displacement"": 0, ""site_search_window"": 0, ""row_search_window"": 0, ""disallow_one_site_gaps"": 0, ""use_diamond_legalizer"": 1, ""disable_window_extension"": 0}","{""max_displacement"": 0, ""site_search_window"": 0, ""row_search_window"": 0, ""disallow_one_site_gaps"": 0, ""use_diamond_legalizer"": 1, ""disable_window_extension"": 0}",VALID,3393677.9,3393677.9,0.0,0.0,0.0,False
42,28,3,RISCY-b-3-c5,0,"{""max_displacement"": 0, ""site_search_window"": 0, ""row_search_window"": 0, ""disallow_one_site_gaps"": 0, ""use_diamond_legalizer"": 1, ""disable_window_extension"": 0}","{""max_displacement"": 0, ""site_search_window"": 0, ""row_search_window"": 0, ""disallow_one_site_gaps"": true, ""use_diamond_legalizer"": 1, ""disable_window_extension"": true}",VALID,3393677.9,3393677.9,0.0,0.0,0.0,False
42,28,4,RISCY-b-3-c5,1,"{""max_displacement"": 0, ""site_search_window"": 0, ""row_search_window"": 0, ""disallow_one_site_gaps"": true, ""use_diamond_legalizer"": 1, ""disable_window_extension"": true}","{""max_displacement"": 10, ""site_search_window"": 10, ""row_search_window"": 2, ""disallow_one_site_gaps"": true, ""use_diamond_legalizer"": 1, ""disable_window_extension"": true}",VALID,3393677.9,3393677.9,0.0,0.0,0.0,False
42,28,5,RISCY-b-3-c5,6,"{""max_displacement"": 10, ""site_search_window"": 10, ""row_search_window"": 2, ""disallow_one_site_gaps"": true, ""use_diamond_legalizer"": 1, ""disable_window_extension"": true}","{""max_displacement"": 0, ""site_search_window"": 0, ""row_search_window"": 2, ""disallow_one_site_gaps"": true, ""use_diamond_legalizer"": 1, ""disable_window_extension"": true}",VALID,3393677.9,3393677.9,0.0,0.0,0.0,False
42,28,6,RISCY-b-3-c5,6,"{""max_displacement"": 0, ""site_search_window"": 0, ""row_search_window"": 2, ""disallow_one_site_gaps"": true, ""use_diamond_legalizer"": 1, ""disable_window_extension"": true}","{""max_displacement"": 0, ""site_search_window"": 0, ""row_search_window"": 2, ""disallow_one_site_gaps"": true, ""use_diamond_legalizer"": 1, ""disable_window_extension"": true}",VALID,3393677.9,3393677.9,0.0,0.0,0.0,False
42,28,7,RISCY-b-3-c5,3,"{""max_displacement"": 0, ""site_search_window"": 0, ""row_search_window"": 2, ""disallow_one_site_gaps"": true, ""use_diamond_legalizer"": 1, ""disable_window_extension"": true}","{""max_displacement"": 0, ""site_search_window"": 10, ""row_search_window"": 4, ""disallow_one_site_gaps"": true, ""use_diamond_legalizer"": 1, ""disable_window_extension"": true}",VALID,3393677.9,3393677.9,0.0,0.0,0.0,False
42,28,8,RISCY-b-3-c5,2,"{""max_displacement"": 0, ""site_search_window"": 10, ""row_search_window"": 4, ""disallow_one_site_gaps"": true, ""use_diamond_legalizer"": 1, ""disable_window_extension"": true}","{""max_displacement"": 0, ""site_search_window"": 0, ""row_search_window"": 2, ""disallow_one_site_gaps"": true, ""use_diamond_legalizer"": 1, ""disable_window_extension"": true}",VALID,3393677.9,3393677.9,0.0,0.0,0.0,False
42,28,9,RISCY-b-3-c5,3,"{""max_displacement"": 0, ""site_search_window"": 0, ""row_search_window"": 2, ""disallow_one_site_gaps"": true, ""use_diamond_legalizer"": 1, ""disable_window_extension"": true}","{""max_displacement"": 0, ""site_search_window"": 10, ""row_search_window"": 4, ""disallow_one_site_gaps"": true, ""use_diamond_legalizer"": 1, ""disable_window_extension"": true}",VALID,3393677.9,3393677.9,0.0,0.0,0.0,False
42,28,10,RISCY-b-3-c5,6,"{""max_displacement"": 0, ""site_search_window"": 10, ""row_search_window"": 4, ""disallow_one_site_gaps"": true, ""use_diamond_legalizer"": 1, ""disable_window_extension"": true}","{""max_displacement"": 0, ""site_search_window"": 0, ""row_search_window"": 4, ""disallow_one_site_gaps"": true, ""use_diamond_legalizer"": 1, ""disable_window_extension"": true}",VALID,3393677.9,3393677.9,0.0,0.0,0.0,True
42,29,1,RISCY-FPU-b-2-c2,4,"{""max_displacement"": 0, ""site_search_window"": 0, ""row_search_window"": 0, ""disallow_one_site_gaps"": 0, ""use_diamond_legalizer"": 1, ""disable_window_extension"": 0}","{""max_displacement"": 0, ""site_search_window"": 0, ""row_search_window"": 0, ""disallow_one_site_gaps"": 0, ""use_diamond_legalizer"": 1, ""disable_window_extension"": 0}",VALID,6307671.3,6307671.3,0.0,0.0,0.0,False
42,29,2,RISCY-FPU-b-2-c2,4,"{""max_displacement"": 0, ""site_search_window"": 0, ""row_search_window"": 0, ""disallow_one_site_gaps"": 0, ""use_diamond_legalizer"": 1, ""disable_window_extension"": 0}","{""max_displacement"": 0, ""site_search_window"": 0, ""row_search_window"": 0, ""disallow_one_site_gaps"": 0, ""use_diamond_legalizer"": 1, ""disable_window_extension"": 0}",VALID,6307671.3,6307671.3,0.0,0.0,0.0,False
42,29,3,RISCY-FPU-b-2-c2,1,"{""max_displacement"": 0, ""site_search_window"": 0, ""row_search_window"": 0, ""disallow_one_site_gaps"": 0, ""use_diamond_legalizer"": 1, ""disable_window_extension"": 0}","{""max_displacement"": 10, ""site_search_window"": 10, ""row_search_window"": 2, ""disallow_one_site_gaps"": 0, ""use_diamond_legalizer"": 1, ""disable_window_extension"": 0}",FAILED,6307671.3,6307671.3,0.0,-100.0,-1.0,False
42,29,4,RISCY-FPU-b-2-c2,3,"{""max_displacement"": 10, ""site_search_window"": 10, ""row_search_window"": 2, ""disallow_one_site_gaps"": 0, ""use_diamond_legalizer"": 1, ""disable_window_extension"": 0}","{""max_displacement"": 10, ""site_search_window"": 20, ""row_search_window"": 4, ""disallow_one_site_gaps"": 0, ""use_diamond_legalizer"": 1, ""disable_window_extension"": 0}",FAILED,6307671.3,6307671.3,0.0,-100.0,-1.0,False
42,29,5,RISCY-FPU-b-2-c2,2,"{""max_displacement"": 10, ""site_search_window"": 20, ""row_search_window"": 4, ""disallow_one_site_gaps"": 0, ""use_diamond_legalizer"": 1, ""disable_window_extension"": 0}","{""max_displacement"": 0, ""site_search_window"": 10, ""row_search_window"": 2, ""disallow_one_site_gaps"": 0, ""use_diamond_legalizer"": 1, ""disable_window_extension"": 0}",VALID,6307671.3,6307671.3,0.0,0.0,0.0,False
42,29,6,RISCY-FPU-b-2-c2,1,"{""max_displacement"": 0, ""site_search_window"": 10, ""row_search_window"": 2, ""disallow_one_site_gaps"": 0, ""use_diamond_legalizer"": 1, ""disable_window_extension"": 0}","{""max_displacement"": 10, ""site_search_window"": 20, ""row_search_window"": 4, ""disallow_one_site_gaps"": 0, ""use_diamond_legalizer"": 1, ""disable_window_extension"": 0}",FAILED,6307671.3,6307671.3,0.0,-100.0,-1.0,False
42,29,7,RISCY-FPU-b-2-c2,1,"{""max_displacement"": 10, ""site_search_window"": 20, ""row_search_window"": 4, ""disallow_one_site_gaps"": 0, ""use_diamond_legalizer"": 1, ""disable_window_extension"": 0}","{""max_displacement"": 20, ""site_search_window"": 30, ""row_search_window"": 6, ""disallow_one_site_gaps"": 0, ""use_diamond_legalizer"": 1, ""disable_window_extension"": 0}",FAILED,6307671.3,6307671.3,0.0,-100.0,-1.0,False
42,29,8,RISCY-FPU-b-2-c2,5,"{""max_displacement"": 20, ""site_search_window"": 30, ""row_search_window"": 6, ""disallow_one_site_gaps"": 0, ""use_diamond_legalizer"": 1, ""disable_window_extension"": 0}","{""max_displacement"": 30, ""site_search_window"": 40, ""row_search_window"": 6, ""disallow_one_site_gaps"": 0, ""use_diamond_legalizer"": 1, ""disable_window_extension"": 0}",VALID,6307671.3,6307671.3,0.0,0.0,0.0,False
42,29,9,RISCY-FPU-b-2-c2,4,"{""max_displacement"": 30, ""site_search_window"": 40, ""row_search_window"": 6, ""disallow_one_site_gaps"": 0, ""use_diamond_legalizer"": 1, ""disable_window_extension"": 0}","{""max_displacement"": 30, ""site_search_window"": 30, ""row_search_window"": 4, ""disallow_one_site_gaps"": 0, ""use_diamond_legalizer"": 1, ""disable_window_extension"": 0}",VALID,6307671.3,6307671.3,0.0,0.0,0.0,False
42,29,10,RISCY-FPU-b-2-c2,2,"{""max_displacement"": 30, ""site_search_window"": 30, ""row_search_window"": 4, ""disallow_one_site_gaps"": 0, ""use_diamond_legalizer"": 1, ""disable_window_extension"": 0}","{""max_displacement"": 20, ""site_search_window"": 20, ""row_search_window"": 2, ""disallow_one_site_gaps"": 0, ""use_diamond_legalizer"": 1, ""disable_window_extension"": 0}",FAILED,6307671.3,6307671.3,0.0,-100.0,-1.0,True
42,30,1,RISCY-FPU-b-2-c2,3,"{""max_displacement"": 0, ""site_search_window"": 0, ""row_search_window"": 0, ""disallow_one_site_gaps"": 0, ""use_diamond_legalizer"": 1, ""disable_window_extension"": 0}","{""max_displacement"": 0, ""site_search_window"": 10, ""row_search_window"": 2, ""disallow_one_site_gaps"": 0, ""use_diamond_legalizer"": 1, ""disable_window_extension"": 0}",VALID,6307671.3,6307671.3,0.0,0.0,0.0,False
42,30,2,RISCY-FPU-b-2-c2,1,"{""max_displacement"": 0, ""site_search_window"": 10, ""row_search_window"": 2, ""disallow_one_site_gaps"": 0, ""use_diamond_legalizer"": 1, ""disable_window_extension"": 0}","{""max_displacement"": 10, ""site_search_window"": 20, ""row_search_window"": 4, ""disallow_one_site_gaps"": 0, ""use_diamond_legalizer"": 1, ""disable_window_extension"": 0}",FAILED,6307671.3,6307671.3,0.0,-100.0,-1.0,False
42,30,3,RISCY-FPU-b-2-c2,3,"{""max_displacement"": 10, ""site_search_window"": 20, ""row_search_window"": 4, ""disallow_one_site_gaps"": 0, ""use_diamond_legalizer"": 1, ""disable_window_extension"": 0}","{""max_displacement"": 10, ""site_search_window"": 30, ""row_search_window"": 6, ""disallow_one_site_gaps"": 0, ""use_diamond_legalizer"": 1, ""disable_window_extension"": 0}",FAILED,6307671.3,6307671.3,0.0,-100.0,-1.0,False
42,30,4,RISCY-FPU-b-2-c2,5,"{""max_displacement"": 10, ""site_search_window"": 30, ""row_search_window"": 6, ""disallow_one_site_gaps"": 0, ""use_diamond_legalizer"": 1, ""disable_window_extension"": 0}","{""max_displacement"": 20, ""site_search_window"": 40, ""row_search_window"": 6, ""disallow_one_site_gaps"": 0, ""use_diamond_legalizer"": 1, ""disable_window_extension"": 0}",FAILED,6307671.3,6307671.3,0.0,-100.0,-1.0,False
42,30,5,RISCY-FPU-b-2-c2,7,"{""max_displacement"": 20, ""site_search_window"": 40, ""row_search_window"": 6, ""disallow_one_site_gaps"": 0, ""use_diamond_legalizer"": 1, ""disable_window_extension"": 0}","{""max_displacement"": 20, ""site_search_window"": 40, ""row_search_window"": 6, ""disallow_one_site_gaps"": 0, ""use_diamond_legalizer"": 1, ""disable_window_extension"": 0}",FAILED,6307671.3,6307671.3,0.0,-100.0,-1.0,False
42,30,6,RISCY-FPU-b-2-c2,7,"{""max_displacement"": 20, ""site_search_window"": 40, ""row_search_window"": 6, ""disallow_one_site_gaps"": 0, ""use_diamond_legalizer"": 1, ""disable_window_extension"": 0}","{""max_displacement"": 20, ""site_search_window"": 40, ""row_search_window"": 6, ""disallow_one_site_gaps"": 0, ""use_diamond_legalizer"": 1, ""disable_window_extension"": 0}",FAILED,6307671.3,6307671.3,0.0,-100.0,-1.0,False
42,30,7,RISCY-FPU-b-2-c2,0,"{""max_displacement"": 20, ""site_search_window"": 40, ""row_search_window"": 6, ""disallow_one_site_gaps"": 0, ""use_diamond_legalizer"": 1, ""disable_window_extension"": 0}","{""max_displacement"": 20, ""site_search_window"": 40, ""row_search_window"": 6, ""disallow_one_site_gaps"": true, ""use_diamond_legalizer"": 1, ""disable_window_extension"": true}",FAILED,6307671.3,6307671.3,0.0,-100.0,-1.0,False
42,30,8,RISCY-FPU-b-2-c2,1,"{""max_displacement"": 20, ""site_search_window"": 40, ""row_search_window"": 6, ""disallow_one_site_gaps"": true, ""use_diamond_legalizer"": 1, ""disable_window_extension"": true}","{""max_displacement"": 30, ""site_search_window"": 50, ""row_search_window"": 8, ""disallow_one_site_gaps"": true, ""use_diamond_legalizer"": 1, ""disable_window_extension"": true}",VALID,6307671.3,6307671.3,0.0,0.0,0.0,False
42,30,9,RISCY-FPU-b-2-c2,1,"{""max_displacement"": 30, ""site_search_window"": 50, ""row_search_window"": 8, ""disallow_one_site_gaps"": true, ""use_diamond_legalizer"": 1, ""disable_window_extension"": true}","{""max_displacement"": 40, ""site_search_window"": 60, ""row_search_window"": 10, ""disallow_one_site_gaps"": true, ""use_diamond_legalizer"": 1, ""disable_window_extension"": true}",VALID,6307671.3,6307671.3,0.0,0.0,0.0,False
42,30,10,RISCY-FPU-b-2-c2,4,"{""max_displacement"": 40, ""site_search_window"": 60, ""row_search_window"": 10, ""disallow_one_site_gaps"": true, ""use_diamond_legalizer"": 1, ""disable_window_extension"": true}","{""max_displacement"": 40, ""site_search_window"": 50, ""row_search_window"": 8, ""disallow_one_site_gaps"": true, ""use_diamond_legalizer"": 1, ""disable_window_extension"": true}",VALID,6307671.3,6307671.3,0.0,0.0,0.0,True
42,31,1,RISCY-FPU-a-2-c20,2,"{""max_displacement"": 0, ""site_search_window"": 0, ""row_search_window"": 0, ""disallow_one_site_gaps"": 0, ""use_diamond_legalizer"": 1, ""disable_window_extension"": 0}","{""max_displacement"": 0, ""site_search_window"": 0, ""row_search_window"": 0, ""disallow_one_site_gaps"": 0, ""use_diamond_legalizer"": 1, ""disable_window_extension"": 0}",VALID,7925768.4,7925768.4,0.0,0.0,0.0,False
42,31,2,RISCY-FPU-a-2-c20,6,"{""max_displacement"": 0, ""site_search_window"": 0, ""row_search_window"": 0, ""disallow_one_site_gaps"": 0, ""use_diamond_legalizer"": 1, ""disable_window_extension"": 0}","{""max_displacement"": 0, ""site_search_window"": 0, ""row_search_window"": 0, ""disallow_one_site_gaps"": 0, ""use_diamond_legalizer"": 1, ""disable_window_extension"": 0}",VALID,7925768.4,7925768.4,0.0,0.0,0.0,False
42,31,3,RISCY-FPU-a-2-c20,4,"{""max_displacement"": 0, ""site_search_window"": 0, ""row_search_window"": 0, ""disallow_one_site_gaps"": 0, ""use_diamond_legalizer"": 1, ""disable_window_extension"": 0}","{""max_displacement"": 0, ""site_search_window"": 0, ""row_search_window"": 0, ""disallow_one_site_gaps"": 0, ""use_diamond_legalizer"": 1, ""disable_window_extension"": 0}",VALID,7925768.4,7925768.4,0.0,0.0,0.0,False
42,31,4,RISCY-FPU-a-2-c20,4,"{""max_displacement"": 0, ""site_search_window"": 0, ""row_search_window"": 0, ""disallow_one_site_gaps"": 0, ""use_diamond_legalizer"": 1, ""disable_window_extension"": 0}","{""max_displacement"": 0, ""site_search_window"": 0, ""row_search_window"": 0, ""disallow_one_site_gaps"": 0, ""use_diamond_legalizer"": 1, ""disable_window_extension"": 0}",VALID,7925768.4,7925768.4,0.0,0.0,0.0,False
42,31,5,RISCY-FPU-a-2-c20,7,"{""max_displacement"": 0, ""site_search_window"": 0, ""row_search_window"": 0, ""disallow_one_site_gaps"": 0, ""use_diamond_legalizer"": 1, ""disable_window_extension"": 0}","{""max_displacement"": 0, ""site_search_window"": 0, ""row_search_window"": 0, ""disallow_one_site_gaps"": 0, ""use_diamond_legalizer"": 1, ""disable_window_extension"": 0}",VALID,7925768.4,7925768.4,0.0,0.0,0.0,False
42,31,6,RISCY-FPU-a-2-c20,3,"{""max_displacement"": 0, ""site_search_window"": 0, ""row_search_window"": 0, ""disallow_one_site_gaps"": 0, ""use_diamond_legalizer"": 1, ""disable_window_extension"": 0}","{""max_displacement"": 0, ""site_search_window"": 10, ""row_search_window"": 2, ""disallow_one_site_gaps"": 0, ""use_diamond_legalizer"": 1, ""disable_window_extension"": 0}",VALID,7925768.4,7925768.4,0.0,0.0,0.0,False
42,31,7,RISCY-FPU-a-2-c20,7,"{""max_displacement"": 0, ""site_search_window"": 10, ""row_search_window"": 2, ""disallow_one_site_gaps"": 0, ""use_diamond_legalizer"": 1, ""disable_window_extension"": 0}","{""max_displacement"": 0, ""site_search_window"": 10, ""row_search_window"": 2, ""disallow_one_site_gaps"": 0, ""use_diamond_legalizer"": 1, ""disable_window_extension"": 0}",VALID,7925768.4,7925768.4,0.0,0.0,0.0,False
42,31,8,RISCY-FPU-a-2-c20,4,"{""max_displacement"": 0, ""site_search_window"": 10, ""row_search_window"": 2, ""disallow_one_site_gaps"": 0, ""use_diamond_legalizer"": 1, ""disable_window_extension"": 0}","{""max_displacement"": 0, ""site_search_window"": 0, ""row_search_window"": 0, ""disallow_one_site_gaps"": 0, ""use_diamond_legalizer"": 1, ""disable_window_extension"": 0}",VALID,7925768.4,7925768.4,0.0,0.0,0.0,False
42,31,9,RISCY-FPU-a-2-c20,0,"{""max_displacement"": 0, ""site_search_window"": 0, ""row_search_window"": 0, ""disallow_one_site_gaps"": 0, ""use_diamond_legalizer"": 1, ""disable_window_extension"": 0}","{""max_displacement"": 0, ""site_search_window"": 0, ""row_search_window"": 0, ""disallow_one_site_gaps"": true, ""use_diamond_legalizer"": 1, ""disable_window_extension"": true}",VALID,7925768.4,7925768.4,0.0,0.0,0.0,False
42,31,10,RISCY-FPU-a-2-c20,5,"{""max_displacement"": 0, ""site_search_window"": 0, ""row_search_window"": 0, ""disallow_one_site_gaps"": true, ""use_diamond_legalizer"": 1, ""disable_window_extension"": true}","{""max_displacement"": 10, ""site_search_window"": 10, ""row_search_window"": 0, ""disallow_one_site_gaps"": true, ""use_diamond_legalizer"": 1, ""disable_window_extension"": true}",FAILED,7925768.4,7925768.4,0.0,-100.0,-1.0,True
42,32,1,RISCY-FPU-b-1-c5,4,"{""max_displacement"": 0, ""site_search_window"": 0, ""row_search_window"": 0, ""disallow_one_site_gaps"": 0, ""use_diamond_legalizer"": 1, ""disable_window_extension"": 0}","{""max_displacement"": 0, ""site_search_window"": 0, ""row_search_window"": 0, ""disallow_one_site_gaps"": 0, ""use_diamond_legalizer"": 1, ""disable_window_extension"": 0}",VALID,4682989.8,4682989.8,0.0,0.0,0.0,False
42,32,2,RISCY-FPU-b-1-c5,7,"{""max_displacement"": 0, ""site_search_window"": 0, ""row_search_window"": 0, ""disallow_one_site_gaps"": 0, ""use_diamond_legalizer"": 1, ""disable_window_extension"": 0}","{""max_displacement"": 0, ""site_search_window"": 0, ""row_search_window"": 0, ""disallow_one_site_gaps"": 0, ""use_diamond_legalizer"": 1, ""disable_window_extension"": 0}",VALID,4682989.8,4682989.8,0.0,0.0,0.0,False
42,32,3,RISCY-FPU-b-1-c5,5,"{""max_displacement"": 0, ""site_search_window"": 0, ""row_search_window"": 0, ""disallow_one_site_gaps"": 0, ""use_diamond_legalizer"": 1, ""disable_window_extension"": 0}","{""max_displacement"": 10, ""site_search_window"": 10, ""row_search_window"": 0, ""disallow_one_site_gaps"": 0, ""use_diamond_legalizer"": 1, ""disable_window_extension"": 0}",VALID,4682989.8,4682989.8,0.0,0.0,0.0,False
42,32,4,RISCY-FPU-b-1-c5,2,"{""max_displacement"": 10, ""site_search_window"": 10, ""row_search_window"": 0, ""disallow_one_site_gaps"": 0, ""use_diamond_legalizer"": 1, ""disable_window_extension"": 0}","{""max_displacement"": 0, ""site_search_window"": 0, ""row_search_window"": 0, ""disallow_one_site_gaps"": 0, ""use_diamond_legalizer"": 1, ""disable_window_extension"": 0}",VALID,4682989.8,4682989.8,0.0,0.0,0.0,False
42,32,5,RISCY-FPU-b-1-c5,2,"{""max_displacement"": 0, ""site_search_window"": 0, ""row_search_window"": 0, ""disallow_one_site_gaps"": 0, ""use_diamond_legalizer"": 1, ""disable_window_extension"": 0}","{""max_displacement"": 0, ""site_search_window"": 0, ""row_search_window"": 0, ""disallow_one_site_gaps"": 0, ""use_diamond_legalizer"": 1, ""disable_window_extension"": 0}",VALID,4682989.8,4682989.8,0.0,0.0,0.0,False
42,32,6,RISCY-FPU-b-1-c5,5,"{""max_displacement"": 0, ""site_search_window"": 0, ""row_search_window"": 0, ""disallow_one_site_gaps"": 0, ""use_diamond_legalizer"": 1, ""disable_window_extension"": 0}","{""max_displacement"": 10, ""site_search_window"": 10, ""row_search_window"": 0, ""disallow_one_site_gaps"": 0, ""use_diamond_legalizer"": 1, ""disable_window_extension"": 0}",VALID,4682989.8,4682989.8,0.0,0.0,0.0,False
42,32,7,RISCY-FPU-b-1-c5,0,"{""max_displacement"": 10, ""site_search_window"": 10, ""row_search_window"": 0, ""disallow_one_site_gaps"": 0, ""use_diamond_legalizer"": 1, ""disable_window_extension"": 0}","{""max_displacement"": 10, ""site_search_window"": 10, ""row_search_window"": 0, ""disallow_one_site_gaps"": true, ""use_diamond_legalizer"": 1, ""disable_window_extension"": true}",VALID,4682989.8,4682989.8,0.0,0.0,0.0,False
42,32,8,RISCY-FPU-b-1-c5,7,"{""max_displacement"": 10, ""site_search_window"": 10, ""row_search_window"": 0, ""disallow_one_site_gaps"": true, ""use_diamond_legalizer"": 1, ""disable_window_extension"": true}","{""max_displacement"": 10, ""site_search_window"": 10, ""row_search_window"": 0, ""disallow_one_site_gaps"": true, ""use_diamond_legalizer"": 1, ""disable_window_extension"": true}",VALID,4682989.8,4682989.8,0.0,0.0,0.0,False
42,32,9,RISCY-FPU-b-1-c5,3,"{""max_displacement"": 10, ""site_search_window"": 10, ""row_search_window"": 0, ""disallow_one_site_gaps"": true, ""use_diamond_legalizer"": 1, ""disable_window_extension"": true}","{""max_displacement"": 10, ""site_search_window"": 20, ""row_search_window"": 2, ""disallow_one_site_gaps"": true, ""use_diamond_legalizer"": 1, ""disable_window_extension"": true}",VALID,4682989.8,4682989.8,0.0,0.0,0.0,False
42,32,10,RISCY-FPU-b-1-c5,1,"{""max_displacement"": 10, ""site_search_window"": 20, ""row_search_window"": 2, ""disallow_one_site_gaps"": true, ""use_diamond_legalizer"": 1, ""disable_window_extension"": true}","{""max_displacement"": 20, ""site_search_window"": 30, ""row_search_window"": 4, ""disallow_one_site_gaps"": true, ""use_diamond_legalizer"": 1, ""disable_window_extension"": true}",VALID,4682989.8,4682989.8,0.0,0.0,0.0,True
42,33,1,RISCY-b-2-c20,3,"{""max_displacement"": 0, ""site_search_window"": 0, ""row_search_window"": 0, ""disallow_one_site_gaps"": 0, ""use_diamond_legalizer"": 1, ""disable_window_extension"": 0}","{""max_displacement"": 0, ""site_search_window"": 10, ""row_search_window"": 2, ""disallow_one_site_gaps"": 0, ""use_diamond_legalizer"": 1, ""disable_window_extension"": 0}",VALID,2782023.4,2782023.4,0.0,0.0,0.0,False
42,33,2,RISCY-b-2-c20,2,"{""max_displacement"": 0, ""site_search_window"": 10, ""row_search_window"": 2, ""disallow_one_site_gaps"": 0, ""use_diamond_legalizer"": 1, ""disable_window_extension"": 0}","{""max_displacement"": 0, ""site_search_window"": 0, ""row_search_window"": 0, ""disallow_one_site_gaps"": 0, ""use_diamond_legalizer"": 1, ""disable_window_extension"": 0}",VALID,2782023.4,2782023.4,0.0,0.0,0.0,False
42,33,3,RISCY-b-2-c20,4,"{""max_displacement"": 0, ""site_search_window"": 0, ""row_search_window"": 0, ""disallow_one_site_gaps"": 0, ""use_diamond_legalizer"": 1, ""disable_window_extension"": 0}","{""max_displacement"": 0, ""site_search_window"": 0, ""row_search_window"": 0, ""disallow_one_site_gaps"": 0, ""use_diamond_legalizer"": 1, ""disable_window_extension"": 0}",VALID,2782023.4,2782023.4,0.0,0.0,0.0,False
42,33,4,RISCY-b-2-c20,2,"{""max_displacement"": 0, ""site_search_window"": 0, ""row_search_window"": 0, ""disallow_one_site_gaps"": 0, ""use_diamond_legalizer"": 1, ""disable_window_extension"": 0}","{""max_displacement"": 0, ""site_search_window"": 0, ""row_search_window"": 0, ""disallow_one_site_gaps"": 0, ""use_diamond_legalizer"": 1, ""disable_window_extension"": 0}",VALID,2782023.4,2782023.4,0.0,0.0,0.0,False
42,33,5,RISCY-b-2-c20,1,"{""max_displacement"": 0, ""site_search_window"": 0, ""row_search_window"": 0, ""disallow_one_site_gaps"": 0, ""use_diamond_legalizer"": 1, ""disable_window_extension"": 0}","{""max_displacement"": 10, ""site_search_window"": 10, ""row_search_window"": 2, ""disallow_one_site_gaps"": 0, ""use_diamond_legalizer"": 1, ""disable_window_extension"": 0}",FAILED,2782023.4,2782023.4,0.0,-100.0,-1.0,False
42,33,6,RISCY-b-2-c20,0,"{""max_displacement"": 10, ""site_search_window"": 10, ""row_search_window"": 2, ""disallow_one_site_gaps"": 0, ""use_diamond_legalizer"": 1, ""disable_window_extension"": 0}","{""max_displacement"": 10, ""site_search_window"": 10, ""row_search_window"": 2, ""disallow_one_site_gaps"": true, ""use_diamond_legalizer"": 1, ""disable_window_extension"": true}",FAILED,2782023.4,2782023.4,0.0,-100.0,-1.0,False
42,33,7,RISCY-b-2-c20,2,"{""max_displacement"": 10, ""site_search_window"": 10, ""row_search_window"": 2, ""disallow_one_site_gaps"": true, ""use_diamond_legalizer"": 1, ""disable_window_extension"": true}","{""max_displacement"": 0, ""site_search_window"": 0, ""row_search_window"": 0, ""disallow_one_site_gaps"": true, ""use_diamond_legalizer"": 1, ""disable_window_extension"": true}",VALID,2782023.4,2782023.4,0.0,0.0,0.0,False
42,33,8,RISCY-b-2-c20,3,"{""max_displacement"": 0, ""site_search_window"": 0, ""row_search_window"": 0, ""disallow_one_site_gaps"": true, ""use_diamond_legalizer"": 1, ""disable_window_extension"": true}","{""max_displacement"": 0, ""site_search_window"": 10, ""row_search_window"": 2, ""disallow_one_site_gaps"": true, ""use_diamond_legalizer"": 1, ""disable_window_extension"": true}",VALID,2782023.4,2782023.4,0.0,0.0,0.0,False
42,33,9,RISCY-b-2-c20,2,"{""max_displacement"": 0, ""site_search_window"": 10, ""row_search_window"": 2, ""disallow_one_site_gaps"": true, ""use_diamond_legalizer"": 1, ""disable_window_extension"": true}","{""max_displacement"": 0, ""site_search_window"": 0, ""row_search_window"": 0, ""disallow_one_site_gaps"": true, ""use_diamond_legalizer"": 1, ""disable_window_extension"": true}",VALID,2782023.4,2782023.4,0.0,0.0,0.0,False
42,33,10,RISCY-b-2-c20,2,"{""max_displacement"": 0, ""site_search_window"": 0, ""row_search_window"": 0, ""disallow_one_site_gaps"": true, ""use_diamond_legalizer"": 1, ""disable_window_extension"": true}","{""max_displacement"": 0, ""site_search_window"": 0, ""row_search_window"": 0, ""disallow_one_site_gaps"": true, ""use_diamond_legalizer"": 1, ""disable_window_extension"": true}",VALID,2782023.4,2782023.4,0.0,0.0,0.0,True
42,34,1,RISCY-a-2-c20,4,"{""max_displacement"": 0, ""site_search_window"": 0, ""row_search_window"": 0, ""disallow_one_site_gaps"": 0, ""use_diamond_legalizer"": 1, ""disable_window_extension"": 0}","{""max_displacement"": 0, ""site_search_window"": 0, ""row_search_window"": 0, ""disallow_one_site_gaps"": 0, ""use_diamond_legalizer"": 1, ""disable_window_extension"": 0}",VALID,5798309.8,5798309.8,0.0,0.0,0.0,False
42,34,2,RISCY-a-2-c20,2,"{""max_displacement"": 0, ""site_search_window"": 0, ""row_search_window"": 0, ""disallow_one_site_gaps"": 0, ""use_diamond_legalizer"": 1, ""disable_window_extension"": 0}","{""max_displacement"": 0, ""site_search_window"": 0, ""row_search_window"": 0, ""disallow_one_site_gaps"": 0, ""use_diamond_legalizer"": 1, ""disable_window_extension"": 0}",VALID,5798309.8,5798309.8,0.0,0.0,0.0,False
42,34,3,RISCY-a-2-c20,7,"{""max_displacement"": 0, ""site_search_window"": 0, ""row_search_window"": 0, ""disallow_one_site_gaps"": 0, ""use_diamond_legalizer"": 1, ""disable_window_extension"": 0}","{""max_displacement"": 0, ""site_search_window"": 0, ""row_search_window"": 0, ""disallow_one_site_gaps"": 0, ""use_diamond_legalizer"": 1, ""disable_window_extension"": 0}",VALID,5798309.8,5798309.8,0.0,0.0,0.0,False
42,34,4,RISCY-a-2-c20,5,"{""max_displacement"": 0, ""site_search_window"": 0, ""row_search_window"": 0, ""disallow_one_site_gaps"": 0, ""use_diamond_legalizer"": 1, ""disable_window_extension"": 0}","{""max_displacement"": 10, ""site_search_window"": 10, ""row_search_window"": 0, ""disallow_one_site_gaps"": 0, ""use_diamond_legalizer"": 1, ""disable_window_extension"": 0}",FAILED,5798309.8,5798309.8,0.0,-100.0,-1.0,False
42,34,5,RISCY-a-2-c20,6,"{""max_displacement"": 10, ""site_search_window"": 10, ""row_search_window"": 0, ""disallow_one_site_gaps"": 0, ""use_diamond_legalizer"": 1, ""disable_window_extension"": 0}","{""max_displacement"": 0, ""site_search_window"": 0, ""row_search_window"": 0, ""disallow_one_site_gaps"": 0, ""use_diamond_legalizer"": 1, ""disable_window_extension"": 0}",VALID,5798309.8,5798309.8,0.0,0.0,0.0,False
42,34,6,RISCY-a-2-c20,7,"{""max_displacement"": 0, ""site_search_window"": 0, ""row_search_window"": 0, ""disallow_one_site_gaps"": 0, ""use_diamond_legalizer"": 1, ""disable_window_extension"": 0}","{""max_displacement"": 0, ""site_search_window"": 0, ""row_search_window"": 0, ""disallow_one_site_gaps"": 0, ""use_diamond_legalizer"": 1, ""disable_window_extension"": 0}",VALID,5798309.8,5798309.8,0.0,0.0,0.0,False
42,34,7,RISCY-a-2-c20,6,"{""max_displacement"": 0, ""site_search_window"": 0, ""row_search_window"": 0, ""disallow_one_site_gaps"": 0, ""use_diamond_legalizer"": 1, ""disable_window_extension"": 0}","{""max_displacement"": 0, ""site_search_window"": 0, ""row_search_window"": 0, ""disallow_one_site_gaps"": 0, ""use_diamond_legalizer"": 1, ""disable_window_extension"": 0}",VALID,5798309.8,5798309.8,0.0,0.0,0.0,False
42,34,8,RISCY-a-2-c20,7,"{""max_displacement"": 0, ""site_search_window"": 0, ""row_search_window"": 0, ""disallow_one_site_gaps"": 0, ""use_diamond_legalizer"": 1, ""disable_window_extension"": 0}","{""max_displacement"": 0, ""site_search_window"": 0, ""row_search_window"": 0, ""disallow_one_site_gaps"": 0, ""use_diamond_legalizer"": 1, ""disable_window_extension"": 0}",VALID,5798309.8,5798309.8,0.0,0.0,0.0,False
42,34,9,RISCY-a-2-c20,7,"{""max_displacement"": 0, ""site_search_window"": 0, ""row_search_window"": 0, ""disallow_one_site_gaps"": 0, ""use_diamond_legalizer"": 1, ""disable_window_extension"": 0}","{""max_displacement"": 0, ""site_search_window"": 0, ""row_search_window"": 0, ""disallow_one_site_gaps"": 0, ""use_diamond_legalizer"": 1, ""disable_window_extension"": 0}",VALID,5798309.8,5798309.8,0.0,0.0,0.0,False
42,34,10,RISCY-a-2-c20,7,"{""max_displacement"": 0, ""site_search_window"": 0, ""row_search_window"": 0, ""disallow_one_site_gaps"": 0, ""use_diamond_legalizer"": 1, ""disable_window_extension"": 0}","{""max_displacement"": 0, ""site_search_window"": 0, ""row_search_window"": 0, ""disallow_one_site_gaps"": 0, ""use_diamond_legalizer"": 1, ""disable_window_extension"": 0}",VALID,5798309.8,5798309.8,0.0,0.0,0.0,True
42,35,1,zero-riscy-b-2-c5,5,"{""max_displacement"": 0, ""site_search_window"": 0, ""row_search_window"": 0, ""disallow_one_site_gaps"": 0, ""use_diamond_legalizer"": 1, ""disable_window_extension"": 0}","{""max_displacement"": 10, ""site_search_window"": 10, ""row_search_window"": 0, ""disallow_one_site_gaps"": 0, ""use_diamond_legalizer"": 1, ""disable_window_extension"": 0}",VALID,1887414.5,1887414.5,0.0,0.0,0.0,False
42,35,2,zero-riscy-b-2-c5,1,"{""max_displacement"": 10, ""site_search_window"": 10, ""row_search_window"": 0, ""disallow_one_site_gaps"": 0, ""use_diamond_legalizer"": 1, ""disable_window_extension"": 0}","{""max_displacement"": 20, ""site_search_window"": 20, ""row_search_window"": 2, ""disallow_one_site_gaps"": 0, ""use_diamond_legalizer"": 1, ""disable_window_extension"": 0}",VALID,1887414.5,1887414.5,0.0,0.0,0.0,False
42,35,3,zero-riscy-b-2-c5,0,"{""max_displacement"": 20, ""site_search_window"": 20, ""row_search_window"": 2, ""disallow_one_site_gaps"": 0, ""use_diamond_legalizer"": 1, ""disable_window_extension"": 0}","{""max_displacement"": 20, ""site_search_window"": 20, ""row_search_window"": 2, ""disallow_one_site_gaps"": true, ""use_diamond_legalizer"": 1, ""disable_window_extension"": true}",VALID,1887414.5,1887414.5,0.0,0.0,0.0,False
42,35,4,zero-riscy-b-2-c5,2,"{""max_displacement"": 20, ""site_search_window"": 20, ""row_search_window"": 2, ""disallow_one_site_gaps"": true, ""use_diamond_legalizer"": 1, ""disable_window_extension"": true}","{""max_displacement"": 10, ""site_search_window"": 10, ""row_search_window"": 0, ""disallow_one_site_gaps"": true, ""use_diamond_legalizer"": 1, ""disable_window_extension"": true}",VALID,1887414.5,1887414.5,0.0,0.0,0.0,False
42,35,5,zero-riscy-b-2-c5,0,"{""max_displacement"": 10, ""site_search_window"": 10, ""row_search_window"": 0, ""disallow_one_site_gaps"": true, ""use_diamond_legalizer"": 1, ""disable_window_extension"": true}","{""max_displacement"": 10, ""site_search_window"": 10, ""row_search_window"": 0, ""disallow_one_site_gaps"": false, ""use_diamond_legalizer"": 1, ""disable_window_extension"": false}",VALID,1887414.5,1887414.5,0.0,0.0,0.0,False
42,35,6,zero-riscy-b-2-c5,2,"{""max_displacement"": 10, ""site_search_window"": 10, ""row_search_window"": 0, ""disallow_one_site_gaps"": false, ""use_diamond_legalizer"": 1, ""disable_window_extension"": false}","{""max_displacement"": 0, ""site_search_window"": 0, ""row_search_window"": 0, ""disallow_one_site_gaps"": false, ""use_diamond_legalizer"": 1, ""disable_window_extension"": false}",VALID,1887414.5,1887414.5,0.0,0.0,0.0,False
42,35,7,zero-riscy-b-2-c5,3,"{""max_displacement"": 0, ""site_search_window"": 0, ""row_search_window"": 0, ""disallow_one_site_gaps"": false, ""use_diamond_legalizer"": 1, ""disable_window_extension"": false}","{""max_displacement"": 0, ""site_search_window"": 10, ""row_search_window"": 2, ""disallow_one_site_gaps"": false, ""use_diamond_legalizer"": 1, ""disable_window_extension"": false}",VALID,1887414.5,1887414.5,0.0,0.0,0.0,False
42,35,8,zero-riscy-b-2-c5,6,"{""max_displacement"": 0, ""site_search_window"": 10, ""row_search_window"": 2, ""disallow_one_site_gaps"": false, ""use_diamond_legalizer"": 1, ""disable_window_extension"": false}","{""max_displacement"": 0, ""site_search_window"": 0, ""row_search_window"": 2, ""disallow_one_site_gaps"": false, ""use_diamond_legalizer"": 1, ""disable_window_extension"": false}",VALID,1887414.5,1887414.5,0.0,0.0,0.0,False
42,35,9,zero-riscy-b-2-c5,7,"{""max_displacement"": 0, ""site_search_window"": 0, ""row_search_window"": 2, ""disallow_one_site_gaps"": false, ""use_diamond_legalizer"": 1, ""disable_window_extension"": false}","{""max_displacement"": 0, ""site_search_window"": 0, ""row_search_window"": 2, ""disallow_one_site_gaps"": false, ""use_diamond_legalizer"": 1, ""disable_window_extension"": false}",VALID,1887414.5,1887414.5,0.0,0.0,0.0,False
42,35,10,zero-riscy-b-2-c5,2,"{""max_displacement"": 0, ""site_search_window"": 0, ""row_search_window"": 2, ""disallow_one_site_gaps"": false, ""use_diamond_legalizer"": 1, ""disable_window_extension"": false}","{""max_displacement"": 0, ""site_search_window"": 0, ""row_search_window"": 0, ""disallow_one_site_gaps"": false, ""use_diamond_legalizer"": 1, ""disable_window_extension"": false}",VALID,1887414.5,1887414.5,0.0,0.0,0.0,True
42,36,1,RISCY-a-3-c5,7,"{""max_displacement"": 0, ""site_search_window"": 0, ""row_search_window"": 0, ""disallow_one_site_gaps"": 0, ""use_diamond_legalizer"": 1, ""disable_window_extension"": 0}","{""max_displacement"": 0, ""site_search_window"": 0, ""row_search_window"": 0, ""disallow_one_site_gaps"": 0, ""use_diamond_legalizer"": 1, ""disable_window_extension"": 0}",VALID,5599044.1,5599044.1,0.0,0.0,0.0,False
42,36,2,RISCY-a-3-c5,1,"{""max_displacement"": 0, ""site_search_window"": 0, ""row_search_window"": 0, ""disallow_one_site_gaps"": 0, ""use_diamond_legalizer"": 1, ""disable_window_extension"": 0}","{""max_displacement"": 10, ""site_search_window"": 10, ""row_search_window"": 2, ""disallow_one_site_gaps"": 0, ""use_diamond_legalizer"": 1, ""disable_window_extension"": 0}",FAILED,5599044.1,5599044.1,0.0,-100.0,-1.0,False
42,36,3,RISCY-a-3-c5,5,"{""max_displacement"": 10, ""site_search_window"": 10, ""row_search_window"": 2, ""disallow_one_site_gaps"": 0, ""use_diamond_legalizer"": 1, ""disable_window_extension"": 0}","{""max_displacement"": 20, ""site_search_window"": 20, ""row_search_window"": 2, ""disallow_one_site_gaps"": 0, ""use_diamond_legalizer"": 1, ""disable_window_extension"": 0}",VALID,5599044.1,5598956.4,87.69999999925494,0.0015999999999999999,1.566338796996704e-05,False
42,36,4,RISCY-a-3-c5,7,"{""max_displacement"": 20, ""site_search_window"": 20, ""row_search_window"": 2, ""disallow_one_site_gaps"": 0, ""use_diamond_legalizer"": 1, ""disable_window_extension"": 0}","{""max_displacement"": 20, ""site_search_window"": 20, ""row_search_window"": 2, ""disallow_one_site_gaps"": 0, ""use_diamond_legalizer"": 1, ""disable_window_extension"": 0}",VALID,5599044.1,5598956.4,0.0,0.0,0.0,False
42,36,5,RISCY-a-3-c5,7,"{""max_displacement"": 20, ""site_search_window"": 20, ""row_search_window"": 2, ""disallow_one_site_gaps"": 0, ""use_diamond_legalizer"": 1, ""disable_window_extension"": 0}","{""max_displacement"": 20, ""site_search_window"": 20, ""row_search_window"": 2, ""disallow_one_site_gaps"": 0, ""use_diamond_legalizer"": 1, ""disable_window_extension"": 0}",VALID,5599044.1,5598956.4,0.0,0.0,0.0,False
42,36,6,RISCY-a-3-c5,2,"{""max_displacement"": 20, ""site_search_window"": 20, ""row_search_window"": 2, ""disallow_one_site_gaps"": 0, ""use_diamond_legalizer"": 1, ""disable_window_extension"": 0}","{""max_displacement"": 10, ""site_search_window"": 10, ""row_search_window"": 0, ""disallow_one_site_gaps"": 0, ""use_diamond_legalizer"": 1, ""disable_window_extension"": 0}",FAILED,5599044.1,5598956.4,0.0,-100.0,-1.0,False
42,36,7,RISCY-a-3-c5,2,"{""max_displacement"": 10, ""site_search_window"": 10, ""row_search_window"": 0, ""disallow_one_site_gaps"": 0, ""use_diamond_legalizer"": 1, ""disable_window_extension"": 0}","{""max_displacement"": 0, ""site_search_window"": 0, ""row_search_window"": 0, ""disallow_one_site_gaps"": 0, ""use_diamond_legalizer"": 1, ""disable_window_extension"": 0}",VALID,5599044.1,5599044.1,-87.69999999925494,-0.0015999999999999999,-1.5663633315532682e-05,False
42,36,8,RISCY-a-3-c5,3,"{""max_displacement"": 0, ""site_search_window"": 0, ""row_search_window"": 0, ""disallow_one_site_gaps"": 0, ""use_diamond_legalizer"": 1, ""disable_window_extension"": 0}","{""max_displacement"": 0, ""site_search_window"": 10, ""row_search_window"": 2, ""disallow_one_site_gaps"": 0, ""use_diamond_legalizer"": 1, ""disable_window_extension"": 0}",VALID,5599044.1,5599044.1,0.0,0.0,0.0,False
42,36,9,RISCY-a-3-c5,4,"{""max_displacement"": 0, ""site_search_window"": 10, ""row_search_window"": 2, ""disallow_one_site_gaps"": 0, ""use_diamond_legalizer"": 1, ""disable_window_extension"": 0}","{""max_displacement"": 0, ""site_search_window"": 0, ""row_search_window"": 0, ""disallow_one_site_gaps"": 0, ""use_diamond_legalizer"": 1, ""disable_window_extension"": 0}",VALID,5599044.1,5599044.1,0.0,0.0,0.0,False
42,36,10,RISCY-a-3-c5,5,"{""max_displacement"": 0, ""site_search_window"": 0, ""row_search_window"": 0, ""disallow_one_site_gaps"": 0, ""use_diamond_legalizer"": 1, ""disable_window_extension"": 0}","{""max_displacement"": 10, ""site_search_window"": 10, ""row_search_window"": 0, ""disallow_one_site_gaps"": 0, ""use_diamond_legalizer"": 1, ""disable_window_extension"": 0}",FAILED,5599044.1,5599044.1,0.0,-100.0,-1.0,True
42,37,1,zero-riscy-a-2-c20,5,"{""max_displacement"": 0, ""site_search_window"": 0, ""row_search_window"": 0, ""disallow_one_site_gaps"": 0, ""use_diamond_legalizer"": 1, ""disable_window_extension"": 0}","{""max_displacement"": 10, ""site_search_window"": 10, ""row_search_window"": 0, ""disallow_one_site_gaps"": 0, ""use_diamond_legalizer"": 1, ""disable_window_extension"": 0}",VALID,3884748.2,3884737.2,11.0,0.00030000000000000003,2.8315863560989616e-06,False
42,37,2,zero-riscy-a-2-c20,4,"{""max_displacement"": 10, ""site_search_window"": 10, ""row_search_window"": 0, ""disallow_one_site_gaps"": 0, ""use_diamond_legalizer"": 1, ""disable_window_extension"": 0}","{""max_displacement"": 10, ""site_search_window"": 0, ""row_search_window"": 0, ""disallow_one_site_gaps"": 0, ""use_diamond_legalizer"": 1, ""disable_window_extension"": 0}",VALID,3884748.2,3884737.2,0.0,0.0,0.0,False
42,37,3,zero-riscy-a-2-c20,0,"{""max_displacement"": 10, ""site_search_window"": 0, ""row_search_window"": 0, ""disallow_one_site_gaps"": 0, ""use_diamond_legalizer"": 1, ""disable_window_extension"": 0}","{""max_displacement"": 10, ""site_search_window"": 0, ""row_search_window"": 0, ""disallow_one_site_gaps"": true, ""use_diamond_legalizer"": 1, ""disable_window_extension"": true}",VALID,3884748.2,3884737.2,0.0,0.0,0.0,False
42,37,4,zero-riscy-a-2-c20,3,"{""max_displacement"": 10, ""site_search_window"": 0, ""row_search_window"": 0, ""disallow_one_site_gaps"": true, ""use_diamond_legalizer"": 1, ""disable_window_extension"": true}","{""max_displacement"": 10, ""site_search_window"": 10, ""row_search_window"": 2, ""disallow_one_site_gaps"": true, ""use_diamond_legalizer"": 1, ""disable_window_extension"": true}",VALID,3884748.2,3884737.2,0.0,0.0,0.0,False
42,37,5,zero-riscy-a-2-c20,4,"{""max_displacement"": 10, ""site_search_window"": 10, ""row_search_window"": 2, ""disallow_one_site_gaps"": true, ""use_diamond_legalizer"": 1, ""disable_window_extension"": true}","{""max_displacement"": 10, ""site_search_window"": 0, ""row_search_window"": 0, ""disallow_one_site_gaps"": true, ""use_diamond_legalizer"": 1, ""disable_window_extension"": true}",VALID,3884748.2,3884737.2,0.0,0.0,0.0,False
42,37,6,zero-riscy-a-2-c20,6,"{""max_displacement"": 10, ""site_search_window"": 0, ""row_search_window"": 0, ""disallow_one_site_gaps"": true, ""use_diamond_legalizer"": 1, ""disable_window_extension"": true}","{""max_displacement"": 0, ""site_search_window"": 0, ""row_search_window"": 0, ""disallow_one_site_gaps"": true, ""use_diamond_legalizer"": 1, ""disable_window_extension"": true}",VALID,3884748.2,3884748.2,-11.0,-0.00030000000000000003,-2.831594374002957e-06,False
42,37,7,zero-riscy-a-2-c20,1,"{""max_displacement"": 0, ""site_search_window"": 0, ""row_search_window"": 0, ""disallow_one_site_gaps"": true, ""use_diamond_legalizer"": 1, ""disable_window_extension"": true}","{""max_displacement"": 10, ""site_search_window"": 10, ""row_search_window"": 2, ""disallow_one_site_gaps"": true, ""use_diamond_legalizer"": 1, ""disable_window_extension"": true}",VALID,3884748.2,3884737.2,11.0,0.00030000000000000003,2.8315863560989616e-06,False
42,37,8,zero-riscy-a-2-c20,6,"{""max_displacement"": 10, ""site_search_window"": 10, ""row_search_window"": 2, ""disallow_one_site_gaps"": true, ""use_diamond_legalizer"": 1, ""disable_window_extension"": true}","{""max_displacement"": 0, ""site_search_window"": 0, ""row_search_window"": 2, ""disallow_one_site_gaps"": true, ""use_diamond_legalizer"": 1, ""disable_window_extension"": true}",VALID,3884748.2,3884748.2,-11.0,-0.00030000000000000003,-2.831594374002957e-06,False
42,37,9,zero-riscy-a-2-c20,0,"{""max_displacement"": 0, ""site_search_window"": 0, ""row_search_window"": 2, ""disallow_one_site_gaps"": true, ""use_diamond_legalizer"": 1, ""disable_window_extension"": true}","{""max_displacement"": 0, ""site_search_window"": 0, ""row_search_window"": 2, ""disallow_one_site_gaps"": false, ""use_diamond_legalizer"": 1, ""disable_window_extension"": false}",VALID,3884748.2,3884748.2,0.0,0.0,0.0,False
42,37,10,zero-riscy-a-2-c20,3,"{""max_displacement"": 0, ""site_search_window"": 0, ""row_search_window"": 2, ""disallow_one_site_gaps"": false, ""use_diamond_legalizer"": 1, ""disable_window_extension"": false}","{""max_displacement"": 0, ""site_search_window"": 10, ""row_search_window"": 4, ""disallow_one_site_gaps"": false, ""use_diamond_legalizer"": 1, ""disable_window_extension"": false}",VALID,3884748.2,3884748.2,0.0,0.0,0.0,True
42,38,1,RISCY-a-3-c5,0,"{""max_displacement"": 0, ""site_search_window"": 0, ""row_search_window"": 0, ""disallow_one_site_gaps"": 0, ""use_diamond_legalizer"": 1, ""disable_window_extension"": 0}","{""max_displacement"": 0, ""site_search_window"": 0, ""row_search_window"": 0, ""disallow_one_site_gaps"": true, ""use_diamond_legalizer"": 1, ""disable_window_extension"": true}",VALID,5599044.1,5599044.1,0.0,0.0,0.0,False
42,38,2,RISCY-a-3-c5,5,"{""max_displacement"": 0, ""site_search_window"": 0, ""row_search_window"": 0, ""disallow_one_site_gaps"": true, ""use_diamond_legalizer"": 1, ""disable_window_extension"": true}","{""max_displacement"": 10, ""site_search_window"": 10, ""row_search_window"": 0, ""disallow_one_site_gaps"": true, ""use_diamond_legalizer"": 1, ""disable_window_extension"": true}",FAILED,5599044.1,5599044.1,0.0,-100.0,-1.0,False
42,38,3,RISCY-a-3-c5,4,"{""max_displacement"": 10, ""site_search_window"": 10, ""row_search_window"": 0, ""disallow_one_site_gaps"": true, ""use_diamond_legalizer"": 1, ""disable_window_extension"": true}","{""max_displacement"": 10, ""site_search_window"": 0, ""row_search_window"": 0, ""disallow_one_site_gaps"": true, ""use_diamond_legalizer"": 1, ""disable_window_extension"": true}",FAILED,5599044.1,5599044.1,0.0,-100.0,-1.0,False
42,38,4,RISCY-a-3-c5,2,"{""max_displacement"": 10, ""site_search_window"": 0, ""row_search_window"": 0, ""disallow_one_site_gaps"": true, ""use_diamond_legalizer"": 1, ""disable_window_extension"": true}","{""max_displacement"": 0, ""site_search_window"": 0, ""row_search_window"": 0, ""disallow_one_site_gaps"": true, ""use_diamond_legalizer"": 1, ""disable_window_extension"": true}",VALID,5599044.1,5599044.1,0.0,0.0,0.0,False
42,38,5,RISCY-a-3-c5,4,"{""max_displacement"": 0, ""site_search_window"": 0, ""row_search_window"": 0, ""disallow_one_site_gaps"": true, ""use_diamond_legalizer"": 1, ""disable_window_extension"": true}","{""max_displacement"": 0, ""site_search_window"": 0, ""row_search_window"": 0, ""disallow_one_site_gaps"": true, ""use_diamond_legalizer"": 1, ""disable_window_extension"": true}",VALID,5599044.1,5599044.1,0.0,0.0,0.0,False
42,38,6,RISCY-a-3-c5,7,"{""max_displacement"": 0, ""site_search_window"": 0, ""row_search_window"": 0, ""disallow_one_site_gaps"": true, ""use_diamond_legalizer"": 1, ""disable_window_extension"": true}","{""max_displacement"": 0, ""site_search_window"": 0, ""row_search_window"": 0, ""disallow_one_site_gaps"": true, ""use_diamond_legalizer"": 1, ""disable_window_extension"": true}",VALID,5599044.1,5599044.1,0.0,0.0,0.0,False
42,38,7,RISCY-a-3-c5,0,"{""max_displacement"": 0, ""site_search_window"": 0, ""row_search_window"": 0, ""disallow_one_site_gaps"": true, ""use_diamond_legalizer"": 1, ""disable_window_extension"": true}","{""max_displacement"": 0, ""site_search_window"": 0, ""row_search_window"": 0, ""disallow_one_site_gaps"": false, ""use_diamond_legalizer"": 1, ""disable_window_extension"": false}",VALID,5599044.1,5599044.1,0.0,0.0,0.0,False
42,38,8,RISCY-a-3-c5,2,"{""max_displacement"": 0, ""site_search_window"": 0, ""row_search_window"": 0, ""disallow_one_site_gaps"": false, ""use_diamond_legalizer"": 1, ""disable_window_extension"": false}","{""max_displacement"": 0, ""site_search_window"": 0, ""row_search_window"": 0, ""disallow_one_site_gaps"": false, ""use_diamond_legalizer"": 1, ""disable_window_extension"": false}",VALID,5599044.1,5599044.1,0.0,0.0,0.0,False
42,38,9,RISCY-a-3-c5,3,"{""max_displacement"": 0, ""site_search_window"": 0, ""row_search_window"": 0, ""disallow_one_site_gaps"": false, ""use_diamond_legalizer"": 1, ""disable_window_extension"": false}","{""max_displacement"": 0, ""site_search_window"": 10, ""row_search_window"": 2, ""disallow_one_site_gaps"": false, ""use_diamond_legalizer"": 1, ""disable_window_extension"": false}",VALID,5599044.1,5599044.1,0.0,0.0,0.0,False
42,38,10,RISCY-a-3-c5,5,"{""max_displacement"": 0, ""site_search_window"": 10, ""row_search_window"": 2, ""disallow_one_site_gaps"": false, ""use_diamond_legalizer"": 1, ""disable_window_extension"": false}","{""max_displacement"": 10, ""site_search_window"": 20, ""row_search_window"": 2, ""disallow_one_site_gaps"": false, ""use_diamond_legalizer"": 1, ""disable_window_extension"": false}",FAILED,5599044.1,5599044.1,0.0,-100.0,-1.0,True
42,39,1,zero-riscy-b-1-c20,3,"{""max_displacement"": 0, ""site_search_window"": 0, ""row_search_window"": 0, ""disallow_one_site_gaps"": 0, ""use_diamond_legalizer"": 1, ""disable_window_extension"": 0}","{""max_displacement"": 0, ""site_search_window"": 10, ""row_search_window"": 2, ""disallow_one_site_gaps"": 0, ""use_diamond_legalizer"": 1, ""disable_window_extension"": 0}",VALID,1957747.6,1957747.6,0.0,0.0,0.0,False
42,39,2,zero-riscy-b-1-c20,6,"{""max_displacement"": 0, ""site_search_window"": 10, ""row_search_window"": 2, ""disallow_one_site_gaps"": 0, ""use_diamond_legalizer"": 1, ""disable_window_extension"": 0}","{""max_displacement"": 0, ""site_search_window"": 0, ""row_search_window"": 2, ""disallow_one_site_gaps"": 0, ""use_diamond_legalizer"": 1, ""disable_window_extension"": 0}",VALID,1957747.6,1957747.6,0.0,0.0,0.0,False
42,39,3,zero-riscy-b-1-c20,4,"{""max_displacement"": 0, ""site_search_window"": 0, ""row_search_window"": 2, ""disallow_one_site_gaps"": 0, ""use_diamond_legalizer"": 1, ""disable_window_extension"": 0}","{""max_displacement"": 0, ""site_search_window"": 0, ""row_search_window"": 0, ""disallow_one_site_gaps"": 0, ""use_diamond_legalizer"": 1, ""disable_window_extension"": 0}",VALID,1957747.6,1957747.6,0.0,0.0,0.0,False
42,39,4,zero-riscy-b-1-c20,1,"{""max_displacement"": 0, ""site_search_window"": 0, ""row_search_window"": 0, ""disallow_one_site_gaps"": 0, ""use_diamond_legalizer"": 1, ""disable_window_extension"": 0}","{""max_displacement"": 10, ""site_search_window"": 10, ""row_search_window"": 2, ""disallow_one_site_gaps"": 0, ""use_diamond_legalizer"": 1, ""disable_window_extension"": 0}",VALID,1957747.6,1957747.6,0.0,0.0,0.0,False
42,39,5,zero-riscy-b-1-c20,5,"{""max_displacement"": 10, ""site_search_window"": 10, ""row_search_window"": 2, ""disallow_one_site_gaps"": 0, ""use_diamond_legalizer"": 1, ""disable_window_extension"": 0}","{""max_displacement"": 20, ""site_search_window"": 20, ""row_search_window"": 2, ""disallow_one_site_gaps"": 0, ""use_diamond_legalizer"": 1, ""disable_window_extension"": 0}",VALID,1957747.6,1957747.6,0.0,0.0,0.0,False
42,39,6,zero-riscy-b-1-c20,2,"{""max_displacement"": 20, ""site_search_window"": 20, ""row_search_window"": 2, ""disallow_one_site_gaps"": 0, ""use_diamond_legalizer"": 1, ""disable_window_extension"": 0}","{""max_displacement"": 10, ""site_search_window"": 10, ""row_search_window"": 0, ""disallow_one_site_gaps"": 0, ""use_diamond_legalizer"": 1, ""disable_window_extension"": 0}",VALID,1957747.6,1957747.6,0.0,0.0,0.0,False
42,39,7,zero-riscy-b-1-c20,0,"{""max_displacement"": 10, ""site_search_window"": 10, ""row_search_window"": 0, ""disallow_one_site_gaps"": 0, ""use_diamond_legalizer"": 1, ""disable_window_extension"": 0}","{""max_displacement"": 10, ""site_search_window"": 10, ""row_search_window"": 0, ""disallow_one_site_gaps"": true, ""use_diamond_legalizer"": 1, ""disable_window_extension"": true}",VALID,1957747.6,1957747.6,0.0,0.0,0.0,False
42,39,8,zero-riscy-b-1-c20,2,"{""max_displacement"": 10, ""site_search_window"": 10, ""row_search_window"": 0, ""disallow_one_site_gaps"": true, ""use_diamond_legalizer"": 1, ""disable_window_extension"": true}","{""max_displacement"": 0, ""site_search_window"": 0, ""row_search_window"": 0, ""disallow_one_site_gaps"": true, ""use_diamond_legalizer"": 1, ""disable_window_extension"": true}",VALID,1957747.6,1957747.6,0.0,0.0,0.0,False
42,39,9,zero-riscy-b-1-c20,1,"{""max_displacement"": 0, ""site_search_window"": 0, ""row_search_window"": 0, ""disallow_one_site_gaps"": true, ""use_diamond_legalizer"": 1, ""disable_window_extension"": true}","{""max_displacement"": 10, ""site_search_window"": 10, ""row_search_window"": 2, ""disallow_one_site_gaps"": true, ""use_diamond_legalizer"": 1, ""disable_window_extension"": true}",VALID,1957747.6,1957747.6,0.0,0.0,0.0,False
42,39,10,zero-riscy-b-1-c20,7,"{""max_displacement"": 10, ""site_search_window"": 10, ""row_search_window"": 2, ""disallow_one_site_gaps"": true, ""use_diamond_legalizer"": 1, ""disable_window_extension"": true}","{""max_displacement"": 10, ""site_search_window"": 10, ""row_search_window"": 2, ""disallow_one_site_gaps"": true, ""use_diamond_legalizer"": 1, ""disable_window_extension"": true}",VALID,1957747.6,1957747.6,0.0,0.0,0.0,True
42,40,1,RISCY-a-3-c5,0,"{""max_displacement"": 0, ""site_search_window"": 0, ""row_search_window"": 0, ""disallow_one_site_gaps"": 0, ""use_diamond_legalizer"": 1, ""disable_window_extension"": 0}","{""max_displacement"": 0, ""site_search_window"": 0, ""row_search_window"": 0, ""disallow_one_site_gaps"": true, ""use_diamond_legalizer"": 1, ""disable_window_extension"": true}",VALID,5599044.1,5599044.1,0.0,0.0,0.0,False
42,40,2,RISCY-a-3-c5,2,"{""max_displacement"": 0, ""site_search_window"": 0, ""row_search_window"": 0, ""disallow_one_site_gaps"": true, ""use_diamond_legalizer"": 1, ""disable_window_extension"": true}","{""max_displacement"": 0, ""site_search_window"": 0, ""row_search_window"": 0, ""disallow_one_site_gaps"": true, ""use_diamond_legalizer"": 1, ""disable_window_extension"": true}",VALID,5599044.1,5599044.1,0.0,0.0,0.0,False
42,40,3,RISCY-a-3-c5,3,"{""max_displacement"": 0, ""site_search_window"": 0, ""row_search_window"": 0, ""disallow_one_site_gaps"": true, ""use_diamond_legalizer"": 1, ""disable_window_extension"": true}","{""max_displacement"": 0, ""site_search_window"": 10, ""row_search_window"": 2, ""disallow_one_site_gaps"": true, ""use_diamond_legalizer"": 1, ""disable_window_extension"": true}",VALID,5599044.1,5599044.1,0.0,0.0,0.0,False
42,40,4,RISCY-a-3-c5,5,"{""max_displacement"": 0, ""site_search_window"": 10, ""row_search_window"": 2, ""disallow_one_site_gaps"": true, ""use_diamond_legalizer"": 1, ""disable_window_extension"": true}","{""max_displacement"": 10, ""site_search_window"": 20, ""row_search_window"": 2, ""disallow_one_site_gaps"": true, ""use_diamond_legalizer"": 1, ""disable_window_extension"": true}",FAILED,5599044.1,5599044.1,0.0,-100.0,-1.0,False
42,40,5,RISCY-a-3-c5,3,"{""max_displacement"": 10, ""site_search_window"": 20, ""row_search_window"": 2, ""disallow_one_site_gaps"": true, ""use_diamond_legalizer"": 1, ""disable_window_extension"": true}","{""max_displacement"": 10, ""site_search_window"": 30, ""row_search_window"": 4, ""disallow_one_site_gaps"": true, ""use_diamond_legalizer"": 1, ""disable_window_extension"": true}",FAILED,5599044.1,5599044.1,0.0,-100.0,-1.0,False
42,40,6,RISCY-a-3-c5,6,"{""max_displacement"": 10, ""site_search_window"": 30, ""row_search_window"": 4, ""disallow_one_site_gaps"": true, ""use_diamond_legalizer"": 1, ""disable_window_extension"": true}","{""max_displacement"": 0, ""site_search_window"": 20, ""row_search_window"": 4, ""disallow_one_site_gaps"": true, ""use_diamond_legalizer"": 1, ""disable_window_extension"": true}",VALID,5599044.1,5599044.1,0.0,0.0,0.0,False
42,40,7,RISCY-a-3-c5,7,"{""max_displacement"": 0, ""site_search_window"": 20, ""row_search_window"": 4, ""disallow_one_site_gaps"": true, ""use_diamond_legalizer"": 1, ""disable_window_extension"": true}","{""max_displacement"": 0, ""site_search_window"": 20, ""row_search_window"": 4, ""disallow_one_site_gaps"": true, ""use_diamond_legalizer"": 1, ""disable_window_extension"": true}",VALID,5599044.1,5599044.1,0.0,0.0,0.0,False
42,40,8,RISCY-a-3-c5,1,"{""max_displacement"": 0, ""site_search_window"": 20, ""row_search_window"": 4, ""disallow_one_site_gaps"": true, ""use_diamond_legalizer"": 1, ""disable_window_extension"": true}","{""max_displacement"": 10, ""site_search_window"": 30, ""row_search_window"": 6, ""disallow_one_site_gaps"": true, ""use_diamond_legalizer"": 1, ""disable_window_extension"": true}",FAILED,5599044.1,5599044.1,0.0,-100.0,-1.0,False
42,40,9,RISCY-a-3-c5,4,"{""max_displacement"": 10, ""site_search_window"": 30, ""row_search_window"": 6, ""disallow_one_site_gaps"": true, ""use_diamond_legalizer"": 1, ""disable_window_extension"": true}","{""max_displacement"": 10, ""site_search_window"": 20, ""row_search_window"": 4, ""disallow_one_site_gaps"": true, ""use_diamond_legalizer"": 1, ""disable_window_extension"": true}",FAILED,5599044.1,5599044.1,0.0,-100.0,-1.0,False
42,40,10,RISCY-a-3-c5,0,"{""max_displacement"": 10, ""site_search_window"": 20, ""row_search_window"": 4, ""disallow_one_site_gaps"": true, ""use_diamond_legalizer"": 1, ""disable_window_extension"": true}","{""max_displacement"": 10, ""site_search_window"": 20, ""row_search_window"": 4, ""disallow_one_site_gaps"": false, ""use_diamond_legalizer"": 1, ""disable_window_extension"": false}",FAILED,5599044.1,5599044.1,0.0,-100.0,-1.0,True
42,41,1,zero-riscy-a-3-c20,4,"{""max_displacement"": 0, ""site_search_window"": 0, ""row_search_window"": 0, ""disallow_one_site_gaps"": 0, ""use_diamond_legalizer"": 1, ""disable_window_extension"": 0}","{""max_displacement"": 0, ""site_search_window"": 0, ""row_search_window"": 0, ""disallow_one_site_gaps"": 0, ""use_diamond_legalizer"": 1, ""disable_window_extension"": 0}",VALID,4037614.6,4037614.6,0.0,0.0,0.0,False
42,41,2,zero-riscy-a-3-c20,5,"{""max_displacement"": 0, ""site_search_window"": 0, ""row_search_window"": 0, ""disallow_one_site_gaps"": 0, ""use_diamond_legalizer"": 1, ""disable_window_extension"": 0}","{""max_displacement"": 10, ""site_search_window"": 10, ""row_search_window"": 0, ""disallow_one_site_gaps"": 0, ""use_diamond_legalizer"": 1, ""disable_window_extension"": 0}",FAILED,4037614.6,4037614.6,0.0,-100.0,-1.0,False
42,41,3,zero-riscy-a-3-c20,0,"{""max_displacement"": 10, ""site_search_window"": 10, ""row_search_window"": 0, ""disallow_one_site_gaps"": 0, ""use_diamond_legalizer"": 1, ""disable_window_extension"": 0}","{""max_displacement"": 10, ""site_search_window"": 10, ""row_search_window"": 0, ""disallow_one_site_gaps"": true, ""use_diamond_legalizer"": 1, ""disable_window_extension"": true}",FAILED,4037614.6,4037614.6,0.0,-100.0,-1.0,False
42,41,4,zero-riscy-a-3-c20,6,"{""max_displacement"": 10, ""site_search_window"": 10, ""row_search_window"": 0, ""disallow_one_site_gaps"": true, ""use_diamond_legalizer"": 1, ""disable_window_extension"": true}","{""max_displacement"": 0, ""site_search_window"": 0, ""row_search_window"": 0, ""disallow_one_site_gaps"": true, ""use_diamond_legalizer"": 1, ""disable_window_extension"": true}",VALID,4037614.6,4037614.6,0.0,0.0,0.0,False
42,41,5,zero-riscy-a-3-c20,1,"{""max_displacement"": 0, ""site_search_window"": 0, ""row_search_window"": 0, ""disallow_one_site_gaps"": true, ""use_diamond_legalizer"": 1, ""disable_window_extension"": true}","{""max_displacement"": 10, ""site_search_window"": 10, ""row_search_window"": 2, ""disallow_one_site_gaps"": true, ""use_diamond_legalizer"": 1, ""disable_window_extension"": true}",FAILED,4037614.6,4037614.6,0.0,-100.0,-1.0,False
42,41,6,zero-riscy-a-3-c20,3,"{""max_displacement"": 10, ""site_search_window"": 10, ""row_search_window"": 2, ""disallow_one_site_gaps"": true, ""use_diamond_legalizer"": 1, ""disable_window_extension"": true}","{""max_displacement"": 10, ""site_search_window"": 20, ""row_search_window"": 4, ""disallow_one_site_gaps"": true, ""use_diamond_legalizer"": 1, ""disable_window_extension"": true}",FAILED,4037614.6,4037614.6,0.0,-100.0,-1.0,False
42,41,7,zero-riscy-a-3-c20,7,"{""max_displacement"": 10, ""site_search_window"": 20, ""row_search_window"": 4, ""disallow_one_site_gaps"": true, ""use_diamond_legalizer"": 1, ""disable_window_extension"": true}","{""max_displacement"": 10, ""site_search_window"": 20, ""row_search_window"": 4, ""disallow_one_site_gaps"": true, ""use_diamond_legalizer"": 1, ""disable_window_extension"": true}",FAILED,4037614.6,4037614.6,0.0,-100.0,-1.0,False
42,41,8,zero-riscy-a-3-c20,3,"{""max_displacement"": 10, ""site_search_window"": 20, ""row_search_window"": 4, ""disallow_one_site_gaps"": true, ""use_diamond_legalizer"": 1, ""disable_window_extension"": true}","{""max_displacement"": 10, ""site_search_window"": 30, ""row_search_window"": 6, ""disallow_one_site_gaps"": true, ""use_diamond_legalizer"": 1, ""disable_window_extension"": true}",FAILED,4037614.6,4037614.6,0.0,-100.0,-1.0,False
42,41,9,zero-riscy-a-3-c20,3,"{""max_displacement"": 10, ""site_search_window"": 30, ""row_search_window"": 6, ""disallow_one_site_gaps"": true, ""use_diamond_legalizer"": 1, ""disable_window_extension"": true}","{""max_displacement"": 10, ""site_search_window"": 40, ""row_search_window"": 8, ""disallow_one_site_gaps"": true, ""use_diamond_legalizer"": 1, ""disable_window_extension"": true}",FAILED,4037614.6,4037614.6,0.0,-100.0,-1.0,False
42,41,10,zero-riscy-a-3-c20,7,"{""max_displacement"": 10, ""site_search_window"": 40, ""row_search_window"": 8, ""disallow_one_site_gaps"": true, ""use_diamond_legalizer"": 1, ""disable_window_extension"": true}","{""max_displacement"": 10, ""site_search_window"": 40, ""row_search_window"": 8, ""disallow_one_site_gaps"": true, ""use_diamond_legalizer"": 1, ""disable_window_extension"": true}",FAILED,4037614.6,4037614.6,0.0,-100.0,-1.0,True
42,42,1,RISCY-FPU-b-1-c20,5,"{""max_displacement"": 0, ""site_search_window"": 0, ""row_search_window"": 0, ""disallow_one_site_gaps"": 0, ""use_diamond_legalizer"": 1, ""disable_window_extension"": 0}","{""max_displacement"": 10, ""site_search_window"": 10, ""row_search_window"": 0, ""disallow_one_site_gaps"": 0, ""use_diamond_legalizer"": 1, ""disable_window_extension"": 0}",FAILED,3678521.9,3678521.9,0.0,-100.0,-1.0,False
42,42,2,RISCY-FPU-b-1-c20,3,"{""max_displacement"": 10, ""site_search_window"": 10, ""row_search_window"": 0, ""disallow_one_site_gaps"": 0, ""use_diamond_legalizer"": 1, ""disable_window_extension"": 0}","{""max_displacement"": 10, ""site_search_window"": 20, ""row_search_window"": 2, ""disallow_one_site_gaps"": 0, ""use_diamond_legalizer"": 1, ""disable_window_extension"": 0}",FAILED,3678521.9,3678521.9,0.0,-100.0,-1.0,False
42,42,3,RISCY-FPU-b-1-c20,7,"{""max_displacement"": 10, ""site_search_window"": 20, ""row_search_window"": 2, ""disallow_one_site_gaps"": 0, ""use_diamond_legalizer"": 1, ""disable_window_extension"": 0}","{""max_displacement"": 10, ""site_search_window"": 20, ""row_search_window"": 2, ""disallow_one_site_gaps"": 0, ""use_diamond_legalizer"": 1, ""disable_window_extension"": 0}",FAILED,3678521.9,3678521.9,0.0,-100.0,-1.0,False
42,42,4,RISCY-FPU-b-1-c20,7,"{""max_displacement"": 10, ""site_search_window"": 20, ""row_search_window"": 2, ""disallow_one_site_gaps"": 0, ""use_diamond_legalizer"": 1, ""disable_window_extension"": 0}","{""max_displacement"": 10, ""site_search_window"": 20, ""row_search_window"": 2, ""disallow_one_site_gaps"": 0, ""use_diamond_legalizer"": 1, ""disable_window_extension"": 0}",FAILED,3678521.9,3678521.9,0.0,-100.0,-1.0,False
42,42,5,RISCY-FPU-b-1-c20,3,"{""max_displacement"": 10, ""site_search_window"": 20, ""row_search_window"": 2, ""disallow_one_site_gaps"": 0, ""use_diamond_legalizer"": 1, ""disable_window_extension"": 0}","{""max_displacement"": 10, ""site_search_window"": 30, ""row_search_window"": 4, ""disallow_one_site_gaps"": 0, ""use_diamond_legalizer"": 1, ""disable_window_extension"": 0}",FAILED,3678521.9,3678521.9,0.0,-100.0,-1.0,False
42,42,6,RISCY-FPU-b-1-c20,4,"{""max_displacement"": 10, ""site_search_window"": 30, ""row_search_window"": 4, ""disallow_one_site_gaps"": 0, ""use_diamond_legalizer"": 1, ""disable_window_extension"": 0}","{""max_displacement"": 10, ""site_search_window"": 20, ""row_search_window"": 2, ""disallow_one_site_gaps"": 0, ""use_diamond_legalizer"": 1, ""disable_window_extension"": 0}",FAILED,3678521.9,3678521.9,0.0,-100.0,-1.0,False
42,42,7,RISCY-FPU-b-1-c20,3,"{""max_displacement"": 10, ""site_search_window"": 20, ""row_search_window"": 2, ""disallow_one_site_gaps"": 0, ""use_diamond_legalizer"": 1, ""disable_window_extension"": 0}","{""max_displacement"": 10, ""site_search_window"": 30, ""row_search_window"": 4, ""disallow_one_site_gaps"": 0, ""use_diamond_legalizer"": 1, ""disable_window_extension"": 0}",FAILED,3678521.9,3678521.9,0.0,-100.0,-1.0,False
42,42,8,RISCY-FPU-b-1-c20,2,"{""max_displacement"": 10, ""site_search_window"": 30, ""row_search_window"": 4, ""disallow_one_site_gaps"": 0, ""use_diamond_legalizer"": 1, ""disable_window_extension"": 0}","{""max_displacement"": 0, ""site_search_window"": 20, ""row_search_window"": 2, ""disallow_one_site_gaps"": 0, ""use_diamond_legalizer"": 1, ""disable_window_extension"": 0}",VALID,3678521.9,3678521.9,0.0,0.0,0.0,False
42,42,9,RISCY-FPU-b-1-c20,6,"{""max_displacement"": 0, ""site_search_window"": 20, ""row_search_window"": 2, ""disallow_one_site_gaps"": 0, ""use_diamond_legalizer"": 1, ""disable_window_extension"": 0}","{""max_displacement"": 0, ""site_search_window"": 10, ""row_search_window"": 2, ""disallow_one_site_gaps"": 0, ""use_diamond_legalizer"": 1, ""disable_window_extension"": 0}",VALID,3678521.9,3678521.9,0.0,0.0,0.0,False
42,42,10,RISCY-FPU-b-1-c20,1,"{""max_displacement"": 0, ""site_search_window"": 10, ""row_search_window"": 2, ""disallow_one_site_gaps"": 0, ""use_diamond_legalizer"": 1, ""disable_window_extension"": 0}","{""max_displacement"": 10, ""site_search_window"": 20, ""row_search_window"": 4, ""disallow_one_site_gaps"": 0, ""use_diamond_legalizer"": 1, ""disable_window_extension"": 0}",FAILED,3678521.9,3678521.9,0.0,-100.0,-1.0,True
42,43,1,zero-riscy-b-1-c2,6,"{""max_displacement"": 0, ""site_search_window"": 0, ""row_search_window"": 0, ""disallow_one_site_gaps"": 0, ""use_diamond_legalizer"": 1, ""disable_window_extension"": 0}","{""max_displacement"": 0, ""site_search_window"": 0, ""row_search_window"": 0, ""disallow_one_site_gaps"": 0, ""use_diamond_legalizer"": 1, ""disable_window_extension"": 0}",VALID,2386646.3,2386646.3,0.0,0.0,0.0,False
42,43,2,zero-riscy-b-1-c2,4,"{""max_displacement"": 0, ""site_search_window"": 0, ""row_search_window"": 0, ""disallow_one_site_gaps"": 0, ""use_diamond_legalizer"": 1, ""disable_window_extension"": 0}","{""max_displacement"": 0, ""site_search_window"": 0, ""row_search_window"": 0, ""disallow_one_site_gaps"": 0, ""use_diamond_legalizer"": 1, ""disable_window_extension"": 0}",VALID,2386646.3,2386646.3,0.0,0.0,0.0,False
42,43,3,zero-riscy-b-1-c2,3,"{""max_displacement"": 0, ""site_search_window"": 0, ""row_search_window"": 0, ""disallow_one_site_gaps"": 0, ""use_diamond_legalizer"": 1, ""disable_window_extension"": 0}","{""max_displacement"": 0, ""site_search_window"": 10, ""row_search_window"": 2, ""disallow_one_site_gaps"": 0, ""use_diamond_legalizer"": 1, ""disable_window_extension"": 0}",VALID,2386646.3,2386646.3,0.0,0.0,0.0,False
42,43,4,zero-riscy-b-1-c2,0,"{""max_displacement"": 0, ""site_search_window"": 10, ""row_search_window"": 2, ""disallow_one_site_gaps"": 0, ""use_diamond_legalizer"": 1, ""disable_window_extension"": 0}","{""max_displacement"": 0, ""site_search_window"": 10, ""row_search_window"": 2, ""disallow_one_site_gaps"": true, ""use_diamond_legalizer"": 1, ""disable_window_extension"": true}",VALID,2386646.3,2386646.3,0.0,0.0,0.0,False
42,43,5,zero-riscy-b-1-c2,4,"{""max_displacement"": 0, ""site_search_window"": 10, ""row_search_window"": 2, ""disallow_one_site_gaps"": true, ""use_diamond_legalizer"": 1, ""disable_window_extension"": true}","{""max_displacement"": 0, ""site_search_window"": 0, ""row_search_window"": 0, ""disallow_one_site_gaps"": true, ""use_diamond_legalizer"": 1, ""disable_window_extension"": true}",VALID,2386646.3,2386646.3,0.0,0.0,0.0,False
42,43,6,zero-riscy-b-1-c2,3,"{""max_displacement"": 0, ""site_search_window"": 0, ""row_search_window"": 0, ""disallow_one_site_gaps"": true, ""use_diamond_legalizer"": 1, ""disable_window_extension"": true}","{""max_displacement"": 0, ""site_search_window"": 10, ""row_search_window"": 2, ""disallow_one_site_gaps"": true, ""use_diamond_legalizer"": 1, ""disable_window_extension"": true}",VALID,2386646.3,2386646.3,0.0,0.0,0.0,False
42,43,7,zero-riscy-b-1-c2,6,"{""max_displacement"": 0, ""site_search_window"": 10, ""row_search_window"": 2, ""disallow_one_site_gaps"": true, ""use_diamond_legalizer"": 1, ""disable_window_extension"": true}","{""max_displacement"": 0, ""site_search_window"": 0, ""row_search_window"": 2, ""disallow_one_site_gaps"": true, ""use_diamond_legalizer"": 1, ""disable_window_extension"": true}",VALID,2386646.3,2386646.3,0.0,0.0,0.0,False
42,43,8,zero-riscy-b-1-c2,0,"{""max_displacement"": 0, ""site_search_window"": 0, ""row_search_window"": 2, ""disallow_one_site_gaps"": true, ""use_diamond_legalizer"": 1, ""disable_window_extension"": true}","{""max_displacement"": 0, ""site_search_window"": 0, ""row_search_window"": 2, ""disallow_one_site_gaps"": false, ""use_diamond_legalizer"": 1, ""disable_window_extension"": false}",VALID,2386646.3,2386646.3,0.0,0.0,0.0,False
42,43,9,zero-riscy-b-1-c2,2,"{""max_displacement"": 0, ""site_search_window"": 0, ""row_search_window"": 2, ""disallow_one_site_gaps"": false, ""use_diamond_legalizer"": 1, ""disable_window_extension"": false}","{""max_displacement"": 0, ""site_search_window"": 0, ""row_search_window"": 0, ""disallow_one_site_gaps"": false, ""use_diamond_legalizer"": 1, ""disable_window_extension"": false}",VALID,2386646.3,2386646.3,0.0,0.0,0.0,False
42,43,10,zero-riscy-b-1-c2,0,"{""max_displacement"": 0, ""site_search_window"": 0, ""row_search_window"": 0, ""disallow_one_site_gaps"": false, ""use_diamond_legalizer"": 1, ""disable_window_extension"": false}","{""max_displacement"": 0, ""site_search_window"": 0, ""row_search_window"": 0, ""disallow_one_site_gaps"": true, ""use_diamond_legalizer"": 1, ""disable_window_extension"": true}",VALID,2386646.3,2386646.3,0.0,0.0,0.0,True
42,44,1,RISCY-FPU-a-1-c20,4,"{""max_displacement"": 0, ""site_search_window"": 0, ""row_search_window"": 0, ""disallow_one_site_gaps"": 0, ""use_diamond_legalizer"": 1, ""disable_window_extension"": 0}","{""max_displacement"": 0, ""site_search_window"": 0, ""row_search_window"": 0, ""disallow_one_site_gaps"": 0, ""use_diamond_legalizer"": 1, ""disable_window_extension"": 0}",VALID,5621676.5,5621676.5,0.0,0.0,0.0,False
42,44,2,RISCY-FPU-a-1-c20,3,"{""max_displacement"": 0, ""site_search_window"": 0, ""row_search_window"": 0, ""disallow_one_site_gaps"": 0, ""use_diamond_legalizer"": 1, ""disable_window_extension"": 0}","{""max_displacement"": 0, ""site_search_window"": 10, ""row_search_window"": 2, ""disallow_one_site_gaps"": 0, ""use_diamond_legalizer"": 1, ""disable_window_extension"": 0}",VALID,5621676.5,5621676.5,0.0,0.0,0.0,False
42,44,3,RISCY-FPU-a-1-c20,3,"{""max_displacement"": 0, ""site_search_window"": 10, ""row_search_window"": 2, ""disallow_one_site_gaps"": 0, ""use_diamond_legalizer"": 1, ""disable_window_extension"": 0}","{""max_displacement"": 0, ""site_search_window"": 20, ""row_search_window"": 4, ""disallow_one_site_gaps"": 0, ""use_diamond_legalizer"": 1, ""disable_window_extension"": 0}",VALID,5621676.5,5621676.5,0.0,0.0,0.0,False
42,44,4,RISCY-FPU-a-1-c20,4,"{""max_displacement"": 0, ""site_search_window"": 20, ""row_search_window"": 4, ""disallow_one_site_gaps"": 0, ""use_diamond_legalizer"": 1, ""disable_window_extension"": 0}","{""max_displacement"": 0, ""site_search_window"": 10, ""row_search_window"": 2, ""disallow_one_site_gaps"": 0, ""use_diamond_legalizer"": 1, ""disable_window_extension"": 0}",VALID,5621676.5,5621676.5,0.0,0.0,0.0,False
42,44,5,RISCY-FPU-a-1-c20,0,"{""max_displacement"": 0, ""site_search_window"": 10, ""row_search_window"": 2, ""disallow_one_site_gaps"": 0, ""use_diamond_legalizer"": 1, ""disable_window_extension"": 0}","{""max_displacement"": 0, ""site_search_window"": 10, ""row_search_window"": 2, ""disallow_one_site_gaps"": true, ""use_diamond_legalizer"": 1, ""disable_window_extension"": true}",VALID,5621676.5,5621676.5,0.0,0.0,0.0,False
42,44,6,RISCY-FPU-a-1-c20,4,"{""max_displacement"": 0, ""site_search_window"": 10, ""row_search_window"": 2, ""disallow_one_site_gaps"": true, ""use_diamond_legalizer"": 1, ""disable_window_extension"": true}","{""max_displacement"": 0, ""site_search_window"": 0, ""row_search_window"": 0, ""disallow_one_site_gaps"": true, ""use_diamond_legalizer"": 1, ""disable_window_extension"": true}",VALID,5621676.5,5621676.5,0.0,0.0,0.0,False
42,44,7,RISCY-FPU-a-1-c20,6,"{""max_displacement"": 0, ""site_search_window"": 0, ""row_search_window"": 0, ""disallow_one_site_gaps"": true, ""use_diamond_legalizer"": 1, ""disable_window_extension"": true}","{""max_displacement"": 0, ""site_search_window"": 0, ""row_search_window"": 0, ""disallow_one_site_gaps"": true, ""use_diamond_legalizer"": 1, ""disable_window_extension"": true}",VALID,5621676.5,5621676.5,0.0,0.0,0.0,False
42,44,8,RISCY-FPU-a-1-c20,4,"{""max_displacement"": 0, ""site_search_window"": 0, ""row_search_window"": 0, ""disallow_one_site_gaps"": true, ""use_diamond_legalizer"": 1, ""disable_window_extension"": true}","{""max_displacement"": 0, ""site_search_window"": 0, ""row_search_window"": 0, ""disallow_one_site_gaps"": true, ""use_diamond_legalizer"": 1, ""disable_window_extension"": true}",VALID,5621676.5,5621676.5,0.0,0.0,0.0,False
42,44,9,RISCY-FPU-a-1-c20,2,"{""max_displacement"": 0, ""site_search_window"": 0, ""row_search_window"": 0, ""disallow_one_site_gaps"": true, ""use_diamond_legalizer"": 1, ""disable_window_extension"": true}","{""max_displacement"": 0, ""site_search_window"": 0, ""row_search_window"": 0, ""disallow_one_site_gaps"": true, ""use_diamond_legalizer"": 1, ""disable_window_extension"": true}",VALID,5621676.5,5621676.5,0.0,0.0,0.0,False
42,44,10,RISCY-FPU-a-1-c20,5,"{""max_displacement"": 0, ""site_search_window"": 0, ""row_search_window"": 0, ""disallow_one_site_gaps"": true, ""use_diamond_legalizer"": 1, ""disable_window_extension"": true}","{""max_displacement"": 10, ""site_search_window"": 10, ""row_search_window"": 0, ""disallow_one_site_gaps"": true, ""use_diamond_legalizer"": 1, ""disable_window_extension"": true}",FAILED,5621676.5,5621676.5,0.0,-100.0,-1.0,True
42,45,1,RISCY-FPU-b-3-c2,6,"{""max_displacement"": 0, ""site_search_window"": 0, ""row_search_window"": 0, ""disallow_one_site_gaps"": 0, ""use_diamond_legalizer"": 1, ""disable_window_extension"": 0}","{""max_displacement"": 0, ""site_search_window"": 0, ""row_search_window"": 0, ""disallow_one_site_gaps"": 0, ""use_diamond_legalizer"": 1, ""disable_window_extension"": 0}",VALID,6781434.9,6781434.9,0.0,0.0,0.0,False
42,45,2,RISCY-FPU-b-3-c2,7,"{""max_displacement"": 0, ""site_search_window"": 0, ""row_search_window"": 0, ""disallow_one_site_gaps"": 0, ""use_diamond_legalizer"": 1, ""disable_window_extension"": 0}","{""max_displacement"": 0, ""site_search_window"": 0, ""row_search_window"": 0, ""disallow_one_site_gaps"": 0, ""use_diamond_legalizer"": 1, ""disable_window_extension"": 0}",VALID,6781434.9,6781434.9,0.0,0.0,0.0,False
42,45,3,RISCY-FPU-b-3-c2,6,"{""max_displacement"": 0, ""site_search_window"": 0, ""row_search_window"": 0, ""disallow_one_site_gaps"": 0, ""use_diamond_legalizer"": 1, ""disable_window_extension"": 0}","{""max_displacement"": 0, ""site_search_window"": 0, ""row_search_window"": 0, ""disallow_one_site_gaps"": 0, ""use_diamond_legalizer"": 1, ""disable_window_extension"": 0}",VALID,6781434.9,6781434.9,0.0,0.0,0.0,False
42,45,4,RISCY-FPU-b-3-c2,2,"{""max_displacement"": 0, ""site_search_window"": 0, ""row_search_window"": 0, ""disallow_one_site_gaps"": 0, ""use_diamond_legalizer"": 1, ""disable_window_extension"": 0}","{""max_displacement"": 0, ""site_search_window"": 0, ""row_search_window"": 0, ""disallow_one_site_gaps"": 0, ""use_diamond_legalizer"": 1, ""disable_window_extension"": 0}",VALID,6781434.9,6781434.9,0.0,0.0,0.0,False
42,45,5,RISCY-FPU-b-3-c2,7,"{""max_displacement"": 0, ""site_search_window"": 0, ""row_search_window"": 0, ""disallow_one_site_gaps"": 0, ""use_diamond_legalizer"": 1, ""disable_window_extension"": 0}","{""max_displacement"": 0, ""site_search_window"": 0, ""row_search_window"": 0, ""disallow_one_site_gaps"": 0, ""use_diamond_legalizer"": 1, ""disable_window_extension"": 0}",VALID,6781434.9,6781434.9,0.0,0.0,0.0,False
42,45,6,RISCY-FPU-b-3-c2,3,"{""max_displacement"": 0, ""site_search_window"": 0, ""row_search_window"": 0, ""disallow_one_site_gaps"": 0, ""use_diamond_legalizer"": 1, ""disable_window_extension"": 0}","{""max_displacement"": 0, ""site_search_window"": 10, ""row_search_window"": 2, ""disallow_one_site_gaps"": 0, ""use_diamond_legalizer"": 1, ""disable_window_extension"": 0}",VALID,6781434.9,6781434.9,0.0,0.0,0.0,False
42,45,7,RISCY-FPU-b-3-c2,3,"{""max_displacement"": 0, ""site_search_window"": 10, ""row_search_window"": 2, ""disallow_one_site_gaps"": 0, ""use_diamond_legalizer"": 1, ""disable_window_extension"": 0}","{""max_displacement"": 0, ""site_search_window"": 20, ""row_search_window"": 4, ""disallow_one_site_gaps"": 0, ""use_diamond_legalizer"": 1, ""disable_window_extension"": 0}",VALID,6781434.9,6781434.9,0.0,0.0,0.0,False
42,45,8,RISCY-FPU-b-3-c2,5,"{""max_displacement"": 0, ""site_search_window"": 20, ""row_search_window"": 4, ""disallow_one_site_gaps"": 0, ""use_diamond_legalizer"": 1, ""disable_window_extension"": 0}","{""max_displacement"": 10, ""site_search_window"": 30, ""row_search_window"": 4, ""disallow_one_site_gaps"": 0, ""use_diamond_legalizer"": 1, ""disable_window_extension"": 0}",FAILED,6781434.9,6781434.9,0.0,-100.0,-1.0,False
42,45,9,RISCY-FPU-b-3-c2,4,"{""max_displacement"": 10, ""site_search_window"": 30, ""row_search_window"": 4, ""disallow_one_site_gaps"": 0, ""use_diamond_legalizer"": 1, ""disable_window_extension"": 0}","{""max_displacement"": 10, ""site_search_window"": 20, ""row_search_window"": 2, ""disallow_one_site_gaps"": 0, ""use_diamond_legalizer"": 1, ""disable_window_extension"": 0}",FAILED,6781434.9,6781434.9,0.0,-100.0,-1.0,False
42,45,10,RISCY-FPU-b-3-c2,4,"{""max_displacement"": 10, ""site_search_window"": 20, ""row_search_window"": 2, ""disallow_one_site_gaps"": 0, ""use_diamond_legalizer"": 1, ""disable_window_extension"": 0}","{""max_displacement"": 10, ""site_search_window"": 10, ""row_search_window"": 0, ""disallow_one_site_gaps"": 0, ""use_diamond_legalizer"": 1, ""disable_window_extension"": 0}",FAILED,6781434.9,6781434.9,0.0,-100.0,-1.0,True
42,46,1,RISCY-FPU-b-2-c2,3,"{""max_displacement"": 0, ""site_search_window"": 0, ""row_search_window"": 0, ""disallow_one_site_gaps"": 0, ""use_diamond_legalizer"": 1, ""disable_window_extension"": 0}","{""max_displacement"": 0, ""site_search_window"": 10, ""row_search_window"": 2, ""disallow_one_site_gaps"": 0, ""use_diamond_legalizer"": 1, ""disable_window_extension"": 0}",VALID,6307671.3,6307671.3,0.0,0.0,0.0,False
42,46,2,RISCY-FPU-b-2-c2,4,"{""max_displacement"": 0, ""site_search_window"": 10, ""row_search_window"": 2, ""disallow_one_site_gaps"": 0, ""use_diamond_legalizer"": 1, ""disable_window_extension"": 0}","{""max_displacement"": 0, ""site_search_window"": 0, ""row_search_window"": 0, ""disallow_one_site_gaps"": 0, ""use_diamond_legalizer"": 1, ""disable_window_extension"": 0}",VALID,6307671.3,6307671.3,0.0,0.0,0.0,False
42,46,3,RISCY-FPU-b-2-c2,0,"{""max_displacement"": 0, ""site_search_window"": 0, ""row_search_window"": 0, ""disallow_one_site_gaps"": 0, ""use_diamond_legalizer"": 1, ""disable_window_extension"": 0}","{""max_displacement"": 0, ""site_search_window"": 0, ""row_search_window"": 0, ""disallow_one_site_gaps"": true, ""use_diamond_legalizer"": 1, ""disable_window_extension"": true}",VALID,6307671.3,6307671.3,0.0,0.0,0.0,False
42,46,4,RISCY-FPU-b-2-c2,0,"{""max_displacement"": 0, ""site_search_window"": 0, ""row_search_window"": 0, ""disallow_one_site_gaps"": true, ""use_diamond_legalizer"": 1, ""disable_window_extension"": true}","{""max_displacement"": 0, ""site_search_window"": 0, ""row_search_window"": 0, ""disallow_one_site_gaps"": false, ""use_diamond_legalizer"": 1, ""disable_window_extension"": false}",VALID,6307671.3,6307671.3,0.0,0.0,0.0,False
42,46,5,RISCY-FPU-b-2-c2,0,"{""max_displacement"": 0, ""site_search_window"": 0, ""row_search_window"": 0, ""disallow_one_site_gaps"": false, ""use_diamond_legalizer"": 1, ""disable_window_extension"": false}","{""max_displacement"": 0, ""site_search_window"": 0, ""row_search_window"": 0, ""disallow_one_site_gaps"": true, ""use_diamond_legalizer"": 1, ""disable_window_extension"": true}",VALID,6307671.3,6307671.3,0.0,0.0,0.0,False
42,46,6,RISCY-FPU-b-2-c2,0,"{""max_displacement"": 0, ""site_search_window"": 0, ""row_search_window"": 0, ""disallow_one_site_gaps"": true, ""use_diamond_legalizer"": 1, ""disable_window_extension"": true}","{""max_displacement"": 0, ""site_search_window"": 0, ""row_search_window"": 0, ""disallow_one_site_gaps"": false, ""use_diamond_legalizer"": 1, ""disable_window_extension"": false}",VALID,6307671.3,6307671.3,0.0,0.0,0.0,False
42,46,7,RISCY-FPU-b-2-c2,4,"{""max_displacement"": 0, ""site_search_window"": 0, ""row_search_window"": 0, ""disallow_one_site_gaps"": false, ""use_diamond_legalizer"": 1, ""disable_window_extension"": false}","{""max_displacement"": 0, ""site_search_window"": 0, ""row_search_window"": 0, ""disallow_one_site_gaps"": false, ""use_diamond_legalizer"": 1, ""disable_window_extension"": false}",VALID,6307671.3,6307671.3,0.0,0.0,0.0,False
42,46,8,RISCY-FPU-b-2-c2,3,"{""max_displacement"": 0, ""site_search_window"": 0, ""row_search_window"": 0, ""disallow_one_site_gaps"": false, ""use_diamond_legalizer"": 1, ""disable_window_extension"": false}","{""max_displacement"": 0, ""site_search_window"": 10, ""row_search_window"": 2, ""disallow_one_site_gaps"": false, ""use_diamond_legalizer"": 1, ""disable_window_extension"": false}",VALID,6307671.3,6307671.3,0.0,0.0,0.0,False
42,46,9,RISCY-FPU-b-2-c2,2,"{""max_displacement"": 0, ""site_search_window"": 10, ""row_search_window"": 2, ""disallow_one_site_gaps"": false, ""use_diamond_legalizer"": 1, ""disable_window_extension"": false}","{""max_displacement"": 0, ""site_search_window"": 0, ""row_search_window"": 0, ""disallow_one_site_gaps"": false, ""use_diamond_legalizer"": 1, ""disable_window_extension"": false}",VALID,6307671.3,6307671.3,0.0,0.0,0.0,False
42,46,10,RISCY-FPU-b-2-c2,0,"{""max_displacement"": 0, ""site_search_window"": 0, ""row_search_window"": 0, ""disallow_one_site_gaps"": false, ""use_diamond_legalizer"": 1, ""disable_window_extension"": false}","{""max_displacement"": 0, ""site_search_window"": 0, ""row_search_window"": 0, ""disallow_one_site_gaps"": true, ""use_diamond_legalizer"": 1, ""disable_window_extension"": true}",VALID,6307671.3,6307671.3,0.0,0.0,0.0,True
42,47,1,RISCY-b-3-c20,7,"{""max_displacement"": 0, ""site_search_window"": 0, ""row_search_window"": 0, ""disallow_one_site_gaps"": 0, ""use_diamond_legalizer"": 1, ""disable_window_extension"": 0}","{""max_displacement"": 0, ""site_search_window"": 0, ""row_search_window"": 0, ""disallow_one_site_gaps"": 0, ""use_diamond_legalizer"": 1, ""disable_window_extension"": 0}",VALID,3036189.3,3036189.3,0.0,0.0,0.0,False
42,47,2,RISCY-b-3-c20,5,"{""max_displacement"": 0, ""site_search_window"": 0, ""row_search_window"": 0, ""disallow_one_site_gaps"": 0, ""use_diamond_legalizer"": 1, ""disable_window_extension"": 0}","{""max_displacement"": 10, ""site_search_window"": 10, ""row_search_window"": 0, ""disallow_one_site_gaps"": 0, ""use_diamond_legalizer"": 1, ""disable_window_extension"": 0}",VALID,3036189.3,3036189.3,0.0,0.0,0.0,False
42,47,3,RISCY-b-3-c20,4,"{""max_displacement"": 10, ""site_search_window"": 10, ""row_search_window"": 0, ""disallow_one_site_gaps"": 0, ""use_diamond_legalizer"": 1, ""disable_window_extension"": 0}","{""max_displacement"": 10, ""site_search_window"": 0, ""row_search_window"": 0, ""disallow_one_site_gaps"": 0, ""use_diamond_legalizer"": 1, ""disable_window_extension"": 0}",VALID,3036189.3,3036189.3,0.0,0.0,0.0,False
42,47,4,RISCY-b-3-c20,4,"{""max_displacement"": 10, ""site_search_window"": 0, ""row_search_window"": 0, ""disallow_one_site_gaps"": 0, ""use_diamond_legalizer"": 1, ""disable_window_extension"": 0}","{""max_displacement"": 10, ""site_search_window"": 0, ""row_search_window"": 0, ""disallow_one_site_gaps"": 0, ""use_diamond_legalizer"": 1, ""disable_window_extension"": 0}",VALID,3036189.3,3036189.3,0.0,0.0,0.0,False
42,47,5,RISCY-b-3-c20,1,"{""max_displacement"": 10, ""site_search_window"": 0, ""row_search_window"": 0, ""disallow_one_site_gaps"": 0, ""use_diamond_legalizer"": 1, ""disable_window_extension"": 0}","{""max_displacement"": 20, ""site_search_window"": 10, ""row_search_window"": 2, ""disallow_one_site_gaps"": 0, ""use_diamond_legalizer"": 1, ""disable_window_extension"": 0}",VALID,3036189.3,3036189.3,0.0,0.0,0.0,False
42,47,6,RISCY-b-3-c20,3,"{""max_displacement"": 20, ""site_search_window"": 10, ""row_search_window"": 2, ""disallow_one_site_gaps"": 0, ""use_diamond_legalizer"": 1, ""disable_window_extension"": 0}","{""max_displacement"": 20, ""site_search_window"": 20, ""row_search_window"": 4, ""disallow_one_site_gaps"": 0, ""use_diamond_legalizer"": 1, ""disable_window_extension"": 0}",VALID,3036189.3,3036189.3,0.0,0.0,0.0,False
42,47,7,RISCY-b-3-c20,7,"{""max_displacement"": 20, ""site_search_window"": 20, ""row_search_window"": 4, ""disallow_one_site_gaps"": 0, ""use_diamond_legalizer"": 1, ""disable_window_extension"": 0}","{""max_displacement"": 20, ""site_search_window"": 20, ""row_search_window"": 4, ""disallow_one_site_gaps"": 0, ""use_diamond_legalizer"": 1, ""disable_window_extension"": 0}",VALID,3036189.3,3036189.3,0.0,0.0,0.0,False
42,47,8,RISCY-b-3-c20,0,"{""max_displacement"": 20, ""site_search_window"": 20, ""row_search_window"": 4, ""disallow_one_site_gaps"": 0, ""use_diamond_legalizer"": 1, ""disable_window_extension"": 0}","{""max_displacement"": 20, ""site_search_window"": 20, ""row_search_window"": 4, ""disallow_one_site_gaps"": true, ""use_diamond_legalizer"": 1, ""disable_window_extension"": true}",VALID,3036189.3,3036189.3,0.0,0.0,0.0,False
42,47,9,RISCY-b-3-c20,0,"{""max_displacement"": 20, ""site_search_window"": 20, ""row_search_window"": 4, ""disallow_one_site_gaps"": true, ""use_diamond_legalizer"": 1, ""disable_window_extension"": true}","{""max_displacement"": 20, ""site_search_window"": 20, ""row_search_window"": 4, ""disallow_one_site_gaps"": false, ""use_diamond_legalizer"": 1, ""disable_window_extension"": false}",VALID,3036189.3,3036189.3,0.0,0.0,0.0,False
42,47,10,RISCY-b-3-c20,2,"{""max_displacement"": 20, ""site_search_window"": 20, ""row_search_window"": 4, ""disallow_one_site_gaps"": false, ""use_diamond_legalizer"": 1, ""disable_window_extension"": false}","{""max_displacement"": 10, ""site_search_window"": 10, ""row_search_window"": 2, ""disallow_one_site_gaps"": false, ""use_diamond_legalizer"": 1, ""disable_window_extension"": false}",VALID,3036189.3,3036189.3,0.0,0.0,0.0,True
42,48,1,zero-riscy-a-1-c20,1,"{""max_displacement"": 0, ""site_search_window"": 0, ""row_search_window"": 0, ""disallow_one_site_gaps"": 0, ""use_diamond_legalizer"": 1, ""disable_window_extension"": 0}","{""max_displacement"": 10, ""site_search_window"": 10, ""row_search_window"": 2, ""disallow_one_site_gaps"": 0, ""use_diamond_legalizer"": 1, ""disable_window_extension"": 0}",FAILED,3708707.2,3708707.2,0.0,-100.0,-1.0,False
42,48,2,zero-riscy-a-1-c20,1,"{""max_displacement"": 10, ""site_search_window"": 10, ""row_search_window"": 2, ""disallow_one_site_gaps"": 0, ""use_diamond_legalizer"": 1, ""disable_window_extension"": 0}","{""max_displacement"": 20, ""site_search_window"": 20, ""row_search_window"": 4, ""disallow_one_site_gaps"": 0, ""use_diamond_legalizer"": 1, ""disable_window_extension"": 0}",VALID,3708707.2,3708707.2,0.0,0.0,0.0,False
42,48,3,zero-riscy-a-1-c20,2,"{""max_displacement"": 20, ""site_search_window"": 20, ""row_search_window"": 4, ""disallow_one_site_gaps"": 0, ""use_diamond_legalizer"": 1, ""disable_window_extension"": 0}","{""max_displacement"": 10, ""site_search_window"": 10, ""row_search_window"": 2, ""disallow_one_site_gaps"": 0, ""use_diamond_legalizer"": 1, ""disable_window_extension"": 0}",FAILED,3708707.2,3708707.2,0.0,-100.0,-1.0,False
42,48,4,zero-riscy-a-1-c20,3,"{""max_displacement"": 10, ""site_search_window"": 10, ""row_search_window"": 2, ""disallow_one_site_gaps"": 0, ""use_diamond_legalizer"": 1, ""disable_window_extension"": 0}","{""max_displacement"": 10, ""site_search_window"": 20, ""row_search_window"": 4, ""disallow_one_site_gaps"": 0, ""use_diamond_legalizer"": 1, ""disable_window_extension"": 0}",FAILED,3708707.2,3708707.2,0.0,-100.0,-1.0,False
42,48,5,zero-riscy-a-1-c20,3,"{""max_displacement"": 10, ""site_search_window"": 20, ""row_search_window"": 4, ""disallow_one_site_gaps"": 0, ""use_diamond_legalizer"": 1, ""disable_window_extension"": 0}","{""max_displacement"": 10, ""site_search_window"": 30, ""row_search_window"": 6, ""disallow_one_site_gaps"": 0, ""use_diamond_legalizer"": 1, ""disable_window_extension"": 0}",FAILED,3708707.2,3708707.2,0.0,-100.0,-1.0,False
42,48,6,zero-riscy-a-1-c20,1,"{""max_displacement"": 10, ""site_search_window"": 30, ""row_search_window"": 6, ""disallow_one_site_gaps"": 0, ""use_diamond_legalizer"": 1, ""disable_window_extension"": 0}","{""max_displacement"": 20, ""site_search_window"": 40, ""row_search_window"": 8, ""disallow_one_site_gaps"": 0, ""use_diamond_legalizer"": 1, ""disable_window_extension"": 0}",VALID,3708707.2,3708707.2,0.0,0.0,0.0,False
42,48,7,zero-riscy-a-1-c20,1,"{""max_displacement"": 20, ""site_search_window"": 40, ""row_search_window"": 8, ""disallow_one_site_gaps"": 0, ""use_diamond_legalizer"": 1, ""disable_window_extension"": 0}","{""max_displacement"": 30, ""site_search_window"": 50, ""row_search_window"": 10, ""disallow_one_site_gaps"": 0, ""use_diamond_legalizer"": 1, ""disable_window_extension"": 0}",VALID,3708707.2,3708707.2,0.0,0.0,0.0,False
42,48,8,zero-riscy-a-1-c20,0,"{""max_displacement"": 30, ""site_search_window"": 50, ""row_search_window"": 10, ""disallow_one_site_gaps"": 0, ""use_diamond_legalizer"": 1, ""disable_window_extension"": 0}","{""max_displacement"": 30, ""site_search_window"": 50, ""row_search_window"": 10, ""disallow_one_site_gaps"": true, ""use_diamond_legalizer"": 1, ""disable_window_extension"": true}",VALID,3708707.2,3708707.2,0.0,0.0,0.0,False
42,48,9,zero-riscy-a-1-c20,1,"{""max_displacement"": 30, ""site_search_window"": 50, ""row_search_window"": 10, ""disallow_one_site_gaps"": true, ""use_diamond_legalizer"": 1, ""disable_window_extension"": true}","{""max_displacement"": 40, ""site_search_window"": 60, ""row_search_window"": 12, ""disallow_one_site_gaps"": true, ""use_diamond_legalizer"": 1, ""disable_window_extension"": true}",VALID,3708707.2,3708707.2,0.0,0.0,0.0,False
42,48,10,zero-riscy-a-1-c20,1,"{""max_displacement"": 40, ""site_search_window"": 60, ""row_search_window"": 12, ""disallow_one_site_gaps"": true, ""use_diamond_legalizer"": 1, ""disable_window_extension"": true}","{""max_displacement"": 50, ""site_search_window"": 70, ""row_search_window"": 14, ""disallow_one_site_gaps"": true, ""use_diamond_legalizer"": 1, ""disable_window_extension"": true}",VALID,3708707.2,3708707.2,0.0,0.0,0.0,True
42,49,1,RISCY-b-1-c20,3,"{""max_displacement"": 0, ""site_search_window"": 0, ""row_search_window"": 0, ""disallow_one_site_gaps"": 0, ""use_diamond_legalizer"": 1, ""disable_window_extension"": 0}","{""max_displacement"": 0, ""site_search_window"": 10, ""row_search_window"": 2, ""disallow_one_site_gaps"": 0, ""use_diamond_legalizer"": 1, ""disable_window_extension"": 0}",VALID,3618038.1,3618038.1,0.0,0.0,0.0,False
42,49,2,RISCY-b-1-c20,3,"{""max_displacement"": 0, ""site_search_window"": 10, ""row_search_window"": 2, ""disallow_one_site_gaps"": 0, ""use_diamond_legalizer"": 1, ""disable_window_extension"": 0}","{""max_displacement"": 0, ""site_search_window"": 20, ""row_search_window"": 4, ""disallow_one_site_gaps"": 0, ""use_diamond_legalizer"": 1, ""disable_window_extension"": 0}",VALID,3618038.1,3618038.1,0.0,0.0,0.0,False
42,49,3,RISCY-b-1-c20,1,"{""max_displacement"": 0, ""site_search_window"": 20, ""row_search_window"": 4, ""disallow_one_site_gaps"": 0, ""use_diamond_legalizer"": 1, ""disable_window_extension"": 0}","{""max_displacement"": 10, ""site_search_window"": 30, ""row_search_window"": 6, ""disallow_one_site_gaps"": 0, ""use_diamond_legalizer"": 1, ""disable_window_extension"": 0}",FAILED,3618038.1,3618038.1,0.0,-100.0,-1.0,False
42,49,4,RISCY-b-1-c20,6,"{""max_displacement"": 10, ""site_search_window"": 30, ""row_search_window"": 6, ""disallow_one_site_gaps"": 0, ""use_diamond_legalizer"": 1, ""disable_window_extension"": 0}","{""max_displacement"": 0, ""site_search_window"": 20, ""row_search_window"": 6, ""disallow_one_site_gaps"": 0, ""use_diamond_legalizer"": 1, ""disable_window_extension"": 0}",VALID,3618038.1,3618038.1,0.0,0.0,0.0,False
42,49,5,RISCY-b-1-c20,2,"{""max_displacement"": 0, ""site_search_window"": 20, ""row_search_window"": 6, ""disallow_one_site_gaps"": 0, ""use_diamond_legalizer"": 1, ""disable_window_extension"": 0}","{""max_displacement"": 0, ""site_search_window"": 10, ""row_search_window"": 4, ""disallow_one_site_gaps"": 0, ""use_diamond_legalizer"": 1, ""disable_window_extension"": 0}",VALID,3618038.1,3618038.1,0.0,0.0,0.0,False
42,49,6,RISCY-b-1-c20,2,"{""max_displacement"": 0, ""site_search_window"": 10, ""row_search_window"": 4, ""disallow_one_site_gaps"": 0, ""use_diamond_legalizer"": 1, ""disable_window_extension"": 0}","{""max_displacement"": 0, ""site_search_window"": 0, ""row_search_window"": 2, ""disallow_one_site_gaps"": 0, ""use_diamond_legalizer"": 1, ""disable_window_extension"": 0}",VALID,3618038.1,3618038.1,0.0,0.0,0.0,False
42,49,7,RISCY-b-1-c20,0,"{""max_displacement"": 0, ""site_search_window"": 0, ""row_search_window"": 2, ""disallow_one_site_gaps"": 0, ""use_diamond_legalizer"": 1, ""disable_window_extension"": 0}","{""max_displacement"": 0, ""site_search_window"": 0, ""row_search_window"": 2, ""disallow_one_site_gaps"": true, ""use_diamond_legalizer"": 1, ""disable_window_extension"": true}",VALID,3618038.1,3618038.1,0.0,0.0,0.0,False
42,49,8,RISCY-b-1-c20,2,"{""max_displacement"": 0, ""site_search_window"": 0, ""row_search_window"": 2, ""disallow_one_site_gaps"": true, ""use_diamond_legalizer"": 1, ""disable_window_extension"": true}","{""max_displacement"": 0, ""site_search_window"": 0, ""row_search_window"": 0, ""disallow_one_site_gaps"": true, ""use_diamond_legalizer"": 1, ""disable_window_extension"": true}",VALID,3618038.1,3618038.1,0.0,0.0,0.0,False
42,49,9,RISCY-b-1-c20,2,"{""max_displacement"": 0, ""site_search_window"": 0, ""row_search_window"": 0, ""disallow_one_site_gaps"": true, ""use_diamond_legalizer"": 1, ""disable_window_extension"": true}","{""max_displacement"": 0, ""site_search_window"": 0, ""row_search_window"": 0, ""disallow_one_site_gaps"": true, ""use_diamond_legalizer"": 1, ""disable_window_extension"": true}",VALID,3618038.1,3618038.1,0.0,0.0,0.0,False
42,49,10,RISCY-b-1-c20,7,"{""max_displacement"": 0, ""site_search_window"": 0, ""row_search_window"": 0, ""disallow_one_site_gaps"": true, ""use_diamond_legalizer"": 1, ""disable_window_extension"": true}","{""max_displacement"": 0, ""site_search_window"": 0, ""row_search_window"": 0, ""disallow_one_site_gaps"": true, ""use_diamond_legalizer"": 1, ""disable_window_extension"": true}",VALID,3618038.1,3618038.1,0.0,0.0,0.0,True
42,50,1,RISCY-a-2-c20,0,"{""max_displacement"": 0, ""site_search_window"": 0, ""row_search_window"": 0, ""disallow_one_site_gaps"": 0, ""use_diamond_legalizer"": 1, ""disable_window_extension"": 0}","{""max_displacement"": 0, ""site_search_window"": 0, ""row_search_window"": 0, ""disallow_one_site_gaps"": true, ""use_diamond_legalizer"": 1, ""disable_window_extension"": true}",VALID,5798309.8,5798309.8,0.0,0.0,0.0,False
42,50,2,RISCY-a-2-c20,1,"{""max_displacement"": 0, ""site_search_window"": 0, ""row_search_window"": 0, ""disallow_one_site_gaps"": true, ""use_diamond_legalizer"": 1, ""disable_window_extension"": true}","{""max_displacement"": 10, ""site_search_window"": 10, ""row_search_window"": 2, ""disallow_one_site_gaps"": true, ""use_diamond_legalizer"": 1, ""disable_window_extension"": true}",FAILED,5798309.8,5798309.8,0.0,-100.0,-1.0,False
42,50,3,RISCY-a-2-c20,0,"{""max_displacement"": 10, ""site_search_window"": 10, ""row_search_window"": 2, ""disallow_one_site_gaps"": true, ""use_diamond_legalizer"": 1, ""disable_window_extension"": true}","{""max_displacement"": 10, ""site_search_window"": 10, ""row_search_window"": 2, ""disallow_one_site_gaps"": false, ""use_diamond_legalizer"": 1, ""disable_window_extension"": false}",FAILED,5798309.8,5798309.8,0.0,-100.0,-1.0,False
42,50,4,RISCY-a-2-c20,2,"{""max_displacement"": 10, ""site_search_window"": 10, ""row_search_window"": 2, ""disallow_one_site_gaps"": false, ""use_diamond_legalizer"": 1, ""disable_window_extension"": false}","{""max_displacement"": 0, ""site_search_window"": 0, ""row_search_window"": 0, ""disallow_one_site_gaps"": false, ""use_diamond_legalizer"": 1, ""disable_window_extension"": false}",VALID,5798309.8,5798309.8,0.0,0.0,0.0,False
42,50,5,RISCY-a-2-c20,5,"{""max_displacement"": 0, ""site_search_window"": 0, ""row_search_window"": 0, ""disallow_one_site_gaps"": false, ""use_diamond_legalizer"": 1, ""disable_window_extension"": false}","{""max_displacement"": 10, ""site_search_window"": 10, ""row_search_window"": 0, ""disallow_one_site_gaps"": false, ""use_diamond_legalizer"": 1, ""disable_window_extension"": false}",FAILED,5798309.8,5798309.8,0.0,-100.0,-1.0,False
42,50,6,RISCY-a-2-c20,7,"{""max_displacement"": 10, ""site_search_window"": 10, ""row_search_window"": 0, ""disallow_one_site_gaps"": false, ""use_diamond_legalizer"": 1, ""disable_window_extension"": false}","{""max_displacement"": 10, ""site_search_window"": 10, ""row_search_window"": 0, ""disallow_one_site_gaps"": false, ""use_diamond_legalizer"": 1, ""disable_window_extension"": false}",FAILED,5798309.8,5798309.8,0.0,-100.0,-1.0,False
42,50,7,RISCY-a-2-c20,0,"{""max_displacement"": 10, ""site_search_window"": 10, ""row_search_window"": 0, ""disallow_one_site_gaps"": false, ""use_diamond_legalizer"": 1, ""disable_window_extension"": false}","{""max_displacement"": 10, ""site_search_window"": 10, ""row_search_window"": 0, ""disallow_one_site_gaps"": true, ""use_diamond_legalizer"": 1, ""disable_window_extension"": true}",FAILED,5798309.8,5798309.8,0.0,-100.0,-1.0,False
42,50,8,RISCY-a-2-c20,6,"{""max_displacement"": 10, ""site_search_window"": 10, ""row_search_window"": 0, ""disallow_one_site_gaps"": true, ""use_diamond_legalizer"": 1, ""disable_window_extension"": true}","{""max_displacement"": 0, ""site_search_window"": 0, ""row_search_window"": 0, ""disallow_one_site_gaps"": true, ""use_diamond_legalizer"": 1, ""disable_window_extension"": true}",VALID,5798309.8,5798309.8,0.0,0.0,0.0,False
42,50,9,RISCY-a-2-c20,0,"{""max_displacement"": 0, ""site_search_window"": 0, ""row_search_window"": 0, ""disallow_one_site_gaps"": true, ""use_diamond_legalizer"": 1, ""disable_window_extension"": true}","{""max_displacement"": 0, ""site_search_window"": 0, ""row_search_window"": 0, ""disallow_one_site_gaps"": false, ""use_diamond_legalizer"": 1, ""disable_window_extension"": false}",VALID,5798309.8,5798309.8,0.0,0.0,0.0,False
42,50,10,RISCY-a-2-c20,6,"{""max_displacement"": 0, ""site_search_window"": 0, ""row_search_window"": 0, ""disallow_one_site_gaps"": false, ""use_diamond_legalizer"": 1, ""disable_window_extension"": false}","{""max_displacement"": 0, ""site_search_window"": 0, ""row_search_window"": 0, ""disallow_one_site_gaps"": false, ""use_diamond_legalizer"": 1, ""disable_window_extension"": false}",VALID,5798309.8,5798309.8,0.0,0.0,0.0,True
42,51,1,RISCY-a-3-c5,2,"{""max_displacement"": 0, ""site_search_window"": 0, ""row_search_window"": 0, ""disallow_one_site_gaps"": 0, ""use_diamond_legalizer"": 1, ""disable_window_extension"": 0}","{""max_displacement"": 0, ""site_search_window"": 0, ""row_search_window"": 0, ""disallow_one_site_gaps"": 0, ""use_diamond_legalizer"": 1, ""disable_window_extension"": 0}",VALID,5599044.1,5599044.1,0.0,0.0,0.0,False
42,51,2,RISCY-a-3-c5,5,"{""max_displacement"": 0, ""site_search_window"": 0, ""row_search_window"": 0, ""disallow_one_site_gaps"": 0, ""use_diamond_legalizer"": 1, ""disable_window_extension"": 0}","{""max_displacement"": 10, ""site_search_window"": 10, ""row_search_window"": 0, ""disallow_one_site_gaps"": 0, ""use_diamond_legalizer"": 1, ""disable_window_extension"": 0}",FAILED,5599044.1,5599044.1,0.0,-100.0,-1.0,False
42,51,3,RISCY-a-3-c5,4,"{""max_displacement"": 10, ""site_search_window"": 10, ""row_search_window"": 0, ""disallow_one_site_gaps"": 0, ""use_diamond_legalizer"": 1, ""disable_window_extension"": 0}","{""max_displacement"": 10, ""site_search_window"": 0, ""row_search_window"": 0, ""disallow_one_site_gaps"": 0, ""use_diamond_legalizer"": 1, ""disable_window_extension"": 0}",FAILED,5599044.1,5599044.1,0.0,-100.0,-1.0,False
42,51,4,RISCY-a-3-c5,4,"{""max_displacement"": 10, ""site_search_window"": 0, ""row_search_window"": 0, ""disallow_one_site_gaps"": 0, ""use_diamond_legalizer"": 1, ""disable_window_extension"": 0}","{""max_displacement"": 10, ""site_search_window"": 0, ""row_search_window"": 0, ""disallow_one_site_gaps"": 0, ""use_diamond_legalizer"": 1, ""disable_window_extension"": 0}",FAILED,5599044.1,5599044.1,0.0,-100.0,-1.0,False
42,51,5,RISCY-a-3-c5,7,"{""max_displacement"": 10, ""site_search_window"": 0, ""row_search_window"": 0, ""disallow_one_site_gaps"": 0, ""use_diamond_legalizer"": 1, ""disable_window_extension"": 0}","{""max_displacement"": 10, ""site_search_window"": 0, ""row_search_window"": 0, ""disallow_one_site_gaps"": 0, ""use_diamond_legalizer"": 1, ""disable_window_extension"": 0}",FAILED,5599044.1,5599044.1,0.0,-100.0,-1.0,False
42,51,6,RISCY-a-3-c5,5,"{""max_displacement"": 10, ""site_search_window"": 0, ""row_search_window"": 0, ""disallow_one_site_gaps"": 0, ""use_diamond_legalizer"": 1, ""disable_window_extension"": 0}","{""max_displacement"": 20, ""site_search_window"": 10, ""row_search_window"": 0, ""disallow_one_site_gaps"": 0, ""use_diamond_legalizer"": 1, ""disable_window_extension"": 0}",VALID,5599044.1,5598956.4,87.69999999925494,0.0015999999999999999,1.566338796996704e-05,False
42,51,7,RISCY-a-3-c5,7,"{""max_displacement"": 20, ""site_search_window"": 10, ""row_search_window"": 0, ""disallow_one_site_gaps"": 0, ""use_diamond_legalizer"": 1, ""disable_window_extension"": 0}","{""max_displacement"": 20, ""site_search_window"": 10, ""row_search_window"": 0, ""disallow_one_site_gaps"": 0, ""use_diamond_legalizer"": 1, ""disable_window_extension"": 0}",VALID,5599044.1,5598956.4,0.0,0.0,0.0,False
42,51,8,RISCY-a-3-c5,4,"{""max_displacement"": 20, ""site_search_window"": 10, ""row_search_window"": 0, ""disallow_one_site_gaps"": 0, ""use_diamond_legalizer"": 1, ""disable_window_extension"": 0}","{""max_displacement"": 20, ""site_search_window"": 0, ""row_search_window"": 0, ""disallow_one_site_gaps"": 0, ""use_diamond_legalizer"": 1, ""disable_window_extension"": 0}",VALID,5599044.1,5598956.4,0.0,0.0,0.0,False
42,51,9,RISCY-a-3-c5,4,"{""max_displacement"": 20, ""site_search_window"": 0, ""row_search_window"": 0, ""disallow_one_site_gaps"": 0, ""use_diamond_legalizer"": 1, ""disable_window_extension"": 0}","{""max_displacement"": 20, ""site_search_window"": 0, ""row_search_window"": 0, ""disallow_one_site_gaps"": 0, ""use_diamond_legalizer"": 1, ""disable_window_extension"": 0}",VALID,5599044.1,5598956.4,0.0,0.0,0.0,False
42,51,10,RISCY-a-3-c5,6,"{""max_displacement"": 20, ""site_search_window"": 0, ""row_search_window"": 0, ""disallow_one_site_gaps"": 0, ""use_diamond_legalizer"": 1, ""disable_window_extension"": 0}","{""max_displacement"": 10, ""site_search_window"": 0, ""row_search_window"": 0, ""disallow_one_site_gaps"": 0, ""use_diamond_legalizer"": 1, ""disable_window_extension"": 0}",FAILED,5599044.1,5598956.4,0.0,-100.0,-1.0,True
42,52,1,zero-riscy-a-1-c20,0,"{""max_displacement"": 0, ""site_search_window"": 0, ""row_search_window"": 0, ""disallow_one_site_gaps"": 0, ""use_diamond_legalizer"": 1, ""disable_window_extension"": 0}","{""max_displacement"": 0, ""site_search_window"": 0, ""row_search_window"": 0, ""disallow_one_site_gaps"": true, ""use_diamond_legalizer"": 1, ""disable_window_extension"": true}",VALID,3708707.2,3708707.2,0.0,0.0,0.0,False
42,52,2,zero-riscy-a-1-c20,0,"{""max_displacement"": 0, ""site_search_window"": 0, ""row_search_window"": 0, ""disallow_one_site_gaps"": true, ""use_diamond_legalizer"": 1, ""disable_window_extension"": true}","{""max_displacement"": 0, ""site_search_window"": 0, ""row_search_window"": 0, ""disallow_one_site_gaps"": false, ""use_diamond_legalizer"": 1, ""disable_window_extension"": false}",VALID,3708707.2,3708707.2,0.0,0.0,0.0,False
42,52,3,zero-riscy-a-1-c20,2,"{""max_displacement"": 0, ""site_search_window"": 0, ""row_search_window"": 0, ""disallow_one_site_gaps"": false, ""use_diamond_legalizer"": 1, ""disable_window_extension"": false}","{""max_displacement"": 0, ""site_search_window"": 0, ""row_search_window"": 0, ""disallow_one_site_gaps"": false, ""use_diamond_legalizer"": 1, ""disable_window_extension"": false}",VALID,3708707.2,3708707.2,0.0,0.0,0.0,False
42,52,4,zero-riscy-a-1-c20,6,"{""max_displacement"": 0, ""site_search_window"": 0, ""row_search_window"": 0, ""disallow_one_site_gaps"": false, ""use_diamond_legalizer"": 1, ""disable_window_extension"": false}","{""max_displacement"": 0, ""site_search_window"": 0, ""row_search_window"": 0, ""disallow_one_site_gaps"": false, ""use_diamond_legalizer"": 1, ""disable_window_extension"": false}",VALID,3708707.2,3708707.2,0.0,0.0,0.0,False
42,52,5,zero-riscy-a-1-c20,0,"{""max_displacement"": 0, ""site_search_window"": 0, ""row_search_window"": 0, ""disallow_one_site_gaps"": false, ""use_diamond_legalizer"": 1, ""disable_window_extension"": false}","{""max_displacement"": 0, ""site_search_window"": 0, ""row_search_window"": 0, ""disallow_one_site_gaps"": true, ""use_diamond_legalizer"": 1, ""disable_window_extension"": true}",VALID,3708707.2,3708707.2,0.0,0.0,0.0,False
42,52,6,zero-riscy-a-1-c20,2,"{""max_displacement"": 0, ""site_search_window"": 0, ""row_search_window"": 0, ""disallow_one_site_gaps"": true, ""use_diamond_legalizer"": 1, ""disable_window_extension"": true}","{""max_displacement"": 0, ""site_search_window"": 0, ""row_search_window"": 0, ""disallow_one_site_gaps"": true, ""use_diamond_legalizer"": 1, ""disable_window_extension"": true}",VALID,3708707.2,3708707.2,0.0,0.0,0.0,False
42,52,7,zero-riscy-a-1-c20,6,"{""max_displacement"": 0, ""site_search_window"": 0, ""row_search_window"": 0, ""disallow_one_site_gaps"": true, ""use_diamond_legalizer"": 1, ""disable_window_extension"": true}","{""max_displacement"": 0, ""site_search_window"": 0, ""row_search_window"": 0, ""disallow_one_site_gaps"": true, ""use_diamond_legalizer"": 1, ""disable_window_extension"": true}",VALID,3708707.2,3708707.2,0.0,0.0,0.0,False
42,52,8,zero-riscy-a-1-c20,1,"{""max_displacement"": 0, ""site_search_window"": 0, ""row_search_window"": 0, ""disallow_one_site_gaps"": true, ""use_diamond_legalizer"": 1, ""disable_window_extension"": true}","{""max_displacement"": 10, ""site_search_window"": 10, ""row_search_window"": 2, ""disallow_one_site_gaps"": true, ""use_diamond_legalizer"": 1, ""disable_window_extension"": true}",FAILED,3708707.2,3708707.2,0.0,-100.0,-1.0,False
42,52,9,zero-riscy-a-1-c20,4,"{""max_displacement"": 10, ""site_search_window"": 10, ""row_search_window"": 2, ""disallow_one_site_gaps"": true, ""use_diamond_legalizer"": 1, ""disable_window_extension"": true}","{""max_displacement"": 10, ""site_search_window"": 0, ""row_search_window"": 0, ""disallow_one_site_gaps"": true, ""use_diamond_legalizer"": 1, ""disable_window_extension"": true}",FAILED,3708707.2,3708707.2,0.0,-100.0,-1.0,False
42,52,10,zero-riscy-a-1-c20,0,"{""max_displacement"": 10, ""site_search_window"": 0, ""row_search_window"": 0, ""disallow_one_site_gaps"": true, ""use_diamond_legalizer"": 1, ""disable_window_extension"": true}","{""max_displacement"": 10, ""site_search_window"": 0, ""row_search_window"": 0, ""disallow_one_site_gaps"": false, ""use_diamond_legalizer"": 1, ""disable_window_extension"": false}",FAILED,3708707.2,3708707.2,0.0,-100.0,-1.0,True
42,53,1,zero-riscy-a-1-c20,0,"{""max_displacement"": 0, ""site_search_window"": 0, ""row_search_window"": 0, ""disallow_one_site_gaps"": 0, ""use_diamond_legalizer"": 1, ""disable_window_extension"": 0}","{""max_displacement"": 0, ""site_search_window"": 0, ""row_search_window"": 0, ""disallow_one_site_gaps"": true, ""use_diamond_legalizer"": 1, ""disable_window_extension"": true}",VALID,3708707.2,3708707.2,0.0,0.0,0.0,False
42,53,2,zero-riscy-a-1-c20,2,"{""max_displacement"": 0, ""site_search_window"": 0, ""row_search_window"": 0, ""disallow_one_site_gaps"": true, ""use_diamond_legalizer"": 1, ""disable_window_extension"": true}","{""max_displacement"": 0, ""site_search_window"": 0, ""row_search_window"": 0, ""disallow_one_site_gaps"": true, ""use_diamond_legalizer"": 1, ""disable_window_extension"": true}",VALID,3708707.2,3708707.2,0.0,0.0,0.0,False
42,53,3,zero-riscy-a-1-c20,0,"{""max_displacement"": 0, ""site_search_window"": 0, ""row_search_window"": 0, ""disallow_one_site_gaps"": true, ""use_diamond_legalizer"": 1, ""disable_window_extension"": true}","{""max_displacement"": 0, ""site_search_window"": 0, ""row_search_window"": 0, ""disallow_one_site_gaps"": false, ""use_diamond_legalizer"": 1, ""disable_window_extension"": false}",VALID,3708707.2,3708707.2,0.0,0.0,0.0,False
42,53,4,zero-riscy-a-1-c20,0,"{""max_displacement"": 0, ""site_search_window"": 0, ""row_search_window"": 0, ""disallow_one_site_gaps"": false, ""use_diamond_legalizer"": 1, ""disable_window_extension"": false}","{""max_displacement"": 0, ""site_search_window"": 0, ""row_search_window"": 0, ""disallow_one_site_gaps"": true, ""use_diamond_legalizer"": 1, ""disable_window_extension"": true}",VALID,3708707.2,3708707.2,0.0,0.0,0.0,False
42,53,5,zero-riscy-a-1-c20,4,"{""max_displacement"": 0, ""site_search_window"": 0, ""row_search_window"": 0, ""disallow_one_site_gaps"": true, ""use_diamond_legalizer"": 1, ""disable_window_extension"": true}","{""max_displacement"": 0, ""site_search_window"": 0, ""row_search_window"": 0, ""disallow_one_site_gaps"": true, ""use_diamond_legalizer"": 1, ""disable_window_extension"": true}",VALID,3708707.2,3708707.2,0.0,0.0,0.0,False
42,53,6,zero-riscy-a-1-c20,5,"{""max_displacement"": 0, ""site_search_window"": 0, ""row_search_window"": 0, ""disallow_one_site_gaps"": true, ""use_diamond_legalizer"": 1, ""disable_window_extension"": true}","{""max_displacement"": 10, ""site_search_window"": 10, ""row_search_window"": 0, ""disallow_one_site_gaps"": true, ""use_diamond_legalizer"": 1, ""disable_window_extension"": true}",FAILED,3708707.2,3708707.2,0.0,-100.0,-1.0,False
42,53,7,zero-riscy-a-1-c20,7,"{""max_displacement"": 10, ""site_search_window"": 10, ""row_search_window"": 0, ""disallow_one_site_gaps"": true, ""use_diamond_legalizer"": 1, ""disable_window_extension"": true}","{""max_displacement"": 10, ""site_search_window"": 10, ""row_search_window"": 0, ""disallow_one_site_gaps"": true, ""use_diamond_legalizer"": 1, ""disable_window_extension"": true}",FAILED,3708707.2,3708707.2,0.0,-100.0,-1.0,False
42,53,8,zero-riscy-a-1-c20,6,"{""max_displacement"": 10, ""site_search_window"": 10, ""row_search_window"": 0, ""disallow_one_site_gaps"": true, ""use_diamond_legalizer"": 1, ""disable_window_extension"": true}","{""max_displacement"": 0, ""site_search_window"": 0, ""row_search_window"": 0, ""disallow_one_site_gaps"": true, ""use_diamond_legalizer"": 1, ""disable_window_extension"": true}",VALID,3708707.2,3708707.2,0.0,0.0,0.0,False
42,53,9,zero-riscy-a-1-c20,7,"{""max_displacement"": 0, ""site_search_window"": 0, ""row_search_window"": 0, ""disallow_one_site_gaps"": true, ""use_diamond_legalizer"": 1, ""disable_window_extension"": true}","{""max_displacement"": 0, ""site_search_window"": 0, ""row_search_window"": 0, ""disallow_one_site_gaps"": true, ""use_diamond_legalizer"": 1, ""disable_window_extension"": true}",VALID,3708707.2,3708707.2,0.0,0.0,0.0,False
42,53,10,zero-riscy-a-1-c20,4,"{""max_displacement"": 0, ""site_search_window"": 0, ""row_search_window"": 0, ""disallow_one_site_gaps"": true, ""use_diamond_legalizer"": 1, ""disable_window_extension"": true}","{""max_displacement"": 0, ""site_search_window"": 0, ""row_search_window"": 0, ""disallow_one_site_gaps"": true, ""use_diamond_legalizer"": 1, ""disable_window_extension"": true}",VALID,3708707.2,3708707.2,0.0,0.0,0.0,True
42,54,1,RISCY-FPU-a-3-c5,1,"{""max_displacement"": 0, ""site_search_window"": 0, ""row_search_window"": 0, ""disallow_one_site_gaps"": 0, ""use_diamond_legalizer"": 1, ""disable_window_extension"": 0}","{""max_displacement"": 10, ""site_search_window"": 10, ""row_search_window"": 2, ""disallow_one_site_gaps"": 0, ""use_diamond_legalizer"": 1, ""disable_window_extension"": 0}",FAILED,7615617.5,7615617.5,0.0,-100.0,-1.0,False
42,54,2,RISCY-FPU-a-3-c5,3,"{""max_displacement"": 10, ""site_search_window"": 10, ""row_search_window"": 2, ""disallow_one_site_gaps"": 0, ""use_diamond_legalizer"": 1, ""disable_window_extension"": 0}","{""max_displacement"": 10, ""site_search_window"": 20, ""row_search_window"": 4, ""disallow_one_site_gaps"": 0, ""use_diamond_legalizer"": 1, ""disable_window_extension"": 0}",FAILED,7615617.5,7615617.5,0.0,-100.0,-1.0,False
42,54,3,RISCY-FPU-a-3-c5,4,"{""max_displacement"": 10, ""site_search_window"": 20, ""row_search_window"": 4, ""disallow_one_site_gaps"": 0, ""use_diamond_legalizer"": 1, ""disable_window_extension"": 0}","{""max_displacement"": 10, ""site_search_window"": 10, ""row_search_window"": 2, ""disallow_one_site_gaps"": 0, ""use_diamond_legalizer"": 1, ""disable_window_extension"": 0}",FAILED,7615617.5,7615617.5,0.0,-100.0,-1.0,False
42,54,4,RISCY-FPU-a-3-c5,2,"{""max_displacement"": 10, ""site_search_window"": 10, ""row_search_window"": 2, ""disallow_one_site_gaps"": 0, ""use_diamond_legalizer"": 1, ""disable_window_extension"": 0}","{""max_displacement"": 0, ""site_search_window"": 0, ""row_search_window"": 0, ""disallow_one_site_gaps"": 0, ""use_diamond_legalizer"": 1, ""disable_window_extension"": 0}",VALID,7615617.5,7615617.5,0.0,0.0,0.0,False
42,54,5,RISCY-FPU-a-3-c5,5,"{""max_displacement"": 0, ""site_search_window"": 0, ""row_search_window"": 0, ""disallow_one_site_gaps"": 0, ""use_diamond_legalizer"": 1, ""disable_window_extension"": 0}","{""max_displacement"": 10, ""site_search_window"": 10, ""row_search_window"": 0, ""disallow_one_site_gaps"": 0, ""use_diamond_legalizer"": 1, ""disable_window_extension"": 0}",FAILED,7615617.5,7615617.5,0.0,-100.0,-1.0,False
42,54,6,RISCY-FPU-a-3-c5,7,"{""max_displacement"": 10, ""site_search_window"": 10, ""row_search_window"": 0, ""disallow_one_site_gaps"": 0, ""use_diamond_legalizer"": 1, ""disable_window_extension"": 0}","{""max_displacement"": 10, ""site_search_window"": 10, ""row_search_window"": 0, ""disallow_one_site_gaps"": 0, ""use_diamond_legalizer"": 1, ""disable_window_extension"": 0}",FAILED,7615617.5,7615617.5,0.0,-100.0,-1.0,False
42,54,7,RISCY-FPU-a-3-c5,3,"{""max_displacement"": 10, ""site_search_window"": 10, ""row_search_window"": 0, ""disallow_one_site_gaps"": 0, ""use_diamond_legalizer"": 1, ""disable_window_extension"": 0}","{""max_displacement"": 10, ""site_search_window"": 20, ""row_search_window"": 2, ""disallow_one_site_gaps"": 0, ""use_diamond_legalizer"": 1, ""disable_window_extension"": 0}",FAILED,7615617.5,7615617.5,0.0,-100.0,-1.0,False
42,54,8,RISCY-FPU-a-3-c5,0,"{""max_displacement"": 10, ""site_search_window"": 20, ""row_search_window"": 2, ""disallow_one_site_gaps"": 0, ""use_diamond_legalizer"": 1, ""disable_window_extension"": 0}","{""max_displacement"": 10, ""site_search_window"": 20, ""row_search_window"": 2, ""disallow_one_site_gaps"": true, ""use_diamond_legalizer"": 1, ""disable_window_extension"": true}",FAILED,7615617.5,7615617.5,0.0,-100.0,-1.0,False
42,54,9,RISCY-FPU-a-3-c5,2,"{""max_displacement"": 10, ""site_search_window"": 20, ""row_search_window"": 2, ""disallow_one_site_gaps"": true, ""use_diamond_legalizer"": 1, ""disable_window_extension"": true}","{""max_displacement"": 0, ""site_search_window"": 10, ""row_search_window"": 0, ""disallow_one_site_gaps"": true, ""use_diamond_legalizer"": 1, ""disable_window_extension"": true}",VALID,7615617.5,7615617.5,0.0,0.0,0.0,False
42,54,10,RISCY-FPU-a-3-c5,2,"{""max_displacement"": 0, ""site_search_window"": 10, ""row_search_window"": 0, ""disallow_one_site_gaps"": true, ""use_diamond_legalizer"": 1, ""disable_window_extension"": true}","{""max_displacement"": 0, ""site_search_window"": 0, ""row_search_window"": 0, ""disallow_one_site_gaps"": true, ""use_diamond_legalizer"": 1, ""disable_window_extension"": true}",VALID,7615617.5,7615617.5,0.0,0.0,0.0,True
42,55,1,zero-riscy-b-1-c20,0,"{""max_displacement"": 0, ""site_search_window"": 0, ""row_search_window"": 0, ""disallow_one_site_gaps"": 0, ""use_diamond_legalizer"": 1, ""disable_window_extension"": 0}","{""max_displacement"": 0, ""site_search_window"": 0, ""row_search_window"": 0, ""disallow_one_site_gaps"": true, ""use_diamond_legalizer"": 1, ""disable_window_extension"": true}",VALID,1957747.6,1957747.6,0.0,0.0,0.0,False
42,55,2,zero-riscy-b-1-c20,5,"{""max_displacement"": 0, ""site_search_window"": 0, ""row_search_window"": 0, ""disallow_one_site_gaps"": true, ""use_diamond_legalizer"": 1, ""disable_window_extension"": true}","{""max_displacement"": 10, ""site_search_window"": 10, ""row_search_window"": 0, ""disallow_one_site_gaps"": true, ""use_diamond_legalizer"": 1, ""disable_window_extension"": true}",VALID,1957747.6,1957747.6,0.0,0.0,0.0,False
42,55,3,zero-riscy-b-1-c20,7,"{""max_displacement"": 10, ""site_search_window"": 10, ""row_search_window"": 0, ""disallow_one_site_gaps"": true, ""use_diamond_legalizer"": 1, ""disable_window_extension"": true}","{""max_displacement"": 10, ""site_search_window"": 10, ""row_search_window"": 0, ""disallow_one_site_gaps"": true, ""use_diamond_legalizer"": 1, ""disable_window_extension"": true}",VALID,1957747.6,1957747.6,0.0,0.0,0.0,False
42,55,4,zero-riscy-b-1-c20,1,"{""max_displacement"": 10, ""site_search_window"": 10, ""row_search_window"": 0, ""disallow_one_site_gaps"": true, ""use_diamond_legalizer"": 1, ""disable_window_extension"": true}","{""max_displacement"": 20, ""site_search_window"": 20, ""row_search_window"": 2, ""disallow_one_site_gaps"": true, ""use_diamond_legalizer"": 1, ""disable_window_extension"": true}",VALID,1957747.6,1957747.6,0.0,0.0,0.0,False
42,55,5,zero-riscy-b-1-c20,1,"{""max_displacement"": 20, ""site_search_window"": 20, ""row_search_window"": 2, ""disallow_one_site_gaps"": true, ""use_diamond_legalizer"": 1, ""disable_window_extension"": true}","{""max_displacement"": 30, ""site_search_window"": 30, ""row_search_window"": 4, ""disallow_one_site_gaps"": true, ""use_diamond_legalizer"": 1, ""disable_window_extension"": true}",VALID,1957747.6,1957747.6,0.0,0.0,0.0,False
42,55,6,zero-riscy-b-1-c20,1,"{""max_displacement"": 30, ""site_search_window"": 30, ""row_search_window"": 4, ""disallow_one_site_gaps"": true, ""use_diamond_legalizer"": 1, ""disable_window_extension"": true}","{""max_displacement"": 40, ""site_search_window"": 40, ""row_search_window"": 6, ""disallow_one_site_gaps"": true, ""use_diamond_legalizer"": 1, ""disable_window_extension"": true}",VALID,1957747.6,1957747.6,0.0,0.0,0.0,False
42,55,7,zero-riscy-b-1-c20,1,"{""max_displacement"": 40, ""site_search_window"": 40, ""row_search_window"": 6, ""disallow_one_site_gaps"": true, ""use_diamond_legalizer"": 1, ""disable_window_extension"": true}","{""max_displacement"": 50, ""site_search_window"": 50, ""row_search_window"": 8, ""disallow_one_site_gaps"": true, ""use_diamond_legalizer"": 1, ""disable_window_extension"": true}",VALID,1957747.6,1957747.6,0.0,0.0,0.0,False
42,55,8,zero-riscy-b-1-c20,1,"{""max_displacement"": 50, ""site_search_window"": 50, ""row_search_window"": 8, ""disallow_one_site_gaps"": true, ""use_diamond_legalizer"": 1, ""disable_window_extension"": true}","{""max_displacement"": 60, ""site_search_window"": 60, ""row_search_window"": 10, ""disallow_one_site_gaps"": true, ""use_diamond_legalizer"": 1, ""disable_window_extension"": true}",VALID,1957747.6,1957747.6,0.0,0.0,0.0,False
42,55,9,zero-riscy-b-1-c20,5,"{""max_displacement"": 60, ""site_search_window"": 60, ""row_search_window"": 10, ""disallow_one_site_gaps"": true, ""use_diamond_legalizer"": 1, ""disable_window_extension"": true}","{""max_displacement"": 70, ""site_search_window"": 70, ""row_search_window"": 10, ""disallow_one_site_gaps"": true, ""use_diamond_legalizer"": 1, ""disable_window_extension"": true}",VALID,1957747.6,1957747.6,0.0,0.0,0.0,False
42,55,10,zero-riscy-b-1-c20,3,"{""max_displacement"": 70, ""site_search_window"": 70, ""row_search_window"": 10, ""disallow_one_site_gaps"": true, ""use_diamond_legalizer"": 1, ""disable_window_extension"": true}","{""max_displacement"": 70, ""site_search_window"": 80, ""row_search_window"": 12, ""disallow_one_site_gaps"": true, ""use_diamond_legalizer"": 1, ""disable_window_extension"": true}",VALID,1957747.6,1957747.6,0.0,0.0,0.0,True
42,56,1,RISCY-FPU-b-2-c2,5,"{""max_displacement"": 0, ""site_search_window"": 0, ""row_search_window"": 0, ""disallow_one_site_gaps"": 0, ""use_diamond_legalizer"": 1, ""disable_window_extension"": 0}","{""max_displacement"": 10, ""site_search_window"": 10, ""row_search_window"": 0, ""disallow_one_site_gaps"": 0, ""use_diamond_legalizer"": 1, ""disable_window_extension"": 0}",FAILED,6307671.3,6307671.3,0.0,-100.0,-1.0,False
42,56,2,RISCY-FPU-b-2-c2,5,"{""max_displacement"": 10, ""site_search_window"": 10, ""row_search_window"": 0, ""disallow_one_site_gaps"": 0, ""use_diamond_legalizer"": 1, ""disable_window_extension"": 0}","{""max_displacement"": 20, ""site_search_window"": 20, ""row_search_window"": 0, ""disallow_one_site_gaps"": 0, ""use_diamond_legalizer"": 1, ""disable_window_extension"": 0}",FAILED,6307671.3,6307671.3,0.0,-100.0,-1.0,False
42,56,3,RISCY-FPU-b-2-c2,3,"{""max_displacement"": 20, ""site_search_window"": 20, ""row_search_window"": 0, ""disallow_one_site_gaps"": 0, ""use_diamond_legalizer"": 1, ""disable_window_extension"": 0}","{""max_displacement"": 20, ""site_search_window"": 30, ""row_search_window"": 2, ""disallow_one_site_gaps"": 0, ""use_diamond_legalizer"": 1, ""disable_window_extension"": 0}",FAILED,6307671.3,6307671.3,0.0,-100.0,-1.0,False
42,56,4,RISCY-FPU-b-2-c2,1,"{""max_displacement"": 20, ""site_search_window"": 30, ""row_search_window"": 2, ""disallow_one_site_gaps"": 0, ""use_diamond_legalizer"": 1, ""disable_window_extension"": 0}","{""max_displacement"": 30, ""site_search_window"": 40, ""row_search_window"": 4, ""disallow_one_site_gaps"": 0, ""use_diamond_legalizer"": 1, ""disable_window_extension"": 0}",VALID,6307671.3,6307671.3,0.0,0.0,0.0,False
42,56,5,RISCY-FPU-b-2-c2,1,"{""max_displacement"": 30, ""site_search_window"": 40, ""row_search_window"": 4, ""disallow_one_site_gaps"": 0, ""use_diamond_legalizer"": 1, ""disable_window_extension"": 0}","{""max_displacement"": 40, ""site_search_window"": 50, ""row_search_window"": 6, ""disallow_one_site_gaps"": 0, ""use_diamond_legalizer"": 1, ""disable_window_extension"": 0}",VALID,6307671.3,6307671.3,0.0,0.0,0.0,False
42,56,6,RISCY-FPU-b-2-c2,5,"{""max_displacement"": 40, ""site_search_window"": 50, ""row_search_window"": 6, ""disallow_one_site_gaps"": 0, ""use_diamond_legalizer"": 1, ""disable_window_extension"": 0}","{""max_displacement"": 50, ""site_search_window"": 60, ""row_search_window"": 6, ""disallow_one_site_gaps"": 0, ""use_diamond_legalizer"": 1, ""disable_window_extension"": 0}",VALID,6307671.3,6307671.3,0.0,0.0,0.0,False
42,56,7,RISCY-FPU-b-2-c2,0,"{""max_displacement"": 50, ""site_search_window"": 60, ""row_search_window"": 6, ""disallow_one_site_gaps"": 0, ""use_diamond_legalizer"": 1, ""disable_window_extension"": 0}","{""max_displacement"": 50, ""site_search_window"": 60, ""row_search_window"": 6, ""disallow_one_site_gaps"": true, ""use_diamond_legalizer"": 1, ""disable_window_extension"": true}",VALID,6307671.3,6307671.3,0.0,0.0,0.0,False
42,56,8,RISCY-FPU-b-2-c2,5,"{""max_displacement"": 50, ""site_search_window"": 60, ""row_search_window"": 6, ""disallow_one_site_gaps"": true, ""use_diamond_legalizer"": 1, ""disable_window_extension"": true}","{""max_displacement"": 60, ""site_search_window"": 70, ""row_search_window"": 6, ""disallow_one_site_gaps"": true, ""use_diamond_legalizer"": 1, ""disable_window_extension"": true}",VALID,6307671.3,6307671.3,0.0,0.0,0.0,False
42,56,9,RISCY-FPU-b-2-c2,1,"{""max_displacement"": 60, ""site_search_window"": 70, ""row_search_window"": 6, ""disallow_one_site_gaps"": true, ""use_diamond_legalizer"": 1, ""disable_window_extension"": true}","{""max_displacement"": 70, ""site_search_window"": 80, ""row_search_window"": 8, ""disallow_one_site_gaps"": true, ""use_diamond_legalizer"": 1, ""disable_window_extension"": true}",VALID,6307671.3,6307671.3,0.0,0.0,0.0,False
42,56,10,RISCY-FPU-b-2-c2,4,"{""max_displacement"": 70, ""site_search_window"": 80, ""row_search_window"": 8, ""disallow_one_site_gaps"": true, ""use_diamond_legalizer"": 1, ""disable_window_extension"": true}","{""max_displacement"": 70, ""site_search_window"": 70, ""row_search_window"": 6, ""disallow_one_site_gaps"": true, ""use_diamond_legalizer"": 1, ""disable_window_extension"": true}",VALID,6307671.3,6307671.3,0.0,0.0,0.0,True
42,57,1,zero-riscy-a-2-c5,6,"{""max_displacement"": 0, ""site_search_window"": 0, ""row_search_window"": 0, ""disallow_one_site_gaps"": 0, ""use_diamond_legalizer"": 1, ""disable_window_extension"": 0}","{""max_displacement"": 0, ""site_search_window"": 0, ""row_search_window"": 0, ""disallow_one_site_gaps"": 0, ""use_diamond_legalizer"": 1, ""disable_window_extension"": 0}",VALID,3745024.3,3745024.3,0.0,0.0,0.0,False
42,57,2,zero-riscy-a-2-c5,3,"{""max_displacement"": 0, ""site_search_window"": 0, ""row_search_window"": 0, ""disallow_one_site_gaps"": 0, ""use_diamond_legalizer"": 1, ""disable_window_extension"": 0}","{""max_displacement"": 0, ""site_search_window"": 10, ""row_search_window"": 2, ""disallow_one_site_gaps"": 0, ""use_diamond_legalizer"": 1, ""disable_window_extension"": 0}",VALID,3745024.3,3745024.3,0.0,0.0,0.0,False
42,57,3,zero-riscy-a-2-c5,3,"{""max_displacement"": 0, ""site_search_window"": 10, ""row_search_window"": 2, ""disallow_one_site_gaps"": 0, ""use_diamond_legalizer"": 1, ""disable_window_extension"": 0}","{""max_displacement"": 0, ""site_search_window"": 20, ""row_search_window"": 4, ""disallow_one_site_gaps"": 0, ""use_diamond_legalizer"": 1, ""disable_window_extension"": 0}",VALID,3745024.3,3745024.3,0.0,0.0,0.0,False
42,57,4,zero-riscy-a-2-c5,4,"{""max_displacement"": 0, ""site_search_window"": 20, ""row_search_window"": 4, ""disallow_one_site_gaps"": 0, ""use_diamond_legalizer"": 1, ""disable_window_extension"": 0}","{""max_displacement"": 0, ""site_search_window"": 10, ""row_search_window"": 2, ""disallow_one_site_gaps"": 0, ""use_diamond_legalizer"": 1, ""disable_window_extension"": 0}",VALID,3745024.3,3745024.3,0.0,0.0,0.0,False
42,57,5,zero-riscy-a-2-c5,5,"{""max_displacement"": 0, ""site_search_window"": 10, ""row_search_window"": 2, ""disallow_one_site_gaps"": 0, ""use_diamond_legalizer"": 1, ""disable_window_extension"": 0}","{""max_displacement"": 10, ""site_search_window"": 20, ""row_search_window"": 2, ""disallow_one_site_gaps"": 0, ""use_diamond_legalizer"": 1, ""disable_window_extension"": 0}",VALID,3745024.3,3745024.3,0.0,0.0,0.0,False
42,57,6,zero-riscy-a-2-c5,6,"{""max_displacement"": 10, ""site_search_window"": 20, ""row_search_window"": 2, ""disallow_one_site_gaps"": 0, ""use_diamond_legalizer"": 1, ""disable_window_extension"": 0}","{""max_displacement"": 0, ""site_search_window"": 10, ""row_search_window"": 2, ""disallow_one_site_gaps"": 0, ""use_diamond_legalizer"": 1, ""disable_window_extension"": 0}",VALID,3745024.3,3745024.3,0.0,0.0,0.0,False
42,57,7,zero-riscy-a-2-c5,2,"{""max_displacement"": 0, ""site_search_window"": 10, ""row_search_window"": 2, ""disallow_one_site_gaps"": 0, ""use_diamond_legalizer"": 1, ""disable_window_extension"": 0}","{""max_displacement"": 0, ""site_search_window"": 0, ""row_search_window"": 0, ""disallow_one_site_gaps"": 0, ""use_diamond_legalizer"": 1, ""disable_window_extension"": 0}",VALID,3745024.3,3745024.3,0.0,0.0,0.0,False
42,57,8,zero-riscy-a-2-c5,1,"{""max_displacement"": 0, ""site_search_window"": 0, ""row_search_window"": 0, ""disallow_one_site_gaps"": 0, ""use_diamond_legalizer"": 1, ""disable_window_extension"": 0}","{""max_displacement"": 10, ""site_search_window"": 10, ""row_search_window"": 2, ""disallow_one_site_gaps"": 0, ""use_diamond_legalizer"": 1, ""disable_window_extension"": 0}",VALID,3745024.3,3745024.3,0.0,0.0,0.0,False
42,57,9,zero-riscy-a-2-c5,7,"{""max_displacement"": 10, ""site_search_window"": 10, ""row_search_window"": 2, ""disallow_one_site_gaps"": 0, ""use_diamond_legalizer"": 1, ""disable_window_extension"": 0}","{""max_displacement"": 10, ""site_search_window"": 10, ""row_search_window"": 2, ""disallow_one_site_gaps"": 0, ""use_diamond_legalizer"": 1, ""disable_window_extension"": 0}",VALID,3745024.3,3745024.3,0.0,0.0,0.0,False
42,57,10,zero-riscy-a-2-c5,6,"{""max_displacement"": 10, ""site_search_window"": 10, ""row_search_window"": 2, ""disallow_one_site_gaps"": 0, ""use_diamond_legalizer"": 1, ""disable_window_extension"": 0}","{""max_displacement"": 0, ""site_search_window"": 0, ""row_search_window"": 2, ""disallow_one_site_gaps"": 0, ""use_diamond_legalizer"": 1, ""disable_window_extension"": 0}",VALID,3745024.3,3745024.3,0.0,0.0,0.0,True
42,58,1,RISCY-b-3-c20,0,"{""max_displacement"": 0, ""site_search_window"": 0, ""row_search_window"": 0, ""disallow_one_site_gaps"": 0, ""use_diamond_legalizer"": 1, ""disable_window_extension"": 0}","{""max_displacement"": 0, ""site_search_window"": 0, ""row_search_window"": 0, ""disallow_one_site_gaps"": true, ""use_diamond_legalizer"": 1, ""disable_window_extension"": true}",VALID,3036189.3,3036189.3,0.0,0.0,0.0,False
42,58,2,RISCY-b-3-c20,7,"{""max_displacement"": 0, ""site_search_window"": 0, ""row_search_window"": 0, ""disallow_one_site_gaps"": true, ""use_diamond_legalizer"": 1, ""disable_window_extension"": true}","{""max_displacement"": 0, ""site_search_window"": 0, ""row_search_window"": 0, ""disallow_one_site_gaps"": true, ""use_diamond_legalizer"": 1, ""disable_window_extension"": true}",VALID,3036189.3,3036189.3,0.0,0.0,0.0,False
42,58,3,RISCY-b-3-c20,7,"{""max_displacement"": 0, ""site_search_window"": 0, ""row_search_window"": 0, ""disallow_one_site_gaps"": true, ""use_diamond_legalizer"": 1, ""disable_window_extension"": true}","{""max_displacement"": 0, ""site_search_window"": 0, ""row_search_window"": 0, ""disallow_one_site_gaps"": true, ""use_diamond_legalizer"": 1, ""disable_window_extension"": true}",VALID,3036189.3,3036189.3,0.0,0.0,0.0,False
42,58,4,RISCY-b-3-c20,6,"{""max_displacement"": 0, ""site_search_window"": 0, ""row_search_window"": 0, ""disallow_one_site_gaps"": true, ""use_diamond_legalizer"": 1, ""disable_window_extension"": true}","{""max_displacement"": 0, ""site_search_window"": 0, ""row_search_window"": 0, ""disallow_one_site_gaps"": true, ""use_diamond_legalizer"": 1, ""disable_window_extension"": true}",VALID,3036189.3,3036189.3,0.0,0.0,0.0,False
42,58,5,RISCY-b-3-c20,6,"{""max_displacement"": 0, ""site_search_window"": 0, ""row_search_window"": 0, ""disallow_one_site_gaps"": true, ""use_diamond_legalizer"": 1, ""disable_window_extension"": true}","{""max_displacement"": 0, ""site_search_window"": 0, ""row_search_window"": 0, ""disallow_one_site_gaps"": true, ""use_diamond_legalizer"": 1, ""disable_window_extension"": true}",VALID,3036189.3,3036189.3,0.0,0.0,0.0,False
42,58,6,RISCY-b-3-c20,2,"{""max_displacement"": 0, ""site_search_window"": 0, ""row_search_window"": 0, ""disallow_one_site_gaps"": true, ""use_diamond_legalizer"": 1, ""disable_window_extension"": true}","{""max_displacement"": 0, ""site_search_window"": 0, ""row_search_window"": 0, ""disallow_one_site_gaps"": true, ""use_diamond_legalizer"": 1, ""disable_window_extension"": true}",VALID,3036189.3,3036189.3,0.0,0.0,0.0,False
42,58,7,RISCY-b-3-c20,3,"{""max_displacement"": 0, ""site_search_window"": 0, ""row_search_window"": 0, ""disallow_one_site_gaps"": true, ""use_diamond_legalizer"": 1, ""disable_window_extension"": true}","{""max_displacement"": 0, ""site_search_window"": 10, ""row_search_window"": 2, ""disallow_one_site_gaps"": true, ""use_diamond_legalizer"": 1, ""disable_window_extension"": true}",VALID,3036189.3,3036189.3,0.0,0.0,0.0,False
42,58,8,RISCY-b-3-c20,4,"{""max_displacement"": 0, ""site_search_window"": 10, ""row_search_window"": 2, ""disallow_one_site_gaps"": true, ""use_diamond_legalizer"": 1, ""disable_window_extension"": true}","{""max_displacement"": 0, ""site_search_window"": 0, ""row_search_window"": 0, ""disallow_one_site_gaps"": true, ""use_diamond_legalizer"": 1, ""disable_window_extension"": true}",VALID,3036189.3,3036189.3,0.0,0.0,0.0,False
42,58,9,RISCY-b-3-c20,3,"{""max_displacement"": 0, ""site_search_window"": 0, ""row_search_window"": 0, ""disallow_one_site_gaps"": true, ""use_diamond_legalizer"": 1, ""disable_window_extension"": true}","{""max_displacement"": 0, ""site_search_window"": 10, ""row_search_window"": 2, ""disallow_one_site_gaps"": true, ""use_diamond_legalizer"": 1, ""disable_window_extension"": true}",VALID,3036189.3,3036189.3,0.0,0.0,0.0,False
42,58,10,RISCY-b-3-c20,7,"{""max_displacement"": 0, ""site_search_window"": 10, ""row_search_window"": 2, ""disallow_one_site_gaps"": true, ""use_diamond_legalizer"": 1, ""disable_window_extension"": true}","{""max_displacement"": 0, ""site_search_window"": 10, ""row_search_window"": 2, ""disallow_one_site_gaps"": true, ""use_diamond_legalizer"": 1, ""disable_window_extension"": true}",VALID,3036189.3,3036189.3,0.0,0.0,0.0,True
42,59,1,zero-riscy-b-3-c20,3,"{""max_displacement"": 0, ""site_search_window"": 0, ""row_search_window"": 0, ""disallow_one_site_gaps"": 0, ""use_diamond_legalizer"": 1, ""disable_window_extension"": 0}","{""max_displacement"": 0, ""site_search_window"": 10, ""row_search_window"": 2, ""disallow_one_site_gaps"": 0, ""use_diamond_legalizer"": 1, ""disable_window_extension"": 0}",VALID,1996434.6,1996434.6,0.0,0.0,0.0,False
42,59,2,zero-riscy-b-3-c20,7,"{""max_displacement"": 0, ""site_search_window"": 10, ""row_search_window"": 2, ""disallow_one_site_gaps"": 0, ""use_diamond_legalizer"": 1, ""disable_window_extension"": 0}","{""max_displacement"": 0, ""site_search_window"": 10, ""row_search_window"": 2, ""disallow_one_site_gaps"": 0, ""use_diamond_legalizer"": 1, ""disable_window_extension"": 0}",VALID,1996434.6,1996434.6,0.0,0.0,0.0,False
42,59,3,zero-riscy-b-3-c20,6,"{""max_displacement"": 0, ""site_search_window"": 10, ""row_search_window"": 2, ""disallow_one_site_gaps"": 0, ""use_diamond_legalizer"": 1, ""disable_window_extension"": 0}","{""max_displacement"": 0, ""site_search_window"": 0, ""row_search_window"": 2, ""disallow_one_site_gaps"": 0, ""use_diamond_legalizer"": 1, ""disable_window_extension"": 0}",VALID,1996434.6,1996434.6,0.0,0.0,0.0,False
42,59,4,zero-riscy-b-3-c20,2,"{""max_displacement"": 0, ""site_search_window"": 0, ""row_search_window"": 2, ""disallow_one_site_gaps"": 0, ""use_diamond_legalizer"": 1, ""disable_window_extension"": 0}","{""max_displacement"": 0, ""site_search_window"": 0, ""row_search_window"": 0, ""disallow_one_site_gaps"": 0, ""use_diamond_legalizer"": 1, ""disable_window_extension"": 0}",VALID,1996434.6,1996434.6,0.0,0.0,0.0,False
42,59,5,zero-riscy-b-3-c20,1,"{""max_displacement"": 0, ""site_search_window"": 0, ""row_search_window"": 0, ""disallow_one_site_gaps"": 0, ""use_diamond_legalizer"": 1, ""disable_window_extension"": 0}","{""max_displacement"": 10, ""site_search_window"": 10, ""row_search_window"": 2, ""disallow_one_site_gaps"": 0, ""use_diamond_legalizer"": 1, ""disable_window_extension"": 0}",VALID,1996434.6,1996434.6,0.0,0.0,0.0,False
42,59,6,zero-riscy-b-3-c20,7,"{""max_displacement"": 10, ""site_search_window"": 10, ""row_search_window"": 2, ""disallow_one_site_gaps"": 0, ""use_diamond_legalizer"": 1, ""disable_window_extension"": 0}","{""max_displacement"": 10, ""site_search_window"": 10, ""row_search_window"": 2, ""disallow_one_site_gaps"": 0, ""use_diamond_legalizer"": 1, ""disable_window_extension"": 0}",VALID,1996434.6,1996434.6,0.0,0.0,0.0,False
42,59,7,zero-riscy-b-3-c20,5,"{""max_displacement"": 10, ""site_search_window"": 10, ""row_search_window"": 2, ""disallow_one_site_gaps"": 0, ""use_diamond_legalizer"": 1, ""disable_window_extension"": 0}","{""max_displacement"": 20, ""site_search_window"": 20, ""row_search_window"": 2, ""disallow_one_site_gaps"": 0, ""use_diamond_legalizer"": 1, ""disable_window_extension"": 0}",VALID,1996434.6,1996434.6,0.0,0.0,0.0,False
42,59,8,zero-riscy-b-3-c20,0,"{""max_displacement"": 20, ""site_search_window"": 20, ""row_search_window"": 2, ""disallow_one_site_gaps"": 0, ""use_diamond_legalizer"": 1, ""disable_window_extension"": 0}","{""max_displacement"": 20, ""site_search_window"": 20, ""row_search_window"": 2, ""disallow_one_site_gaps"": true, ""use_diamond_legalizer"": 1, ""disable_window_extension"": true}",VALID,1996434.6,1996434.6,0.0,0.0,0.0,False
42,59,9,zero-riscy-b-3-c20,0,"{""max_displacement"": 20, ""site_search_window"": 20, ""row_search_window"": 2, ""disallow_one_site_gaps"": true, ""use_diamond_legalizer"": 1, ""disable_window_extension"": true}","{""max_displacement"": 20, ""site_search_window"": 20, ""row_search_window"": 2, ""disallow_one_site_gaps"": false, ""use_diamond_legalizer"": 1, ""disable_window_extension"": false}",VALID,1996434.6,1996434.6,0.0,0.0,0.0,False
42,59,10,zero-riscy-b-3-c20,1,"{""max_displacement"": 20, ""site_search_window"": 20, ""row_search_window"": 2, ""disallow_one_site_gaps"": false, ""use_diamond_legalizer"": 1, ""disable_window_extension"": false}","{""max_displacement"": 30, ""site_search_window"": 30, ""row_search_window"": 4, ""disallow_one_site_gaps"": false, ""use_diamond_legalizer"": 1, ""disable_window_extension"": false}",VALID,1996434.6,1996434.6,0.0,0.0,0.0,True
42,60,1,RISCY-a-3-c20,4,"{""max_displacement"": 0, ""site_search_window"": 0, ""row_search_window"": 0, ""disallow_one_site_gaps"": 0, ""use_diamond_legalizer"": 1, ""disable_window_extension"": 0}","{""max_displacement"": 0, ""site_search_window"": 0, ""row_search_window"": 0, ""disallow_one_site_gaps"": 0, ""use_diamond_legalizer"": 1, ""disable_window_extension"": 0}",VALID,5117723.0,5117723.0,0.0,0.0,0.0,False
42,60,2,RISCY-a-3-c20,0,"{""max_displacement"": 0, ""site_search_window"": 0, ""row_search_window"": 0, ""disallow_one_site_gaps"": 0, ""use_diamond_legalizer"": 1, ""disable_window_extension"": 0}","{""max_displacement"": 0, ""site_search_window"": 0, ""row_search_window"": 0, ""disallow_one_site_gaps"": true, ""use_diamond_legalizer"": 1, ""disable_window_extension"": true}",VALID,5117723.0,5117723.0,0.0,0.0,0.0,False
42,60,3,RISCY-a-3-c20,2,"{""max_displacement"": 0, ""site_search_window"": 0, ""row_search_window"": 0, ""disallow_one_site_gaps"": true, ""use_diamond_legalizer"": 1, ""disable_window_extension"": true}","{""max_displacement"": 0, ""site_search_window"": 0, ""row_search_window"": 0, ""disallow_one_site_gaps"": true, ""use_diamond_legalizer"": 1, ""disable_window_extension"": true}",VALID,5117723.0,5117723.0,0.0,0.0,0.0,False
42,60,4,RISCY-a-3-c20,1,"{""max_displacement"": 0, ""site_search_window"": 0, ""row_search_window"": 0, ""disallow_one_site_gaps"": true, ""use_diamond_legalizer"": 1, ""disable_window_extension"": true}","{""max_displacement"": 10, ""site_search_window"": 10, ""row_search_window"": 2, ""disallow_one_site_gaps"": true, ""use_diamond_legalizer"": 1, ""disable_window_extension"": true}",FAILED,5117723.0,5117723.0,0.0,-100.0,-1.0,False
42,60,5,RISCY-a-3-c20,5,"{""max_displacement"": 10, ""site_search_window"": 10, ""row_search_window"": 2, ""disallow_one_site_gaps"": true, ""use_diamond_legalizer"": 1, ""disable_window_extension"": true}","{""max_displacement"": 20, ""site_search_window"": 20, ""row_search_window"": 2, ""disallow_one_site_gaps"": true, ""use_diamond_legalizer"": 1, ""disable_window_extension"": true}",VALID,5117723.0,5117701.5,21.5,0.00039999999999999996,4.201087085018083e-06,False
42,60,6,RISCY-a-3-c20,4,"{""max_displacement"": 20, ""site_search_window"": 20, ""row_search_window"": 2, ""disallow_one_site_gaps"": true, ""use_diamond_legalizer"": 1, ""disable_window_extension"": true}","{""max_displacement"": 20, ""site_search_window"": 10, ""row_search_window"": 0, ""disallow_one_site_gaps"": true, ""use_diamond_legalizer"": 1, ""disable_window_extension"": true}",VALID,5117723.0,5117701.5,0.0,0.0,0.0,False
42,60,7,RISCY-a-3-c20,7,"{""max_displacement"": 20, ""site_search_window"": 10, ""row_search_window"": 0, ""disallow_one_site_gaps"": true, ""use_diamond_legalizer"": 1, ""disable_window_extension"": true}","{""max_displacement"": 20, ""site_search_window"": 10, ""row_search_window"": 0, ""disallow_one_site_gaps"": true, ""use_diamond_legalizer"": 1, ""disable_window_extension"": true}",FAILED,5117723.0,5117701.5,0.0,-100.0,-1.0,False
42,60,8,RISCY-a-3-c20,0,"{""max_displacement"": 20, ""site_search_window"": 10, ""row_search_window"": 0, ""disallow_one_site_gaps"": true, ""use_diamond_legalizer"": 1, ""disable_window_extension"": true}","{""max_displacement"": 20, ""site_search_window"": 10, ""row_search_window"": 0, ""disallow_one_site_gaps"": false, ""use_diamond_legalizer"": 1, ""disable_window_extension"": false}",FAILED,5117723.0,5117701.5,0.0,-100.0,-1.0,False
42,60,9,RISCY-a-3-c20,6,"{""max_displacement"": 20, ""site_search_window"": 10, ""row_search_window"": 0, ""disallow_one_site_gaps"": false, ""use_diamond_legalizer"": 1, ""disable_window_extension"": false}","{""max_displacement"": 10, ""site_search_window"": 0, ""row_search_window"": 0, ""disallow_one_site_gaps"": false, ""use_diamond_legalizer"": 1, ""disable_window_extension"": false}",FAILED,5117723.0,5117701.5,0.0,-100.0,-1.0,False
42,60,10,RISCY-a-3-c20,0,"{""max_displacement"": 10, ""site_search_window"": 0, ""row_search_window"": 0, ""disallow_one_site_gaps"": false, ""use_diamond_legalizer"": 1, ""disable_window_extension"": false}","{""max_displacement"": 10, ""site_search_window"": 0, ""row_search_window"": 0, ""disallow_one_site_gaps"": true, ""use_diamond_legalizer"": 1, ""disable_window_extension"": true}",FAILED,5117723.0,5117701.5,0.0,-100.0,-1.0,True
42,61,1,zero-riscy-a-1-c20,5,"{""max_displacement"": 0, ""site_search_window"": 0, ""row_search_window"": 0, ""disallow_one_site_gaps"": 0, ""use_diamond_legalizer"": 1, ""disable_window_extension"": 0}","{""max_displacement"": 10, ""site_search_window"": 10, ""row_search_window"": 0, ""disallow_one_site_gaps"": 0, ""use_diamond_legalizer"": 1, ""disable_window_extension"": 0}",FAILED,3708707.2,3708707.2,0.0,-100.0,-1.0,False
42,61,2,zero-riscy-a-1-c20,4,"{""max_displacement"": 10, ""site_search_window"": 10, ""row_search_window"": 0, ""disallow_one_site_gaps"": 0, ""use_diamond_legalizer"": 1, ""disable_window_extension"": 0}","{""max_displacement"": 10, ""site_search_window"": 0, ""row_search_window"": 0, ""disallow_one_site_gaps"": 0, ""use_diamond_legalizer"": 1, ""disable_window_extension"": 0}",FAILED,3708707.2,3708707.2,0.0,-100.0,-1.0,False
42,61,3,zero-riscy-a-1-c20,0,"{""max_displacement"": 10, ""site_search_window"": 0, ""row_search_window"": 0, ""disallow_one_site_gaps"": 0, ""use_diamond_legalizer"": 1, ""disable_window_extension"": 0}","{""max_displacement"": 10, ""site_search_window"": 0, ""row_search_window"": 0, ""disallow_one_site_gaps"": true, ""use_diamond_legalizer"": 1, ""disable_window_extension"": true}",FAILED,3708707.2,3708707.2,0.0,-100.0,-1.0,False
42,61,4,zero-riscy-a-1-c20,3,"{""max_displacement"": 10, ""site_search_window"": 0, ""row_search_window"": 0, ""disallow_one_site_gaps"": true, ""use_diamond_legalizer"": 1, ""disable_window_extension"": true}","{""max_displacement"": 10, ""site_search_window"": 10, ""row_search_window"": 2, ""disallow_one_site_gaps"": true, ""use_diamond_legalizer"": 1, ""disable_window_extension"": true}",FAILED,3708707.2,3708707.2,0.0,-100.0,-1.0,False
42,61,5,zero-riscy-a-1-c20,0,"{""max_displacement"": 10, ""site_search_window"": 10, ""row_search_window"": 2, ""disallow_one_site_gaps"": true, ""use_diamond_legalizer"": 1, ""disable_window_extension"": true}","{""max_displacement"": 10, ""site_search_window"": 10, ""row_search_window"": 2, ""disallow_one_site_gaps"": false, ""use_diamond_legalizer"": 1, ""disable_window_extension"": false}",FAILED,3708707.2,3708707.2,0.0,-100.0,-1.0,False
42,61,6,zero-riscy-a-1-c20,2,"{""max_displacement"": 10, ""site_search_window"": 10, ""row_search_window"": 2, ""disallow_one_site_gaps"": false, ""use_diamond_legalizer"": 1, ""disable_window_extension"": false}","{""max_displacement"": 0, ""site_search_window"": 0, ""row_search_window"": 0, ""disallow_one_site_gaps"": false, ""use_diamond_legalizer"": 1, ""disable_window_extension"": false}",VALID,3708707.2,3708707.2,0.0,0.0,0.0,False
42,61,7,zero-riscy-a-1-c20,7,"{""max_displacement"": 0, ""site_search_window"": 0, ""row_search_window"": 0, ""disallow_one_site_gaps"": false, ""use_diamond_legalizer"": 1, ""disable_window_extension"": false}","{""max_displacement"": 0, ""site_search_window"": 0, ""row_search_window"": 0, ""disallow_one_site_gaps"": false, ""use_diamond_legalizer"": 1, ""disable_window_extension"": false}",VALID,3708707.2,3708707.2,0.0,0.0,0.0,False
42,61,8,zero-riscy-a-1-c20,3,"{""max_displacement"": 0, ""site_search_window"": 0, ""row_search_window"": 0, ""disallow_one_site_gaps"": false, ""use_diamond_legalizer"": 1, ""disable_window_extension"": false}","{""max_displacement"": 0, ""site_search_window"": 10, ""row_search_window"": 2, ""disallow_one_site_gaps"": false, ""use_diamond_legalizer"": 1, ""disable_window_extension"": false}",VALID,3708707.2,3708707.2,0.0,0.0,0.0,False
42,61,9,zero-riscy-a-1-c20,0,"{""max_displacement"": 0, ""site_search_window"": 10, ""row_search_window"": 2, ""disallow_one_site_gaps"": false, ""use_diamond_legalizer"": 1, ""disable_window_extension"": false}","{""max_displacement"": 0, ""site_search_window"": 10, ""row_search_window"": 2, ""disallow_one_site_gaps"": true, ""use_diamond_legalizer"": 1, ""disable_window_extension"": true}",VALID,3708707.2,3708707.2,0.0,0.0,0.0,False
42,61,10,zero-riscy-a-1-c20,4,"{""max_displacement"": 0, ""site_search_window"": 10, ""row_search_window"": 2, ""disallow_one_site_gaps"": true, ""use_diamond_legalizer"": 1, ""disable_window_extension"": true}","{""max_displacement"": 0, ""site_search_window"": 0, ""row_search_window"": 0, ""disallow_one_site_gaps"": true, ""use_diamond_legalizer"": 1, ""disable_window_extension"": true}",VALID,3708707.2,3708707.2,0.0,0.0,0.0,True
42,62,1,RISCY-FPU-b-2-c5,3,"{""max_displacement"": 0, ""site_search_window"": 0, ""row_search_window"": 0, ""disallow_one_site_gaps"": 0, ""use_diamond_legalizer"": 1, ""disable_window_extension"": 0}","{""max_displacement"": 0, ""site_search_window"": 10, ""row_search_window"": 2, ""disallow_one_site_gaps"": 0, ""use_diamond_legalizer"": 1, ""disable_window_extension"": 0}",VALID,5390089.0,5390089.0,0.0,0.0,0.0,False
42,62,2,RISCY-FPU-b-2-c5,1,"{""max_displacement"": 0, ""site_search_window"": 10, ""row_search_window"": 2, ""disallow_one_site_gaps"": 0, ""use_diamond_legalizer"": 1, ""disable_window_extension"": 0}","{""max_displacement"": 10, ""site_search_window"": 20, ""row_search_window"": 4, ""disallow_one_site_gaps"": 0, ""use_diamond_legalizer"": 1, ""disable_window_extension"": 0}",FAILED,5390089.0,5390089.0,0.0,-100.0,-1.0,False
42,62,3,RISCY-FPU-b-2-c5,4,"{""max_displacement"": 10, ""site_search_window"": 20, ""row_search_window"": 4, ""disallow_one_site_gaps"": 0, ""use_diamond_legalizer"": 1, ""disable_window_extension"": 0}","{""max_displacement"": 10, ""site_search_window"": 10, ""row_search_window"": 2, ""disallow_one_site_gaps"": 0, ""use_diamond_legalizer"": 1, ""disable_window_extension"": 0}",FAILED,5390089.0,5390089.0,0.0,-100.0,-1.0,False
42,62,4,RISCY-FPU-b-2-c5,2,"{""max_displacement"": 10, ""site_search_window"": 10, ""row_search_window"": 2, ""disallow_one_site_gaps"": 0, ""use_diamond_legalizer"": 1, ""disable_window_extension"": 0}","{""max_displacement"": 0, ""site_search_window"": 0, ""row_search_window"": 0, ""disallow_one_site_gaps"": 0, ""use_diamond_legalizer"": 1, ""disable_window_extension"": 0}",VALID,5390089.0,5390089.0,0.0,0.0,0.0,False
42,62,5,RISCY-FPU-b-2-c5,0,"{""max_displacement"": 0, ""site_search_window"": 0, ""row_search_window"": 0, ""disallow_one_site_gaps"": 0, ""use_diamond_legalizer"": 1, ""disable_window_extension"": 0}","{""max_displacement"": 0, ""site_search_window"": 0, ""row_search_window"": 0, ""disallow_one_site_gaps"": true, ""use_diamond_legalizer"": 1, ""disable_window_extension"": true}",VALID,5390089.0,5390089.0,0.0,0.0,0.0,False
42,62,6,RISCY-FPU-b-2-c5,5,"{""max_displacement"": 0, ""site_search_window"": 0, ""row_search_window"": 0, ""disallow_one_site_gaps"": true, ""use_diamond_legalizer"": 1, ""disable_window_extension"": true}","{""max_displacement"": 10, ""site_search_window"": 10, ""row_search_window"": 0, ""disallow_one_site_gaps"": true, ""use_diamond_legalizer"": 1, ""disable_window_extension"": true}",FAILED,5390089.0,5390089.0,0.0,-100.0,-1.0,False
42,62,7,RISCY-FPU-b-2-c5,1,"{""max_displacement"": 10, ""site_search_window"": 10, ""row_search_window"": 0, ""disallow_one_site_gaps"": true, ""use_diamond_legalizer"": 1, ""disable_window_extension"": true}","{""max_displacement"": 20, ""site_search_window"": 20, ""row_search_window"": 2, ""disallow_one_site_gaps"": true, ""use_diamond_legalizer"": 1, ""disable_window_extension"": true}",VALID,5390089.0,5390089.0,0.0,0.0,0.0,False
42,62,8,RISCY-FPU-b-2-c5,3,"{""max_displacement"": 20, ""site_search_window"": 20, ""row_search_window"": 2, ""disallow_one_site_gaps"": true, ""use_diamond_legalizer"": 1, ""disable_window_extension"": true}","{""max_displacement"": 20, ""site_search_window"": 30, ""row_search_window"": 4, ""disallow_one_site_gaps"": true, ""use_diamond_legalizer"": 1, ""disable_window_extension"": true}",VALID,5390089.0,5390089.0,0.0,0.0,0.0,False
42,62,9,RISCY-FPU-b-2-c5,7,"{""max_displacement"": 20, ""site_search_window"": 30, ""row_search_window"": 4, ""disallow_one_site_gaps"": true, ""use_diamond_legalizer"": 1, ""disable_window_extension"": true}","{""max_displacement"": 20, ""site_search_window"": 30, ""row_search_window"": 4, ""disallow_one_site_gaps"": true, ""use_diamond_legalizer"": 1, ""disable_window_extension"": true}",VALID,5390089.0,5390089.0,0.0,0.0,0.0,False
42,62,10,RISCY-FPU-b-2-c5,6,"{""max_displacement"": 20, ""site_search_window"": 30, ""row_search_window"": 4, ""disallow_one_site_gaps"": true, ""use_diamond_legalizer"": 1, ""disable_window_extension"": true}","{""max_displacement"": 10, ""site_search_window"": 20, ""row_search_window"": 4, ""disallow_one_site_gaps"": true, ""use_diamond_legalizer"": 1, ""disable_window_extension"": true}",FAILED,5390089.0,5390089.0,0.0,-100.0,-1.0,True
42,63,1,zero-riscy-a-3-c20,3,"{""max_displacement"": 0, ""site_search_window"": 0, ""row_search_window"": 0, ""disallow_one_site_gaps"": 0, ""use_diamond_legalizer"": 1, ""disable_window_extension"": 0}","{""max_displacement"": 0, ""site_search_window"": 10, ""row_search_window"": 2, ""disallow_one_site_gaps"": 0, ""use_diamond_legalizer"": 1, ""disable_window_extension"": 0}",VALID,4037614.6,4037614.6,0.0,0.0,0.0,False
42,63,2,zero-riscy-a-3-c20,5,"{""max_displacement"": 0, ""site_search_window"": 10, ""row_search_window"": 2, ""disallow_one_site_gaps"": 0, ""use_diamond_legalizer"": 1, ""disable_window_extension"": 0}","{""max_displacement"": 10, ""site_search_window"": 20, ""row_search_window"": 2, ""disallow_one_site_gaps"": 0, ""use_diamond_legalizer"": 1, ""disable_window_extension"": 0}",FAILED,4037614.6,4037614.6,0.0,-100.0,-1.0,False
42,63,3,zero-riscy-a-3-c20,0,"{""max_displacement"": 10, ""site_search_window"": 20, ""row_search_window"": 2, ""disallow_one_site_gaps"": 0, ""use_diamond_legalizer"": 1, ""disable_window_extension"": 0}","{""max_displacement"": 10, ""site_search_window"": 20, ""row_search_window"": 2, ""disallow_one_site_gaps"": true, ""use_diamond_legalizer"": 1, ""disable_window_extension"": true}",FAILED,4037614.6,4037614.6,0.0,-100.0,-1.0,False
42,63,4,zero-riscy-a-3-c20,6,"{""max_displacement"": 10, ""site_search_window"": 20, ""row_search_window"": 2, ""disallow_one_site_gaps"": true, ""use_diamond_legalizer"": 1, ""disable_window_extension"": true}","{""max_displacement"": 0, ""site_search_window"": 10, ""row_search_window"": 2, ""disallow_one_site_gaps"": true, ""use_diamond_legalizer"": 1, ""disable_window_extension"": true}",VALID,4037614.6,4037614.6,0.0,0.0,0.0,False
42,63,5,zero-riscy-a-3-c20,2,"{""max_displacement"": 0, ""site_search_window"": 10, ""row_search_window"": 2, ""disallow_one_site_gaps"": true, ""use_diamond_legalizer"": 1, ""disable_window_extension"": true}","{""max_displacement"": 0, ""site_search_window"": 0, ""row_search_window"": 0, ""disallow_one_site_gaps"": true, ""use_diamond_legalizer"": 1, ""disable_window_extension"": true}",VALID,4037614.6,4037614.6,0.0,0.0,0.0,False
42,63,6,zero-riscy-a-3-c20,4,"{""max_displacement"": 0, ""site_search_window"": 0, ""row_search_window"": 0, ""disallow_one_site_gaps"": true, ""use_diamond_legalizer"": 1, ""disable_window_extension"": true}","{""max_displacement"": 0, ""site_search_window"": 0, ""row_search_window"": 0, ""disallow_one_site_gaps"": true, ""use_diamond_legalizer"": 1, ""disable_window_extension"": true}",VALID,4037614.6,4037614.6,0.0,0.0,0.0,False
42,63,7,zero-riscy-a-3-c20,2,"{""max_displacement"": 0, ""site_search_window"": 0, ""row_search_window"": 0, ""disallow_one_site_gaps"": true, ""use_diamond_legalizer"": 1, ""disable_window_extension"": true}","{""max_displacement"": 0, ""site_search_window"": 0, ""row_search_window"": 0, ""disallow_one_site_gaps"": true, ""use_diamond_legalizer"": 1, ""disable_window_extension"": true}",VALID,4037614.6,4037614.6,0.0,0.0,0.0,False
42,63,8,zero-riscy-a-3-c20,1,"{""max_displacement"": 0, ""site_search_window"": 0, ""row_search_window"": 0, ""disallow_one_site_gaps"": true, ""use_diamond_legalizer"": 1, ""disable_window_extension"": true}","{""max_displacement"": 10, ""site_search_window"": 10, ""row_search_window"": 2, ""disallow_one_site_gaps"": true, ""use_diamond_legalizer"": 1, ""disable_window_extension"": true}",FAILED,4037614.6,4037614.6,0.0,-100.0,-1.0,False
42,63,9,zero-riscy-a-3-c20,0,"{""max_displacement"": 10, ""site_search_window"": 10, ""row_search_window"": 2, ""disallow_one_site_gaps"": true, ""use_diamond_legalizer"": 1, ""disable_window_extension"": true}","{""max_displacement"": 10, ""site_search_window"": 10, ""row_search_window"": 2, ""disallow_one_site_gaps"": false, ""use_diamond_legalizer"": 1, ""disable_window_extension"": false}",FAILED,4037614.6,4037614.6,0.0,-100.0,-1.0,False
42,63,10,zero-riscy-a-3-c20,0,"{""max_displacement"": 10, ""site_search_window"": 10, ""row_search_window"": 2, ""disallow_one_site_gaps"": false, ""use_diamond_legalizer"": 1, ""disable_window_extension"": false}","{""max_displacement"": 10, ""site_search_window"": 10, ""row_search_window"": 2, ""disallow_one_site_gaps"": true, ""use_diamond_legalizer"": 1, ""disable_window_extension"": true}",FAILED,4037614.6,4037614.6,0.0,-100.0,-1.0,True
42,64,1,zero-riscy-b-3-c5,5,"{""max_displacement"": 0, ""site_search_window"": 0, ""row_search_window"": 0, ""disallow_one_site_gaps"": 0, ""use_diamond_legalizer"": 1, ""disable_window_extension"": 0}","{""max_displacement"": 10, ""site_search_window"": 10, ""row_search_window"": 0, ""disallow_one_site_gaps"": 0, ""use_diamond_legalizer"": 1, ""disable_window_extension"": 0}",VALID,2080758.2,2080758.2,0.0,0.0,0.0,False
42,64,2,zero-riscy-b-3-c5,5,"{""max_displacement"": 10, ""site_search_window"": 10, ""row_search_window"": 0, ""disallow_one_site_gaps"": 0, ""use_diamond_legalizer"": 1, ""disable_window_extension"": 0}","{""max_displacement"": 20, ""site_search_window"": 20, ""row_search_window"": 0, ""disallow_one_site_gaps"": 0, ""use_diamond_legalizer"": 1, ""disable_window_extension"": 0}",VALID,2080758.2,2080758.2,0.0,0.0,0.0,False
42,64,3,zero-riscy-b-3-c5,5,"{""max_displacement"": 20, ""site_search_window"": 20, ""row_search_window"": 0, ""disallow_one_site_gaps"": 0, ""use_diamond_legalizer"": 1, ""disable_window_extension"": 0}","{""max_displacement"": 30, ""site_search_window"": 30, ""row_search_window"": 0, ""disallow_one_site_gaps"": 0, ""use_diamond_legalizer"": 1, ""disable_window_extension"": 0}",VALID,2080758.2,2080758.2,0.0,0.0,0.0,False
42,64,4,zero-riscy-b-3-c5,0,"{""max_displacement"": 30, ""site_search_window"": 30, ""row_search_window"": 0, ""disallow_one_site_gaps"": 0, ""use_diamond_legalizer"": 1, ""disable_window_extension"": 0}","{""max_displacement"": 30, ""site_search_window"": 30, ""row_search_window"": 0, ""disallow_one_site_gaps"": true, ""use_diamond_legalizer"": 1, ""disable_window_extension"": true}",VALID,2080758.2,2080758.2,0.0,0.0,0.0,False
42,64,5,zero-riscy-b-3-c5,5,"{""max_displacement"": 30, ""site_search_window"": 30, ""row_search_window"": 0, ""disallow_one_site_gaps"": true, ""use_diamond_legalizer"": 1, ""disable_window_extension"": true}","{""max_displacement"": 40, ""site_search_window"": 40, ""row_search_window"": 0, ""disallow_one_site_gaps"": true, ""use_diamond_legalizer"": 1, ""disable_window_extension"": true}",VALID,2080758.2,2080758.2,0.0,0.0,0.0,False
42,64,6,zero-riscy-b-3-c5,7,"{""max_displacement"": 40, ""site_search_window"": 40, ""row_search_window"": 0, ""disallow_one_site_gaps"": true, ""use_diamond_legalizer"": 1, ""disable_window_extension"": true}","{""max_displacement"": 40, ""site_search_window"": 40, ""row_search_window"": 0, ""disallow_one_site_gaps"": true, ""use_diamond_legalizer"": 1, ""disable_window_extension"": true}",VALID,2080758.2,2080758.2,0.0,0.0,0.0,False
42,64,7,zero-riscy-b-3-c5,5,"{""max_displacement"": 40, ""site_search_window"": 40, ""row_search_window"": 0, ""disallow_one_site_gaps"": true, ""use_diamond_legalizer"": 1, ""disable_window_extension"": true}","{""max_displacement"": 50, ""site_search_window"": 50, ""row_search_window"": 0, ""disallow_one_site_gaps"": true, ""use_diamond_legalizer"": 1, ""disable_window_extension"": true}",VALID,2080758.2,2080758.2,0.0,0.0,0.0,False
42,64,8,zero-riscy-b-3-c5,4,"{""max_displacement"": 50, ""site_search_window"": 50, ""row_search_window"": 0, ""disallow_one_site_gaps"": true, ""use_diamond_legalizer"": 1, ""disable_window_extension"": true}","{""max_displacement"": 50, ""site_search_window"": 40, ""row_search_window"": 0, ""disallow_one_site_gaps"": true, ""use_diamond_legalizer"": 1, ""disable_window_extension"": true}",VALID,2080758.2,2080758.2,0.0,0.0,0.0,False
42,64,9,zero-riscy-b-3-c5,6,"{""max_displacement"": 50, ""site_search_window"": 40, ""row_search_window"": 0, ""disallow_one_site_gaps"": true, ""use_diamond_legalizer"": 1, ""disable_window_extension"": true}","{""max_displacement"": 40, ""site_search_window"": 30, ""row_search_window"": 0, ""disallow_one_site_gaps"": true, ""use_diamond_legalizer"": 1, ""disable_window_extension"": true}",VALID,2080758.2,2080758.2,0.0,0.0,0.0,False
42,64,10,zero-riscy-b-3-c5,7,"{""max_displacement"": 40, ""site_search_window"": 30, ""row_search_window"": 0, ""disallow_one_site_gaps"": true, ""use_diamond_legalizer"": 1, ""disable_window_extension"": true}","{""max_displacement"": 40, ""site_search_window"": 30, ""row_search_window"": 0, ""disallow_one_site_gaps"": true, ""use_diamond_legalizer"": 1, ""disable_window_extension"": true}",VALID,2080758.2,2080758.2,0.0,0.0,0.0,True
42,65,1,zero-riscy-b-3-c2,0,"{""max_displacement"": 0, ""site_search_window"": 0, ""row_search_window"": 0, ""disallow_one_site_gaps"": 0, ""use_diamond_legalizer"": 1, ""disable_window_extension"": 0}","{""max_displacement"": 0, ""site_search_window"": 0, ""row_search_window"": 0, ""disallow_one_site_gaps"": true, ""use_diamond_legalizer"": 1, ""disable_window_extension"": true}",VALID,2341203.8,2341203.8,0.0,0.0,0.0,False
42,65,2,zero-riscy-b-3-c2,6,"{""max_displacement"": 0, ""site_search_window"": 0, ""row_search_window"": 0, ""disallow_one_site_gaps"": true, ""use_diamond_legalizer"": 1, ""disable_window_extension"": true}","{""max_displacement"": 0, ""site_search_window"": 0, ""row_search_window"": 0, ""disallow_one_site_gaps"": true, ""use_diamond_legalizer"": 1, ""disable_window_extension"": true}",VALID,2341203.8,2341203.8,0.0,0.0,0.0,False
42,65,3,zero-riscy-b-3-c2,5,"{""max_displacement"": 0, ""site_search_window"": 0, ""row_search_window"": 0, ""disallow_one_site_gaps"": true, ""use_diamond_legalizer"": 1, ""disable_window_extension"": true}","{""max_displacement"": 10, ""site_search_window"": 10, ""row_search_window"": 0, ""disallow_one_site_gaps"": true, ""use_diamond_legalizer"": 1, ""disable_window_extension"": true}",VALID,2341203.8,2341203.8,0.0,0.0,0.0,False
42,65,4,zero-riscy-b-3-c2,4,"{""max_displacement"": 10, ""site_search_window"": 10, ""row_search_window"": 0, ""disallow_one_site_gaps"": true, ""use_diamond_legalizer"": 1, ""disable_window_extension"": true}","{""max_displacement"": 10, ""site_search_window"": 0, ""row_search_window"": 0, ""disallow_one_site_gaps"": true, ""use_diamond_legalizer"": 1, ""disable_window_extension"": true}",VALID,2341203.8,2341203.8,0.0,0.0,0.0,False
42,65,5,zero-riscy-b-3-c2,5,"{""max_displacement"": 10, ""site_search_window"": 0, ""row_search_window"": 0, ""disallow_one_site_gaps"": true, ""use_diamond_legalizer"": 1, ""disable_window_extension"": true}","{""max_displacement"": 20, ""site_search_window"": 10, ""row_search_window"": 0, ""disallow_one_site_gaps"": true, ""use_diamond_legalizer"": 1, ""disable_window_extension"": true}",VALID,2341203.8,2341203.8,0.0,0.0,0.0,False
42,65,6,zero-riscy-b-3-c2,4,"{""max_displacement"": 20, ""site_search_window"": 10, ""row_search_window"": 0, ""disallow_one_site_gaps"": true, ""use_diamond_legalizer"": 1, ""disable_window_extension"": true}","{""max_displacement"": 20, ""site_search_window"": 0, ""row_search_window"": 0, ""disallow_one_site_gaps"": true, ""use_diamond_legalizer"": 1, ""disable_window_extension"": true}",VALID,2341203.8,2341203.8,0.0,0.0,0.0,False
42,65,7,zero-riscy-b-3-c2,2,"{""max_displacement"": 20, ""site_search_window"": 0, ""row_search_window"": 0, ""disallow_one_site_gaps"": true, ""use_diamond_legalizer"": 1, ""disable_window_extension"": true}","{""max_displacement"": 10, ""site_search_window"": 0, ""row_search_window"": 0, ""disallow_one_site_gaps"": true, ""use_diamond_legalizer"": 1, ""disable_window_extension"": true}",VALID,2341203.8,2341203.8,0.0,0.0,0.0,False
42,65,8,zero-riscy-b-3-c2,2,"{""max_displacement"": 10, ""site_search_window"": 0, ""row_search_window"": 0, ""disallow_one_site_gaps"": true, ""use_diamond_legalizer"": 1, ""disable_window_extension"": true}","{""max_displacement"": 0, ""site_search_window"": 0, ""row_search_window"": 0, ""disallow_one_site_gaps"": true, ""use_diamond_legalizer"": 1, ""disable_window_extension"": true}",VALID,2341203.8,2341203.8,0.0,0.0,0.0,False
42,65,9,zero-riscy-b-3-c2,7,"{""max_displacement"": 0, ""site_search_window"": 0, ""row_search_window"": 0, ""disallow_one_site_gaps"": true, ""use_diamond_legalizer"": 1, ""disable_window_extension"": true}","{""max_displacement"": 0, ""site_search_window"": 0, ""row_search_window"": 0, ""disallow_one_site_gaps"": true, ""use_diamond_legalizer"": 1, ""disable_window_extension"": true}",VALID,2341203.8,2341203.8,0.0,0.0,0.0,False
42,65,10,zero-riscy-b-3-c2,6,"{""max_displacement"": 0, ""site_search_window"": 0, ""row_search_window"": 0, ""disallow_one_site_gaps"": true, ""use_diamond_legalizer"": 1, ""disable_window_extension"": true}","{""max_displacement"": 0, ""site_search_window"": 0, ""row_search_window"": 0, ""disallow_one_site_gaps"": true, ""use_diamond_legalizer"": 1, ""disable_window_extension"": true}",VALID,2341203.8,2341203.8,0.0,0.0,0.0,True
42,66,1,RISCY-a-3-c2,3,"{""max_displacement"": 0, ""site_search_window"": 0, ""row_search_window"": 0, ""disallow_one_site_gaps"": 0, ""use_diamond_legalizer"": 1, ""disable_window_extension"": 0}","{""max_displacement"": 0, ""site_search_window"": 10, ""row_search_window"": 2, ""disallow_one_site_gaps"": 0, ""use_diamond_legalizer"": 1, ""disable_window_extension"": 0}",VALID,5865401.6,5865401.6,0.0,0.0,0.0,False
42,66,2,RISCY-a-3-c2,6,"{""max_displacement"": 0, ""site_search_window"": 10, ""row_search_window"": 2, ""disallow_one_site_gaps"": 0, ""use_diamond_legalizer"": 1, ""disable_window_extension"": 0}","{""max_displacement"": 0, ""site_search_window"": 0, ""row_search_window"": 2, ""disallow_one_site_gaps"": 0, ""use_diamond_legalizer"": 1, ""disable_window_extension"": 0}",VALID,5865401.6,5865401.6,0.0,0.0,0.0,False
42,66,3,RISCY-a-3-c2,6,"{""max_displacement"": 0, ""site_search_window"": 0, ""row_search_window"": 2, ""disallow_one_site_gaps"": 0, ""use_diamond_legalizer"": 1, ""disable_window_extension"": 0}","{""max_displacement"": 0, ""site_search_window"": 0, ""row_search_window"": 2, ""disallow_one_site_gaps"": 0, ""use_diamond_legalizer"": 1, ""disable_window_extension"": 0}",VALID,5865401.6,5865401.6,0.0,0.0,0.0,False
42,66,4,RISCY-a-3-c2,3,"{""max_displacement"": 0, ""site_search_window"": 0, ""row_search_window"": 2, ""disallow_one_site_gaps"": 0, ""use_diamond_legalizer"": 1, ""disable_window_extension"": 0}","{""max_displacement"": 0, ""site_search_window"": 10, ""row_search_window"": 4, ""disallow_one_site_gaps"": 0, ""use_diamond_legalizer"": 1, ""disable_window_extension"": 0}",VALID,5865401.6,5865401.6,0.0,0.0,0.0,False
42,66,5,RISCY-a-3-c2,4,"{""max_displacement"": 0, ""site_search_window"": 10, ""row_search_window"": 4, ""disallow_one_site_gaps"": 0, ""use_diamond_legalizer"": 1, ""disable_window_extension"": 0}","{""max_displacement"": 0, ""site_search_window"": 0, ""row_search_window"": 2, ""disallow_one_site_gaps"": 0, ""use_diamond_legalizer"": 1, ""disable_window_extension"": 0}",VALID,5865401.6,5865401.6,0.0,0.0,0.0,False
42,66,6,RISCY-a-3-c2,4,"{""max_displacement"": 0, ""site_search_window"": 0, ""row_search_window"": 2, ""disallow_one_site_gaps"": 0, ""use_diamond_legalizer"": 1, ""disable_window_extension"": 0}","{""max_displacement"": 0, ""site_search_window"": 0, ""row_search_window"": 0, ""disallow_one_site_gaps"": 0, ""use_diamond_legalizer"": 1, ""disable_window_extension"": 0}",VALID,5865401.6,5865401.6,0.0,0.0,0.0,False
42,66,7,RISCY-a-3-c2,0,"{""max_displacement"": 0, ""site_search_window"": 0, ""row_search_window"": 0, ""disallow_one_site_gaps"": 0, ""use_diamond_legalizer"": 1, ""disable_window_extension"": 0}","{""max_displacement"": 0, ""site_search_window"": 0, ""row_search_window"": 0, ""disallow_one_site_gaps"": true, ""use_diamond_legalizer"": 1, ""disable_window_extension"": true}",VALID,5865401.6,5865401.6,0.0,0.0,0.0,False
42,66,8,RISCY-a-3-c2,0,"{""max_displacement"": 0, ""site_search_window"": 0, ""row_search_window"": 0, ""disallow_one_site_gaps"": true, ""use_diamond_legalizer"": 1, ""disable_window_extension"": true}","{""max_displacement"": 0, ""site_search_window"": 0, ""row_search_window"": 0, ""disallow_one_site_gaps"": false, ""use_diamond_legalizer"": 1, ""disable_window_extension"": false}",VALID,5865401.6,5865401.6,0.0,0.0,0.0,False
42,66,9,RISCY-a-3-c2,5,"{""max_displacement"": 0, ""site_search_window"": 0, ""row_search_window"": 0, ""disallow_one_site_gaps"": false, ""use_diamond_legalizer"": 1, ""disable_window_extension"": false}","{""max_displacement"": 10, ""site_search_window"": 10, ""row_search_window"": 0, ""disallow_one_site_gaps"": false, ""use_diamond_legalizer"": 1, ""disable_window_extension"": false}",FAILED,5865401.6,5865401.6,0.0,-100.0,-1.0,False
42,66,10,RISCY-a-3-c2,0,"{""max_displacement"": 10, ""site_search_window"": 10, ""row_search_window"": 0, ""disallow_one_site_gaps"": false, ""use_diamond_legalizer"": 1, ""disable_window_extension"": false}","{""max_displacement"": 10, ""site_search_window"": 10, ""row_search_window"": 0, ""disallow_one_site_gaps"": true, ""use_diamond_legalizer"": 1, ""disable_window_extension"": true}",FAILED,5865401.6,5865401.6,0.0,-100.0,-1.0,True
42,67,1,RISCY-b-1-c2,4,"{""max_displacement"": 0, ""site_search_window"": 0, ""row_search_window"": 0, ""disallow_one_site_gaps"": 0, ""use_diamond_legalizer"": 1, ""disable_window_extension"": 0}","{""max_displacement"": 0, ""site_search_window"": 0, ""row_search_window"": 0, ""disallow_one_site_gaps"": 0, ""use_diamond_legalizer"": 1, ""disable_window_extension"": 0}",VALID,2943613.2,2943613.2,0.0,0.0,0.0,False
42,67,2,RISCY-b-1-c2,2,"{""max_displacement"": 0, ""site_search_window"": 0, ""row_search_window"": 0, ""disallow_one_site_gaps"": 0, ""use_diamond_legalizer"": 1, ""disable_window_extension"": 0}","{""max_displacement"": 0, ""site_search_window"": 0, ""row_search_window"": 0, ""disallow_one_site_gaps"": 0, ""use_diamond_legalizer"": 1, ""disable_window_extension"": 0}",VALID,2943613.2,2943613.2,0.0,0.0,0.0,False
42,67,3,RISCY-b-1-c2,0,"{""max_displacement"": 0, ""site_search_window"": 0, ""row_search_window"": 0, ""disallow_one_site_gaps"": 0, ""use_diamond_legalizer"": 1, ""disable_window_extension"": 0}","{""max_displacement"": 0, ""site_search_window"": 0, ""row_search_window"": 0, ""disallow_one_site_gaps"": true, ""use_diamond_legalizer"": 1, ""disable_window_extension"": true}",VALID,2943613.2,2943613.2,0.0,0.0,0.0,False
42,67,4,RISCY-b-1-c2,6,"{""max_displacement"": 0, ""site_search_window"": 0, ""row_search_window"": 0, ""disallow_one_site_gaps"": true, ""use_diamond_legalizer"": 1, ""disable_window_extension"": true}","{""max_displacement"": 0, ""site_search_window"": 0, ""row_search_window"": 0, ""disallow_one_site_gaps"": true, ""use_diamond_legalizer"": 1, ""disable_window_extension"": true}",VALID,2943613.2,2943613.2,0.0,0.0,0.0,False
42,67,5,RISCY-b-1-c2,2,"{""max_displacement"": 0, ""site_search_window"": 0, ""row_search_window"": 0, ""disallow_one_site_gaps"": true, ""use_diamond_legalizer"": 1, ""disable_window_extension"": true}","{""max_displacement"": 0, ""site_search_window"": 0, ""row_search_window"": 0, ""disallow_one_site_gaps"": true, ""use_diamond_legalizer"": 1, ""disable_window_extension"": true}",VALID,2943613.2,2943613.2,0.0,0.0,0.0,False
42,67,6,RISCY-b-1-c2,0,"{""max_displacement"": 0, ""site_search_window"": 0, ""row_search_window"": 0, ""disallow_one_site_gaps"": true, ""use_diamond_legalizer"": 1, ""disable_window_extension"": true}","{""max_displacement"": 0, ""site_search_window"": 0, ""row_search_window"": 0, ""disallow_one_site_gaps"": false, ""use_diamond_legalizer"": 1, ""disable_window_extension"": false}",VALID,2943613.2,2943613.2,0.0,0.0,0.0,False
42,67,7,RISCY-b-1-c2,6,"{""max_displacement"": 0, ""site_search_window"": 0, ""row_search_window"": 0, ""disallow_one_site_gaps"": false, ""use_diamond_legalizer"": 1, ""disable_window_extension"": false}","{""max_displacement"": 0, ""site_search_window"": 0, ""row_search_window"": 0, ""disallow_one_site_gaps"": false, ""use_diamond_legalizer"": 1, ""disable_window_extension"": false}",VALID,2943613.2,2943613.2,0.0,0.0,0.0,False
42,67,8,RISCY-b-1-c2,3,"{""max_displacement"": 0, ""site_search_window"": 0, ""row_search_window"": 0, ""disallow_one_site_gaps"": false, ""use_diamond_legalizer"": 1, ""disable_window_extension"": false}","{""max_displacement"": 0, ""site_search_window"": 10, ""row_search_window"": 2, ""disallow_one_site_gaps"": false, ""use_diamond_legalizer"": 1, ""disable_window_extension"": false}",VALID,2943613.2,2943613.2,0.0,0.0,0.0,False
42,67,9,RISCY-b-1-c2,3,"{""max_displacement"": 0, ""site_search_window"": 10, ""row_search_window"": 2, ""disallow_one_site_gaps"": false, ""use_diamond_legalizer"": 1, ""disable_window_extension"": false}","{""max_displacement"": 0, ""site_search_window"": 20, ""row_search_window"": 4, ""disallow_one_site_gaps"": false, ""use_diamond_legalizer"": 1, ""disable_window_extension"": false}",VALID,2943613.2,2943613.2,0.0,0.0,0.0,False
42,67,10,RISCY-b-1-c2,6,"{""max_displacement"": 0, ""site_search_window"": 20, ""row_search_window"": 4, ""disallow_one_site_gaps"": false, ""use_diamond_legalizer"": 1, ""disable_window_extension"": false}","{""max_displacement"": 0, ""site_search_window"": 10, ""row_search_window"": 4, ""disallow_one_site_gaps"": false, ""use_diamond_legalizer"": 1, ""disable_window_extension"": false}",VALID,2943613.2,2943613.2,0.0,0.0,0.0,True
42,68,1,RISCY-FPU-a-1-c2,7,"{""max_displacement"": 0, ""site_search_window"": 0, ""row_search_window"": 0, ""disallow_one_site_gaps"": 0, ""use_diamond_legalizer"": 1, ""disable_window_extension"": 0}","{""max_displacement"": 0, ""site_search_window"": 0, ""row_search_window"": 0, ""disallow_one_site_gaps"": 0, ""use_diamond_legalizer"": 1, ""disable_window_extension"": 0}",VALID,8256849.8,8256849.8,0.0,0.0,0.0,False
42,68,2,RISCY-FPU-a-1-c2,0,"{""max_displacement"": 0, ""site_search_window"": 0, ""row_search_window"": 0, ""disallow_one_site_gaps"": 0, ""use_diamond_legalizer"": 1, ""disable_window_extension"": 0}","{""max_displacement"": 0, ""site_search_window"": 0, ""row_search_window"": 0, ""disallow_one_site_gaps"": true, ""use_diamond_legalizer"": 1, ""disable_window_extension"": true}",VALID,8256849.8,8256849.8,0.0,0.0,0.0,False
42,68,3,RISCY-FPU-a-1-c2,3,"{""max_displacement"": 0, ""site_search_window"": 0, ""row_search_window"": 0, ""disallow_one_site_gaps"": true, ""use_diamond_legalizer"": 1, ""disable_window_extension"": true}","{""max_displacement"": 0, ""site_search_window"": 10, ""row_search_window"": 2, ""disallow_one_site_gaps"": true, ""use_diamond_legalizer"": 1, ""disable_window_extension"": true}",VALID,8256849.8,8256849.8,0.0,0.0,0.0,False
42,68,4,RISCY-FPU-a-1-c2,7,"{""max_displacement"": 0, ""site_search_window"": 10, ""row_search_window"": 2, ""disallow_one_site_gaps"": true, ""use_diamond_legalizer"": 1, ""disable_window_extension"": true}","{""max_displacement"": 0, ""site_search_window"": 10, ""row_search_window"": 2, ""disallow_one_site_gaps"": true, ""use_diamond_legalizer"": 1, ""disable_window_extension"": true}",VALID,8256849.8,8256849.8,0.0,0.0,0.0,False
42,68,5,RISCY-FPU-a-1-c2,1,"{""max_displacement"": 0, ""site_search_window"": 10, ""row_search_window"": 2, ""disallow_one_site_gaps"": true, ""use_diamond_legalizer"": 1, ""disable_window_extension"": true}","{""max_displacement"": 10, ""site_search_window"": 20, ""row_search_window"": 4, ""disallow_one_site_gaps"": true, ""use_diamond_legalizer"": 1, ""disable_window_extension"": true}",FAILED,8256849.8,8256849.8,0.0,-100.0,-1.0,False
42,68,6,RISCY-FPU-a-1-c2,3,"{""max_displacement"": 10, ""site_search_window"": 20, ""row_search_window"": 4, ""disallow_one_site_gaps"": true, ""use_diamond_legalizer"": 1, ""disable_window_extension"": true}","{""max_displacement"": 10, ""site_search_window"": 30, ""row_search_window"": 6, ""disallow_one_site_gaps"": true, ""use_diamond_legalizer"": 1, ""disable_window_extension"": true}",FAILED,8256849.8,8256849.8,0.0,-100.0,-1.0,False
42,68,7,RISCY-FPU-a-1-c2,7,"{""max_displacement"": 10, ""site_search_window"": 30, ""row_search_window"": 6, ""disallow_one_site_gaps"": true, ""use_diamond_legalizer"": 1, ""disable_window_extension"": true}","{""max_displacement"": 10, ""site_search_window"": 30, ""row_search_window"": 6, ""disallow_one_site_gaps"": true, ""use_diamond_legalizer"": 1, ""disable_window_extension"": true}",FAILED,8256849.8,8256849.8,0.0,-100.0,-1.0,False
42,68,8,RISCY-FPU-a-1-c2,1,"{""max_displacement"": 10, ""site_search_window"": 30, ""row_search_window"": 6, ""disallow_one_site_gaps"": true, ""use_diamond_legalizer"": 1, ""disable_window_extension"": true}","{""max_displacement"": 20, ""site_search_window"": 40, ""row_search_window"": 8, ""disallow_one_site_gaps"": true, ""use_diamond_legalizer"": 1, ""disable_window_extension"": true}",FAILED,8256849.8,8256849.8,0.0,-100.0,-1.0,False
42,68,9,RISCY-FPU-a-1-c2,6,"{""max_displacement"": 20, ""site_search_window"": 40, ""row_search_window"": 8, ""disallow_one_site_gaps"": true, ""use_diamond_legalizer"": 1, ""disable_window_extension"": true}","{""max_displacement"": 10, ""site_search_window"": 30, ""row_search_window"": 8, ""disallow_one_site_gaps"": true, ""use_diamond_legalizer"": 1, ""disable_window_extension"": true}",FAILED,8256849.8,8256849.8,0.0,-100.0,-1.0,False
42,68,10,RISCY-FPU-a-1-c2,3,"{""max_displacement"": 10, ""site_search_window"": 30, ""row_search_window"": 8, ""disallow_one_site_gaps"": true, ""use_diamond_legalizer"": 1, ""disable_window_extension"": true}","{""max_displacement"": 10, ""site_search_window"": 40, ""row_search_window"": 10, ""disallow_one_site_gaps"": true, ""use_diamond_legalizer"": 1, ""disable_window_extension"": true}",FAILED,8256849.8,8256849.8,0.0,-100.0,-1.0,True
42,69,1,zero-riscy-b-1-c2,2,"{""max_displacement"": 0, ""site_search_window"": 0, ""row_search_window"": 0, ""disallow_one_site_gaps"": 0, ""use_diamond_legalizer"": 1, ""disable_window_extension"": 0}","{""max_displacement"": 0, ""site_search_window"": 0, ""row_search_window"": 0, ""disallow_one_site_gaps"": 0, ""use_diamond_legalizer"": 1, ""disable_window_extension"": 0}",VALID,2386646.3,2386646.3,0.0,0.0,0.0,False
42,69,2,zero-riscy-b-1-c2,3,"{""max_displacement"": 0, ""site_search_window"": 0, ""row_search_window"": 0, ""disallow_one_site_gaps"": 0, ""use_diamond_legalizer"": 1, ""disable_window_extension"": 0}","{""max_displacement"": 0, ""site_search_window"": 10, ""row_search_window"": 2, ""disallow_one_site_gaps"": 0, ""use_diamond_legalizer"": 1, ""disable_window_extension"": 0}",VALID,2386646.3,2386646.3,0.0,0.0,0.0,False
42,69,3,zero-riscy-b-1-c2,6,"{""max_displacement"": 0, ""site_search_window"": 10, ""row_search_window"": 2, ""disallow_one_site_gaps"": 0, ""use_diamond_legalizer"": 1, ""disable_window_extension"": 0}","{""max_displacement"": 0, ""site_search_window"": 0, ""row_search_window"": 2, ""disallow_one_site_gaps"": 0, ""use_diamond_legalizer"": 1, ""disable_window_extension"": 0}",VALID,2386646.3,2386646.3,0.0,0.0,0.0,False
42,69,4,zero-riscy-b-1-c2,4,"{""max_displacement"": 0, ""site_search_window"": 0, ""row_search_window"": 2, ""disallow_one_site_gaps"": 0, ""use_diamond_legalizer"": 1, ""disable_window_extension"": 0}","{""max_displacement"": 0, ""site_search_window"": 0, ""row_search_window"": 0, ""disallow_one_site_gaps"": 0, ""use_diamond_legalizer"": 1, ""disable_window_extension"": 0}",VALID,2386646.3,2386646.3,0.0,0.0,0.0,False
42,69,5,zero-riscy-b-1-c2,6,"{""max_displacement"": 0, ""site_search_window"": 0, ""row_search_window"": 0, ""disallow_one_site_gaps"": 0, ""use_diamond_legalizer"": 1, ""disable_window_extension"": 0}","{""max_displacement"": 0, ""site_search_window"": 0, ""row_search_window"": 0, ""disallow_one_site_gaps"": 0, ""use_diamond_legalizer"": 1, ""disable_window_extension"": 0}",VALID,2386646.3,2386646.3,0.0,0.0,0.0,False
42,69,6,zero-riscy-b-1-c2,1,"{""max_displacement"": 0, ""site_search_window"": 0, ""row_search_window"": 0, ""disallow_one_site_gaps"": 0, ""use_diamond_legalizer"": 1, ""disable_window_extension"": 0}","{""max_displacement"": 10, ""site_search_window"": 10, ""row_search_window"": 2, ""disallow_one_site_gaps"": 0, ""use_diamond_legalizer"": 1, ""disable_window_extension"": 0}",FAILED,2386646.3,2386646.3,0.0,-100.0,-1.0,False
42,69,7,zero-riscy-b-1-c2,7,"{""max_displacement"": 10, ""site_search_window"": 10, ""row_search_window"": 2, ""disallow_one_site_gaps"": 0, ""use_diamond_legalizer"": 1, ""disable_window_extension"": 0}","{""max_displacement"": 10, ""site_search_window"": 10, ""row_search_window"": 2, ""disallow_one_site_gaps"": 0, ""use_diamond_legalizer"": 1, ""disable_window_extension"": 0}",FAILED,2386646.3,2386646.3,0.0,-100.0,-1.0,False
42,69,8,zero-riscy-b-1-c2,6,"{""max_displacement"": 10, ""site_search_window"": 10, ""row_search_window"": 2, ""disallow_one_site_gaps"": 0, ""use_diamond_legalizer"": 1, ""disable_window_extension"": 0}","{""max_displacement"": 0, ""site_search_window"": 0, ""row_search_window"": 2, ""disallow_one_site_gaps"": 0, ""use_diamond_legalizer"": 1, ""disable_window_extension"": 0}",VALID,2386646.3,2386646.3,0.0,0.0,0.0,False
42,69,9,zero-riscy-b-1-c2,1,"{""max_displacement"": 0, ""site_search_window"": 0, ""row_search_window"": 2, ""disallow_one_site_gaps"": 0, ""use_diamond_legalizer"": 1, ""disable_window_extension"": 0}","{""max_displacement"": 10, ""site_search_window"": 10, ""row_search_window"": 4, ""disallow_one_site_gaps"": 0, ""use_diamond_legalizer"": 1, ""disable_window_extension"": 0}",FAILED,2386646.3,2386646.3,0.0,-100.0,-1.0,False
42,69,10,zero-riscy-b-1-c2,4,"{""max_displacement"": 10, ""site_search_window"": 10, ""row_search_window"": 4, ""disallow_one_site_gaps"": 0, ""use_diamond_legalizer"": 1, ""disable_window_extension"": 0}","{""max_displacement"": 10, ""site_search_window"": 0, ""row_search_window"": 2, ""disallow_one_site_gaps"": 0, ""use_diamond_legalizer"": 1, ""disable_window_extension"": 0}",FAILED,2386646.3,2386646.3,0.0,-100.0,-1.0,True
42,70,1,RISCY-a-3-c20,5,"{""max_displacement"": 0, ""site_search_window"": 0, ""row_search_window"": 0, ""disallow_one_site_gaps"": 0, ""use_diamond_legalizer"": 1, ""disable_window_extension"": 0}","{""max_displacement"": 10, ""site_search_window"": 10, ""row_search_window"": 0, ""disallow_one_site_gaps"": 0, ""use_diamond_legalizer"": 1, ""disable_window_extension"": 0}",FAILED,5117723.0,5117723.0,0.0,-100.0,-1.0,False
42,70,2,RISCY-a-3-c20,6,"{""max_displacement"": 10, ""site_search_window"": 10, ""row_search_window"": 0, ""disallow_one_site_gaps"": 0, ""use_diamond_legalizer"": 1, ""disable_window_extension"": 0}","{""max_displacement"": 0, ""site_search_window"": 0, ""row_search_window"": 0, ""disallow_one_site_gaps"": 0, ""use_diamond_legalizer"": 1, ""disable_window_extension"": 0}",VALID,5117723.0,5117723.0,0.0,0.0,0.0,False
42,70,3,RISCY-a-3-c20,7,"{""max_displacement"": 0, ""site_search_window"": 0, ""row_search_window"": 0, ""disallow_one_site_gaps"": 0, ""use_diamond_legalizer"": 1, ""disable_window_extension"": 0}","{""max_displacement"": 0, ""site_search_window"": 0, ""row_search_window"": 0, ""disallow_one_site_gaps"": 0, ""use_diamond_legalizer"": 1, ""disable_window_extension"": 0}",VALID,5117723.0,5117723.0,0.0,0.0,0.0,False
42,70,4,RISCY-a-3-c20,0,"{""max_displacement"": 0, ""site_search_window"": 0, ""row_search_window"": 0, ""disallow_one_site_gaps"": 0, ""use_diamond_legalizer"": 1, ""disable_window_extension"": 0}","{""max_displacement"": 0, ""site_search_window"": 0, ""row_search_window"": 0, ""disallow_one_site_gaps"": true, ""use_diamond_legalizer"": 1, ""disable_window_extension"": true}",VALID,5117723.0,5117723.0,0.0,0.0,0.0,False
42,70,5,RISCY-a-3-c20,2,"{""max_displacement"": 0, ""site_search_window"": 0, ""row_search_window"": 0, ""disallow_one_site_gaps"": true, ""use_diamond_legalizer"": 1, ""disable_window_extension"": true}","{""max_displacement"": 0, ""site_search_window"": 0, ""row_search_window"": 0, ""disallow_one_site_gaps"": true, ""use_diamond_legalizer"": 1, ""disable_window_extension"": true}",VALID,5117723.0,5117723.0,0.0,0.0,0.0,False
42,70,6,RISCY-a-3-c20,6,"{""max_displacement"": 0, ""site_search_window"": 0, ""row_search_window"": 0, ""disallow_one_site_gaps"": true, ""use_diamond_legalizer"": 1, ""disable_window_extension"": true}","{""max_displacement"": 0, ""site_search_window"": 0, ""row_search_window"": 0, ""disallow_one_site_gaps"": true, ""use_diamond_legalizer"": 1, ""disable_window_extension"": true}",VALID,5117723.0,5117723.0,0.0,0.0,0.0,False
42,70,7,RISCY-a-3-c20,2,"{""max_displacement"": 0, ""site_search_window"": 0, ""row_search_window"": 0, ""disallow_one_site_gaps"": true, ""use_diamond_legalizer"": 1, ""disable_window_extension"": true}","{""max_displacement"": 0, ""site_search_window"": 0, ""row_search_window"": 0, ""disallow_one_site_gaps"": true, ""use_diamond_legalizer"": 1, ""disable_window_extension"": true}",VALID,5117723.0,5117723.0,0.0,0.0,0.0,False
42,70,8,RISCY-a-3-c20,4,"{""max_displacement"": 0, ""site_search_window"": 0, ""row_search_window"": 0, ""disallow_one_site_gaps"": true, ""use_diamond_legalizer"": 1, ""disable_window_extension"": true}","{""max_displacement"": 0, ""site_search_window"": 0, ""row_search_window"": 0, ""disallow_one_site_gaps"": true, ""use_diamond_legalizer"": 1, ""disable_window_extension"": true}",VALID,5117723.0,5117723.0,0.0,0.0,0.0,False
42,70,9,RISCY-a-3-c20,3,"{""max_displacement"": 0, ""site_search_window"": 0, ""row_search_window"": 0, ""disallow_one_site_gaps"": true, ""use_diamond_legalizer"": 1, ""disable_window_extension"": true}","{""max_displacement"": 0, ""site_search_window"": 10, ""row_search_window"": 2, ""disallow_one_site_gaps"": true, ""use_diamond_legalizer"": 1, ""disable_window_extension"": true}",VALID,5117723.0,5117723.0,0.0,0.0,0.0,False
42,70,10,RISCY-a-3-c20,1,"{""max_displacement"": 0, ""site_search_window"": 10, ""row_search_window"": 2, ""disallow_one_site_gaps"": true, ""use_diamond_legalizer"": 1, ""disable_window_extension"": true}","{""max_displacement"": 10, ""site_search_window"": 20, ""row_search_window"": 4, ""disallow_one_site_gaps"": true, ""use_diamond_legalizer"": 1, ""disable_window_extension"": true}",FAILED,5117723.0,5117723.0,0.0,-100.0,-1.0,True
42,71,1,zero-riscy-a-3-c20,2,"{""max_displacement"": 0, ""site_search_window"": 0, ""row_search_window"": 0, ""disallow_one_site_gaps"": 0, ""use_diamond_legalizer"": 1, ""disable_window_extension"": 0}","{""max_displacement"": 0, ""site_search_window"": 0, ""row_search_window"": 0, ""disallow_one_site_gaps"": 0, ""use_diamond_legalizer"": 1, ""disable_window_extension"": 0}",VALID,4037614.6,4037614.6,0.0,0.0,0.0,False
42,71,2,zero-riscy-a-3-c20,3,"{""max_displacement"": 0, ""site_search_window"": 0, ""row_search_window"": 0, ""disallow_one_site_gaps"": 0, ""use_diamond_legalizer"": 1, ""disable_window_extension"": 0}","{""max_displacement"": 0, ""site_search_window"": 10, ""row_search_window"": 2, ""disallow_one_site_gaps"": 0, ""use_diamond_legalizer"": 1, ""disable_window_extension"": 0}",VALID,4037614.6,4037614.6,0.0,0.0,0.0,False
42,71,3,zero-riscy-a-3-c20,2,"{""max_displacement"": 0, ""site_search_window"": 10, ""row_search_window"": 2, ""disallow_one_site_gaps"": 0, ""use_diamond_legalizer"": 1, ""disable_window_extension"": 0}","{""max_displacement"": 0, ""site_search_window"": 0, ""row_search_window"": 0, ""disallow_one_site_gaps"": 0, ""use_diamond_legalizer"": 1, ""disable_window_extension"": 0}",VALID,4037614.6,4037614.6,0.0,0.0,0.0,False
42,71,4,zero-riscy-a-3-c20,4,"{""max_displacement"": 0, ""site_search_window"": 0, ""row_search_window"": 0, ""disallow_one_site_gaps"": 0, ""use_diamond_legalizer"": 1, ""disable_window_extension"": 0}","{""max_displacement"": 0, ""site_search_window"": 0, ""row_search_window"": 0, ""disallow_one_site_gaps"": 0, ""use_diamond_legalizer"": 1, ""disable_window_extension"": 0}",VALID,4037614.6,4037614.6,0.0,0.0,0.0,False
42,71,5,zero-riscy-a-3-c20,1,"{""max_displacement"": 0, ""site_search_window"": 0, ""row_search_window"": 0, ""disallow_one_site_gaps"": 0, ""use_diamond_legalizer"": 1, ""disable_window_extension"": 0}","{""max_displacement"": 10, ""site_search_window"": 10, ""row_search_window"": 2, ""disallow_one_site_gaps"": 0, ""use_diamond_legalizer"": 1, ""disable_window_extension"": 0}",FAILED,4037614.6,4037614.6,0.0,-100.0,-1.0,False
42,71,6,zero-riscy-a-3-c20,0,"{""max_displacement"": 10, ""site_search_window"": 10, ""row_search_window"": 2, ""disallow_one_site_gaps"": 0, ""use_diamond_legalizer"": 1, ""disable_window_extension"": 0}","{""max_displacement"": 10, ""site_search_window"": 10, ""row_search_window"": 2, ""disallow_one_site_gaps"": true, ""use_diamond_legalizer"": 1, ""disable_window_extension"": true}",FAILED,4037614.6,4037614.6,0.0,-100.0,-1.0,False
42,71,7,zero-riscy-a-3-c20,6,"{""max_displacement"": 10, ""site_search_window"": 10, ""row_search_window"": 2, ""disallow_one_site_gaps"": true, ""use_diamond_legalizer"": 1, ""disable_window_extension"": true}","{""max_displacement"": 0, ""site_search_window"": 0, ""row_search_window"": 2, ""disallow_one_site_gaps"": true, ""use_diamond_legalizer"": 1, ""disable_window_extension"": true}",VALID,4037614.6,4037614.6,0.0,0.0,0.0,False
42,71,8,zero-riscy-a-3-c20,1,"{""max_displacement"": 0, ""site_search_window"": 0, ""row_search_window"": 2, ""disallow_one_site_gaps"": true, ""use_diamond_legalizer"": 1, ""disable_window_extension"": true}","{""max_displacement"": 10, ""site_search_window"": 10, ""row_search_window"": 4, ""disallow_one_site_gaps"": true, ""use_diamond_legalizer"": 1, ""disable_window_extension"": true}",FAILED,4037614.6,4037614.6,0.0,-100.0,-1.0,False
42,71,9,zero-riscy-a-3-c20,2,"{""max_displacement"": 10, ""site_search_window"": 10, ""row_search_window"": 4, ""disallow_one_site_gaps"": true, ""use_diamond_legalizer"": 1, ""disable_window_extension"": true}","{""max_displacement"": 0, ""site_search_window"": 0, ""row_search_window"": 2, ""disallow_one_site_gaps"": true, ""use_diamond_legalizer"": 1, ""disable_window_extension"": true}",VALID,4037614.6,4037614.6,0.0,0.0,0.0,False
42,71,10,zero-riscy-a-3-c20,2,"{""max_displacement"": 0, ""site_search_window"": 0, ""row_search_window"": 2, ""disallow_one_site_gaps"": true, ""use_diamond_legalizer"": 1, ""disable_window_extension"": true}","{""max_displacement"": 0, ""site_search_window"": 0, ""row_search_window"": 0, ""disallow_one_site_gaps"": true, ""use_diamond_legalizer"": 1, ""disable_window_extension"": true}",VALID,4037614.6,4037614.6,0.0,0.0,0.0,True
42,72,1,RISCY-b-3-c5,4,"{""max_displacement"": 0, ""site_search_window"": 0, ""row_search_window"": 0, ""disallow_one_site_gaps"": 0, ""use_diamond_legalizer"": 1, ""disable_window_extension"": 0}","{""max_displacement"": 0, ""site_search_window"": 0, ""row_search_window"": 0, ""disallow_one_site_gaps"": 0, ""use_diamond_legalizer"": 1, ""disable_window_extension"": 0}",VALID,3393677.9,3393677.9,0.0,0.0,0.0,False
42,72,2,RISCY-b-3-c5,1,"{""max_displacement"": 0, ""site_search_window"": 0, ""row_search_window"": 0, ""disallow_one_site_gaps"": 0, ""use_diamond_legalizer"": 1, ""disable_window_extension"": 0}","{""max_displacement"": 10, ""site_search_window"": 10, ""row_search_window"": 2, ""disallow_one_site_gaps"": 0, ""use_diamond_legalizer"": 1, ""disable_window_extension"": 0}",VALID,3393677.9,3393677.9,0.0,0.0,0.0,False
42,72,3,RISCY-b-3-c5,5,"{""max_displacement"": 10, ""site_search_window"": 10, ""row_search_window"": 2, ""disallow_one_site_gaps"": 0, ""use_diamond_legalizer"": 1, ""disable_window_extension"": 0}","{""max_displacement"": 20, ""site_search_window"": 20, ""row_search_window"": 2, ""disallow_one_site_gaps"": 0, ""use_diamond_legalizer"": 1, ""disable_window_extension"": 0}",VALID,3393677.9,3393677.9,0.0,0.0,0.0,False
42,72,4,RISCY-b-3-c5,6,"{""max_displacement"": 20, ""site_search_window"": 20, ""row_search_window"": 2, ""disallow_one_site_gaps"": 0, ""use_diamond_legalizer"": 1, ""disable_window_extension"": 0}","{""max_displacement"": 10, ""site_search_window"": 10, ""row_search_window"": 2, ""disallow_one_site_gaps"": 0, ""use_diamond_legalizer"": 1, ""disable_window_extension"": 0}",VALID,3393677.9,3393677.9,0.0,0.0,0.0,False
42,72,5,RISCY-b-3-c5,4,"{""max_displacement"": 10, ""site_search_window"": 10, ""row_search_window"": 2, ""disallow_one_site_gaps"": 0, ""use_diamond_legalizer"": 1, ""disable_window_extension"": 0}","{""max_displacement"": 10, ""site_search_window"": 0, ""row_search_window"": 0, ""disallow_one_site_gaps"": 0, ""use_diamond_legalizer"": 1, ""disable_window_extension"": 0}",VALID,3393677.9,3393677.9,0.0,0.0,0.0,False
42,72,6,RISCY-b-3-c5,1,"{""max_displacement"": 10, ""site_search_window"": 0, ""row_search_window"": 0, ""disallow_one_site_gaps"": 0, ""use_diamond_legalizer"": 1, ""disable_window_extension"": 0}","{""max_displacement"": 20, ""site_search_window"": 10, ""row_search_window"": 2, ""disallow_one_site_gaps"": 0, ""use_diamond_legalizer"": 1, ""disable_window_extension"": 0}",VALID,3393677.9,3393677.9,0.0,0.0,0.0,False
42,72,7,RISCY-b-3-c5,6,"{""max_displacement"": 20, ""site_search_window"": 10, ""row_search_window"": 2, ""disallow_one_site_gaps"": 0, ""use_diamond_legalizer"": 1, ""disable_window_extension"": 0}","{""max_displacement"": 10, ""site_search_window"": 0, ""row_search_window"": 2, ""disallow_one_site_gaps"": 0, ""use_diamond_legalizer"": 1, ""disable_window_extension"": 0}",VALID,3393677.9,3393677.9,0.0,0.0,0.0,False
42,72,8,RISCY-b-3-c5,0,"{""max_displacement"": 10, ""site_search_window"": 0, ""row_search_window"": 2, ""disallow_one_site_gaps"": 0, ""use_diamond_legalizer"": 1, ""disable_window_extension"": 0}","{""max_displacement"": 10, ""site_search_window"": 0, ""row_search_window"": 2, ""disallow_one_site_gaps"": true, ""use_diamond_legalizer"": 1, ""disable_window_extension"": true}",VALID,3393677.9,3393677.9,0.0,0.0,0.0,False
42,72,9,RISCY-b-3-c5,5,"{""max_displacement"": 10, ""site_search_window"": 0, ""row_search_window"": 2, ""disallow_one_site_gaps"": true, ""use_diamond_legalizer"": 1, ""disable_window_extension"": true}","{""max_displacement"": 20, ""site_search_window"": 10, ""row_search_window"": 2, ""disallow_one_site_gaps"": true, ""use_diamond_legalizer"": 1, ""disable_window_extension"": true}",VALID,3393677.9,3393677.9,0.0,0.0,0.0,False
42,72,10,RISCY-b-3-c5,6,"{""max_displacement"": 20, ""site_search_window"": 10, ""row_search_window"": 2, ""disallow_one_site_gaps"": true, ""use_diamond_legalizer"": 1, ""disable_window_extension"": true}","{""max_displacement"": 10, ""site_search_window"": 0, ""row_search_window"": 2, ""disallow_one_site_gaps"": true, ""use_diamond_legalizer"": 1, ""disable_window_extension"": true}",VALID,3393677.9,3393677.9,0.0,0.0,0.0,True
42,73,1,RISCY-FPU-a-1-c5,3,"{""max_displacement"": 0, ""site_search_window"": 0, ""row_search_window"": 0, ""disallow_one_site_gaps"": 0, ""use_diamond_legalizer"": 1, ""disable_window_extension"": 0}","{""max_displacement"": 0, ""site_search_window"": 10, ""row_search_window"": 2, ""disallow_one_site_gaps"": 0, ""use_diamond_legalizer"": 1, ""disable_window_extension"": 0}",VALID,6071437.2,6071437.2,0.0,0.0,0.0,False
42,73,2,RISCY-FPU-a-1-c5,4,"{""max_displacement"": 0, ""site_search_window"": 10, ""row_search_window"": 2, ""disallow_one_site_gaps"": 0, ""use_diamond_legalizer"": 1, ""disable_window_extension"": 0}","{""max_displacement"": 0, ""site_search_window"": 0, ""row_search_window"": 0, ""disallow_one_site_gaps"": 0, ""use_diamond_legalizer"": 1, ""disable_window_extension"": 0}",VALID,6071437.2,6071437.2,0.0,0.0,0.0,False
42,73,3,RISCY-FPU-a-1-c5,1,"{""max_displacement"": 0, ""site_search_window"": 0, ""row_search_window"": 0, ""disallow_one_site_gaps"": 0, ""use_diamond_legalizer"": 1, ""disable_window_extension"": 0}","{""max_displacement"": 10, ""site_search_window"": 10, ""row_search_window"": 2, ""disallow_one_site_gaps"": 0, ""use_diamond_legalizer"": 1, ""disable_window_extension"": 0}",FAILED,6071437.2,6071437.2,0.0,-100.0,-1.0,False
42,73,4,RISCY-FPU-a-1-c5,2,"{""max_displacement"": 10, ""site_search_window"": 10, ""row_search_window"": 2, ""disallow_one_site_gaps"": 0, ""use_diamond_legalizer"": 1, ""disable_window_extension"": 0}","{""max_displacement"": 0, ""site_search_window"": 0, ""row_search_window"": 0, ""disallow_one_site_gaps"": 0, ""use_diamond_legalizer"": 1, ""disable_window_extension"": 0}",VALID,6071437.2,6071437.2,0.0,0.0,0.0,False
42,73,5,RISCY-FPU-a-1-c5,7,"{""max_displacement"": 0, ""site_search_window"": 0, ""row_search_window"": 0, ""disallow_one_site_gaps"": 0, ""use_diamond_legalizer"": 1, ""disable_window_extension"": 0}","{""max_displacement"": 0, ""site_search_window"": 0, ""row_search_window"": 0, ""disallow_one_site_gaps"": 0, ""use_diamond_legalizer"": 1, ""disable_window_extension"": 0}",VALID,6071437.2,6071437.2,0.0,0.0,0.0,False
42,73,6,RISCY-FPU-a-1-c5,4,"{""max_displacement"": 0, ""site_search_window"": 0, ""row_search_window"": 0, ""disallow_one_site_gaps"": 0, ""use_diamond_legalizer"": 1, ""disable_window_extension"": 0}","{""max_displacement"": 0, ""site_search_window"": 0, ""row_search_window"": 0, ""disallow_one_site_gaps"": 0, ""use_diamond_legalizer"": 1, ""disable_window_extension"": 0}",VALID,6071437.2,6071437.2,0.0,0.0,0.0,False
42,73,7,RISCY-FPU-a-1-c5,4,"{""max_displacement"": 0, ""site_search_window"": 0, ""row_search_window"": 0, ""disallow_one_site_gaps"": 0, ""use_diamond_legalizer"": 1, ""disable_window_extension"": 0}","{""max_displacement"": 0, ""site_search_window"": 0, ""row_search_window"": 0, ""disallow_one_site_gaps"": 0, ""use_diamond_legalizer"": 1, ""disable_window_extension"": 0}",VALID,6071437.2,6071437.2,0.0,0.0,0.0,False
42,73,8,RISCY-FPU-a-1-c5,0,"{""max_displacement"": 0, ""site_search_window"": 0, ""row_search_window"": 0, ""disallow_one_site_gaps"": 0, ""use_diamond_legalizer"": 1, ""disable_window_extension"": 0}","{""max_displacement"": 0, ""site_search_window"": 0, ""row_search_window"": 0, ""disallow_one_site_gaps"": true, ""use_diamond_legalizer"": 1, ""disable_window_extension"": true}",VALID,6071437.2,6071437.2,0.0,0.0,0.0,False
42,73,9,RISCY-FPU-a-1-c5,4,"{""max_displacement"": 0, ""site_search_window"": 0, ""row_search_window"": 0, ""disallow_one_site_gaps"": true, ""use_diamond_legalizer"": 1, ""disable_window_extension"": true}","{""max_displacement"": 0, ""site_search_window"": 0, ""row_search_window"": 0, ""disallow_one_site_gaps"": true, ""use_diamond_legalizer"": 1, ""disable_window_extension"": true}",VALID,6071437.2,6071437.2,0.0,0.0,0.0,False
42,73,10,RISCY-FPU-a-1-c5,4,"{""max_displacement"": 0, ""site_search_window"": 0, ""row_search_window"": 0, ""disallow_one_site_gaps"": true, ""use_diamond_legalizer"": 1, ""disable_window_extension"": true}","{""max_displacement"": 0, ""site_search_window"": 0, ""row_search_window"": 0, ""disallow_one_site_gaps"": true, ""use_diamond_legalizer"": 1, ""disable_window_extension"": true}",VALID,6071437.2,6071437.2,0.0,0.0,0.0,True
42,74,1,zero-riscy-b-1-c5,4,"{""max_displacement"": 0, ""site_search_window"": 0, ""row_search_window"": 0, ""disallow_one_site_gaps"": 0, ""use_diamond_legalizer"": 1, ""disable_window_extension"": 0}","{""max_displacement"": 0, ""site_search_window"": 0, ""row_search_window"": 0, ""disallow_one_site_gaps"": 0, ""use_diamond_legalizer"": 1, ""disable_window_extension"": 0}",VALID,2082484.8,2082484.8,0.0,0.0,0.0,False
42,74,2,zero-riscy-b-1-c5,3,"{""max_displacement"": 0, ""site_search_window"": 0, ""row_search_window"": 0, ""disallow_one_site_gaps"": 0, ""use_diamond_legalizer"": 1, ""disable_window_extension"": 0}","{""max_displacement"": 0, ""site_search_window"": 10, ""row_search_window"": 2, ""disallow_one_site_gaps"": 0, ""use_diamond_legalizer"": 1, ""disable_window_extension"": 0}",VALID,2082484.8,2082484.8,0.0,0.0,0.0,False
42,74,3,zero-riscy-b-1-c5,3,"{""max_displacement"": 0, ""site_search_window"": 10, ""row_search_window"": 2, ""disallow_one_site_gaps"": 0, ""use_diamond_legalizer"": 1, ""disable_window_extension"": 0}","{""max_displacement"": 0, ""site_search_window"": 20, ""row_search_window"": 4, ""disallow_one_site_gaps"": 0, ""use_diamond_legalizer"": 1, ""disable_window_extension"": 0}",VALID,2082484.8,2082484.8,0.0,0.0,0.0,False
42,74,4,zero-riscy-b-1-c5,6,"{""max_displacement"": 0, ""site_search_window"": 20, ""row_search_window"": 4, ""disallow_one_site_gaps"": 0, ""use_diamond_legalizer"": 1, ""disable_window_extension"": 0}","{""max_displacement"": 0, ""site_search_window"": 10, ""row_search_window"": 4, ""disallow_one_site_gaps"": 0, ""use_diamond_legalizer"": 1, ""disable_window_extension"": 0}",VALID,2082484.8,2082484.8,0.0,0.0,0.0,False
42,74,5,zero-riscy-b-1-c5,4,"{""max_displacement"": 0, ""site_search_window"": 10, ""row_search_window"": 4, ""disallow_one_site_gaps"": 0, ""use_diamond_legalizer"": 1, ""disable_window_extension"": 0}","{""max_displacement"": 0, ""site_search_window"": 0, ""row_search_window"": 2, ""disallow_one_site_gaps"": 0, ""use_diamond_legalizer"": 1, ""disable_window_extension"": 0}",VALID,2082484.8,2082484.8,0.0,0.0,0.0,False
42,74,6,zero-riscy-b-1-c5,0,"{""max_displacement"": 0, ""site_search_window"": 0, ""row_search_window"": 2, ""disallow_one_site_gaps"": 0, ""use_diamond_legalizer"": 1, ""disable_window_extension"": 0}","{""max_displacement"": 0, ""site_search_window"": 0, ""row_search_window"": 2, ""disallow_one_site_gaps"": true, ""use_diamond_legalizer"": 1, ""disable_window_extension"": true}",VALID,2082484.8,2082484.8,0.0,0.0,0.0,False
42,74,7,zero-riscy-b-1-c5,1,"{""max_displacement"": 0, ""site_search_window"": 0, ""row_search_window"": 2, ""disallow_one_site_gaps"": true, ""use_diamond_legalizer"": 1, ""disable_window_extension"": true}","{""max_displacement"": 10, ""site_search_window"": 10, ""row_search_window"": 4, ""disallow_one_site_gaps"": true, ""use_diamond_legalizer"": 1, ""disable_window_extension"": true}",FAILED,2082484.8,2082484.8,0.0,-100.0,-1.0,False
42,74,8,zero-riscy-b-1-c5,2,"{""max_displacement"": 10, ""site_search_window"": 10, ""row_search_window"": 4, ""disallow_one_site_gaps"": true, ""use_diamond_legalizer"": 1, ""disable_window_extension"": true}","{""max_displacement"": 0, ""site_search_window"": 0, ""row_search_window"": 2, ""disallow_one_site_gaps"": true, ""use_diamond_legalizer"": 1, ""disable_window_extension"": true}",VALID,2082484.8,2082484.8,0.0,0.0,0.0,False
42,74,9,zero-riscy-b-1-c5,7,"{""max_displacement"": 0, ""site_search_window"": 0, ""row_search_window"": 2, ""disallow_one_site_gaps"": true, ""use_diamond_legalizer"": 1, ""disable_window_extension"": true}","{""max_displacement"": 0, ""site_search_window"": 0, ""row_search_window"": 2, ""disallow_one_site_gaps"": true, ""use_diamond_legalizer"": 1, ""disable_window_extension"": true}",VALID,2082484.8,2082484.8,0.0,0.0,0.0,False
42,74,10,zero-riscy-b-1-c5,2,"{""max_displacement"": 0, ""site_search_window"": 0, ""row_search_window"": 2, ""disallow_one_site_gaps"": true, ""use_diamond_legalizer"": 1, ""disable_window_extension"": true}","{""max_displacement"": 0, ""site_search_window"": 0, ""row_search_window"": 0, ""disallow_one_site_gaps"": true, ""use_diamond_legalizer"": 1, ""disable_window_extension"": true}",VALID,2082484.8,2082484.8,0.0,0.0,0.0,True
42,75,1,RISCY-FPU-b-3-c20,6,"{""max_displacement"": 0, ""site_search_window"": 0, ""row_search_window"": 0, ""disallow_one_site_gaps"": 0, ""use_diamond_legalizer"": 1, ""disable_window_extension"": 0}","{""max_displacement"": 0, ""site_search_window"": 0, ""row_search_window"": 0, ""disallow_one_site_gaps"": 0, ""use_diamond_legalizer"": 1, ""disable_window_extension"": 0}",VALID,5040703.3,5040703.3,0.0,0.0,0.0,False
42,75,2,RISCY-FPU-b-3-c20,3,"{""max_displacement"": 0, ""site_search_window"": 0, ""row_search_window"": 0, ""disallow_one_site_gaps"": 0, ""use_diamond_legalizer"": 1, ""disable_window_extension"": 0}","{""max_displacement"": 0, ""site_search_window"": 10, ""row_search_window"": 2, ""disallow_one_site_gaps"": 0, ""use_diamond_legalizer"": 1, ""disable_window_extension"": 0}",VALID,5040703.3,5040703.3,0.0,0.0,0.0,False
42,75,3,RISCY-FPU-b-3-c20,5,"{""max_displacement"": 0, ""site_search_window"": 10, ""row_search_window"": 2, ""disallow_one_site_gaps"": 0, ""use_diamond_legalizer"": 1, ""disable_window_extension"": 0}","{""max_displacement"": 10, ""site_search_window"": 20, ""row_search_window"": 2, ""disallow_one_site_gaps"": 0, ""use_diamond_legalizer"": 1, ""disable_window_extension"": 0}",FAILED,5040703.3,5040703.3,0.0,-100.0,-1.0,False
42,75,4,RISCY-FPU-b-3-c20,1,"{""max_displacement"": 10, ""site_search_window"": 20, ""row_search_window"": 2, ""disallow_one_site_gaps"": 0, ""use_diamond_legalizer"": 1, ""disable_window_extension"": 0}","{""max_displacement"": 20, ""site_search_window"": 30, ""row_search_window"": 4, ""disallow_one_site_gaps"": 0, ""use_diamond_legalizer"": 1, ""disable_window_extension"": 0}",FAILED,5040703.3,5040703.3,0.0,-100.0,-1.0,False
42,75,5,RISCY-FPU-b-3-c20,3,"{""max_displacement"": 20, ""site_search_window"": 30, ""row_search_window"": 4, ""disallow_one_site_gaps"": 0, ""use_diamond_legalizer"": 1, ""disable_window_extension"": 0}","{""max_displacement"": 20, ""site_search_window"": 40, ""row_search_window"": 6, ""disallow_one_site_gaps"": 0, ""use_diamond_legalizer"": 1, ""disable_window_extension"": 0}",FAILED,5040703.3,5040703.3,0.0,-100.0,-1.0,False
42,75,6,RISCY-FPU-b-3-c20,4,"{""max_displacement"": 20, ""site_search_window"": 40, ""row_search_window"": 6, ""disallow_one_site_gaps"": 0, ""use_diamond_legalizer"": 1, ""disable_window_extension"": 0}","{""max_displacement"": 20, ""site_search_window"": 30, ""row_search_window"": 4, ""disallow_one_site_gaps"": 0, ""use_diamond_legalizer"": 1, ""disable_window_extension"": 0}",FAILED,5040703.3,5040703.3,0.0,-100.0,-1.0,False
42,75,7,RISCY-FPU-b-3-c20,4,"{""max_displacement"": 20, ""site_search_window"": 30, ""row_search_window"": 4, ""disallow_one_site_gaps"": 0, ""use_diamond_legalizer"": 1, ""disable_window_extension"": 0}","{""max_displacement"": 20, ""site_search_window"": 20, ""row_search_window"": 2, ""disallow_one_site_gaps"": 0, ""use_diamond_legalizer"": 1, ""disable_window_extension"": 0}",FAILED,5040703.3,5040703.3,0.0,-100.0,-1.0,False
42,75,8,RISCY-FPU-b-3-c20,5,"{""max_displacement"": 20, ""site_search_window"": 20, ""row_search_window"": 2, ""disallow_one_site_gaps"": 0, ""use_diamond_legalizer"": 1, ""disable_window_extension"": 0}","{""max_displacement"": 30, ""site_search_window"": 30, ""row_search_window"": 2, ""disallow_one_site_gaps"": 0, ""use_diamond_legalizer"": 1, ""disable_window_extension"": 0}",FAILED,5040703.3,5040703.3,0.0,-100.0,-1.0,False
42,75,9,RISCY-FPU-b-3-c20,4,"{""max_displacement"": 30, ""site_search_window"": 30, ""row_search_window"": 2, ""disallow_one_site_gaps"": 0, ""use_diamond_legalizer"": 1, ""disable_window_extension"": 0}","{""max_displacement"": 30, ""site_search_window"": 20, ""row_search_window"": 0, ""disallow_one_site_gaps"": 0, ""use_diamond_legalizer"": 1, ""disable_window_extension"": 0}",FAILED,5040703.3,5040703.3,0.0,-100.0,-1.0,False
42,75,10,RISCY-FPU-b-3-c20,4,"{""max_displacement"": 30, ""site_search_window"": 20, ""row_search_window"": 0, ""disallow_one_site_gaps"": 0, ""use_diamond_legalizer"": 1, ""disable_window_extension"": 0}","{""max_displacement"": 30, ""site_search_window"": 10, ""row_search_window"": 0, ""disallow_one_site_gaps"": 0, ""use_diamond_legalizer"": 1, ""disable_window_extension"": 0}",FAILED,5040703.3,5040703.3,0.0,-100.0,-1.0,True
42,76,1,RISCY-FPU-b-2-c20,4,"{""max_displacement"": 0, ""site_search_window"": 0, ""row_search_window"": 0, ""disallow_one_site_gaps"": 0, ""use_diamond_legalizer"": 1, ""disable_window_extension"": 0}","{""max_displacement"": 0, ""site_search_window"": 0, ""row_search_window"": 0, ""disallow_one_site_gaps"": 0, ""use_diamond_legalizer"": 1, ""disable_window_extension"": 0}",VALID,4992984.1,4992984.1,0.0,0.0,0.0,False
42,76,2,RISCY-FPU-b-2-c20,4,"{""max_displacement"": 0, ""site_search_window"": 0, ""row_search_window"": 0, ""disallow_one_site_gaps"": 0, ""use_diamond_legalizer"": 1, ""disable_window_extension"": 0}","{""max_displacement"": 0, ""site_search_window"": 0, ""row_search_window"": 0, ""disallow_one_site_gaps"": 0, ""use_diamond_legalizer"": 1, ""disable_window_extension"": 0}",VALID,4992984.1,4992984.1,0.0,0.0,0.0,False
42,76,3,RISCY-FPU-b-2-c20,7,"{""max_displacement"": 0, ""site_search_window"": 0, ""row_search_window"": 0, ""disallow_one_site_gaps"": 0, ""use_diamond_legalizer"": 1, ""disable_window_extension"": 0}","{""max_displacement"": 0, ""site_search_window"": 0, ""row_search_window"": 0, ""disallow_one_site_gaps"": 0, ""use_diamond_legalizer"": 1, ""disable_window_extension"": 0}",VALID,4992984.1,4992984.1,0.0,0.0,0.0,False
42,76,4,RISCY-FPU-b-2-c20,5,"{""max_displacement"": 0, ""site_search_window"": 0, ""row_search_window"": 0, ""disallow_one_site_gaps"": 0, ""use_diamond_legalizer"": 1, ""disable_window_extension"": 0}","{""max_displacement"": 10, ""site_search_window"": 10, ""row_search_window"": 0, ""disallow_one_site_gaps"": 0, ""use_diamond_legalizer"": 1, ""disable_window_extension"": 0}",FAILED,4992984.1,4992984.1,0.0,-100.0,-1.0,False
42,76,5,RISCY-FPU-b-2-c20,4,"{""max_displacement"": 10, ""site_search_window"": 10, ""row_search_window"": 0, ""disallow_one_site_gaps"": 0, ""use_diamond_legalizer"": 1, ""disable_window_extension"": 0}","{""max_displacement"": 10, ""site_search_window"": 0, ""row_search_window"": 0, ""disallow_one_site_gaps"": 0, ""use_diamond_legalizer"": 1, ""disable_window_extension"": 0}",FAILED,4992984.1,4992984.1,0.0,-100.0,-1.0,False
42,76,6,RISCY-FPU-b-2-c20,3,"{""max_displacement"": 10, ""site_search_window"": 0, ""row_search_window"": 0, ""disallow_one_site_gaps"": 0, ""use_diamond_legalizer"": 1, ""disable_window_extension"": 0}","{""max_displacement"": 10, ""site_search_window"": 10, ""row_search_window"": 2, ""disallow_one_site_gaps"": 0, ""use_diamond_legalizer"": 1, ""disable_window_extension"": 0}",FAILED,4992984.1,4992984.1,0.0,-100.0,-1.0,False
42,76,7,RISCY-FPU-b-2-c20,0,"{""max_displacement"": 10, ""site_search_window"": 10, ""row_search_window"": 2, ""disallow_one_site_gaps"": 0, ""use_diamond_legalizer"": 1, ""disable_window_extension"": 0}","{""max_displacement"": 10, ""site_search_window"": 10, ""row_search_window"": 2, ""disallow_one_site_gaps"": true, ""use_diamond_legalizer"": 1, ""disable_window_extension"": true}",FAILED,4992984.1,4992984.1,0.0,-100.0,-1.0,False
42,76,8,RISCY-FPU-b-2-c20,1,"{""max_displacement"": 10, ""site_search_window"": 10, ""row_search_window"": 2, ""disallow_one_site_gaps"": true, ""use_diamond_legalizer"": 1, ""disable_window_extension"": true}","{""max_displacement"": 20, ""site_search_window"": 20, ""row_search_window"": 4, ""disallow_one_site_gaps"": true, ""use_diamond_legalizer"": 1, ""disable_window_extension"": true}",FAILED,4992984.1,4992984.1,0.0,-100.0,-1.0,False
42,76,9,RISCY-FPU-b-2-c20,6,"{""max_displacement"": 20, ""site_search_window"": 20, ""row_search_window"": 4, ""disallow_one_site_gaps"": true, ""use_diamond_legalizer"": 1, ""disable_window_extension"": true}","{""max_displacement"": 10, ""site_search_window"": 10, ""row_search_window"": 4, ""disallow_one_site_gaps"": true, ""use_diamond_legalizer"": 1, ""disable_window_extension"": true}",FAILED,4992984.1,4992984.1,0.0,-100.0,-1.0,False
42,76,10,RISCY-FPU-b-2-c20,3,"{""max_displacement"": 10, ""site_search_window"": 10, ""row_search_window"": 4, ""disallow_one_site_gaps"": true, ""use_diamond_legalizer"": 1, ""disable_window_extension"": true}","{""max_displacement"": 10, ""site_search_window"": 20, ""row_search_window"": 6, ""disallow_one_site_gaps"": true, ""use_diamond_legalizer"": 1, ""disable_window_extension"": true}",FAILED,4992984.1,4992984.1,0.0,-100.0,-1.0,True
42,77,1,RISCY-a-3-c5,2,"{""max_displacement"": 0, ""site_search_window"": 0, ""row_search_window"": 0, ""disallow_one_site_gaps"": 0, ""use_diamond_legalizer"": 1, ""disable_window_extension"": 0}","{""max_displacement"": 0, ""site_search_window"": 0, ""row_search_window"": 0, ""disallow_one_site_gaps"": 0, ""use_diamond_legalizer"": 1, ""disable_window_extension"": 0}",VALID,5599044.1,5599044.1,0.0,0.0,0.0,False
42,77,2,RISCY-a-3-c5,1,"{""max_displacement"": 0, ""site_search_window"": 0, ""row_search_window"": 0, ""disallow_one_site_gaps"": 0, ""use_diamond_legalizer"": 1, ""disable_window_extension"": 0}","{""max_displacement"": 10, ""site_search_window"": 10, ""row_search_window"": 2, ""disallow_one_site_gaps"": 0, ""use_diamond_legalizer"": 1, ""disable_window_extension"": 0}",FAILED,5599044.1,5599044.1,0.0,-100.0,-1.0,False
42,77,3,RISCY-a-3-c5,4,"{""max_displacement"": 10, ""site_search_window"": 10, ""row_search_window"": 2, ""disallow_one_site_gaps"": 0, ""use_diamond_legalizer"": 1, ""disable_window_extension"": 0}","{""max_displacement"": 10, ""site_search_window"": 0, ""row_search_window"": 0, ""disallow_one_site_gaps"": 0, ""use_diamond_legalizer"": 1, ""disable_window_extension"": 0}",FAILED,5599044.1,5599044.1,0.0,-100.0,-1.0,False
42,77,4,RISCY-a-3-c5,4,"{""max_displacement"": 10, ""site_search_window"": 0, ""row_search_window"": 0, ""disallow_one_site_gaps"": 0, ""use_diamond_legalizer"": 1, ""disable_window_extension"": 0}","{""max_displacement"": 10, ""site_search_window"": 0, ""row_search_window"": 0, ""disallow_one_site_gaps"": 0, ""use_diamond_legalizer"": 1, ""disable_window_extension"": 0}",FAILED,5599044.1,5599044.1,0.0,-100.0,-1.0,False
42,77,5,RISCY-a-3-c5,6,"{""max_displacement"": 10, ""site_search_window"": 0, ""row_search_window"": 0, ""disallow_one_site_gaps"": 0, ""use_diamond_legalizer"": 1, ""disable_window_extension"": 0}","{""max_displacement"": 0, ""site_search_window"": 0, ""row_search_window"": 0, ""disallow_one_site_gaps"": 0, ""use_diamond_legalizer"": 1, ""disable_window_extension"": 0}",VALID,5599044.1,5599044.1,0.0,0.0,0.0,False
42,77,6,RISCY-a-3-c5,0,"{""max_displacement"": 0, ""site_search_window"": 0, ""row_search_window"": 0, ""disallow_one_site_gaps"": 0, ""use_diamond_legalizer"": 1, ""disable_window_extension"": 0}","{""max_displacement"": 0, ""site_search_window"": 0, ""row_search_window"": 0, ""disallow_one_site_gaps"": true, ""use_diamond_legalizer"": 1, ""disable_window_extension"": true}",VALID,5599044.1,5599044.1,0.0,0.0,0.0,False
42,77,7,RISCY-a-3-c5,6,"{""max_displacement"": 0, ""site_search_window"": 0, ""row_search_window"": 0, ""disallow_one_site_gaps"": true, ""use_diamond_legalizer"": 1, ""disable_window_extension"": true}","{""max_displacement"": 0, ""site_search_window"": 0, ""row_search_window"": 0, ""disallow_one_site_gaps"": true, ""use_diamond_legalizer"": 1, ""disable_window_extension"": true}",VALID,5599044.1,5599044.1,0.0,0.0,0.0,False
42,77,8,RISCY-a-3-c5,5,"{""max_displacement"": 0, ""site_search_window"": 0, ""row_search_window"": 0, ""disallow_one_site_gaps"": true, ""use_diamond_legalizer"": 1, ""disable_window_extension"": true}","{""max_displacement"": 10, ""site_search_window"": 10, ""row_search_window"": 0, ""disallow_one_site_gaps"": true, ""use_diamond_legalizer"": 1, ""disable_window_extension"": true}",FAILED,5599044.1,5599044.1,0.0,-100.0,-1.0,False
42,77,9,RISCY-a-3-c5,0,"{""max_displacement"": 10, ""site_search_window"": 10, ""row_search_window"": 0, ""disallow_one_site_gaps"": true, ""use_diamond_legalizer"": 1, ""disable_window_extension"": true}","{""max_displacement"": 10, ""site_search_window"": 10, ""row_search_window"": 0, ""disallow_one_site_gaps"": false, ""use_diamond_legalizer"": 1, ""disable_window_extension"": false}",FAILED,5599044.1,5599044.1,0.0,-100.0,-1.0,False
42,77,10,RISCY-a-3-c5,5,"{""max_displacement"": 10, ""site_search_window"": 10, ""row_search_window"": 0, ""disallow_one_site_gaps"": false, ""use_diamond_legalizer"": 1, ""disable_window_extension"": false}","{""max_displacement"": 20, ""site_search_window"": 20, ""row_search_window"": 0, ""disallow_one_site_gaps"": false, ""use_diamond_legalizer"": 1, ""disable_window_extension"": false}",VALID,5599044.1,5598956.4,87.69999999925494,0.0015999999999999999,1.566338796996704e-05,True
42,78,1,zero-riscy-a-2-c2,6,"{""max_displacement"": 0, ""site_search_window"": 0, ""row_search_window"": 0, ""disallow_one_site_gaps"": 0, ""use_diamond_legalizer"": 1, ""disable_window_extension"": 0}","{""max_displacement"": 0, ""site_search_window"": 0, ""row_search_window"": 0, ""disallow_one_site_gaps"": 0, ""use_diamond_legalizer"": 1, ""disable_window_extension"": 0}",VALID,4315225.9,4315225.9,0.0,0.0,0.0,False
42,78,2,zero-riscy-a-2-c2,2,"{""max_displacement"": 0, ""site_search_window"": 0, ""row_search_window"": 0, ""disallow_one_site_gaps"": 0, ""use_diamond_legalizer"": 1, ""disable_window_extension"": 0}","{""max_displacement"": 0, ""site_search_window"": 0, ""row_search_window"": 0, ""disallow_one_site_gaps"": 0, ""use_diamond_legalizer"": 1, ""disable_window_extension"": 0}",VALID,4315225.9,4315225.9,0.0,0.0,0.0,False
42,78,3,zero-riscy-a-2-c2,0,"{""max_displacement"": 0, ""site_search_window"": 0, ""row_search_window"": 0, ""disallow_one_site_gaps"": 0, ""use_diamond_legalizer"": 1, ""disable_window_extension"": 0}","{""max_displacement"": 0, ""site_search_window"": 0, ""row_search_window"": 0, ""disallow_one_site_gaps"": true, ""use_diamond_legalizer"": 1, ""disable_window_extension"": true}",VALID,4315225.9,4315225.9,0.0,0.0,0.0,False
42,78,4,zero-riscy-a-2-c2,5,"{""max_displacement"": 0, ""site_search_window"": 0, ""row_search_window"": 0, ""disallow_one_site_gaps"": true, ""use_diamond_legalizer"": 1, ""disable_window_extension"": true}","{""max_displacement"": 10, ""site_search_window"": 10, ""row_search_window"": 0, ""disallow_one_site_gaps"": true, ""use_diamond_legalizer"": 1, ""disable_window_extension"": true}",FAILED,4315225.9,4315225.9,0.0,-100.0,-1.0,False
42,78,5,zero-riscy-a-2-c2,3,"{""max_displacement"": 10, ""site_search_window"": 10, ""row_search_window"": 0, ""disallow_one_site_gaps"": true, ""use_diamond_legalizer"": 1, ""disable_window_extension"": true}","{""max_displacement"": 10, ""site_search_window"": 20, ""row_search_window"": 2, ""disallow_one_site_gaps"": true, ""use_diamond_legalizer"": 1, ""disable_window_extension"": true}",FAILED,4315225.9,4315225.9,0.0,-100.0,-1.0,False
42,78,6,zero-riscy-a-2-c2,5,"{""max_displacement"": 10, ""site_search_window"": 20, ""row_search_window"": 2, ""disallow_one_site_gaps"": true, ""use_diamond_legalizer"": 1, ""disable_window_extension"": true}","{""max_displacement"": 20, ""site_search_window"": 30, ""row_search_window"": 2, ""disallow_one_site_gaps"": true, ""use_diamond_legalizer"": 1, ""disable_window_extension"": true}",VALID,4315225.9,4315225.9,0.0,0.0,0.0,False
42,78,7,zero-riscy-a-2-c2,7,"{""max_displacement"": 20, ""site_search_window"": 30, ""row_search_window"": 2, ""disallow_one_site_gaps"": true, ""use_diamond_legalizer"": 1, ""disable_window_extension"": true}","{""max_displacement"": 20, ""site_search_window"": 30, ""row_search_window"": 2, ""disallow_one_site_gaps"": true, ""use_diamond_legalizer"": 1, ""disable_window_extension"": true}",VALID,4315225.9,4315225.9,0.0,0.0,0.0,False
42,78,8,zero-riscy-a-2-c2,4,"{""max_displacement"": 20, ""site_search_window"": 30, ""row_search_window"": 2, ""disallow_one_site_gaps"": true, ""use_diamond_legalizer"": 1, ""disable_window_extension"": true}","{""max_displacement"": 20, ""site_search_window"": 20, ""row_search_window"": 0, ""disallow_one_site_gaps"": true, ""use_diamond_legalizer"": 1, ""disable_window_extension"": true}",VALID,4315225.9,4315225.9,0.0,0.0,0.0,False
42,78,9,zero-riscy-a-2-c2,5,"{""max_displacement"": 20, ""site_search_window"": 20, ""row_search_window"": 0, ""disallow_one_site_gaps"": true, ""use_diamond_legalizer"": 1, ""disable_window_extension"": true}","{""max_displacement"": 30, ""site_search_window"": 30, ""row_search_window"": 0, ""disallow_one_site_gaps"": true, ""use_diamond_legalizer"": 1, ""disable_window_extension"": true}",VALID,4315225.9,4315225.9,0.0,0.0,0.0,False
42,78,10,zero-riscy-a-2-c2,6,"{""max_displacement"": 30, ""site_search_window"": 30, ""row_search_window"": 0, ""disallow_one_site_gaps"": true, ""use_diamond_legalizer"": 1, ""disable_window_extension"": true}","{""max_displacement"": 20, ""site_search_window"": 20, ""row_search_window"": 0, ""disallow_one_site_gaps"": true, ""use_diamond_legalizer"": 1, ""disable_window_extension"": true}",VALID,4315225.9,4315225.9,0.0,0.0,0.0,True
42,79,1,RISCY-a-2-c20,7,"{""max_displacement"": 0, ""site_search_window"": 0, ""row_search_window"": 0, ""disallow_one_site_gaps"": 0, ""use_diamond_legalizer"": 1, ""disable_window_extension"": 0}","{""max_displacement"": 0, ""site_search_window"": 0, ""row_search_window"": 0, ""disallow_one_site_gaps"": 0, ""use_diamond_legalizer"": 1, ""disable_window_extension"": 0}",VALID,5798309.8,5798309.8,0.0,0.0,0.0,False
42,79,2,RISCY-a-2-c20,5,"{""max_displacement"": 0, ""site_search_window"": 0, ""row_search_window"": 0, ""disallow_one_site_gaps"": 0, ""use_diamond_legalizer"": 1, ""disable_window_extension"": 0}","{""max_displacement"": 10, ""site_search_window"": 10, ""row_search_window"": 0, ""disallow_one_site_gaps"": 0, ""use_diamond_legalizer"": 1, ""disable_window_extension"": 0}",FAILED,5798309.8,5798309.8,0.0,-100.0,-1.0,False
42,79,3,RISCY-a-2-c20,3,"{""max_displacement"": 10, ""site_search_window"": 10, ""row_search_window"": 0, ""disallow_one_site_gaps"": 0, ""use_diamond_legalizer"": 1, ""disable_window_extension"": 0}","{""max_displacement"": 10, ""site_search_window"": 20, ""row_search_window"": 2, ""disallow_one_site_gaps"": 0, ""use_diamond_legalizer"": 1, ""disable_window_extension"": 0}",FAILED,5798309.8,5798309.8,0.0,-100.0,-1.0,False
42,79,4,RISCY-a-2-c20,0,"{""max_displacement"": 10, ""site_search_window"": 20, ""row_search_window"": 2, ""disallow_one_site_gaps"": 0, ""use_diamond_legalizer"": 1, ""disable_window_extension"": 0}","{""max_displacement"": 10, ""site_search_window"": 20, ""row_search_window"": 2, ""disallow_one_site_gaps"": true, ""use_diamond_legalizer"": 1, ""disable_window_extension"": true}",FAILED,5798309.8,5798309.8,0.0,-100.0,-1.0,False
42,79,5,RISCY-a-2-c20,0,"{""max_displacement"": 10, ""site_search_window"": 20, ""row_search_window"": 2, ""disallow_one_site_gaps"": true, ""use_diamond_legalizer"": 1, ""disable_window_extension"": true}","{""max_displacement"": 10, ""site_search_window"": 20, ""row_search_window"": 2, ""disallow_one_site_gaps"": false, ""use_diamond_legalizer"": 1, ""disable_window_extension"": false}",FAILED,5798309.8,5798309.8,0.0,-100.0,-1.0,False
42,79,6,RISCY-a-2-c20,2,"{""max_displacement"": 10, ""site_search_window"": 20, ""row_search_window"": 2, ""disallow_one_site_gaps"": false, ""use_diamond_legalizer"": 1, ""disable_window_extension"": false}","{""max_displacement"": 0, ""site_search_window"": 10, ""row_search_window"": 0, ""disallow_one_site_gaps"": false, ""use_diamond_legalizer"": 1, ""disable_window_extension"": false}",VALID,5798309.8,5798309.8,0.0,0.0,0.0,False
42,79,7,RISCY-a-2-c20,2,"{""max_displacement"": 0, ""site_search_window"": 10, ""row_search_window"": 0, ""disallow_one_site_gaps"": false, ""use_diamond_legalizer"": 1, ""disable_window_extension"": false}","{""max_displacement"": 0, ""site_search_window"": 0, ""row_search_window"": 0, ""disallow_one_site_gaps"": false, ""use_diamond_legalizer"": 1, ""disable_window_extension"": false}",VALID,5798309.8,5798309.8,0.0,0.0,0.0,False
42,79,8,RISCY-a-2-c20,7,"{""max_displacement"": 0, ""site_search_window"": 0, ""row_search_window"": 0, ""disallow_one_site_gaps"": false, ""use_diamond_legalizer"": 1, ""disable_window_extension"": false}","{""max_displacement"": 0, ""site_search_window"": 0, ""row_search_window"": 0, ""disallow_one_site_gaps"": false, ""use_diamond_legalizer"": 1, ""disable_window_extension"": false}",VALID,5798309.8,5798309.8,0.0,0.0,0.0,False
42,79,9,RISCY-a-2-c20,3,"{""max_displacement"": 0, ""site_search_window"": 0, ""row_search_window"": 0, ""disallow_one_site_gaps"": false, ""use_diamond_legalizer"": 1, ""disable_window_extension"": false}","{""max_displacement"": 0, ""site_search_window"": 10, ""row_search_window"": 2, ""disallow_one_site_gaps"": false, ""use_diamond_legalizer"": 1, ""disable_window_extension"": false}",VALID,5798309.8,5798309.8,0.0,0.0,0.0,False
42,79,10,RISCY-a-2-c20,2,"{""max_displacement"": 0, ""site_search_window"": 10, ""row_search_window"": 2, ""disallow_one_site_gaps"": false, ""use_diamond_legalizer"": 1, ""disable_window_extension"": false}","{""max_displacement"": 0, ""site_search_window"": 0, ""row_search_window"": 0, ""disallow_one_site_gaps"": false, ""use_diamond_legalizer"": 1, ""disable_window_extension"": false}",VALID,5798309.8,5798309.8,0.0,0.0,0.0,True
42,80,1,RISCY-FPU-b-3-c2,5,"{""max_displacement"": 0, ""site_search_window"": 0, ""row_search_window"": 0, ""disallow_one_site_gaps"": 0, ""use_diamond_legalizer"": 1, ""disable_window_extension"": 0}","{""max_displacement"": 10, ""site_search_window"": 10, ""row_search_window"": 0, ""disallow_one_site_gaps"": 0, ""use_diamond_legalizer"": 1, ""disable_window_extension"": 0}",FAILED,6781434.9,6781434.9,0.0,-100.0,-1.0,False
42,80,2,RISCY-FPU-b-3-c2,2,"{""max_displacement"": 10, ""site_search_window"": 10, ""row_search_window"": 0, ""disallow_one_site_gaps"": 0, ""use_diamond_legalizer"": 1, ""disable_window_extension"": 0}","{""max_displacement"": 0, ""site_search_window"": 0, ""row_search_window"": 0, ""disallow_one_site_gaps"": 0, ""use_diamond_legalizer"": 1, ""disable_window_extension"": 0}",VALID,6781434.9,6781434.9,0.0,0.0,0.0,False
42,80,3,RISCY-FPU-b-3-c2,0,"{""max_displacement"": 0, ""site_search_window"": 0, ""row_search_window"": 0, ""disallow_one_site_gaps"": 0, ""use_diamond_legalizer"": 1, ""disable_window_extension"": 0}","{""max_displacement"": 0, ""site_search_window"": 0, ""row_search_window"": 0, ""disallow_one_site_gaps"": true, ""use_diamond_legalizer"": 1, ""disable_window_extension"": true}",VALID,6781434.9,6781434.9,0.0,0.0,0.0,False
42,80,4,RISCY-FPU-b-3-c2,2,"{""max_displacement"": 0, ""site_search_window"": 0, ""row_search_window"": 0, ""disallow_one_site_gaps"": true, ""use_diamond_legalizer"": 1, ""disable_window_extension"": true}","{""max_displacement"": 0, ""site_search_window"": 0, ""row_search_window"": 0, ""disallow_one_site_gaps"": true, ""use_diamond_legalizer"": 1, ""disable_window_extension"": true}",VALID,6781434.9,6781434.9,0.0,0.0,0.0,False
42,80,5,RISCY-FPU-b-3-c2,6,"{""max_displacement"": 0, ""site_search_window"": 0, ""row_search_window"": 0, ""disallow_one_site_gaps"": true, ""use_diamond_legalizer"": 1, ""disable_window_extension"": true}","{""max_displacement"": 0, ""site_search_window"": 0, ""row_search_window"": 0, ""disallow_one_site_gaps"": true, ""use_diamond_legalizer"": 1, ""disable_window_extension"": true}",VALID,6781434.9,6781434.9,0.0,0.0,0.0,False
42,80,6,RISCY-FPU-b-3-c2,7,"{""max_displacement"": 0, ""site_search_window"": 0, ""row_search_window"": 0, ""disallow_one_site_gaps"": true, ""use_diamond_legalizer"": 1, ""disable_window_extension"": true}","{""max_displacement"": 0, ""site_search_window"": 0, ""row_search_window"": 0, ""disallow_one_site_gaps"": true, ""use_diamond_legalizer"": 1, ""disable_window_extension"": true}",VALID,6781434.9,6781434.9,0.0,0.0,0.0,False
42,80,7,RISCY-FPU-b-3-c2,0,"{""max_displacement"": 0, ""site_search_window"": 0, ""row_search_window"": 0, ""disallow_one_site_gaps"": true, ""use_diamond_legalizer"": 1, ""disable_window_extension"": true}","{""max_displacement"": 0, ""site_search_window"": 0, ""row_search_window"": 0, ""disallow_one_site_gaps"": false, ""use_diamond_legalizer"": 1, ""disable_window_extension"": false}",VALID,6781434.9,6781434.9,0.0,0.0,0.0,False
42,80,8,RISCY-FPU-b-3-c2,4,"{""max_displacement"": 0, ""site_search_window"": 0, ""row_search_window"": 0, ""disallow_one_site_gaps"": false, ""use_diamond_legalizer"": 1, ""disable_window_extension"": false}","{""max_displacement"": 0, ""site_search_window"": 0, ""row_search_window"": 0, ""disallow_one_site_gaps"": false, ""use_diamond_legalizer"": 1, ""disable_window_extension"": false}",VALID,6781434.9,6781434.9,0.0,0.0,0.0,False
42,80,9,RISCY-FPU-b-3-c2,1,"{""max_displacement"": 0, ""site_search_window"": 0, ""row_search_window"": 0, ""disallow_one_site_gaps"": false, ""use_diamond_legalizer"": 1, ""disable_window_extension"": false}","{""max_displacement"": 10, ""site_search_window"": 10, ""row_search_window"": 2, ""disallow_one_site_gaps"": false, ""use_diamond_legalizer"": 1, ""disable_window_extension"": false}",FAILED,6781434.9,6781434.9,0.0,-100.0,-1.0,False
42,80,10,RISCY-FPU-b-3-c2,7,"{""max_displacement"": 10, ""site_search_window"": 10, ""row_search_window"": 2, ""disallow_one_site_gaps"": false, ""use_diamond_legalizer"": 1, ""disable_window_extension"": false}","{""max_displacement"": 10, ""site_search_window"": 10, ""row_search_window"": 2, ""disallow_one_site_gaps"": false, ""use_diamond_legalizer"": 1, ""disable_window_extension"": false}",FAILED,6781434.9,6781434.9,0.0,-100.0,-1.0,True
42,81,1,RISCY-b-3-c20,1,"{""max_displacement"": 0, ""site_search_window"": 0, ""row_search_window"": 0, ""disallow_one_site_gaps"": 0, ""use_diamond_legalizer"": 1, ""disable_window_extension"": 0}","{""max_displacement"": 10, ""site_search_window"": 10, ""row_search_window"": 2, ""disallow_one_site_gaps"": 0, ""use_diamond_legalizer"": 1, ""disable_window_extension"": 0}",VALID,3036189.3,3036189.3,0.0,0.0,0.0,False
42,81,2,RISCY-b-3-c20,5,"{""max_displacement"": 10, ""site_search_window"": 10, ""row_search_window"": 2, ""disallow_one_site_gaps"": 0, ""use_diamond_legalizer"": 1, ""disable_window_extension"": 0}","{""max_displacement"": 20, ""site_search_window"": 20, ""row_search_window"": 2, ""disallow_one_site_gaps"": 0, ""use_diamond_legalizer"": 1, ""disable_window_extension"": 0}",VALID,3036189.3,3036189.3,0.0,0.0,0.0,False
42,81,3,RISCY-b-3-c20,6,"{""max_displacement"": 20, ""site_search_window"": 20, ""row_search_window"": 2, ""disallow_one_site_gaps"": 0, ""use_diamond_legalizer"": 1, ""disable_window_extension"": 0}","{""max_displacement"": 10, ""site_search_window"": 10, ""row_search_window"": 2, ""disallow_one_site_gaps"": 0, ""use_diamond_legalizer"": 1, ""disable_window_extension"": 0}",VALID,3036189.3,3036189.3,0.0,0.0,0.0,False
42,81,4,RISCY-b-3-c20,1,"{""max_displacement"": 10, ""site_search_window"": 10, ""row_search_window"": 2, ""disallow_one_site_gaps"": 0, ""use_diamond_legalizer"": 1, ""disable_window_extension"": 0}","{""max_displacement"": 20, ""site_search_window"": 20, ""row_search_window"": 4, ""disallow_one_site_gaps"": 0, ""use_diamond_legalizer"": 1, ""disable_window_extension"": 0}",VALID,3036189.3,3036189.3,0.0,0.0,0.0,False
42,81,5,RISCY-b-3-c20,5,"{""max_displacement"": 20, ""site_search_window"": 20, ""row_search_window"": 4, ""disallow_one_site_gaps"": 0, ""use_diamond_legalizer"": 1, ""disable_window_extension"": 0}","{""max_displacement"": 30, ""site_search_window"": 30, ""row_search_window"": 4, ""disallow_one_site_gaps"": 0, ""use_diamond_legalizer"": 1, ""disable_window_extension"": 0}",VALID,3036189.3,3036189.3,0.0,0.0,0.0,False
42,81,6,RISCY-b-3-c20,0,"{""max_displacement"": 30, ""site_search_window"": 30, ""row_search_window"": 4, ""disallow_one_site_gaps"": 0, ""use_diamond_legalizer"": 1, ""disable_window_extension"": 0}","{""max_displacement"": 30, ""site_search_window"": 30, ""row_search_window"": 4, ""disallow_one_site_gaps"": true, ""use_diamond_legalizer"": 1, ""disable_window_extension"": true}",VALID,3036189.3,3036189.3,0.0,0.0,0.0,False
42,81,7,RISCY-b-3-c20,1,"{""max_displacement"": 30, ""site_search_window"": 30, ""row_search_window"": 4, ""disallow_one_site_gaps"": true, ""use_diamond_legalizer"": 1, ""disable_window_extension"": true}","{""max_displacement"": 40, ""site_search_window"": 40, ""row_search_window"": 6, ""disallow_one_site_gaps"": true, ""use_diamond_legalizer"": 1, ""disable_window_extension"": true}",VALID,3036189.3,3036189.3,0.0,0.0,0.0,False
42,81,8,RISCY-b-3-c20,2,"{""max_displacement"": 40, ""site_search_window"": 40, ""row_search_window"": 6, ""disallow_one_site_gaps"": true, ""use_diamond_legalizer"": 1, ""disable_window_extension"": true}","{""max_displacement"": 30, ""site_search_window"": 30, ""row_search_window"": 4, ""disallow_one_site_gaps"": true, ""use_diamond_legalizer"": 1, ""disable_window_extension"": true}",VALID,3036189.3,3036189.3,0.0,0.0,0.0,False
42,81,9,RISCY-b-3-c20,5,"{""max_displacement"": 30, ""site_search_window"": 30, ""row_search_window"": 4, ""disallow_one_site_gaps"": true, ""use_diamond_legalizer"": 1, ""disable_window_extension"": true}","{""max_displacement"": 40, ""site_search_window"": 40, ""row_search_window"": 4, ""disallow_one_site_gaps"": true, ""use_diamond_legalizer"": 1, ""disable_window_extension"": true}",VALID,3036189.3,3036189.3,0.0,0.0,0.0,False
42,81,10,RISCY-b-3-c20,7,"{""max_displacement"": 40, ""site_search_window"": 40, ""row_search_window"": 4, ""disallow_one_site_gaps"": true, ""use_diamond_legalizer"": 1, ""disable_window_extension"": true}","{""max_displacement"": 40, ""site_search_window"": 40, ""row_search_window"": 4, ""disallow_one_site_gaps"": true, ""use_diamond_legalizer"": 1, ""disable_window_extension"": true}",VALID,3036189.3,3036189.3,0.0,0.0,0.0,True
42,82,1,RISCY-FPU-a-1-c2,3,"{""max_displacement"": 0, ""site_search_window"": 0, ""row_search_window"": 0, ""disallow_one_site_gaps"": 0, ""use_diamond_legalizer"": 1, ""disable_window_extension"": 0}","{""max_displacement"": 0, ""site_search_window"": 10, ""row_search_window"": 2, ""disallow_one_site_gaps"": 0, ""use_diamond_legalizer"": 1, ""disable_window_extension"": 0}",VALID,8256849.8,8256849.8,0.0,0.0,0.0,False
42,82,2,RISCY-FPU-a-1-c2,7,"{""max_displacement"": 0, ""site_search_window"": 10, ""row_search_window"": 2, ""disallow_one_site_gaps"": 0, ""use_diamond_legalizer"": 1, ""disable_window_extension"": 0}","{""max_displacement"": 0, ""site_search_window"": 10, ""row_search_window"": 2, ""disallow_one_site_gaps"": 0, ""use_diamond_legalizer"": 1, ""disable_window_extension"": 0}",VALID,8256849.8,8256849.8,0.0,0.0,0.0,False
42,82,3,RISCY-FPU-a-1-c2,3,"{""max_displacement"": 0, ""site_search_window"": 10, ""row_search_window"": 2, ""disallow_one_site_gaps"": 0, ""use_diamond_legalizer"": 1, ""disable_window_extension"": 0}","{""max_displacement"": 0, ""site_search_window"": 20, ""row_search_window"": 4, ""disallow_one_site_gaps"": 0, ""use_diamond_legalizer"": 1, ""disable_window_extension"": 0}",VALID,8256849.8,8256849.8,0.0,0.0,0.0,False
42,82,4,RISCY-FPU-a-1-c2,0,"{""max_displacement"": 0, ""site_search_window"": 20, ""row_search_window"": 4, ""disallow_one_site_gaps"": 0, ""use_diamond_legalizer"": 1, ""disable_window_extension"": 0}","{""max_displacement"": 0, ""site_search_window"": 20, ""row_search_window"": 4, ""disallow_one_site_gaps"": true, ""use_diamond_legalizer"": 1, ""disable_window_extension"": true}",VALID,8256849.8,8256849.8,0.0,0.0,0.0,False
42,82,5,RISCY-FPU-a-1-c2,7,"{""max_displacement"": 0, ""site_search_window"": 20, ""row_search_window"": 4, ""disallow_one_site_gaps"": true, ""use_diamond_legalizer"": 1, ""disable_window_extension"": true}","{""max_displacement"": 0, ""site_search_window"": 20, ""row_search_window"": 4, ""disallow_one_site_gaps"": true, ""use_diamond_legalizer"": 1, ""disable_window_extension"": true}",VALID,8256849.8,8256849.8,0.0,0.0,0.0,False
42,82,6,RISCY-FPU-a-1-c2,6,"{""max_displacement"": 0, ""site_search_window"": 20, ""row_search_window"": 4, ""disallow_one_site_gaps"": true, ""use_diamond_legalizer"": 1, ""disable_window_extension"": true}","{""max_displacement"": 0, ""site_search_window"": 10, ""row_search_window"": 4, ""disallow_one_site_gaps"": true, ""use_diamond_legalizer"": 1, ""disable_window_extension"": true}",VALID,8256849.8,8256849.8,0.0,0.0,0.0,False
42,82,7,RISCY-FPU-a-1-c2,2,"{""max_displacement"": 0, ""site_search_window"": 10, ""row_search_window"": 4, ""disallow_one_site_gaps"": true, ""use_diamond_legalizer"": 1, ""disable_window_extension"": true}","{""max_displacement"": 0, ""site_search_window"": 0, ""row_search_window"": 2, ""disallow_one_site_gaps"": true, ""use_diamond_legalizer"": 1, ""disable_window_extension"": true}",VALID,8256849.8,8256849.8,0.0,0.0,0.0,False
42,82,8,RISCY-FPU-a-1-c2,5,"{""max_displacement"": 0, ""site_search_window"": 0, ""row_search_window"": 2, ""disallow_one_site_gaps"": true, ""use_diamond_legalizer"": 1, ""disable_window_extension"": true}","{""max_displacement"": 10, ""site_search_window"": 10, ""row_search_window"": 2, ""disallow_one_site_gaps"": true, ""use_diamond_legalizer"": 1, ""disable_window_extension"": true}",FAILED,8256849.8,8256849.8,0.0,-100.0,-1.0,False
42,82,9,RISCY-FPU-a-1-c2,2,"{""max_displacement"": 10, ""site_search_window"": 10, ""row_search_window"": 2, ""disallow_one_site_gaps"": true, ""use_diamond_legalizer"": 1, ""disable_window_extension"": true}","{""max_displacement"": 0, ""site_search_window"": 0, ""row_search_window"": 0, ""disallow_one_site_gaps"": true, ""use_diamond_legalizer"": 1, ""disable_window_extension"": true}",VALID,8256849.8,8256849.8,0.0,0.0,0.0,False
42,82,10,RISCY-FPU-a-1-c2,3,"{""max_displacement"": 0, ""site_search_window"": 0, ""row_search_window"": 0, ""disallow_one_site_gaps"": true, ""use_diamond_legalizer"": 1, ""disable_window_extension"": true}","{""max_displacement"": 0, ""site_search_window"": 10, ""row_search_window"": 2, ""disallow_one_site_gaps"": true, ""use_diamond_legalizer"": 1, ""disable_window_extension"": true}",VALID,8256849.8,8256849.8,0.0,0.0,0.0,True
42,83,1,zero-riscy-b-3-c2,0,"{""max_displacement"": 0, ""site_search_window"": 0, ""row_search_window"": 0, ""disallow_one_site_gaps"": 0, ""use_diamond_legalizer"": 1, ""disable_window_extension"": 0}","{""max_displacement"": 0, ""site_search_window"": 0, ""row_search_window"": 0, ""disallow_one_site_gaps"": true, ""use_diamond_legalizer"": 1, ""disable_window_extension"": true}",VALID,2341203.8,2341203.8,0.0,0.0,0.0,False
42,83,2,zero-riscy-b-3-c2,7,"{""max_displacement"": 0, ""site_search_window"": 0, ""row_search_window"": 0, ""disallow_one_site_gaps"": true, ""use_diamond_legalizer"": 1, ""disable_window_extension"": true}","{""max_displacement"": 0, ""site_search_window"": 0, ""row_search_window"": 0, ""disallow_one_site_gaps"": true, ""use_diamond_legalizer"": 1, ""disable_window_extension"": true}",VALID,2341203.8,2341203.8,0.0,0.0,0.0,False
42,83,3,zero-riscy-b-3-c2,5,"{""max_displacement"": 0, ""site_search_window"": 0, ""row_search_window"": 0, ""disallow_one_site_gaps"": true, ""use_diamond_legalizer"": 1, ""disable_window_extension"": true}","{""max_displacement"": 10, ""site_search_window"": 10, ""row_search_window"": 0, ""disallow_one_site_gaps"": true, ""use_diamond_legalizer"": 1, ""disable_window_extension"": true}",VALID,2341203.8,2341203.8,0.0,0.0,0.0,False
42,83,4,zero-riscy-b-3-c2,4,"{""max_displacement"": 10, ""site_search_window"": 10, ""row_search_window"": 0, ""disallow_one_site_gaps"": true, ""use_diamond_legalizer"": 1, ""disable_window_extension"": true}","{""max_displacement"": 10, ""site_search_window"": 0, ""row_search_window"": 0, ""disallow_one_site_gaps"": true, ""use_diamond_legalizer"": 1, ""disable_window_extension"": true}",VALID,2341203.8,2341203.8,0.0,0.0,0.0,False
42,83,5,zero-riscy-b-3-c2,2,"{""max_displacement"": 10, ""site_search_window"": 0, ""row_search_window"": 0, ""disallow_one_site_gaps"": true, ""use_diamond_legalizer"": 1, ""disable_window_extension"": true}","{""max_displacement"": 0, ""site_search_window"": 0, ""row_search_window"": 0, ""disallow_one_site_gaps"": true, ""use_diamond_legalizer"": 1, ""disable_window_extension"": true}",VALID,2341203.8,2341203.8,0.0,0.0,0.0,False
42,83,6,zero-riscy-b-3-c2,0,"{""max_displacement"": 0, ""site_search_window"": 0, ""row_search_window"": 0, ""disallow_one_site_gaps"": true, ""use_diamond_legalizer"": 1, ""disable_window_extension"": true}","{""max_displacement"": 0, ""site_search_window"": 0, ""row_search_window"": 0, ""disallow_one_site_gaps"": false, ""use_diamond_legalizer"": 1, ""disable_window_extension"": false}",VALID,2341203.8,2341203.8,0.0,0.0,0.0,False
42,83,7,zero-riscy-b-3-c2,5,"{""max_displacement"": 0, ""site_search_window"": 0, ""row_search_window"": 0, ""disallow_one_site_gaps"": false, ""use_diamond_legalizer"": 1, ""disable_window_extension"": false}","{""max_displacement"": 10, ""site_search_window"": 10, ""row_search_window"": 0, ""disallow_one_site_gaps"": false, ""use_diamond_legalizer"": 1, ""disable_window_extension"": false}",VALID,2341203.8,2341203.8,0.0,0.0,0.0,False
42,83,8,zero-riscy-b-3-c2,6,"{""max_displacement"": 10, ""site_search_window"": 10, ""row_search_window"": 0, ""disallow_one_site_gaps"": false, ""use_diamond_legalizer"": 1, ""disable_window_extension"": false}","{""max_displacement"": 0, ""site_search_window"": 0, ""row_search_window"": 0, ""disallow_one_site_gaps"": false, ""use_diamond_legalizer"": 1, ""disable_window_extension"": false}",VALID,2341203.8,2341203.8,0.0,0.0,0.0,False
42,83,9,zero-riscy-b-3-c2,7,"{""max_displacement"": 0, ""site_search_window"": 0, ""row_search_window"": 0, ""disallow_one_site_gaps"": false, ""use_diamond_legalizer"": 1, ""disable_window_extension"": false}","{""max_displacement"": 0, ""site_search_window"": 0, ""row_search_window"": 0, ""disallow_one_site_gaps"": false, ""use_diamond_legalizer"": 1, ""disable_window_extension"": false}",VALID,2341203.8,2341203.8,0.0,0.0,0.0,False
42,83,10,zero-riscy-b-3-c2,1,"{""max_displacement"": 0, ""site_search_window"": 0, ""row_search_window"": 0, ""disallow_one_site_gaps"": false, ""use_diamond_legalizer"": 1, ""disable_window_extension"": false}","{""max_displacement"": 10, ""site_search_window"": 10, ""row_search_window"": 2, ""disallow_one_site_gaps"": false, ""use_diamond_legalizer"": 1, ""disable_window_extension"": false}",VALID,2341203.8,2341203.8,0.0,0.0,0.0,True
42,84,1,RISCY-FPU-b-3-c20,1,"{""max_displacement"": 0, ""site_search_window"": 0, ""row_search_window"": 0, ""disallow_one_site_gaps"": 0, ""use_diamond_legalizer"": 1, ""disable_window_extension"": 0}","{""max_displacement"": 10, ""site_search_window"": 10, ""row_search_window"": 2, ""disallow_one_site_gaps"": 0, ""use_diamond_legalizer"": 1, ""disable_window_extension"": 0}",FAILED,5040703.3,5040703.3,0.0,-100.0,-1.0,False
42,84,2,RISCY-FPU-b-3-c20,0,"{""max_displacement"": 10, ""site_search_window"": 10, ""row_search_window"": 2, ""disallow_one_site_gaps"": 0, ""use_diamond_legalizer"": 1, ""disable_window_extension"": 0}","{""max_displacement"": 10, ""site_search_window"": 10, ""row_search_window"": 2, ""disallow_one_site_gaps"": true, ""use_diamond_legalizer"": 1, ""disable_window_extension"": true}",FAILED,5040703.3,5040703.3,0.0,-100.0,-1.0,False
42,84,3,RISCY-FPU-b-3-c20,4,"{""max_displacement"": 10, ""site_search_window"": 10, ""row_search_window"": 2, ""disallow_one_site_gaps"": true, ""use_diamond_legalizer"": 1, ""disable_window_extension"": true}","{""max_displacement"": 10, ""site_search_window"": 0, ""row_search_window"": 0, ""disallow_one_site_gaps"": true, ""use_diamond_legalizer"": 1, ""disable_window_extension"": true}",FAILED,5040703.3,5040703.3,0.0,-100.0,-1.0,False
42,84,4,RISCY-FPU-b-3-c20,0,"{""max_displacement"": 10, ""site_search_window"": 0, ""row_search_window"": 0, ""disallow_one_site_gaps"": true, ""use_diamond_legalizer"": 1, ""disable_window_extension"": true}","{""max_displacement"": 10, ""site_search_window"": 0, ""row_search_window"": 0, ""disallow_one_site_gaps"": false, ""use_diamond_legalizer"": 1, ""disable_window_extension"": false}",FAILED,5040703.3,5040703.3,0.0,-100.0,-1.0,False
42,84,5,RISCY-FPU-b-3-c20,6,"{""max_displacement"": 10, ""site_search_window"": 0, ""row_search_window"": 0, ""disallow_one_site_gaps"": false, ""use_diamond_legalizer"": 1, ""disable_window_extension"": false}","{""max_displacement"": 0, ""site_search_window"": 0, ""row_search_window"": 0, ""disallow_one_site_gaps"": false, ""use_diamond_legalizer"": 1, ""disable_window_extension"": false}",VALID,5040703.3,5040703.3,0.0,0.0,0.0,False
42,84,6,RISCY-FPU-b-3-c20,6,"{""max_displacement"": 0, ""site_search_window"": 0, ""row_search_window"": 0, ""disallow_one_site_gaps"": false, ""use_diamond_legalizer"": 1, ""disable_window_extension"": false}","{""max_displacement"": 0, ""site_search_window"": 0, ""row_search_window"": 0, ""disallow_one_site_gaps"": false, ""use_diamond_legalizer"": 1, ""disable_window_extension"": false}",VALID,5040703.3,5040703.3,0.0,0.0,0.0,False
42,84,7,RISCY-FPU-b-3-c20,2,"{""max_displacement"": 0, ""site_search_window"": 0, ""row_search_window"": 0, ""disallow_one_site_gaps"": false, ""use_diamond_legalizer"": 1, ""disable_window_extension"": false}","{""max_displacement"": 0, ""site_search_window"": 0, ""row_search_window"": 0, ""disallow_one_site_gaps"": false, ""use_diamond_legalizer"": 1, ""disable_window_extension"": false}",VALID,5040703.3,5040703.3,0.0,0.0,0.0,False
42,84,8,RISCY-FPU-b-3-c20,6,"{""max_displacement"": 0, ""site_search_window"": 0, ""row_search_window"": 0, ""disallow_one_site_gaps"": false, ""use_diamond_legalizer"": 1, ""disable_window_extension"": false}","{""max_displacement"": 0, ""site_search_window"": 0, ""row_search_window"": 0, ""disallow_one_site_gaps"": false, ""use_diamond_legalizer"": 1, ""disable_window_extension"": false}",VALID,5040703.3,5040703.3,0.0,0.0,0.0,False
42,84,9,RISCY-FPU-b-3-c20,6,"{""max_displacement"": 0, ""site_search_window"": 0, ""row_search_window"": 0, ""disallow_one_site_gaps"": false, ""use_diamond_legalizer"": 1, ""disable_window_extension"": false}","{""max_displacement"": 0, ""site_search_window"": 0, ""row_search_window"": 0, ""disallow_one_site_gaps"": false, ""use_diamond_legalizer"": 1, ""disable_window_extension"": false}",VALID,5040703.3,5040703.3,0.0,0.0,0.0,False
42,84,10,RISCY-FPU-b-3-c20,7,"{""max_displacement"": 0, ""site_search_window"": 0, ""row_search_window"": 0, ""disallow_one_site_gaps"": false, ""use_diamond_legalizer"": 1, ""disable_window_extension"": false}","{""max_displacement"": 0, ""site_search_window"": 0, ""row_search_window"": 0, ""disallow_one_site_gaps"": false, ""use_diamond_legalizer"": 1, ""disable_window_extension"": false}",VALID,5040703.3,5040703.3,0.0,0.0,0.0,True
42,85,1,zero-riscy-b-1-c2,7,"{""max_displacement"": 0, ""site_search_window"": 0, ""row_search_window"": 0, ""disallow_one_site_gaps"": 0, ""use_diamond_legalizer"": 1, ""disable_window_extension"": 0}","{""max_displacement"": 0, ""site_search_window"": 0, ""row_search_window"": 0, ""disallow_one_site_gaps"": 0, ""use_diamond_legalizer"": 1, ""disable_window_extension"": 0}",VALID,2386646.3,2386646.3,0.0,0.0,0.0,False
42,85,2,zero-riscy-b-1-c2,1,"{""max_displacement"": 0, ""site_search_window"": 0, ""row_search_window"": 0, ""disallow_one_site_gaps"": 0, ""use_diamond_legalizer"": 1, ""disable_window_extension"": 0}","{""max_displacement"": 10, ""site_search_window"": 10, ""row_search_window"": 2, ""disallow_one_site_gaps"": 0, ""use_diamond_legalizer"": 1, ""disable_window_extension"": 0}",FAILED,2386646.3,2386646.3,0.0,-100.0,-1.0,False
42,85,3,zero-riscy-b-1-c2,3,"{""max_displacement"": 10, ""site_search_window"": 10, ""row_search_window"": 2, ""disallow_one_site_gaps"": 0, ""use_diamond_legalizer"": 1, ""disable_window_extension"": 0}","{""max_displacement"": 10, ""site_search_window"": 20, ""row_search_window"": 4, ""disallow_one_site_gaps"": 0, ""use_diamond_legalizer"": 1, ""disable_window_extension"": 0}",FAILED,2386646.3,2386646.3,0.0,-100.0,-1.0,False
42,85,4,zero-riscy-b-1-c2,7,"{""max_displacement"": 10, ""site_search_window"": 20, ""row_search_window"": 4, ""disallow_one_site_gaps"": 0, ""use_diamond_legalizer"": 1, ""disable_window_extension"": 0}","{""max_displacement"": 10, ""site_search_window"": 20, ""row_search_window"": 4, ""disallow_one_site_gaps"": 0, ""use_diamond_legalizer"": 1, ""disable_window_extension"": 0}",FAILED,2386646.3,2386646.3,0.0,-100.0,-1.0,False
42,85,5,zero-riscy-b-1-c2,3,"{""max_displacement"": 10, ""site_search_window"": 20, ""row_search_window"": 4, ""disallow_one_site_gaps"": 0, ""use_diamond_legalizer"": 1, ""disable_window_extension"": 0}","{""max_displacement"": 10, ""site_search_window"": 30, ""row_search_window"": 6, ""disallow_one_site_gaps"": 0, ""use_diamond_legalizer"": 1, ""disable_window_extension"": 0}",FAILED,2386646.3,2386646.3,0.0,-100.0,-1.0,False
42,85,6,zero-riscy-b-1-c2,3,"{""max_displacement"": 10, ""site_search_window"": 30, ""row_search_window"": 6, ""disallow_one_site_gaps"": 0, ""use_diamond_legalizer"": 1, ""disable_window_extension"": 0}","{""max_displacement"": 10, ""site_search_window"": 40, ""row_search_window"": 8, ""disallow_one_site_gaps"": 0, ""use_diamond_legalizer"": 1, ""disable_window_extension"": 0}",FAILED,2386646.3,2386646.3,0.0,-100.0,-1.0,False
42,85,7,zero-riscy-b-1-c2,0,"{""max_displacement"": 10, ""site_search_window"": 40, ""row_search_window"": 8, ""disallow_one_site_gaps"": 0, ""use_diamond_legalizer"": 1, ""disable_window_extension"": 0}","{""max_displacement"": 10, ""site_search_window"": 40, ""row_search_window"": 8, ""disallow_one_site_gaps"": true, ""use_diamond_legalizer"": 1, ""disable_window_extension"": true}",FAILED,2386646.3,2386646.3,0.0,-100.0,-1.0,False
42,85,8,zero-riscy-b-1-c2,2,"{""max_displacement"": 10, ""site_search_window"": 40, ""row_search_window"": 8, ""disallow_one_site_gaps"": true, ""use_diamond_legalizer"": 1, ""disable_window_extension"": true}","{""max_displacement"": 0, ""site_search_window"": 30, ""row_search_window"": 6, ""disallow_one_site_gaps"": true, ""use_diamond_legalizer"": 1, ""disable_window_extension"": true}",VALID,2386646.3,2386646.3,0.0,0.0,0.0,False
42,85,9,zero-riscy-b-1-c2,3,"{""max_displacement"": 0, ""site_search_window"": 30, ""row_search_window"": 6, ""disallow_one_site_gaps"": true, ""use_diamond_legalizer"": 1, ""disable_window_extension"": true}","{""max_displacement"": 0, ""site_search_window"": 40, ""row_search_window"": 8, ""disallow_one_site_gaps"": true, ""use_diamond_legalizer"": 1, ""disable_window_extension"": true}",VALID,2386646.3,2386646.3,0.0,0.0,0.0,False
42,85,10,zero-riscy-b-1-c2,1,"{""max_displacement"": 0, ""site_search_window"": 40, ""row_search_window"": 8, ""disallow_one_site_gaps"": true, ""use_diamond_legalizer"": 1, ""disable_window_extension"": true}","{""max_displacement"": 10, ""site_search_window"": 50, ""row_search_window"": 10, ""disallow_one_site_gaps"": true, ""use_diamond_legalizer"": 1, ""disable_window_extension"": true}",FAILED,2386646.3,2386646.3,0.0,-100.0,-1.0,True
42,86,1,RISCY-b-2-c5,6,"{""max_displacement"": 0, ""site_search_window"": 0, ""row_search_window"": 0, ""disallow_one_site_gaps"": 0, ""use_diamond_legalizer"": 1, ""disable_window_extension"": 0}","{""max_displacement"": 0, ""site_search_window"": 0, ""row_search_window"": 0, ""disallow_one_site_gaps"": 0, ""use_diamond_legalizer"": 1, ""disable_window_extension"": 0}",VALID,2887307.4,2887307.4,0.0,0.0,0.0,False
42,86,2,RISCY-b-2-c5,0,"{""max_displacement"": 0, ""site_search_window"": 0, ""row_search_window"": 0, ""disallow_one_site_gaps"": 0, ""use_diamond_legalizer"": 1, ""disable_window_extension"": 0}","{""max_displacement"": 0, ""site_search_window"": 0, ""row_search_window"": 0, ""disallow_one_site_gaps"": true, ""use_diamond_legalizer"": 1, ""disable_window_extension"": true}",VALID,2887307.4,2887307.4,0.0,0.0,0.0,False
42,86,3,RISCY-b-2-c5,1,"{""max_displacement"": 0, ""site_search_window"": 0, ""row_search_window"": 0, ""disallow_one_site_gaps"": true, ""use_diamond_legalizer"": 1, ""disable_window_extension"": true}","{""max_displacement"": 10, ""site_search_window"": 10, ""row_search_window"": 2, ""disallow_one_site_gaps"": true, ""use_diamond_legalizer"": 1, ""disable_window_extension"": true}",VALID,2887307.4,2887171.1,136.29999999981374,0.004699999999999999,4.720661194572277e-05,False
42,86,4,RISCY-b-2-c5,2,"{""max_displacement"": 10, ""site_search_window"": 10, ""row_search_window"": 2, ""disallow_one_site_gaps"": true, ""use_diamond_legalizer"": 1, ""disable_window_extension"": true}","{""max_displacement"": 0, ""site_search_window"": 0, ""row_search_window"": 0, ""disallow_one_site_gaps"": true, ""use_diamond_legalizer"": 1, ""disable_window_extension"": true}",VALID,2887307.4,2887307.4,-136.29999999981374,-0.004699999999999999,-4.720884051513737e-05,False
42,86,5,RISCY-b-2-c5,5,"{""max_displacement"": 0, ""site_search_window"": 0, ""row_search_window"": 0, ""disallow_one_site_gaps"": true, ""use_diamond_legalizer"": 1, ""disable_window_extension"": true}","{""max_displacement"": 10, ""site_search_window"": 10, ""row_search_window"": 0, ""disallow_one_site_gaps"": true, ""use_diamond_legalizer"": 1, ""disable_window_extension"": true}",VALID,2887307.4,2887171.1,136.29999999981374,0.004699999999999999,4.720661194572277e-05,False
42,86,6,RISCY-b-2-c5,1,"{""max_displacement"": 10, ""site_search_window"": 10, ""row_search_window"": 0, ""disallow_one_site_gaps"": true, ""use_diamond_legalizer"": 1, ""disable_window_extension"": true}","{""max_displacement"": 20, ""site_search_window"": 20, ""row_search_window"": 2, ""disallow_one_site_gaps"": true, ""use_diamond_legalizer"": 1, ""disable_window_extension"": true}",VALID,2887307.4,2887307.4,-136.29999999981374,-0.004699999999999999,-4.720884051513737e-05,False
42,86,7,RISCY-b-2-c5,4,"{""max_displacement"": 20, ""site_search_window"": 20, ""row_search_window"": 2, ""disallow_one_site_gaps"": true, ""use_diamond_legalizer"": 1, ""disable_window_extension"": true}","{""max_displacement"": 20, ""site_search_window"": 10, ""row_search_window"": 0, ""disallow_one_site_gaps"": true, ""use_diamond_legalizer"": 1, ""disable_window_extension"": true}",VALID,2887307.4,2887307.4,0.0,0.0,0.0,False
42,86,8,RISCY-b-2-c5,1,"{""max_displacement"": 20, ""site_search_window"": 10, ""row_search_window"": 0, ""disallow_one_site_gaps"": true, ""use_diamond_legalizer"": 1, ""disable_window_extension"": true}","{""max_displacement"": 30, ""site_search_window"": 20, ""row_search_window"": 2, ""disallow_one_site_gaps"": true, ""use_diamond_legalizer"": 1, ""disable_window_extension"": true}",VALID,2887307.4,2887307.4,0.0,0.0,0.0,False
42,86,9,RISCY-b-2-c5,4,"{""max_displacement"": 30, ""site_search_window"": 20, ""row_search_window"": 2, ""disallow_one_site_gaps"": true, ""use_diamond_legalizer"": 1, ""disable_window_extension"": true}","{""max_displacement"": 30, ""site_search_window"": 10, ""row_search_window"": 0, ""disallow_one_site_gaps"": true, ""use_diamond_legalizer"": 1, ""disable_window_extension"": true}",VALID,2887307.4,2887307.4,0.0,0.0,0.0,False
42,86,10,RISCY-b-2-c5,3,"{""max_displacement"": 30, ""site_search_window"": 10, ""row_search_window"": 0, ""disallow_one_site_gaps"": true, ""use_diamond_legalizer"": 1, ""disable_window_extension"": true}","{""max_displacement"": 30, ""site_search_window"": 20, ""row_search_window"": 2, ""disallow_one_site_gaps"": true, ""use_diamond_legalizer"": 1, ""disable_window_extension"": true}",VALID,2887307.4,2887307.4,0.0,0.0,0.0,True
42,87,1,RISCY-FPU-b-3-c5,3,"{""max_displacement"": 0, ""site_search_window"": 0, ""row_search_window"": 0, ""disallow_one_site_gaps"": 0, ""use_diamond_legalizer"": 1, ""disable_window_extension"": 0}","{""max_displacement"": 0, ""site_search_window"": 10, ""row_search_window"": 2, ""disallow_one_site_gaps"": 0, ""use_diamond_legalizer"": 1, ""disable_window_extension"": 0}",VALID,4968947.9,4968947.9,0.0,0.0,0.0,False
42,87,2,RISCY-FPU-b-3-c5,6,"{""max_displacement"": 0, ""site_search_window"": 10, ""row_search_window"": 2, ""disallow_one_site_gaps"": 0, ""use_diamond_legalizer"": 1, ""disable_window_extension"": 0}","{""max_displacement"": 0, ""site_search_window"": 0, ""row_search_window"": 2, ""disallow_one_site_gaps"": 0, ""use_diamond_legalizer"": 1, ""disable_window_extension"": 0}",VALID,4968947.9,4968947.9,0.0,0.0,0.0,False
42,87,3,RISCY-FPU-b-3-c5,6,"{""max_displacement"": 0, ""site_search_window"": 0, ""row_search_window"": 2, ""disallow_one_site_gaps"": 0, ""use_diamond_legalizer"": 1, ""disable_window_extension"": 0}","{""max_displacement"": 0, ""site_search_window"": 0, ""row_search_window"": 2, ""disallow_one_site_gaps"": 0, ""use_diamond_legalizer"": 1, ""disable_window_extension"": 0}",VALID,4968947.9,4968947.9,0.0,0.0,0.0,False
42,87,4,RISCY-FPU-b-3-c5,6,"{""max_displacement"": 0, ""site_search_window"": 0, ""row_search_window"": 2, ""disallow_one_site_gaps"": 0, ""use_diamond_legalizer"": 1, ""disable_window_extension"": 0}","{""max_displacement"": 0, ""site_search_window"": 0, ""row_search_window"": 2, ""disallow_one_site_gaps"": 0, ""use_diamond_legalizer"": 1, ""disable_window_extension"": 0}",VALID,4968947.9,4968947.9,0.0,0.0,0.0,False
42,87,5,RISCY-FPU-b-3-c5,4,"{""max_displacement"": 0, ""site_search_window"": 0, ""row_search_window"": 2, ""disallow_one_site_gaps"": 0, ""use_diamond_legalizer"": 1, ""disable_window_extension"": 0}","{""max_displacement"": 0, ""site_search_window"": 0, ""row_search_window"": 0, ""disallow_one_site_gaps"": 0, ""use_diamond_legalizer"": 1, ""disable_window_extension"": 0}",VALID,4968947.9,4968947.9,0.0,0.0,0.0,False
42,87,6,RISCY-FPU-b-3-c5,3,"{""max_displacement"": 0, ""site_search_window"": 0, ""row_search_window"": 0, ""disallow_one_site_gaps"": 0, ""use_diamond_legalizer"": 1, ""disable_window_extension"": 0}","{""max_displacement"": 0, ""site_search_window"": 10, ""row_search_window"": 2, ""disallow_one_site_gaps"": 0, ""use_diamond_legalizer"": 1, ""disable_window_extension"": 0}",VALID,4968947.9,4968947.9,0.0,0.0,0.0,False
42,87,7,RISCY-FPU-b-3-c5,1,"{""max_displacement"": 0, ""site_search_window"": 10, ""row_search_window"": 2, ""disallow_one_site_gaps"": 0, ""use_diamond_legalizer"": 1, ""disable_window_extension"": 0}","{""max_displacement"": 10, ""site_search_window"": 20, ""row_search_window"": 4, ""disallow_one_site_gaps"": 0, ""use_diamond_legalizer"": 1, ""disable_window_extension"": 0}",FAILED,4968947.9,4968947.9,0.0,-100.0,-1.0,False
42,87,8,RISCY-FPU-b-3-c5,2,"{""max_displacement"": 10, ""site_search_window"": 20, ""row_search_window"": 4, ""disallow_one_site_gaps"": 0, ""use_diamond_legalizer"": 1, ""disable_window_extension"": 0}","{""max_displacement"": 0, ""site_search_window"": 10, ""row_search_window"": 2, ""disallow_one_site_gaps"": 0, ""use_diamond_legalizer"": 1, ""disable_window_extension"": 0}",VALID,4968947.9,4968947.9,0.0,0.0,0.0,False
42,87,9,RISCY-FPU-b-3-c5,7,"{""max_displacement"": 0, ""site_search_window"": 10, ""row_search_window"": 2, ""disallow_one_site_gaps"": 0, ""use_diamond_legalizer"": 1, ""disable_window_extension"": 0}","{""max_displacement"": 0, ""site_search_window"": 10, ""row_search_window"": 2, ""disallow_one_site_gaps"": 0, ""use_diamond_legalizer"": 1, ""disable_window_extension"": 0}",VALID,4968947.9,4968947.9,0.0,0.0,0.0,False
42,87,10,RISCY-FPU-b-3-c5,7,"{""max_displacement"": 0, ""site_search_window"": 10, ""row_search_window"": 2, ""disallow_one_site_gaps"": 0, ""use_diamond_legalizer"": 1, ""disable_window_extension"": 0}","{""max_displacement"": 0, ""site_search_window"": 10, ""row_search_window"": 2, ""disallow_one_site_gaps"": 0, ""use_diamond_legalizer"": 1, ""disable_window_extension"": 0}",VALID,4968947.9,4968947.9,0.0,0.0,0.0,True
42,88,1,RISCY-FPU-a-3-c5,4,"{""max_displacement"": 0, ""site_search_window"": 0, ""row_search_window"": 0, ""disallow_one_site_gaps"": 0, ""use_diamond_legalizer"": 1, ""disable_window_extension"": 0}","{""max_displacement"": 0, ""site_search_window"": 0, ""row_search_window"": 0, ""disallow_one_site_gaps"": 0, ""use_diamond_legalizer"": 1, ""disable_window_extension"": 0}",VALID,7615617.5,7615617.5,0.0,0.0,0.0,False
42,88,2,RISCY-FPU-a-3-c5,4,"{""max_displacement"": 0, ""site_search_window"": 0, ""row_search_window"": 0, ""disallow_one_site_gaps"": 0, ""use_diamond_legalizer"": 1, ""disable_window_extension"": 0}","{""max_displacement"": 0, ""site_search_window"": 0, ""row_search_window"": 0, ""disallow_one_site_gaps"": 0, ""use_diamond_legalizer"": 1, ""disable_window_extension"": 0}",VALID,7615617.5,7615617.5,0.0,0.0,0.0,False
42,88,3,RISCY-FPU-a-3-c5,1,"{""max_displacement"": 0, ""site_search_window"": 0, ""row_search_window"": 0, ""disallow_one_site_gaps"": 0, ""use_diamond_legalizer"": 1, ""disable_window_extension"": 0}","{""max_displacement"": 10, ""site_search_window"": 10, ""row_search_window"": 2, ""disallow_one_site_gaps"": 0, ""use_diamond_legalizer"": 1, ""disable_window_extension"": 0}",FAILED,7615617.5,7615617.5,0.0,-100.0,-1.0,False
42,88,4,RISCY-FPU-a-3-c5,3,"{""max_displacement"": 10, ""site_search_window"": 10, ""row_search_window"": 2, ""disallow_one_site_gaps"": 0, ""use_diamond_legalizer"": 1, ""disable_window_extension"": 0}","{""max_displacement"": 10, ""site_search_window"": 20, ""row_search_window"": 4, ""disallow_one_site_gaps"": 0, ""use_diamond_legalizer"": 1, ""disable_window_extension"": 0}",FAILED,7615617.5,7615617.5,0.0,-100.0,-1.0,False
42,88,5,RISCY-FPU-a-3-c5,6,"{""max_displacement"": 10, ""site_search_window"": 20, ""row_search_window"": 4, ""disallow_one_site_gaps"": 0, ""use_diamond_legalizer"": 1, ""disable_window_extension"": 0}","{""max_displacement"": 0, ""site_search_window"": 10, ""row_search_window"": 4, ""disallow_one_site_gaps"": 0, ""use_diamond_legalizer"": 1, ""disable_window_extension"": 0}",VALID,7615617.5,7615617.5,0.0,0.0,0.0,False
42,88,6,RISCY-FPU-a-3-c5,0,"{""max_displacement"": 0, ""site_search_window"": 10, ""row_search_window"": 4, ""disallow_one_site_gaps"": 0, ""use_diamond_legalizer"": 1, ""disable_window_extension"": 0}","{""max_displacement"": 0, ""site_search_window"": 10, ""row_search_window"": 4, ""disallow_one_site_gaps"": true, ""use_diamond_legalizer"": 1, ""disable_window_extension"": true}",VALID,7615617.5,7615617.5,0.0,0.0,0.0,False
42,88,7,RISCY-FPU-a-3-c5,6,"{""max_displacement"": 0, ""site_search_window"": 10, ""row_search_window"": 4, ""disallow_one_site_gaps"": true, ""use_diamond_legalizer"": 1, ""disable_window_extension"": true}","{""max_displacement"": 0, ""site_search_window"": 0, ""row_search_window"": 4, ""disallow_one_site_gaps"": true, ""use_diamond_legalizer"": 1, ""disable_window_extension"": true}",VALID,7615617.5,7615617.5,0.0,0.0,0.0,False
42,88,8,RISCY-FPU-a-3-c5,3,"{""max_displacement"": 0, ""site_search_window"": 0, ""row_search_window"": 4, ""disallow_one_site_gaps"": true, ""use_diamond_legalizer"": 1, ""disable_window_extension"": true}","{""max_displacement"": 0, ""site_search_window"": 10, ""row_search_window"": 6, ""disallow_one_site_gaps"": true, ""use_diamond_legalizer"": 1, ""disable_window_extension"": true}",VALID,7615617.5,7615617.5,0.0,0.0,0.0,False
42,88,9,RISCY-FPU-a-3-c5,6,"{""max_displacement"": 0, ""site_search_window"": 10, ""row_search_window"": 6, ""disallow_one_site_gaps"": true, ""use_diamond_legalizer"": 1, ""disable_window_extension"": true}","{""max_displacement"": 0, ""site_search_window"": 0, ""row_search_window"": 6, ""disallow_one_site_gaps"": true, ""use_diamond_legalizer"": 1, ""disable_window_extension"": true}",VALID,7615617.5,7615617.5,0.0,0.0,0.0,False
42,88,10,RISCY-FPU-a-3-c5,2,"{""max_displacement"": 0, ""site_search_window"": 0, ""row_search_window"": 6, ""disallow_one_site_gaps"": true, ""use_diamond_legalizer"": 1, ""disable_window_extension"": true}","{""max_displacement"": 0, ""site_search_window"": 0, ""row_search_window"": 4, ""disallow_one_site_gaps"": true, ""use_diamond_legalizer"": 1, ""disable_window_extension"": true}",VALID,7615617.5,7615617.5,0.0,0.0,0.0,True
42,89,1,zero-riscy-a-2-c20,3,"{""max_displacement"": 0, ""site_search_window"": 0, ""row_search_window"": 0, ""disallow_one_site_gaps"": 0, ""use_diamond_legalizer"": 1, ""disable_window_extension"": 0}","{""max_displacement"": 0, ""site_search_window"": 10, ""row_search_window"": 2, ""disallow_one_site_gaps"": 0, ""use_diamond_legalizer"": 1, ""disable_window_extension"": 0}",VALID,3884748.2,3884748.2,0.0,0.0,0.0,False
42,89,2,zero-riscy-a-2-c20,4,"{""max_displacement"": 0, ""site_search_window"": 10, ""row_search_window"": 2, ""disallow_one_site_gaps"": 0, ""use_diamond_legalizer"": 1, ""disable_window_extension"": 0}","{""max_displacement"": 0, ""site_search_window"": 0, ""row_search_window"": 0, ""disallow_one_site_gaps"": 0, ""use_diamond_legalizer"": 1, ""disable_window_extension"": 0}",VALID,3884748.2,3884748.2,0.0,0.0,0.0,False
42,89,3,zero-riscy-a-2-c20,0,"{""max_displacement"": 0, ""site_search_window"": 0, ""row_search_window"": 0, ""disallow_one_site_gaps"": 0, ""use_diamond_legalizer"": 1, ""disable_window_extension"": 0}","{""max_displacement"": 0, ""site_search_window"": 0, ""row_search_window"": 0, ""disallow_one_site_gaps"": true, ""use_diamond_legalizer"": 1, ""disable_window_extension"": true}",VALID,3884748.2,3884748.2,0.0,0.0,0.0,False
42,89,4,zero-riscy-a-2-c20,1,"{""max_displacement"": 0, ""site_search_window"": 0, ""row_search_window"": 0, ""disallow_one_site_gaps"": true, ""use_diamond_legalizer"": 1, ""disable_window_extension"": true}","{""max_displacement"": 10, ""site_search_window"": 10, ""row_search_window"": 2, ""disallow_one_site_gaps"": true, ""use_diamond_legalizer"": 1, ""disable_window_extension"": true}",VALID,3884748.2,3884737.2,11.0,0.00030000000000000003,2.8315863560989616e-06,False
42,89,5,zero-riscy-a-2-c20,6,"{""max_displacement"": 10, ""site_search_window"": 10, ""row_search_window"": 2, ""disallow_one_site_gaps"": true, ""use_diamond_legalizer"": 1, ""disable_window_extension"": true}","{""max_displacement"": 0, ""site_search_window"": 0, ""row_search_window"": 2, ""disallow_one_site_gaps"": true, ""use_diamond_legalizer"": 1, ""disable_window_extension"": true}",VALID,3884748.2,3884748.2,-11.0,-0.00030000000000000003,-2.831594374002957e-06,False
42,89,6,zero-riscy-a-2-c20,7,"{""max_displacement"": 0, ""site_search_window"": 0, ""row_search_window"": 2, ""disallow_one_site_gaps"": true, ""use_diamond_legalizer"": 1, ""disable_window_extension"": true}","{""max_displacement"": 0, ""site_search_window"": 0, ""row_search_window"": 2, ""disallow_one_site_gaps"": true, ""use_diamond_legalizer"": 1, ""disable_window_extension"": true}",VALID,3884748.2,3884748.2,0.0,0.0,0.0,False
42,89,7,zero-riscy-a-2-c20,5,"{""max_displacement"": 0, ""site_search_window"": 0, ""row_search_window"": 2, ""disallow_one_site_gaps"": true, ""use_diamond_legalizer"": 1, ""disable_window_extension"": true}","{""max_displacement"": 10, ""site_search_window"": 10, ""row_search_window"": 2, ""disallow_one_site_gaps"": true, ""use_diamond_legalizer"": 1, ""disable_window_extension"": true}",VALID,3884748.2,3884737.2,11.0,0.00030000000000000003,2.8315863560989616e-06,False
42,89,8,zero-riscy-a-2-c20,7,"{""max_displacement"": 10, ""site_search_window"": 10, ""row_search_window"": 2, ""disallow_one_site_gaps"": true, ""use_diamond_legalizer"": 1, ""disable_window_extension"": true}","{""max_displacement"": 10, ""site_search_window"": 10, ""row_search_window"": 2, ""disallow_one_site_gaps"": true, ""use_diamond_legalizer"": 1, ""disable_window_extension"": true}",VALID,3884748.2,3884737.2,0.0,0.0,0.0,False
42,89,9,zero-riscy-a-2-c20,2,"{""max_displacement"": 10, ""site_search_window"": 10, ""row_search_window"": 2, ""disallow_one_site_gaps"": true, ""use_diamond_legalizer"": 1, ""disable_window_extension"": true}","{""max_displacement"": 0, ""site_search_window"": 0, ""row_search_window"": 0, ""disallow_one_site_gaps"": true, ""use_diamond_legalizer"": 1, ""disable_window_extension"": true}",VALID,3884748.2,3884748.2,-11.0,-0.00030000000000000003,-2.831594374002957e-06,False
42,89,10,zero-riscy-a-2-c20,2,"{""max_displacement"": 0, ""site_search_window"": 0, ""row_search_window"": 0, ""disallow_one_site_gaps"": true, ""use_diamond_legalizer"": 1, ""disable_window_extension"": true}","{""max_displacement"": 0, ""site_search_window"": 0, ""row_search_window"": 0, ""disallow_one_site_gaps"": true, ""use_diamond_legalizer"": 1, ""disable_window_extension"": true}",VALID,3884748.2,3884748.2,0.0,0.0,0.0,True
42,90,1,zero-riscy-b-1-c20,1,"{""max_displacement"": 0, ""site_search_window"": 0, ""row_search_window"": 0, ""disallow_one_site_gaps"": 0, ""use_diamond_legalizer"": 1, ""disable_window_extension"": 0}","{""max_displacement"": 10, ""site_search_window"": 10, ""row_search_window"": 2, ""disallow_one_site_gaps"": 0, ""use_diamond_legalizer"": 1, ""disable_window_extension"": 0}",VALID,1957747.6,1957747.6,0.0,0.0,0.0,False
42,90,2,zero-riscy-b-1-c20,4,"{""max_displacement"": 10, ""site_search_window"": 10, ""row_search_window"": 2, ""disallow_one_site_gaps"": 0, ""use_diamond_legalizer"": 1, ""disable_window_extension"": 0}","{""max_displacement"": 10, ""site_search_window"": 0, ""row_search_window"": 0, ""disallow_one_site_gaps"": 0, ""use_diamond_legalizer"": 1, ""disable_window_extension"": 0}",VALID,1957747.6,1957747.6,0.0,0.0,0.0,False
42,90,3,zero-riscy-b-1-c20,5,"{""max_displacement"": 10, ""site_search_window"": 0, ""row_search_window"": 0, ""disallow_one_site_gaps"": 0, ""use_diamond_legalizer"": 1, ""disable_window_extension"": 0}","{""max_displacement"": 20, ""site_search_window"": 10, ""row_search_window"": 0, ""disallow_one_site_gaps"": 0, ""use_diamond_legalizer"": 1, ""disable_window_extension"": 0}",VALID,1957747.6,1957747.6,0.0,0.0,0.0,False
42,90,4,zero-riscy-b-1-c20,3,"{""max_displacement"": 20, ""site_search_window"": 10, ""row_search_window"": 0, ""disallow_one_site_gaps"": 0, ""use_diamond_legalizer"": 1, ""disable_window_extension"": 0}","{""max_displacement"": 20, ""site_search_window"": 20, ""row_search_window"": 2, ""disallow_one_site_gaps"": 0, ""use_diamond_legalizer"": 1, ""disable_window_extension"": 0}",VALID,1957747.6,1957747.6,0.0,0.0,0.0,False
42,90,5,zero-riscy-b-1-c20,7,"{""max_displacement"": 20, ""site_search_window"": 20, ""row_search_window"": 2, ""disallow_one_site_gaps"": 0, ""use_diamond_legalizer"": 1, ""disable_window_extension"": 0}","{""max_displacement"": 20, ""site_search_window"": 20, ""row_search_window"": 2, ""disallow_one_site_gaps"": 0, ""use_diamond_legalizer"": 1, ""disable_window_extension"": 0}",VALID,1957747.6,1957747.6,0.0,0.0,0.0,False
42,90,6,zero-riscy-b-1-c20,1,"{""max_displacement"": 20, ""site_search_window"": 20, ""row_search_window"": 2, ""disallow_one_site_gaps"": 0, ""use_diamond_legalizer"": 1, ""disable_window_extension"": 0}","{""max_displacement"": 30, ""site_search_window"": 30, ""row_search_window"": 4, ""disallow_one_site_gaps"": 0, ""use_diamond_legalizer"": 1, ""disable_window_extension"": 0}",VALID,1957747.6,1957747.6,0.0,0.0,0.0,False
42,90,7,zero-riscy-b-1-c20,7,"{""max_displacement"": 30, ""site_search_window"": 30, ""row_search_window"": 4, ""disallow_one_site_gaps"": 0, ""use_diamond_legalizer"": 1, ""disable_window_extension"": 0}","{""max_displacement"": 30, ""site_search_window"": 30, ""row_search_window"": 4, ""disallow_one_site_gaps"": 0, ""use_diamond_legalizer"": 1, ""disable_window_extension"": 0}",VALID,1957747.6,1957747.6,0.0,0.0,0.0,False
42,90,8,zero-riscy-b-1-c20,3,"{""max_displacement"": 30, ""site_search_window"": 30, ""row_search_window"": 4, ""disallow_one_site_gaps"": 0, ""use_diamond_legalizer"": 1, ""disable_window_extension"": 0}","{""max_displacement"": 30, ""site_search_window"": 40, ""row_search_window"": 6, ""disallow_one_site_gaps"": 0, ""use_diamond_legalizer"": 1, ""disable_window_extension"": 0}",VALID,1957747.6,1957747.6,0.0,0.0,0.0,False
42,90,9,zero-riscy-b-1-c20,7,"{""max_displacement"": 30, ""site_search_window"": 40, ""row_search_window"": 6, ""disallow_one_site_gaps"": 0, ""use_diamond_legalizer"": 1, ""disable_window_extension"": 0}","{""max_displacement"": 30, ""site_search_window"": 40, ""row_search_window"": 6, ""disallow_one_site_gaps"": 0, ""use_diamond_legalizer"": 1, ""disable_window_extension"": 0}",VALID,1957747.6,1957747.6,0.0,0.0,0.0,False
42,90,10,zero-riscy-b-1-c20,6,"{""max_displacement"": 30, ""site_search_window"": 40, ""row_search_window"": 6, ""disallow_one_site_gaps"": 0, ""use_diamond_legalizer"": 1, ""disable_window_extension"": 0}","{""max_displacement"": 20, ""site_search_window"": 30, ""row_search_window"": 6, ""disallow_one_site_gaps"": 0, ""use_diamond_legalizer"": 1, ""disable_window_extension"": 0}",VALID,1957747.6,1957747.6,0.0,0.0,0.0,True
42,91,1,RISCY-b-2-c5,3,"{""max_displacement"": 0, ""site_search_window"": 0, ""row_search_window"": 0, ""disallow_one_site_gaps"": 0, ""use_diamond_legalizer"": 1, ""disable_window_extension"": 0}","{""max_displacement"": 0, ""site_search_window"": 10, ""row_search_window"": 2, ""disallow_one_site_gaps"": 0, ""use_diamond_legalizer"": 1, ""disable_window_extension"": 0}",VALID,2887307.4,2887307.4,0.0,0.0,0.0,False
42,91,2,RISCY-b-2-c5,2,"{""max_displacement"": 0, ""site_search_window"": 10, ""row_search_window"": 2, ""disallow_one_site_gaps"": 0, ""use_diamond_legalizer"": 1, ""disable_window_extension"": 0}","{""max_displacement"": 0, ""site_search_window"": 0, ""row_search_window"": 0, ""disallow_one_site_gaps"": 0, ""use_diamond_legalizer"": 1, ""disable_window_extension"": 0}",VALID,2887307.4,2887307.4,0.0,0.0,0.0,False
42,91,3,RISCY-b-2-c5,3,"{""max_displacement"": 0, ""site_search_window"": 0, ""row_search_window"": 0, ""disallow_one_site_gaps"": 0, ""use_diamond_legalizer"": 1, ""disable_window_extension"": 0}","{""max_displacement"": 0, ""site_search_window"": 10, ""row_search_window"": 2, ""disallow_one_site_gaps"": 0, ""use_diamond_legalizer"": 1, ""disable_window_extension"": 0}",VALID,2887307.4,2887307.4,0.0,0.0,0.0,False
42,91,4,RISCY-b-2-c5,2,"{""max_displacement"": 0, ""site_search_window"": 10, ""row_search_window"": 2, ""disallow_one_site_gaps"": 0, ""use_diamond_legalizer"": 1, ""disable_window_extension"": 0}","{""max_displacement"": 0, ""site_search_window"": 0, ""row_search_window"": 0, ""disallow_one_site_gaps"": 0, ""use_diamond_legalizer"": 1, ""disable_window_extension"": 0}",VALID,2887307.4,2887307.4,0.0,0.0,0.0,False
42,91,5,RISCY-b-2-c5,7,"{""max_displacement"": 0, ""site_search_window"": 0, ""row_search_window"": 0, ""disallow_one_site_gaps"": 0, ""use_diamond_legalizer"": 1, ""disable_window_extension"": 0}","{""max_displacement"": 0, ""site_search_window"": 0, ""row_search_window"": 0, ""disallow_one_site_gaps"": 0, ""use_diamond_legalizer"": 1, ""disable_window_extension"": 0}",VALID,2887307.4,2887307.4,0.0,0.0,0.0,False
42,91,6,RISCY-b-2-c5,6,"{""max_displacement"": 0, ""site_search_window"": 0, ""row_search_window"": 0, ""disallow_one_site_gaps"": 0, ""use_diamond_legalizer"": 1, ""disable_window_extension"": 0}","{""max_displacement"": 0, ""site_search_window"": 0, ""row_search_window"": 0, ""disallow_one_site_gaps"": 0, ""use_diamond_legalizer"": 1, ""disable_window_extension"": 0}",VALID,2887307.4,2887307.4,0.0,0.0,0.0,False
42,91,7,RISCY-b-2-c5,5,"{""max_displacement"": 0, ""site_search_window"": 0, ""row_search_window"": 0, ""disallow_one_site_gaps"": 0, ""use_diamond_legalizer"": 1, ""disable_window_extension"": 0}","{""max_displacement"": 10, ""site_search_window"": 10, ""row_search_window"": 0, ""disallow_one_site_gaps"": 0, ""use_diamond_legalizer"": 1, ""disable_window_extension"": 0}",VALID,2887307.4,2887171.1,136.29999999981374,0.004699999999999999,4.720661194572277e-05,False
42,91,8,RISCY-b-2-c5,2,"{""max_displacement"": 10, ""site_search_window"": 10, ""row_search_window"": 0, ""disallow_one_site_gaps"": 0, ""use_diamond_legalizer"": 1, ""disable_window_extension"": 0}","{""max_displacement"": 0, ""site_search_window"": 0, ""row_search_window"": 0, ""disallow_one_site_gaps"": 0, ""use_diamond_legalizer"": 1, ""disable_window_extension"": 0}",VALID,2887307.4,2887307.4,-136.29999999981374,-0.004699999999999999,-4.720884051513737e-05,False
42,91,9,RISCY-b-2-c5,2,"{""max_displacement"": 0, ""site_search_window"": 0, ""row_search_window"": 0, ""disallow_one_site_gaps"": 0, ""use_diamond_legalizer"": 1, ""disable_window_extension"": 0}","{""max_displacement"": 0, ""site_search_window"": 0, ""row_search_window"": 0, ""disallow_one_site_gaps"": 0, ""use_diamond_legalizer"": 1, ""disable_window_extension"": 0}",VALID,2887307.4,2887307.4,0.0,0.0,0.0,False
42,91,10,RISCY-b-2-c5,5,"{""max_displacement"": 0, ""site_search_window"": 0, ""row_search_window"": 0, ""disallow_one_site_gaps"": 0, ""use_diamond_legalizer"": 1, ""disable_window_extension"": 0}","{""max_displacement"": 10, ""site_search_window"": 10, ""row_search_window"": 0, ""disallow_one_site_gaps"": 0, ""use_diamond_legalizer"": 1, ""disable_window_extension"": 0}",VALID,2887307.4,2887171.1,136.29999999981374,0.004699999999999999,4.720661194572277e-05,True
42,92,1,RISCY-FPU-b-3-c5,3,"{""max_displacement"": 0, ""site_search_window"": 0, ""row_search_window"": 0, ""disallow_one_site_gaps"": 0, ""use_diamond_legalizer"": 1, ""disable_window_extension"": 0}","{""max_displacement"": 0, ""site_search_window"": 10, ""row_search_window"": 2, ""disallow_one_site_gaps"": 0, ""use_diamond_legalizer"": 1, ""disable_window_extension"": 0}",VALID,4968947.9,4968947.9,0.0,0.0,0.0,False
42,92,2,RISCY-FPU-b-3-c5,3,"{""max_displacement"": 0, ""site_search_window"": 10, ""row_search_window"": 2, ""disallow_one_site_gaps"": 0, ""use_diamond_legalizer"": 1, ""disable_window_extension"": 0}","{""max_displacement"": 0, ""site_search_window"": 20, ""row_search_window"": 4, ""disallow_one_site_gaps"": 0, ""use_diamond_legalizer"": 1, ""disable_window_extension"": 0}",VALID,4968947.9,4968947.9,0.0,0.0,0.0,False
42,92,3,RISCY-FPU-b-3-c5,6,"{""max_displacement"": 0, ""site_search_window"": 20, ""row_search_window"": 4, ""disallow_one_site_gaps"": 0, ""use_diamond_legalizer"": 1, ""disable_window_extension"": 0}","{""max_displacement"": 0, ""site_search_window"": 10, ""row_search_window"": 4, ""disallow_one_site_gaps"": 0, ""use_diamond_legalizer"": 1, ""disable_window_extension"": 0}",VALID,4968947.9,4968947.9,0.0,0.0,0.0,False
42,92,4,RISCY-FPU-b-3-c5,1,"{""max_displacement"": 0, ""site_search_window"": 10, ""row_search_window"": 4, ""disallow_one_site_gaps"": 0, ""use_diamond_legalizer"": 1, ""disable_window_extension"": 0}","{""max_displacement"": 10, ""site_search_window"": 20, ""row_search_window"": 6, ""disallow_one_site_gaps"": 0, ""use_diamond_legalizer"": 1, ""disable_window_extension"": 0}",FAILED,4968947.9,4968947.9,0.0,-100.0,-1.0,False
42,92,5,RISCY-FPU-b-3-c5,7,"{""max_displacement"": 10, ""site_search_window"": 20, ""row_search_window"": 6, ""disallow_one_site_gaps"": 0, ""use_diamond_legalizer"": 1, ""disable_window_extension"": 0}","{""max_displacement"": 10, ""site_search_window"": 20, ""row_search_window"": 6, ""disallow_one_site_gaps"": 0, ""use_diamond_legalizer"": 1, ""disable_window_extension"": 0}",FAILED,4968947.9,4968947.9,0.0,-100.0,-1.0,False
42,92,6,RISCY-FPU-b-3-c5,4,"{""max_displacement"": 10, ""site_search_window"": 20, ""row_search_window"": 6, ""disallow_one_site_gaps"": 0, ""use_diamond_legalizer"": 1, ""disable_window_extension"": 0}","{""max_displacement"": 10, ""site_search_window"": 10, ""row_search_window"": 4, ""disallow_one_site_gaps"": 0, ""use_diamond_legalizer"": 1, ""disable_window_extension"": 0}",FAILED,4968947.9,4968947.9,0.0,-100.0,-1.0,False
42,92,7,RISCY-FPU-b-3-c5,4,"{""max_displacement"": 10, ""site_search_window"": 10, ""row_search_window"": 4, ""disallow_one_site_gaps"": 0, ""use_diamond_legalizer"": 1, ""disable_window_extension"": 0}","{""max_displacement"": 10, ""site_search_window"": 0, ""row_search_window"": 2, ""disallow_one_site_gaps"": 0, ""use_diamond_legalizer"": 1, ""disable_window_extension"": 0}",FAILED,4968947.9,4968947.9,0.0,-100.0,-1.0,False
42,92,8,RISCY-FPU-b-3-c5,3,"{""max_displacement"": 10, ""site_search_window"": 0, ""row_search_window"": 2, ""disallow_one_site_gaps"": 0, ""use_diamond_legalizer"": 1, ""disable_window_extension"": 0}","{""max_displacement"": 10, ""site_search_window"": 10, ""row_search_window"": 4, ""disallow_one_site_gaps"": 0, ""use_diamond_legalizer"": 1, ""disable_window_extension"": 0}",FAILED,4968947.9,4968947.9,0.0,-100.0,-1.0,False
42,92,9,RISCY-FPU-b-3-c5,0,"{""max_displacement"": 10, ""site_search_window"": 10, ""row_search_window"": 4, ""disallow_one_site_gaps"": 0, ""use_diamond_legalizer"": 1, ""disable_window_extension"": 0}","{""max_displacement"": 10, ""site_search_window"": 10, ""row_search_window"": 4, ""disallow_one_site_gaps"": true, ""use_diamond_legalizer"": 1, ""disable_window_extension"": true}",FAILED,4968947.9,4968947.9,0.0,-100.0,-1.0,False
42,92,10,RISCY-FPU-b-3-c5,5,"{""max_displacement"": 10, ""site_search_window"": 10, ""row_search_window"": 4, ""disallow_one_site_gaps"": true, ""use_diamond_legalizer"": 1, ""disable_window_extension"": true}","{""max_displacement"": 20, ""site_search_window"": 20, ""row_search_window"": 4, ""disallow_one_site_gaps"": true, ""use_diamond_legalizer"": 1, ""disable_window_extension"": true}",FAILED,4968947.9,4968947.9,0.0,-100.0,-1.0,True
42,93,1,RISCY-a-3-c5,6,"{""max_displacement"": 0, ""site_search_window"": 0, ""row_search_window"": 0, ""disallow_one_site_gaps"": 0, ""use_diamond_legalizer"": 1, ""disable_window_extension"": 0}","{""max_displacement"": 0, ""site_search_window"": 0, ""row_search_window"": 0, ""disallow_one_site_gaps"": 0, ""use_diamond_legalizer"": 1, ""disable_window_extension"": 0}",VALID,5599044.1,5599044.1,0.0,0.0,0.0,False
42,93,2,RISCY-a-3-c5,0,"{""max_displacement"": 0, ""site_search_window"": 0, ""row_search_window"": 0, ""disallow_one_site_gaps"": 0, ""use_diamond_legalizer"": 1, ""disable_window_extension"": 0}","{""max_displacement"": 0, ""site_search_window"": 0, ""row_search_window"": 0, ""disallow_one_site_gaps"": true, ""use_diamond_legalizer"": 1, ""disable_window_extension"": true}",VALID,5599044.1,5599044.1,0.0,0.0,0.0,False
42,93,3,RISCY-a-3-c5,4,"{""max_displacement"": 0, ""site_search_window"": 0, ""row_search_window"": 0, ""disallow_one_site_gaps"": true, ""use_diamond_legalizer"": 1, ""disable_window_extension"": true}","{""max_displacement"": 0, ""site_search_window"": 0, ""row_search_window"": 0, ""disallow_one_site_gaps"": true, ""use_diamond_legalizer"": 1, ""disable_window_extension"": true}",VALID,5599044.1,5599044.1,0.0,0.0,0.0,False
42,93,4,RISCY-a-3-c5,5,"{""max_displacement"": 0, ""site_search_window"": 0, ""row_search_window"": 0, ""disallow_one_site_gaps"": true, ""use_diamond_legalizer"": 1, ""disable_window_extension"": true}","{""max_displacement"": 10, ""site_search_window"": 10, ""row_search_window"": 0, ""disallow_one_site_gaps"": true, ""use_diamond_legalizer"": 1, ""disable_window_extension"": true}",FAILED,5599044.1,5599044.1,0.0,-100.0,-1.0,False
42,93,5,RISCY-a-3-c5,4,"{""max_displacement"": 10, ""site_search_window"": 10, ""row_search_window"": 0, ""disallow_one_site_gaps"": true, ""use_diamond_legalizer"": 1, ""disable_window_extension"": true}","{""max_displacement"": 10, ""site_search_window"": 0, ""row_search_window"": 0, ""disallow_one_site_gaps"": true, ""use_diamond_legalizer"": 1, ""disable_window_extension"": true}",FAILED,5599044.1,5599044.1,0.0,-100.0,-1.0,False
42,93,6,RISCY-a-3-c5,7,"{""max_displacement"": 10, ""site_search_window"": 0, ""row_search_window"": 0, ""disallow_one_site_gaps"": true, ""use_diamond_legalizer"": 1, ""disable_window_extension"": true}","{""max_displacement"": 10, ""site_search_window"": 0, ""row_search_window"": 0, ""disallow_one_site_gaps"": true, ""use_diamond_legalizer"": 1, ""disable_window_extension"": true}",FAILED,5599044.1,5599044.1,0.0,-100.0,-1.0,False
42,93,7,RISCY-a-3-c5,1,"{""max_displacement"": 10, ""site_search_window"": 0, ""row_search_window"": 0, ""disallow_one_site_gaps"": true, ""use_diamond_legalizer"": 1, ""disable_window_extension"": true}","{""max_displacement"": 20, ""site_search_window"": 10, ""row_search_window"": 2, ""disallow_one_site_gaps"": true, ""use_diamond_legalizer"": 1, ""disable_window_extension"": true}",VALID,5599044.1,5598956.4,87.69999999925494,0.0015999999999999999,1.566338796996704e-05,False
42,93,8,RISCY-a-3-c5,3,"{""max_displacement"": 20, ""site_search_window"": 10, ""row_search_window"": 2, ""disallow_one_site_gaps"": true, ""use_diamond_legalizer"": 1, ""disable_window_extension"": true}","{""max_displacement"": 20, ""site_search_window"": 20, ""row_search_window"": 4, ""disallow_one_site_gaps"": true, ""use_diamond_legalizer"": 1, ""disable_window_extension"": true}",VALID,5599044.1,5598956.4,0.0,0.0,0.0,False
42,93,9,RISCY-a-3-c5,0,"{""max_displacement"": 20, ""site_search_window"": 20, ""row_search_window"": 4, ""disallow_one_site_gaps"": true, ""use_diamond_legalizer"": 1, ""disable_window_extension"": true}","{""max_displacement"": 20, ""site_search_window"": 20, ""row_search_window"": 4, ""disallow_one_site_gaps"": false, ""use_diamond_legalizer"": 1, ""disable_window_extension"": false}",VALID,5599044.1,5598956.4,0.0,0.0,0.0,False
42,93,10,RISCY-a-3-c5,5,"{""max_displacement"": 20, ""site_search_window"": 20, ""row_search_window"": 4, ""disallow_one_site_gaps"": false, ""use_diamond_legalizer"": 1, ""disable_window_extension"": false}","{""max_displacement"": 30, ""site_search_window"": 30, ""row_search_window"": 4, ""disallow_one_site_gaps"": false, ""use_diamond_legalizer"": 1, ""disable_window_extension"": false}",VALID,5599044.1,5599044.1,-87.69999999925494,-0.0015999999999999999,-1.5663633315532682e-05,True
42,94,1,RISCY-FPU-a-2-c5,7,"{""max_displacement"": 0, ""site_search_window"": 0, ""row_search_window"": 0, ""disallow_one_site_gaps"": 0, ""use_diamond_legalizer"": 1, ""disable_window_extension"": 0}","{""max_displacement"": 0, ""site_search_window"": 0, ""row_search_window"": 0, ""disallow_one_site_gaps"": 0, ""use_diamond_legalizer"": 1, ""disable_window_extension"": 0}",VALID,6590100.9,6590100.9,0.0,0.0,0.0,False
42,94,2,RISCY-FPU-a-2-c5,7,"{""max_displacement"": 0, ""site_search_window"": 0, ""row_search_window"": 0, ""disallow_one_site_gaps"": 0, ""use_diamond_legalizer"": 1, ""disable_window_extension"": 0}","{""max_displacement"": 0, ""site_search_window"": 0, ""row_search_window"": 0, ""disallow_one_site_gaps"": 0, ""use_diamond_legalizer"": 1, ""disable_window_extension"": 0}",VALID,6590100.9,6590100.9,0.0,0.0,0.0,False
42,94,3,RISCY-FPU-a-2-c5,3,"{""max_displacement"": 0, ""site_search_window"": 0, ""row_search_window"": 0, ""disallow_one_site_gaps"": 0, ""use_diamond_legalizer"": 1, ""disable_window_extension"": 0}","{""max_displacement"": 0, ""site_search_window"": 10, ""row_search_window"": 2, ""disallow_one_site_gaps"": 0, ""use_diamond_legalizer"": 1, ""disable_window_extension"": 0}",VALID,6590100.9,6590100.9,0.0,0.0,0.0,False
42,94,4,RISCY-FPU-a-2-c5,7,"{""max_displacement"": 0, ""site_search_window"": 10, ""row_search_window"": 2, ""disallow_one_site_gaps"": 0, ""use_diamond_legalizer"": 1, ""disable_window_extension"": 0}","{""max_displacement"": 0, ""site_search_window"": 10, ""row_search_window"": 2, ""disallow_one_site_gaps"": 0, ""use_diamond_legalizer"": 1, ""disable_window_extension"": 0}",VALID,6590100.9,6590100.9,0.0,0.0,0.0,False
42,94,5,RISCY-FPU-a-2-c5,7,"{""max_displacement"": 0, ""site_search_window"": 10, ""row_search_window"": 2, ""disallow_one_site_gaps"": 0, ""use_diamond_legalizer"": 1, ""disable_window_extension"": 0}","{""max_displacement"": 0, ""site_search_window"": 10, ""row_search_window"": 2, ""disallow_one_site_gaps"": 0, ""use_diamond_legalizer"": 1, ""disable_window_extension"": 0}",VALID,6590100.9,6590100.9,0.0,0.0,0.0,False
42,94,6,RISCY-FPU-a-2-c5,3,"{""max_displacement"": 0, ""site_search_window"": 10, ""row_search_window"": 2, ""disallow_one_site_gaps"": 0, ""use_diamond_legalizer"": 1, ""disable_window_extension"": 0}","{""max_displacement"": 0, ""site_search_window"": 20, ""row_search_window"": 4, ""disallow_one_site_gaps"": 0, ""use_diamond_legalizer"": 1, ""disable_window_extension"": 0}",VALID,6590100.9,6590100.9,0.0,0.0,0.0,False
42,94,7,RISCY-FPU-a-2-c5,1,"{""max_displacement"": 0, ""site_search_window"": 20, ""row_search_window"": 4, ""disallow_one_site_gaps"": 0, ""use_diamond_legalizer"": 1, ""disable_window_extension"": 0}","{""max_displacement"": 10, ""site_search_window"": 30, ""row_search_window"": 6, ""disallow_one_site_gaps"": 0, ""use_diamond_legalizer"": 1, ""disable_window_extension"": 0}",FAILED,6590100.9,6590100.9,0.0,-100.0,-1.0,False
42,94,8,RISCY-FPU-a-2-c5,7,"{""max_displacement"": 10, ""site_search_window"": 30, ""row_search_window"": 6, ""disallow_one_site_gaps"": 0, ""use_diamond_legalizer"": 1, ""disable_window_extension"": 0}","{""max_displacement"": 10, ""site_search_window"": 30, ""row_search_window"": 6, ""disallow_one_site_gaps"": 0, ""use_diamond_legalizer"": 1, ""disable_window_extension"": 0}",FAILED,6590100.9,6590100.9,0.0,-100.0,-1.0,False
42,94,9,RISCY-FPU-a-2-c5,4,"{""max_displacement"": 10, ""site_search_window"": 30, ""row_search_window"": 6, ""disallow_one_site_gaps"": 0, ""use_diamond_legalizer"": 1, ""disable_window_extension"": 0}","{""max_displacement"": 10, ""site_search_window"": 20, ""row_search_window"": 4, ""disallow_one_site_gaps"": 0, ""use_diamond_legalizer"": 1, ""disable_window_extension"": 0}",FAILED,6590100.9,6590100.9,0.0,-100.0,-1.0,False
42,94,10,RISCY-FPU-a-2-c5,0,"{""max_displacement"": 10, ""site_search_window"": 20, ""row_search_window"": 4, ""disallow_one_site_gaps"": 0, ""use_diamond_legalizer"": 1, ""disable_window_extension"": 0}","{""max_displacement"": 10, ""site_search_window"": 20, ""row_search_window"": 4, ""disallow_one_site_gaps"": true, ""use_diamond_legalizer"": 1, ""disable_window_extension"": true}",FAILED,6590100.9,6590100.9,0.0,-100.0,-1.0,True
42,95,1,RISCY-b-3-c5,0,"{""max_displacement"": 0, ""site_search_window"": 0, ""row_search_window"": 0, ""disallow_one_site_gaps"": 0, ""use_diamond_legalizer"": 1, ""disable_window_extension"": 0}","{""max_displacement"": 0, ""site_search_window"": 0, ""row_search_window"": 0, ""disallow_one_site_gaps"": true, ""use_diamond_legalizer"": 1, ""disable_window_extension"": true}",VALID,3393677.9,3393677.9,0.0,0.0,0.0,False
42,95,2,RISCY-b-3-c5,0,"{""max_displacement"": 0, ""site_search_window"": 0, ""row_search_window"": 0, ""disallow_one_site_gaps"": true, ""use_diamond_legalizer"": 1, ""disable_window_extension"": true}","{""max_displacement"": 0, ""site_search_window"": 0, ""row_search_window"": 0, ""disallow_one_site_gaps"": false, ""use_diamond_legalizer"": 1, ""disable_window_extension"": false}",VALID,3393677.9,3393677.9,0.0,0.0,0.0,False
42,95,3,RISCY-b-3-c5,6,"{""max_displacement"": 0, ""site_search_window"": 0, ""row_search_window"": 0, ""disallow_one_site_gaps"": false, ""use_diamond_legalizer"": 1, ""disable_window_extension"": false}","{""max_displacement"": 0, ""site_search_window"": 0, ""row_search_window"": 0, ""disallow_one_site_gaps"": false, ""use_diamond_legalizer"": 1, ""disable_window_extension"": false}",VALID,3393677.9,3393677.9,0.0,0.0,0.0,False
42,95,4,RISCY-b-3-c5,2,"{""max_displacement"": 0, ""site_search_window"": 0, ""row_search_window"": 0, ""disallow_one_site_gaps"": false, ""use_diamond_legalizer"": 1, ""disable_window_extension"": false}","{""max_displacement"": 0, ""site_search_window"": 0, ""row_search_window"": 0, ""disallow_one_site_gaps"": false, ""use_diamond_legalizer"": 1, ""disable_window_extension"": false}",VALID,3393677.9,3393677.9,0.0,0.0,0.0,False
42,95,5,RISCY-b-3-c5,0,"{""max_displacement"": 0, ""site_search_window"": 0, ""row_search_window"": 0, ""disallow_one_site_gaps"": false, ""use_diamond_legalizer"": 1, ""disable_window_extension"": false}","{""max_displacement"": 0, ""site_search_window"": 0, ""row_search_window"": 0, ""disallow_one_site_gaps"": true, ""use_diamond_legalizer"": 1, ""disable_window_extension"": true}",VALID,3393677.9,3393677.9,0.0,0.0,0.0,False
42,95,6,RISCY-b-3-c5,4,"{""max_displacement"": 0, ""site_search_window"": 0, ""row_search_window"": 0, ""disallow_one_site_gaps"": true, ""use_diamond_legalizer"": 1, ""disable_window_extension"": true}","{""max_displacement"": 0, ""site_search_window"": 0, ""row_search_window"": 0, ""disallow_one_site_gaps"": true, ""use_diamond_legalizer"": 1, ""disable_window_extension"": true}",VALID,3393677.9,3393677.9,0.0,0.0,0.0,False
42,95,7,RISCY-b-3-c5,2,"{""max_displacement"": 0, ""site_search_window"": 0, ""row_search_window"": 0, ""disallow_one_site_gaps"": true, ""use_diamond_legalizer"": 1, ""disable_window_extension"": true}","{""max_displacement"": 0, ""site_search_window"": 0, ""row_search_window"": 0, ""disallow_one_site_gaps"": true, ""use_diamond_legalizer"": 1, ""disable_window_extension"": true}",VALID,3393677.9,3393677.9,0.0,0.0,0.0,False
42,95,8,RISCY-b-3-c5,1,"{""max_displacement"": 0, ""site_search_window"": 0, ""row_search_window"": 0, ""disallow_one_site_gaps"": true, ""use_diamond_legalizer"": 1, ""disable_window_extension"": true}","{""max_displacement"": 10, ""site_search_window"": 10, ""row_search_window"": 2, ""disallow_one_site_gaps"": true, ""use_diamond_legalizer"": 1, ""disable_window_extension"": true}",VALID,3393677.9,3393677.9,0.0,0.0,0.0,False
42,95,9,RISCY-b-3-c5,7,"{""max_displacement"": 10, ""site_search_window"": 10, ""row_search_window"": 2, ""disallow_one_site_gaps"": true, ""use_diamond_legalizer"": 1, ""disable_window_extension"": true}","{""max_displacement"": 10, ""site_search_window"": 10, ""row_search_window"": 2, ""disallow_one_site_gaps"": true, ""use_diamond_legalizer"": 1, ""disable_window_extension"": true}",VALID,3393677.9,3393677.9,0.0,0.0,0.0,False
42,95,10,RISCY-b-3-c5,7,"{""max_displacement"": 10, ""site_search_window"": 10, ""row_search_window"": 2, ""disallow_one_site_gaps"": true, ""use_diamond_legalizer"": 1, ""disable_window_extension"": true}","{""max_displacement"": 10, ""site_search_window"": 10, ""row_search_window"": 2, ""disallow_one_site_gaps"": true, ""use_diamond_legalizer"": 1, ""disable_window_extension"": true}",VALID,3393677.9,3393677.9,0.0,0.0,0.0,True
42,96,1,zero-riscy-a-2-c5,0,"{""max_displacement"": 0, ""site_search_window"": 0, ""row_search_window"": 0, ""disallow_one_site_gaps"": 0, ""use_diamond_legalizer"": 1, ""disable_window_extension"": 0}","{""max_displacement"": 0, ""site_search_window"": 0, ""row_search_window"": 0, ""disallow_one_site_gaps"": true, ""use_diamond_legalizer"": 1, ""disable_window_extension"": true}",VALID,3745024.3,3745024.3,0.0,0.0,0.0,False
42,96,2,zero-riscy-a-2-c5,1,"{""max_displacement"": 0, ""site_search_window"": 0, ""row_search_window"": 0, ""disallow_one_site_gaps"": true, ""use_diamond_legalizer"": 1, ""disable_window_extension"": true}","{""max_displacement"": 10, ""site_search_window"": 10, ""row_search_window"": 2, ""disallow_one_site_gaps"": true, ""use_diamond_legalizer"": 1, ""disable_window_extension"": true}",VALID,3745024.3,3745024.3,0.0,0.0,0.0,False
42,96,3,zero-riscy-a-2-c5,5,"{""max_displacement"": 10, ""site_search_window"": 10, ""row_search_window"": 2, ""disallow_one_site_gaps"": true, ""use_diamond_legalizer"": 1, ""disable_window_extension"": true}","{""max_displacement"": 20, ""site_search_window"": 20, ""row_search_window"": 2, ""disallow_one_site_gaps"": true, ""use_diamond_legalizer"": 1, ""disable_window_extension"": true}",VALID,3745024.3,3745024.3,0.0,0.0,0.0,False
42,96,4,zero-riscy-a-2-c5,5,"{""max_displacement"": 20, ""site_search_window"": 20, ""row_search_window"": 2, ""disallow_one_site_gaps"": true, ""use_diamond_legalizer"": 1, ""disable_window_extension"": true}","{""max_displacement"": 30, ""site_search_window"": 30, ""row_search_window"": 2, ""disallow_one_site_gaps"": true, ""use_diamond_legalizer"": 1, ""disable_window_extension"": true}",VALID,3745024.3,3745024.3,0.0,0.0,0.0,False
42,96,5,zero-riscy-a-2-c5,2,"{""max_displacement"": 30, ""site_search_window"": 30, ""row_search_window"": 2, ""disallow_one_site_gaps"": true, ""use_diamond_legalizer"": 1, ""disable_window_extension"": true}","{""max_displacement"": 20, ""site_search_window"": 20, ""row_search_window"": 0, ""disallow_one_site_gaps"": true, ""use_diamond_legalizer"": 1, ""disable_window_extension"": true}",VALID,3745024.3,3745024.3,0.0,0.0,0.0,False
42,96,6,zero-riscy-a-2-c5,0,"{""max_displacement"": 20, ""site_search_window"": 20, ""row_search_window"": 0, ""disallow_one_site_gaps"": true, ""use_diamond_legalizer"": 1, ""disable_window_extension"": true}","{""max_displacement"": 20, ""site_search_window"": 20, ""row_search_window"": 0, ""disallow_one_site_gaps"": false, ""use_diamond_legalizer"": 1, ""disable_window_extension"": false}",VALID,3745024.3,3745024.3,0.0,0.0,0.0,False
42,96,7,zero-riscy-a-2-c5,7,"{""max_displacement"": 20, ""site_search_window"": 20, ""row_search_window"": 0, ""disallow_one_site_gaps"": false, ""use_diamond_legalizer"": 1, ""disable_window_extension"": false}","{""max_displacement"": 20, ""site_search_window"": 20, ""row_search_window"": 0, ""disallow_one_site_gaps"": false, ""use_diamond_legalizer"": 1, ""disable_window_extension"": false}",VALID,3745024.3,3745024.3,0.0,0.0,0.0,False
42,96,8,zero-riscy-a-2-c5,6,"{""max_displacement"": 20, ""site_search_window"": 20, ""row_search_window"": 0, ""disallow_one_site_gaps"": false, ""use_diamond_legalizer"": 1, ""disable_window_extension"": false}","{""max_displacement"": 10, ""site_search_window"": 10, ""row_search_window"": 0, ""disallow_one_site_gaps"": false, ""use_diamond_legalizer"": 1, ""disable_window_extension"": false}",VALID,3745024.3,3745024.3,0.0,0.0,0.0,False
42,96,9,zero-riscy-a-2-c5,1,"{""max_displacement"": 10, ""site_search_window"": 10, ""row_search_window"": 0, ""disallow_one_site_gaps"": false, ""use_diamond_legalizer"": 1, ""disable_window_extension"": false}","{""max_displacement"": 20, ""site_search_window"": 20, ""row_search_window"": 2, ""disallow_one_site_gaps"": false, ""use_diamond_legalizer"": 1, ""disable_window_extension"": false}",VALID,3745024.3,3745024.3,0.0,0.0,0.0,False
42,96,10,zero-riscy-a-2-c5,0,"{""max_displacement"": 20, ""site_search_window"": 20, ""row_search_window"": 2, ""disallow_one_site_gaps"": false, ""use_diamond_legalizer"": 1, ""disable_window_extension"": false}","{""max_displacement"": 20, ""site_search_window"": 20, ""row_search_window"": 2, ""disallow_one_site_gaps"": true, ""use_diamond_legalizer"": 1, ""disable_window_extension"": true}",VALID,3745024.3,3745024.3,0.0,0.0,0.0,True
42,97,1,zero-riscy-a-1-c20,7,"{""max_displacement"": 0, ""site_search_window"": 0, ""row_search_window"": 0, ""disallow_one_site_gaps"": 0, ""use_diamond_legalizer"": 1, ""disable_window_extension"": 0}","{""max_displacement"": 0, ""site_search_window"": 0, ""row_search_window"": 0, ""disallow_one_site_gaps"": 0, ""use_diamond_legalizer"": 1, ""disable_window_extension"": 0}",VALID,3708707.2,3708707.2,0.0,0.0,0.0,False
42,97,2,zero-riscy-a-1-c20,3,"{""max_displacement"": 0, ""site_search_window"": 0, ""row_search_window"": 0, ""disallow_one_site_gaps"": 0, ""use_diamond_legalizer"": 1, ""disable_window_extension"": 0}","{""max_displacement"": 0, ""site_search_window"": 10, ""row_search_window"": 2, ""disallow_one_site_gaps"": 0, ""use_diamond_legalizer"": 1, ""disable_window_extension"": 0}",VALID,3708707.2,3708707.2,0.0,0.0,0.0,False
42,97,3,zero-riscy-a-1-c20,7,"{""max_displacement"": 0, ""site_search_window"": 10, ""row_search_window"": 2, ""disallow_one_site_gaps"": 0, ""use_diamond_legalizer"": 1, ""disable_window_extension"": 0}","{""max_displacement"": 0, ""site_search_window"": 10, ""row_search_window"": 2, ""disallow_one_site_gaps"": 0, ""use_diamond_legalizer"": 1, ""disable_window_extension"": 0}",VALID,3708707.2,3708707.2,0.0,0.0,0.0,False
42,97,4,zero-riscy-a-1-c20,3,"{""max_displacement"": 0, ""site_search_window"": 10, ""row_search_window"": 2, ""disallow_one_site_gaps"": 0, ""use_diamond_legalizer"": 1, ""disable_window_extension"": 0}","{""max_displacement"": 0, ""site_search_window"": 20, ""row_search_window"": 4, ""disallow_one_site_gaps"": 0, ""use_diamond_legalizer"": 1, ""disable_window_extension"": 0}",VALID,3708707.2,3708707.2,0.0,0.0,0.0,False
42,97,5,zero-riscy-a-1-c20,7,"{""max_displacement"": 0, ""site_search_window"": 20, ""row_search_window"": 4, ""disallow_one_site_gaps"": 0, ""use_diamond_legalizer"": 1, ""disable_window_extension"": 0}","{""max_displacement"": 0, ""site_search_window"": 20, ""row_search_window"": 4, ""disallow_one_site_gaps"": 0, ""use_diamond_legalizer"": 1, ""disable_window_extension"": 0}",VALID,3708707.2,3708707.2,0.0,0.0,0.0,False
42,97,6,zero-riscy-a-1-c20,3,"{""max_displacement"": 0, ""site_search_window"": 20, ""row_search_window"": 4, ""disallow_one_site_gaps"": 0, ""use_diamond_legalizer"": 1, ""disable_window_extension"": 0}","{""max_displacement"": 0, ""site_search_window"": 30, ""row_search_window"": 6, ""disallow_one_site_gaps"": 0, ""use_diamond_legalizer"": 1, ""disable_window_extension"": 0}",VALID,3708707.2,3708707.2,0.0,0.0,0.0,False
42,97,7,zero-riscy-a-1-c20,1,"{""max_displacement"": 0, ""site_search_window"": 30, ""row_search_window"": 6, ""disallow_one_site_gaps"": 0, ""use_diamond_legalizer"": 1, ""disable_window_extension"": 0}","{""max_displacement"": 10, ""site_search_window"": 40, ""row_search_window"": 8, ""disallow_one_site_gaps"": 0, ""use_diamond_legalizer"": 1, ""disable_window_extension"": 0}",FAILED,3708707.2,3708707.2,0.0,-100.0,-1.0,False
42,97,8,zero-riscy-a-1-c20,0,"{""max_displacement"": 10, ""site_search_window"": 40, ""row_search_window"": 8, ""disallow_one_site_gaps"": 0, ""use_diamond_legalizer"": 1, ""disable_window_extension"": 0}","{""max_displacement"": 10, ""site_search_window"": 40, ""row_search_window"": 8, ""disallow_one_site_gaps"": true, ""use_diamond_legalizer"": 1, ""disable_window_extension"": true}",FAILED,3708707.2,3708707.2,0.0,-100.0,-1.0,False
42,97,9,zero-riscy-a-1-c20,4,"{""max_displacement"": 10, ""site_search_window"": 40, ""row_search_window"": 8, ""disallow_one_site_gaps"": true, ""use_diamond_legalizer"": 1, ""disable_window_extension"": true}","{""max_displacement"": 10, ""site_search_window"": 30, ""row_search_window"": 6, ""disallow_one_site_gaps"": true, ""use_diamond_legalizer"": 1, ""disable_window_extension"": true}",FAILED,3708707.2,3708707.2,0.0,-100.0,-1.0,False
42,97,10,zero-riscy-a-1-c20,1,"{""max_displacement"": 10, ""site_search_window"": 30, ""row_search_window"": 6, ""disallow_one_site_gaps"": true, ""use_diamond_legalizer"": 1, ""disable_window_extension"": true}","{""max_displacement"": 20, ""site_search_window"": 40, ""row_search_window"": 8, ""disallow_one_site_gaps"": true, ""use_diamond_legalizer"": 1, ""disable_window_extension"": true}",VALID,3708707.2,3708707.2,0.0,0.0,0.0,True
42,98,1,zero-riscy-a-2-c20,7,"{""max_displacement"": 0, ""site_search_window"": 0, ""row_search_window"": 0, ""disallow_one_site_gaps"": 0, ""use_diamond_legalizer"": 1, ""disable_window_extension"": 0}","{""max_displacement"": 0, ""site_search_window"": 0, ""row_search_window"": 0, ""disallow_one_site_gaps"": 0, ""use_diamond_legalizer"": 1, ""disable_window_extension"": 0}",VALID,3884748.2,3884748.2,0.0,0.0,0.0,False
42,98,2,zero-riscy-a-2-c20,2,"{""max_displacement"": 0, ""site_search_window"": 0, ""row_search_window"": 0, ""disallow_one_site_gaps"": 0, ""use_diamond_legalizer"": 1, ""disable_window_extension"": 0}","{""max_displacement"": 0, ""site_search_window"": 0, ""row_search_window"": 0, ""disallow_one_site_gaps"": 0, ""use_diamond_legalizer"": 1, ""disable_window_extension"": 0}",VALID,3884748.2,3884748.2,0.0,0.0,0.0,False
42,98,3,zero-riscy-a-2-c20,1,"{""max_displacement"": 0, ""site_search_window"": 0, ""row_search_window"": 0, ""disallow_one_site_gaps"": 0, ""use_diamond_legalizer"": 1, ""disable_window_extension"": 0}","{""max_displacement"": 10, ""site_search_window"": 10, ""row_search_window"": 2, ""disallow_one_site_gaps"": 0, ""use_diamond_legalizer"": 1, ""disable_window_extension"": 0}",VALID,3884748.2,3884737.2,11.0,0.00030000000000000003,2.8315863560989616e-06,False
42,98,4,zero-riscy-a-2-c20,7,"{""max_displacement"": 10, ""site_search_window"": 10, ""row_search_window"": 2, ""disallow_one_site_gaps"": 0, ""use_diamond_legalizer"": 1, ""disable_window_extension"": 0}","{""max_displacement"": 10, ""site_search_window"": 10, ""row_search_window"": 2, ""disallow_one_site_gaps"": 0, ""use_diamond_legalizer"": 1, ""disable_window_extension"": 0}",VALID,3884748.2,3884737.2,0.0,0.0,0.0,False
42,98,5,zero-riscy-a-2-c20,2,"{""max_displacement"": 10, ""site_search_window"": 10, ""row_search_window"": 2, ""disallow_one_site_gaps"": 0, ""use_diamond_legalizer"": 1, ""disable_window_extension"": 0}","{""max_displacement"": 0, ""site_search_window"": 0, ""row_search_window"": 0, ""disallow_one_site_gaps"": 0, ""use_diamond_legalizer"": 1, ""disable_window_extension"": 0}",VALID,3884748.2,3884748.2,-11.0,-0.00030000000000000003,-2.831594374002957e-06,False
42,98,6,zero-riscy-a-2-c20,5,"{""max_displacement"": 0, ""site_search_window"": 0, ""row_search_window"": 0, ""disallow_one_site_gaps"": 0, ""use_diamond_legalizer"": 1, ""disable_window_extension"": 0}","{""max_displacement"": 10, ""site_search_window"": 10, ""row_search_window"": 0, ""disallow_one_site_gaps"": 0, ""use_diamond_legalizer"": 1, ""disable_window_extension"": 0}",VALID,3884748.2,3884737.2,11.0,0.00030000000000000003,2.8315863560989616e-06,False
42,98,7,zero-riscy-a-2-c20,2,"{""max_displacement"": 10, ""site_search_window"": 10, ""row_search_window"": 0, ""disallow_one_site_gaps"": 0, ""use_diamond_legalizer"": 1, ""disable_window_extension"": 0}","{""max_displacement"": 0, ""site_search_window"": 0, ""row_search_window"": 0, ""disallow_one_site_gaps"": 0, ""use_diamond_legalizer"": 1, ""disable_window_extension"": 0}",VALID,3884748.2,3884748.2,-11.0,-0.00030000000000000003,-2.831594374002957e-06,False
42,98,8,zero-riscy-a-2-c20,6,"{""max_displacement"": 0, ""site_search_window"": 0, ""row_search_window"": 0, ""disallow_one_site_gaps"": 0, ""use_diamond_legalizer"": 1, ""disable_window_extension"": 0}","{""max_displacement"": 0, ""site_search_window"": 0, ""row_search_window"": 0, ""disallow_one_site_gaps"": 0, ""use_diamond_legalizer"": 1, ""disable_window_extension"": 0}",VALID,3884748.2,3884748.2,0.0,0.0,0.0,False
42,98,9,zero-riscy-a-2-c20,0,"{""max_displacement"": 0, ""site_search_window"": 0, ""row_search_window"": 0, ""disallow_one_site_gaps"": 0, ""use_diamond_legalizer"": 1, ""disable_window_extension"": 0}","{""max_displacement"": 0, ""site_search_window"": 0, ""row_search_window"": 0, ""disallow_one_site_gaps"": true, ""use_diamond_legalizer"": 1, ""disable_window_extension"": true}",VALID,3884748.2,3884748.2,0.0,0.0,0.0,False
42,98,10,zero-riscy-a-2-c20,4,"{""max_displacement"": 0, ""site_search_window"": 0, ""row_search_window"": 0, ""disallow_one_site_gaps"": true, ""use_diamond_legalizer"": 1, ""disable_window_extension"": true}","{""max_displacement"": 0, ""site_search_window"": 0, ""row_search_window"": 0, ""disallow_one_site_gaps"": true, ""use_diamond_legalizer"": 1, ""disable_window_extension"": true}",VALID,3884748.2,3884748.2,0.0,0.0,0.0,True
42,99,1,zero-riscy-a-1-c2,4,"{""max_displacement"": 0, ""site_search_window"": 0, ""row_search_window"": 0, ""disallow_one_site_gaps"": 0, ""use_diamond_legalizer"": 1, ""disable_window_extension"": 0}","{""max_displacement"": 0, ""site_search_window"": 0, ""row_search_window"": 0, ""disallow_one_site_gaps"": 0, ""use_diamond_legalizer"": 1, ""disable_window_extension"": 0}",VALID,5098387.3,5098387.3,0.0,0.0,0.0,False
42,99,2,zero-riscy-a-1-c2,6,"{""max_displacement"": 0, ""site_search_window"": 0, ""row_search_window"": 0, ""disallow_one_site_gaps"": 0, ""use_diamond_legalizer"": 1, ""disable_window_extension"": 0}","{""max_displacement"": 0, ""site_search_window"": 0, ""row_search_window"": 0, ""disallow_one_site_gaps"": 0, ""use_diamond_legalizer"": 1, ""disable_window_extension"": 0}",VALID,5098387.3,5098387.3,0.0,0.0,0.0,False
42,99,3,zero-riscy-a-1-c2,6,"{""max_displacement"": 0, ""site_search_window"": 0, ""row_search_window"": 0, ""disallow_one_site_gaps"": 0, ""use_diamond_legalizer"": 1, ""disable_window_extension"": 0}","{""max_displacement"": 0, ""site_search_window"": 0, ""row_search_window"": 0, ""disallow_one_site_gaps"": 0, ""use_diamond_legalizer"": 1, ""disable_window_extension"": 0}",VALID,5098387.3,5098387.3,0.0,0.0,0.0,False
42,99,4,zero-riscy-a-1-c2,4,"{""max_displacement"": 0, ""site_search_window"": 0, ""row_search_window"": 0, ""disallow_one_site_gaps"": 0, ""use_diamond_legalizer"": 1, ""disable_window_extension"": 0}","{""max_displacement"": 0, ""site_search_window"": 0, ""row_search_window"": 0, ""disallow_one_site_gaps"": 0, ""use_diamond_legalizer"": 1, ""disable_window_extension"": 0}",VALID,5098387.3,5098387.3,0.0,0.0,0.0,False
42,99,5,zero-riscy-a-1-c2,7,"{""max_displacement"": 0, ""site_search_window"": 0, ""row_search_window"": 0, ""disallow_one_site_gaps"": 0, ""use_diamond_legalizer"": 1, ""disable_window_extension"": 0}","{""max_displacement"": 0, ""site_search_window"": 0, ""row_search_window"": 0, ""disallow_one_site_gaps"": 0, ""use_diamond_legalizer"": 1, ""disable_window_extension"": 0}",VALID,5098387.3,5098387.3,0.0,0.0,0.0,False
42,99,6,zero-riscy-a-1-c2,4,"{""max_displacement"": 0, ""site_search_window"": 0, ""row_search_window"": 0, ""disallow_one_site_gaps"": 0, ""use_diamond_legalizer"": 1, ""disable_window_extension"": 0}","{""max_displacement"": 0, ""site_search_window"": 0, ""row_search_window"": 0, ""disallow_one_site_gaps"": 0, ""use_diamond_legalizer"": 1, ""disable_window_extension"": 0}",VALID,5098387.3,5098387.3,0.0,0.0,0.0,False
42,99,7,zero-riscy-a-1-c2,3,"{""max_displacement"": 0, ""site_search_window"": 0, ""row_search_window"": 0, ""disallow_one_site_gaps"": 0, ""use_diamond_legalizer"": 1, ""disable_window_extension"": 0}","{""max_displacement"": 0, ""site_search_window"": 10, ""row_search_window"": 2, ""disallow_one_site_gaps"": 0, ""use_diamond_legalizer"": 1, ""disable_window_extension"": 0}",VALID,5098387.3,5098387.3,0.0,0.0,0.0,False
42,99,8,zero-riscy-a-1-c2,3,"{""max_displacement"": 0, ""site_search_window"": 10, ""row_search_window"": 2, ""disallow_one_site_gaps"": 0, ""use_diamond_legalizer"": 1, ""disable_window_extension"": 0}","{""max_displacement"": 0, ""site_search_window"": 20, ""row_search_window"": 4, ""disallow_one_site_gaps"": 0, ""use_diamond_legalizer"": 1, ""disable_window_extension"": 0}",VALID,5098387.3,5098387.3,0.0,0.0,0.0,False
42,99,9,zero-riscy-a-1-c2,0,"{""max_displacement"": 0, ""site_search_window"": 20, ""row_search_window"": 4, ""disallow_one_site_gaps"": 0, ""use_diamond_legalizer"": 1, ""disable_window_extension"": 0}","{""max_displacement"": 0, ""site_search_window"": 20, ""row_search_window"": 4, ""disallow_one_site_gaps"": true, ""use_diamond_legalizer"": 1, ""disable_window_extension"": true}",VALID,5098387.3,5098387.3,0.0,0.0,0.0,False
42,99,10,zero-riscy-a-1-c2,1,"{""max_displacement"": 0, ""site_search_window"": 20, ""row_search_window"": 4, ""disallow_one_site_gaps"": true, ""use_diamond_legalizer"": 1, ""disable_window_extension"": true}","{""max_displacement"": 10, ""site_search_window"": 30, ""row_search_window"": 6, ""disallow_one_site_gaps"": true, ""use_diamond_legalizer"": 1, ""disable_window_extension"": true}",FAILED,5098387.3,5098387.3,0.0,-100.0,-1.0,True
42,100,1,RISCY-a-3-c2,6,"{""max_displacement"": 0, ""site_search_window"": 0, ""row_search_window"": 0, ""disallow_one_site_gaps"": 0, ""use_diamond_legalizer"": 1, ""disable_window_extension"": 0}","{""max_displacement"": 0, ""site_search_window"": 0, ""row_search_window"": 0, ""disallow_one_site_gaps"": 0, ""use_diamond_legalizer"": 1, ""disable_window_extension"": 0}",VALID,5865401.6,5865401.6,0.0,0.0,0.0,False
42,100,2,RISCY-a-3-c2,0,"{""max_displacement"": 0, ""site_search_window"": 0, ""row_search_window"": 0, ""disallow_one_site_gaps"": 0, ""use_diamond_legalizer"": 1, ""disable_window_extension"": 0}","{""max_displacement"": 0, ""site_search_window"": 0, ""row_search_window"": 0, ""disallow_one_site_gaps"": true, ""use_diamond_legalizer"": 1, ""disable_window_extension"": true}",VALID,5865401.6,5865401.6,0.0,0.0,0.0,False
42,100,3,RISCY-a-3-c2,5,"{""max_displacement"": 0, ""site_search_window"": 0, ""row_search_window"": 0, ""disallow_one_site_gaps"": true, ""use_diamond_legalizer"": 1, ""disable_window_extension"": true}","{""max_displacement"": 10, ""site_search_window"": 10, ""row_search_window"": 0, ""disallow_one_site_gaps"": true, ""use_diamond_legalizer"": 1, ""disable_window_extension"": true}",FAILED,5865401.6,5865401.6,0.0,-100.0,-1.0,False
42,100,4,RISCY-a-3-c2,0,"{""max_displacement"": 10, ""site_search_window"": 10, ""row_search_window"": 0, ""disallow_one_site_gaps"": true, ""use_diamond_legalizer"": 1, ""disable_window_extension"": true}","{""max_displacement"": 10, ""site_search_window"": 10, ""row_search_window"": 0, ""disallow_one_site_gaps"": false, ""use_diamond_legalizer"": 1, ""disable_window_extension"": false}",FAILED,5865401.6,5865401.6,0.0,-100.0,-1.0,False
42,100,5,RISCY-a-3-c2,7,"{""max_displacement"": 10, ""site_search_window"": 10, ""row_search_window"": 0, ""disallow_one_site_gaps"": false, ""use_diamond_legalizer"": 1, ""disable_window_extension"": false}","{""max_displacement"": 10, ""site_search_window"": 10, ""row_search_window"": 0, ""disallow_one_site_gaps"": false, ""use_diamond_legalizer"": 1, ""disable_window_extension"": false}",FAILED,5865401.6,5865401.6,0.0,-100.0,-1.0,False
42,100,6,RISCY-a-3-c2,1,"{""max_displacement"": 10, ""site_search_window"": 10, ""row_search_window"": 0, ""disallow_one_site_gaps"": false, ""use_diamond_legalizer"": 1, ""disable_window_extension"": false}","{""max_displacement"": 20, ""site_search_window"": 20, ""row_search_window"": 2, ""disallow_one_site_gaps"": false, ""use_diamond_legalizer"": 1, ""disable_window_extension"": false}",VALID,5865401.6,5865401.6,0.0,0.0,0.0,False
42,100,7,RISCY-a-3-c2,3,"{""max_displacement"": 20, ""site_search_window"": 20, ""row_search_window"": 2, ""disallow_one_site_gaps"": false, ""use_diamond_legalizer"": 1, ""disable_window_extension"": false}","{""max_displacement"": 20, ""site_search_window"": 30, ""row_search_window"": 4, ""disallow_one_site_gaps"": false, ""use_diamond_legalizer"": 1, ""disable_window_extension"": false}",VALID,5865401.6,5865401.6,0.0,0.0,0.0,False
42,100,8,RISCY-a-3-c2,2,"{""max_displacement"": 20, ""site_search_window"": 30, ""row_search_window"": 4, ""disallow_one_site_gaps"": false, ""use_diamond_legalizer"": 1, ""disable_window_extension"": false}","{""max_displacement"": 10, ""site_search_window"": 20, ""row_search_window"": 2, ""disallow_one_site_gaps"": false, ""use_diamond_legalizer"": 1, ""disable_window_extension"": false}",FAILED,5865401.6,5865401.6,0.0,-100.0,-1.0,False
42,100,9,RISCY-a-3-c2,4,"{""max_displacement"": 10, ""site_search_window"": 20, ""row_search_window"": 2, ""disallow_one_site_gaps"": false, ""use_diamond_legalizer"": 1, ""disable_window_extension"": false}","{""max_displacement"": 10, ""site_search_window"": 10, ""row_search_window"": 0, ""disallow_one_site_gaps"": false, ""use_diamond_legalizer"": 1, ""disable_window_extension"": false}",FAILED,5865401.6,5865401.6,0.0,-100.0,-1.0,False
42,100,10,RISCY-a-3-c2,1,"{""max_displacement"": 10, ""site_search_window"": 10, ""row_search_window"": 0, ""disallow_one_site_gaps"": false, ""use_diamond_legalizer"": 1, ""disable_window_extension"": false}","{""max_displacement"": 20, ""site_search_window"": 20, ""row_search_window"": 2, ""disallow_one_site_gaps"": false, ""use_diamond_legalizer"": 1, ""disable_window_extension"": false}",VALID,5865401.6,5865401.6,0.0,0.0,0.0,True
