seed,episode,step,design_id,action,parameters_before,parameters_after,status,initial_hpwl,result_hpwl,delta_hpwl,delta_hpwl_percent,reward,done
44,1,1,RISCY-a-3-c5,0,"{""max_displacement"": 0, ""site_search_window"": 0, ""row_search_window"": 0, ""disallow_one_site_gaps"": 0, ""use_diamond_legalizer"": 1, ""disable_window_extension"": 0}","{""max_displacement"": 0, ""site_search_window"": 0, ""row_search_window"": 0, ""disallow_one_site_gaps"": true, ""use_diamond_legalizer"": 1, ""disable_window_extension"": true}",VALID,5599044.1,5599044.1,0.0,0.0,0.0,False
44,1,2,RISCY-a-3-c5,0,"{""max_displacement"": 0, ""site_search_window"": 0, ""row_search_window"": 0, ""disallow_one_site_gaps"": true, ""use_diamond_legalizer"": 1, ""disable_window_extension"": true}","{""max_displacement"": 0, ""site_search_window"": 0, ""row_search_window"": 0, ""disallow_one_site_gaps"": false, ""use_diamond_legalizer"": 1, ""disable_window_extension"": false}",VALID,5599044.1,5599044.1,0.0,0.0,0.0,False
44,1,3,RISCY-a-3-c5,2,"{""max_displacement"": 0, ""site_search_window"": 0, ""row_search_window"": 0, ""disallow_one_site_gaps"": false, ""use_diamond_legalizer"": 1, ""disable_window_extension"": false}","{""max_displacement"": 0, ""site_search_window"": 0, ""row_search_window"": 0, ""disallow_one_site_gaps"": false, ""use_diamond_legalizer"": 1, ""disable_window_extension"": false}",VALID,5599044.1,5599044.1,0.0,0.0,0.0,False
44,1,4,RISCY-a-3-c5,0,"{""max_displacement"": 0, ""site_search_window"": 0, ""row_search_window"": 0, ""disallow_one_site_gaps"": false, ""use_diamond_legalizer"": 1, ""disable_window_extension"": false}","{""max_displacement"": 0, ""site_search_window"": 0, ""row_search_window"": 0, ""disallow_one_site_gaps"": true, ""use_diamond_legalizer"": 1, ""disable_window_extension"": true}",VALID,5599044.1,5599044.1,0.0,0.0,0.0,False
44,1,5,RISCY-a-3-c5,6,"{""max_displacement"": 0, ""site_search_window"": 0, ""row_search_window"": 0, ""disallow_one_site_gaps"": true, ""use_diamond_legalizer"": 1, ""disable_window_extension"": true}","{""max_displacement"": 0, ""site_search_window"": 0, ""row_search_window"": 0, ""disallow_one_site_gaps"": true, ""use_diamond_legalizer"": 1, ""disable_window_extension"": true}",VALID,5599044.1,5599044.1,0.0,0.0,0.0,False
44,1,6,RISCY-a-3-c5,1,"{""max_displacement"": 0, ""site_search_window"": 0, ""row_search_window"": 0, ""disallow_one_site_gaps"": true, ""use_diamond_legalizer"": 1, ""disable_window_extension"": true}","{""max_displacement"": 10, ""site_search_window"": 10, ""row_search_window"": 2, ""disallow_one_site_gaps"": true, ""use_diamond_legalizer"": 1, ""disable_window_extension"": true}",FAILED,5599044.1,5599044.1,0.0,-100.0,-1.0,False
44,1,7,RISCY-a-3-c5,0,"{""max_displacement"": 10, ""site_search_window"": 10, ""row_search_window"": 2, ""disallow_one_site_gaps"": true, ""use_diamond_legalizer"": 1, ""disable_window_extension"": true}","{""max_displacement"": 10, ""site_search_window"": 10, ""row_search_window"": 2, ""disallow_one_site_gaps"": false, ""use_diamond_legalizer"": 1, ""disable_window_extension"": false}",FAILED,5599044.1,5599044.1,0.0,-100.0,-1.0,False
44,1,8,RISCY-a-3-c5,2,"{""max_displacement"": 10, ""site_search_window"": 10, ""row_search_window"": 2, ""disallow_one_site_gaps"": false, ""use_diamond_legalizer"": 1, ""disable_window_extension"": false}","{""max_displacement"": 0, ""site_search_window"": 0, ""row_search_window"": 0, ""disallow_one_site_gaps"": false, ""use_diamond_legalizer"": 1, ""disable_window_extension"": false}",VALID,5599044.1,5599044.1,0.0,0.0,0.0,False
44,1,9,RISCY-a-3-c5,5,"{""max_displacement"": 0, ""site_search_window"": 0, ""row_search_window"": 0, ""disallow_one_site_gaps"": false, ""use_diamond_legalizer"": 1, ""disable_window_extension"": false}","{""max_displacement"": 10, ""site_search_window"": 10, ""row_search_window"": 0, ""disallow_one_site_gaps"": false, ""use_diamond_legalizer"": 1, ""disable_window_extension"": false}",FAILED,5599044.1,5599044.1,0.0,-100.0,-1.0,False
44,1,10,RISCY-a-3-c5,4,"{""max_displacement"": 10, ""site_search_window"": 10, ""row_search_window"": 0, ""disallow_one_site_gaps"": false, ""use_diamond_legalizer"": 1, ""disable_window_extension"": false}","{""max_displacement"": 10, ""site_search_window"": 0, ""row_search_window"": 0, ""disallow_one_site_gaps"": false, ""use_diamond_legalizer"": 1, ""disable_window_extension"": false}",FAILED,5599044.1,5599044.1,0.0,-100.0,-1.0,True
44,2,1,RISCY-b-3-c5,0,"{""max_displacement"": 0, ""site_search_window"": 0, ""row_search_window"": 0, ""disallow_one_site_gaps"": 0, ""use_diamond_legalizer"": 1, ""disable_window_extension"": 0}","{""max_displacement"": 0, ""site_search_window"": 0, ""row_search_window"": 0, ""disallow_one_site_gaps"": true, ""use_diamond_legalizer"": 1, ""disable_window_extension"": true}",VALID,3393677.9,3393677.9,0.0,0.0,0.0,False
44,2,2,RISCY-b-3-c5,6,"{""max_displacement"": 0, ""site_search_window"": 0, ""row_search_window"": 0, ""disallow_one_site_gaps"": true, ""use_diamond_legalizer"": 1, ""disable_window_extension"": true}","{""max_displacement"": 0, ""site_search_window"": 0, ""row_search_window"": 0, ""disallow_one_site_gaps"": true, ""use_diamond_legalizer"": 1, ""disable_window_extension"": true}",VALID,3393677.9,3393677.9,0.0,0.0,0.0,False
44,2,3,RISCY-b-3-c5,3,"{""max_displacement"": 0, ""site_search_window"": 0, ""row_search_window"": 0, ""disallow_one_site_gaps"": true, ""use_diamond_legalizer"": 1, ""disable_window_extension"": true}","{""max_displacement"": 0, ""site_search_window"": 10, ""row_search_window"": 2, ""disallow_one_site_gaps"": true, ""use_diamond_legalizer"": 1, ""disable_window_extension"": true}",VALID,3393677.9,3393677.9,0.0,0.0,0.0,False
44,2,4,RISCY-b-3-c5,7,"{""max_displacement"": 0, ""site_search_window"": 10, ""row_search_window"": 2, ""disallow_one_site_gaps"": true, ""use_diamond_legalizer"": 1, ""disable_window_extension"": true}","{""max_displacement"": 0, ""site_search_window"": 10, ""row_search_window"": 2, ""disallow_one_site_gaps"": true, ""use_diamond_legalizer"": 1, ""disable_window_extension"": true}",VALID,3393677.9,3393677.9,0.0,0.0,0.0,False
44,2,5,RISCY-b-3-c5,4,"{""max_displacement"": 0, ""site_search_window"": 10, ""row_search_window"": 2, ""disallow_one_site_gaps"": true, ""use_diamond_legalizer"": 1, ""disable_window_extension"": true}","{""max_displacement"": 0, ""site_search_window"": 0, ""row_search_window"": 0, ""disallow_one_site_gaps"": true, ""use_diamond_legalizer"": 1, ""disable_window_extension"": true}",VALID,3393677.9,3393677.9,0.0,0.0,0.0,False
44,2,6,RISCY-b-3-c5,0,"{""max_displacement"": 0, ""site_search_window"": 0, ""row_search_window"": 0, ""disallow_one_site_gaps"": true, ""use_diamond_legalizer"": 1, ""disable_window_extension"": true}","{""max_displacement"": 0, ""site_search_window"": 0, ""row_search_window"": 0, ""disallow_one_site_gaps"": false, ""use_diamond_legalizer"": 1, ""disable_window_extension"": false}",VALID,3393677.9,3393677.9,0.0,0.0,0.0,False
44,2,7,RISCY-b-3-c5,0,"{""max_displacement"": 0, ""site_search_window"": 0, ""row_search_window"": 0, ""disallow_one_site_gaps"": false, ""use_diamond_legalizer"": 1, ""disable_window_extension"": false}","{""max_displacement"": 0, ""site_search_window"": 0, ""row_search_window"": 0, ""disallow_one_site_gaps"": true, ""use_diamond_legalizer"": 1, ""disable_window_extension"": true}",VALID,3393677.9,3393677.9,0.0,0.0,0.0,False
44,2,8,RISCY-b-3-c5,3,"{""max_displacement"": 0, ""site_search_window"": 0, ""row_search_window"": 0, ""disallow_one_site_gaps"": true, ""use_diamond_legalizer"": 1, ""disable_window_extension"": true}","{""max_displacement"": 0, ""site_search_window"": 10, ""row_search_window"": 2, ""disallow_one_site_gaps"": true, ""use_diamond_legalizer"": 1, ""disable_window_extension"": true}",VALID,3393677.9,3393677.9,0.0,0.0,0.0,False
44,2,9,RISCY-b-3-c5,6,"{""max_displacement"": 0, ""site_search_window"": 10, ""row_search_window"": 2, ""disallow_one_site_gaps"": true, ""use_diamond_legalizer"": 1, ""disable_window_extension"": true}","{""max_displacement"": 0, ""site_search_window"": 0, ""row_search_window"": 2, ""disallow_one_site_gaps"": true, ""use_diamond_legalizer"": 1, ""disable_window_extension"": true}",VALID,3393677.9,3393677.9,0.0,0.0,0.0,False
44,2,10,RISCY-b-3-c5,3,"{""max_displacement"": 0, ""site_search_window"": 0, ""row_search_window"": 2, ""disallow_one_site_gaps"": true, ""use_diamond_legalizer"": 1, ""disable_window_extension"": true}","{""max_displacement"": 0, ""site_search_window"": 10, ""row_search_window"": 4, ""disallow_one_site_gaps"": true, ""use_diamond_legalizer"": 1, ""disable_window_extension"": true}",VALID,3393677.9,3393677.9,0.0,0.0,0.0,True
44,3,1,RISCY-a-3-c5,4,"{""max_displacement"": 0, ""site_search_window"": 0, ""row_search_window"": 0, ""disallow_one_site_gaps"": 0, ""use_diamond_legalizer"": 1, ""disable_window_extension"": 0}","{""max_displacement"": 0, ""site_search_window"": 0, ""row_search_window"": 0, ""disallow_one_site_gaps"": 0, ""use_diamond_legalizer"": 1, ""disable_window_extension"": 0}",VALID,5599044.1,5599044.1,0.0,0.0,0.0,False
44,3,2,RISCY-a-3-c5,0,"{""max_displacement"": 0, ""site_search_window"": 0, ""row_search_window"": 0, ""disallow_one_site_gaps"": 0, ""use_diamond_legalizer"": 1, ""disable_window_extension"": 0}","{""max_displacement"": 0, ""site_search_window"": 0, ""row_search_window"": 0, ""disallow_one_site_gaps"": true, ""use_diamond_legalizer"": 1, ""disable_window_extension"": true}",VALID,5599044.1,5599044.1,0.0,0.0,0.0,False
44,3,3,RISCY-a-3-c5,0,"{""max_displacement"": 0, ""site_search_window"": 0, ""row_search_window"": 0, ""disallow_one_site_gaps"": true, ""use_diamond_legalizer"": 1, ""disable_window_extension"": true}","{""max_displacement"": 0, ""site_search_window"": 0, ""row_search_window"": 0, ""disallow_one_site_gaps"": false, ""use_diamond_legalizer"": 1, ""disable_window_extension"": false}",VALID,5599044.1,5599044.1,0.0,0.0,0.0,False
44,3,4,RISCY-a-3-c5,0,"{""max_displacement"": 0, ""site_search_window"": 0, ""row_search_window"": 0, ""disallow_one_site_gaps"": false, ""use_diamond_legalizer"": 1, ""disable_window_extension"": false}","{""max_displacement"": 0, ""site_search_window"": 0, ""row_search_window"": 0, ""disallow_one_site_gaps"": true, ""use_diamond_legalizer"": 1, ""disable_window_extension"": true}",VALID,5599044.1,5599044.1,0.0,0.0,0.0,False
44,3,5,RISCY-a-3-c5,6,"{""max_displacement"": 0, ""site_search_window"": 0, ""row_search_window"": 0, ""disallow_one_site_gaps"": true, ""use_diamond_legalizer"": 1, ""disable_window_extension"": true}","{""max_displacement"": 0, ""site_search_window"": 0, ""row_search_window"": 0, ""disallow_one_site_gaps"": true, ""use_diamond_legalizer"": 1, ""disable_window_extension"": true}",VALID,5599044.1,5599044.1,0.0,0.0,0.0,False
44,3,6,RISCY-a-3-c5,2,"{""max_displacement"": 0, ""site_search_window"": 0, ""row_search_window"": 0, ""disallow_one_site_gaps"": true, ""use_diamond_legalizer"": 1, ""disable_window_extension"": true}","{""max_displacement"": 0, ""site_search_window"": 0, ""row_search_window"": 0, ""disallow_one_site_gaps"": true, ""use_diamond_legalizer"": 1, ""disable_window_extension"": true}",VALID,5599044.1,5599044.1,0.0,0.0,0.0,False
44,3,7,RISCY-a-3-c5,5,"{""max_displacement"": 0, ""site_search_window"": 0, ""row_search_window"": 0, ""disallow_one_site_gaps"": true, ""use_diamond_legalizer"": 1, ""disable_window_extension"": true}","{""max_displacement"": 10, ""site_search_window"": 10, ""row_search_window"": 0, ""disallow_one_site_gaps"": true, ""use_diamond_legalizer"": 1, ""disable_window_extension"": true}",FAILED,5599044.1,5599044.1,0.0,-100.0,-1.0,False
44,3,8,RISCY-a-3-c5,7,"{""max_displacement"": 10, ""site_search_window"": 10, ""row_search_window"": 0, ""disallow_one_site_gaps"": true, ""use_diamond_legalizer"": 1, ""disable_window_extension"": true}","{""max_displacement"": 10, ""site_search_window"": 10, ""row_search_window"": 0, ""disallow_one_site_gaps"": true, ""use_diamond_legalizer"": 1, ""disable_window_extension"": true}",FAILED,5599044.1,5599044.1,0.0,-100.0,-1.0,False
44,3,9,RISCY-a-3-c5,0,"{""max_displacement"": 10, ""site_search_window"": 10, ""row_search_window"": 0, ""disallow_one_site_gaps"": true, ""use_diamond_legalizer"": 1, ""disable_window_extension"": true}","{""max_displacement"": 10, ""site_search_window"": 10, ""row_search_window"": 0, ""disallow_one_site_gaps"": false, ""use_diamond_legalizer"": 1, ""disable_window_extension"": false}",FAILED,5599044.1,5599044.1,0.0,-100.0,-1.0,False
44,3,10,RISCY-a-3-c5,3,"{""max_displacement"": 10, ""site_search_window"": 10, ""row_search_window"": 0, ""disallow_one_site_gaps"": false, ""use_diamond_legalizer"": 1, ""disable_window_extension"": false}","{""max_displacement"": 10, ""site_search_window"": 20, ""row_search_window"": 2, ""disallow_one_site_gaps"": false, ""use_diamond_legalizer"": 1, ""disable_window_extension"": false}",FAILED,5599044.1,5599044.1,0.0,-100.0,-1.0,True
44,4,1,RISCY-FPU-b-3-c20,3,"{""max_displacement"": 0, ""site_search_window"": 0, ""row_search_window"": 0, ""disallow_one_site_gaps"": 0, ""use_diamond_legalizer"": 1, ""disable_window_extension"": 0}","{""max_displacement"": 0, ""site_search_window"": 10, ""row_search_window"": 2, ""disallow_one_site_gaps"": 0, ""use_diamond_legalizer"": 1, ""disable_window_extension"": 0}",VALID,5040703.3,5040703.3,0.0,0.0,0.0,False
44,4,2,RISCY-FPU-b-3-c20,5,"{""max_displacement"": 0, ""site_search_window"": 10, ""row_search_window"": 2, ""disallow_one_site_gaps"": 0, ""use_diamond_legalizer"": 1, ""disable_window_extension"": 0}","{""max_displacement"": 10, ""site_search_window"": 20, ""row_search_window"": 2, ""disallow_one_site_gaps"": 0, ""use_diamond_legalizer"": 1, ""disable_window_extension"": 0}",FAILED,5040703.3,5040703.3,0.0,-100.0,-1.0,False
44,4,3,RISCY-FPU-b-3-c20,5,"{""max_displacement"": 10, ""site_search_window"": 20, ""row_search_window"": 2, ""disallow_one_site_gaps"": 0, ""use_diamond_legalizer"": 1, ""disable_window_extension"": 0}","{""max_displacement"": 20, ""site_search_window"": 30, ""row_search_window"": 2, ""disallow_one_site_gaps"": 0, ""use_diamond_legalizer"": 1, ""disable_window_extension"": 0}",FAILED,5040703.3,5040703.3,0.0,-100.0,-1.0,False
44,4,4,RISCY-FPU-b-3-c20,2,"{""max_displacement"": 20, ""site_search_window"": 30, ""row_search_window"": 2, ""disallow_one_site_gaps"": 0, ""use_diamond_legalizer"": 1, ""disable_window_extension"": 0}","{""max_displacement"": 10, ""site_search_window"": 20, ""row_search_window"": 0, ""disallow_one_site_gaps"": 0, ""use_diamond_legalizer"": 1, ""disable_window_extension"": 0}",FAILED,5040703.3,5040703.3,0.0,-100.0,-1.0,False
44,4,5,RISCY-FPU-b-3-c20,1,"{""max_displacement"": 10, ""site_search_window"": 20, ""row_search_window"": 0, ""disallow_one_site_gaps"": 0, ""use_diamond_legalizer"": 1, ""disable_window_extension"": 0}","{""max_displacement"": 20, ""site_search_window"": 30, ""row_search_window"": 2, ""disallow_one_site_gaps"": 0, ""use_diamond_legalizer"": 1, ""disable_window_extension"": 0}",FAILED,5040703.3,5040703.3,0.0,-100.0,-1.0,False
44,4,6,RISCY-FPU-b-3-c20,1,"{""max_displacement"": 20, ""site_search_window"": 30, ""row_search_window"": 2, ""disallow_one_site_gaps"": 0, ""use_diamond_legalizer"": 1, ""disable_window_extension"": 0}","{""max_displacement"": 30, ""site_search_window"": 40, ""row_search_window"": 4, ""disallow_one_site_gaps"": 0, ""use_diamond_legalizer"": 1, ""disable_window_extension"": 0}",FAILED,5040703.3,5040703.3,0.0,-100.0,-1.0,False
44,4,7,RISCY-FPU-b-3-c20,0,"{""max_displacement"": 30, ""site_search_window"": 40, ""row_search_window"": 4, ""disallow_one_site_gaps"": 0, ""use_diamond_legalizer"": 1, ""disable_window_extension"": 0}","{""max_displacement"": 30, ""site_search_window"": 40, ""row_search_window"": 4, ""disallow_one_site_gaps"": true, ""use_diamond_legalizer"": 1, ""disable_window_extension"": true}",FAILED,5040703.3,5040703.3,0.0,-100.0,-1.0,False
44,4,8,RISCY-FPU-b-3-c20,2,"{""max_displacement"": 30, ""site_search_window"": 40, ""row_search_window"": 4, ""disallow_one_site_gaps"": true, ""use_diamond_legalizer"": 1, ""disable_window_extension"": true}","{""max_displacement"": 20, ""site_search_window"": 30, ""row_search_window"": 2, ""disallow_one_site_gaps"": true, ""use_diamond_legalizer"": 1, ""disable_window_extension"": true}",FAILED,5040703.3,5040703.3,0.0,-100.0,-1.0,False
44,4,9,RISCY-FPU-b-3-c20,5,"{""max_displacement"": 20, ""site_search_window"": 30, ""row_search_window"": 2, ""disallow_one_site_gaps"": true, ""use_diamond_legalizer"": 1, ""disable_window_extension"": true}","{""max_displacement"": 30, ""site_search_window"": 40, ""row_search_window"": 2, ""disallow_one_site_gaps"": true, ""use_diamond_legalizer"": 1, ""disable_window_extension"": true}",FAILED,5040703.3,5040703.3,0.0,-100.0,-1.0,False
44,4,10,RISCY-FPU-b-3-c20,3,"{""max_displacement"": 30, ""site_search_window"": 40, ""row_search_window"": 2, ""disallow_one_site_gaps"": true, ""use_diamond_legalizer"": 1, ""disable_window_extension"": true}","{""max_displacement"": 30, ""site_search_window"": 50, ""row_search_window"": 4, ""disallow_one_site_gaps"": true, ""use_diamond_legalizer"": 1, ""disable_window_extension"": true}",FAILED,5040703.3,5040703.3,0.0,-100.0,-1.0,True
44,5,1,RISCY-FPU-b-1-c20,0,"{""max_displacement"": 0, ""site_search_window"": 0, ""row_search_window"": 0, ""disallow_one_site_gaps"": 0, ""use_diamond_legalizer"": 1, ""disable_window_extension"": 0}","{""max_displacement"": 0, ""site_search_window"": 0, ""row_search_window"": 0, ""disallow_one_site_gaps"": true, ""use_diamond_legalizer"": 1, ""disable_window_extension"": true}",VALID,3678521.9,3678521.9,0.0,0.0,0.0,False
44,5,2,RISCY-FPU-b-1-c20,5,"{""max_displacement"": 0, ""site_search_window"": 0, ""row_search_window"": 0, ""disallow_one_site_gaps"": true, ""use_diamond_legalizer"": 1, ""disable_window_extension"": true}","{""max_displacement"": 10, ""site_search_window"": 10, ""row_search_window"": 0, ""disallow_one_site_gaps"": true, ""use_diamond_legalizer"": 1, ""disable_window_extension"": true}",FAILED,3678521.9,3678521.9,0.0,-100.0,-1.0,False
44,5,3,RISCY-FPU-b-1-c20,7,"{""max_displacement"": 10, ""site_search_window"": 10, ""row_search_window"": 0, ""disallow_one_site_gaps"": true, ""use_diamond_legalizer"": 1, ""disable_window_extension"": true}","{""max_displacement"": 10, ""site_search_window"": 10, ""row_search_window"": 0, ""disallow_one_site_gaps"": true, ""use_diamond_legalizer"": 1, ""disable_window_extension"": true}",FAILED,3678521.9,3678521.9,0.0,-100.0,-1.0,False
44,5,4,RISCY-FPU-b-1-c20,1,"{""max_displacement"": 10, ""site_search_window"": 10, ""row_search_window"": 0, ""disallow_one_site_gaps"": true, ""use_diamond_legalizer"": 1, ""disable_window_extension"": true}","{""max_displacement"": 20, ""site_search_window"": 20, ""row_search_window"": 2, ""disallow_one_site_gaps"": true, ""use_diamond_legalizer"": 1, ""disable_window_extension"": true}",VALID,3678521.9,3678521.9,0.0,0.0,0.0,False
44,5,5,RISCY-FPU-b-1-c20,0,"{""max_displacement"": 20, ""site_search_window"": 20, ""row_search_window"": 2, ""disallow_one_site_gaps"": true, ""use_diamond_legalizer"": 1, ""disable_window_extension"": true}","{""max_displacement"": 20, ""site_search_window"": 20, ""row_search_window"": 2, ""disallow_one_site_gaps"": false, ""use_diamond_legalizer"": 1, ""disable_window_extension"": false}",VALID,3678521.9,3678521.9,0.0,0.0,0.0,False
44,5,6,RISCY-FPU-b-1-c20,7,"{""max_displacement"": 20, ""site_search_window"": 20, ""row_search_window"": 2, ""disallow_one_site_gaps"": false, ""use_diamond_legalizer"": 1, ""disable_window_extension"": false}","{""max_displacement"": 20, ""site_search_window"": 20, ""row_search_window"": 2, ""disallow_one_site_gaps"": false, ""use_diamond_legalizer"": 1, ""disable_window_extension"": false}",VALID,3678521.9,3678521.9,0.0,0.0,0.0,False
44,5,7,RISCY-FPU-b-1-c20,3,"{""max_displacement"": 20, ""site_search_window"": 20, ""row_search_window"": 2, ""disallow_one_site_gaps"": false, ""use_diamond_legalizer"": 1, ""disable_window_extension"": false}","{""max_displacement"": 20, ""site_search_window"": 30, ""row_search_window"": 4, ""disallow_one_site_gaps"": false, ""use_diamond_legalizer"": 1, ""disable_window_extension"": false}",VALID,3678521.9,3678521.9,0.0,0.0,0.0,False
44,5,8,RISCY-FPU-b-1-c20,4,"{""max_displacement"": 20, ""site_search_window"": 30, ""row_search_window"": 4, ""disallow_one_site_gaps"": false, ""use_diamond_legalizer"": 1, ""disable_window_extension"": false}","{""max_displacement"": 20, ""site_search_window"": 20, ""row_search_window"": 2, ""disallow_one_site_gaps"": false, ""use_diamond_legalizer"": 1, ""disable_window_extension"": false}",VALID,3678521.9,3678521.9,0.0,0.0,0.0,False
44,5,9,RISCY-FPU-b-1-c20,1,"{""max_displacement"": 20, ""site_search_window"": 20, ""row_search_window"": 2, ""disallow_one_site_gaps"": false, ""use_diamond_legalizer"": 1, ""disable_window_extension"": false}","{""max_displacement"": 30, ""site_search_window"": 30, ""row_search_window"": 4, ""disallow_one_site_gaps"": false, ""use_diamond_legalizer"": 1, ""disable_window_extension"": false}",VALID,3678521.9,3678521.9,0.0,0.0,0.0,False
44,5,10,RISCY-FPU-b-1-c20,4,"{""max_displacement"": 30, ""site_search_window"": 30, ""row_search_window"": 4, ""disallow_one_site_gaps"": false, ""use_diamond_legalizer"": 1, ""disable_window_extension"": false}","{""max_displacement"": 30, ""site_search_window"": 20, ""row_search_window"": 2, ""disallow_one_site_gaps"": false, ""use_diamond_legalizer"": 1, ""disable_window_extension"": false}",VALID,3678521.9,3678521.9,0.0,0.0,0.0,True
44,6,1,RISCY-b-3-c5,1,"{""max_displacement"": 0, ""site_search_window"": 0, ""row_search_window"": 0, ""disallow_one_site_gaps"": 0, ""use_diamond_legalizer"": 1, ""disable_window_extension"": 0}","{""max_displacement"": 10, ""site_search_window"": 10, ""row_search_window"": 2, ""disallow_one_site_gaps"": 0, ""use_diamond_legalizer"": 1, ""disable_window_extension"": 0}",VALID,3393677.9,3393677.9,0.0,0.0,0.0,False
44,6,2,RISCY-b-3-c5,6,"{""max_displacement"": 10, ""site_search_window"": 10, ""row_search_window"": 2, ""disallow_one_site_gaps"": 0, ""use_diamond_legalizer"": 1, ""disable_window_extension"": 0}","{""max_displacement"": 0, ""site_search_window"": 0, ""row_search_window"": 2, ""disallow_one_site_gaps"": 0, ""use_diamond_legalizer"": 1, ""disable_window_extension"": 0}",VALID,3393677.9,3393677.9,0.0,0.0,0.0,False
44,6,3,RISCY-b-3-c5,0,"{""max_displacement"": 0, ""site_search_window"": 0, ""row_search_window"": 2, ""disallow_one_site_gaps"": 0, ""use_diamond_legalizer"": 1, ""disable_window_extension"": 0}","{""max_displacement"": 0, ""site_search_window"": 0, ""row_search_window"": 2, ""disallow_one_site_gaps"": true, ""use_diamond_legalizer"": 1, ""disable_window_extension"": true}",VALID,3393677.9,3393677.9,0.0,0.0,0.0,False
44,6,4,RISCY-b-3-c5,3,"{""max_displacement"": 0, ""site_search_window"": 0, ""row_search_window"": 2, ""disallow_one_site_gaps"": true, ""use_diamond_legalizer"": 1, ""disable_window_extension"": true}","{""max_displacement"": 0, ""site_search_window"": 10, ""row_search_window"": 4, ""disallow_one_site_gaps"": true, ""use_diamond_legalizer"": 1, ""disable_window_extension"": true}",VALID,3393677.9,3393677.9,0.0,0.0,0.0,False
44,6,5,RISCY-b-3-c5,6,"{""max_displacement"": 0, ""site_search_window"": 10, ""row_search_window"": 4, ""disallow_one_site_gaps"": true, ""use_diamond_legalizer"": 1, ""disable_window_extension"": true}","{""max_displacement"": 0, ""site_search_window"": 0, ""row_search_window"": 4, ""disallow_one_site_gaps"": true, ""use_diamond_legalizer"": 1, ""disable_window_extension"": true}",VALID,3393677.9,3393677.9,0.0,0.0,0.0,False
44,6,6,RISCY-b-3-c5,6,"{""max_displacement"": 0, ""site_search_window"": 0, ""row_search_window"": 4, ""disallow_one_site_gaps"": true, ""use_diamond_legalizer"": 1, ""disable_window_extension"": true}","{""max_displacement"": 0, ""site_search_window"": 0, ""row_search_window"": 4, ""disallow_one_site_gaps"": true, ""use_diamond_legalizer"": 1, ""disable_window_extension"": true}",VALID,3393677.9,3393677.9,0.0,0.0,0.0,False
44,6,7,RISCY-b-3-c5,3,"{""max_displacement"": 0, ""site_search_window"": 0, ""row_search_window"": 4, ""disallow_one_site_gaps"": true, ""use_diamond_legalizer"": 1, ""disable_window_extension"": true}","{""max_displacement"": 0, ""site_search_window"": 10, ""row_search_window"": 6, ""disallow_one_site_gaps"": true, ""use_diamond_legalizer"": 1, ""disable_window_extension"": true}",VALID,3393677.9,3393677.9,0.0,0.0,0.0,False
44,6,8,RISCY-b-3-c5,2,"{""max_displacement"": 0, ""site_search_window"": 10, ""row_search_window"": 6, ""disallow_one_site_gaps"": true, ""use_diamond_legalizer"": 1, ""disable_window_extension"": true}","{""max_displacement"": 0, ""site_search_window"": 0, ""row_search_window"": 4, ""disallow_one_site_gaps"": true, ""use_diamond_legalizer"": 1, ""disable_window_extension"": true}",VALID,3393677.9,3393677.9,0.0,0.0,0.0,False
44,6,9,RISCY-b-3-c5,4,"{""max_displacement"": 0, ""site_search_window"": 0, ""row_search_window"": 4, ""disallow_one_site_gaps"": true, ""use_diamond_legalizer"": 1, ""disable_window_extension"": true}","{""max_displacement"": 0, ""site_search_window"": 0, ""row_search_window"": 2, ""disallow_one_site_gaps"": true, ""use_diamond_legalizer"": 1, ""disable_window_extension"": true}",VALID,3393677.9,3393677.9,0.0,0.0,0.0,False
44,6,10,RISCY-b-3-c5,2,"{""max_displacement"": 0, ""site_search_window"": 0, ""row_search_window"": 2, ""disallow_one_site_gaps"": true, ""use_diamond_legalizer"": 1, ""disable_window_extension"": true}","{""max_displacement"": 0, ""site_search_window"": 0, ""row_search_window"": 0, ""disallow_one_site_gaps"": true, ""use_diamond_legalizer"": 1, ""disable_window_extension"": true}",VALID,3393677.9,3393677.9,0.0,0.0,0.0,True
44,7,1,RISCY-a-2-c2,6,"{""max_displacement"": 0, ""site_search_window"": 0, ""row_search_window"": 0, ""disallow_one_site_gaps"": 0, ""use_diamond_legalizer"": 1, ""disable_window_extension"": 0}","{""max_displacement"": 0, ""site_search_window"": 0, ""row_search_window"": 0, ""disallow_one_site_gaps"": 0, ""use_diamond_legalizer"": 1, ""disable_window_extension"": 0}",VALID,4861249.7,4861249.7,0.0,0.0,0.0,False
44,7,2,RISCY-a-2-c2,7,"{""max_displacement"": 0, ""site_search_window"": 0, ""row_search_window"": 0, ""disallow_one_site_gaps"": 0, ""use_diamond_legalizer"": 1, ""disable_window_extension"": 0}","{""max_displacement"": 0, ""site_search_window"": 0, ""row_search_window"": 0, ""disallow_one_site_gaps"": 0, ""use_diamond_legalizer"": 1, ""disable_window_extension"": 0}",VALID,4861249.7,4861249.7,0.0,0.0,0.0,False
44,7,3,RISCY-a-2-c2,0,"{""max_displacement"": 0, ""site_search_window"": 0, ""row_search_window"": 0, ""disallow_one_site_gaps"": 0, ""use_diamond_legalizer"": 1, ""disable_window_extension"": 0}","{""max_displacement"": 0, ""site_search_window"": 0, ""row_search_window"": 0, ""disallow_one_site_gaps"": true, ""use_diamond_legalizer"": 1, ""disable_window_extension"": true}",VALID,4861249.7,4861249.7,0.0,0.0,0.0,False
44,7,4,RISCY-a-2-c2,3,"{""max_displacement"": 0, ""site_search_window"": 0, ""row_search_window"": 0, ""disallow_one_site_gaps"": true, ""use_diamond_legalizer"": 1, ""disable_window_extension"": true}","{""max_displacement"": 0, ""site_search_window"": 10, ""row_search_window"": 2, ""disallow_one_site_gaps"": true, ""use_diamond_legalizer"": 1, ""disable_window_extension"": true}",VALID,4861249.7,4861249.7,0.0,0.0,0.0,False
44,7,5,RISCY-a-2-c2,4,"{""max_displacement"": 0, ""site_search_window"": 10, ""row_search_window"": 2, ""disallow_one_site_gaps"": true, ""use_diamond_legalizer"": 1, ""disable_window_extension"": true}","{""max_displacement"": 0, ""site_search_window"": 0, ""row_search_window"": 0, ""disallow_one_site_gaps"": true, ""use_diamond_legalizer"": 1, ""disable_window_extension"": true}",VALID,4861249.7,4861249.7,0.0,0.0,0.0,False
44,7,6,RISCY-a-2-c2,0,"{""max_displacement"": 0, ""site_search_window"": 0, ""row_search_window"": 0, ""disallow_one_site_gaps"": true, ""use_diamond_legalizer"": 1, ""disable_window_extension"": true}","{""max_displacement"": 0, ""site_search_window"": 0, ""row_search_window"": 0, ""disallow_one_site_gaps"": false, ""use_diamond_legalizer"": 1, ""disable_window_extension"": false}",VALID,4861249.7,4861249.7,0.0,0.0,0.0,False
44,7,7,RISCY-a-2-c2,2,"{""max_displacement"": 0, ""site_search_window"": 0, ""row_search_window"": 0, ""disallow_one_site_gaps"": false, ""use_diamond_legalizer"": 1, ""disable_window_extension"": false}","{""max_displacement"": 0, ""site_search_window"": 0, ""row_search_window"": 0, ""disallow_one_site_gaps"": false, ""use_diamond_legalizer"": 1, ""disable_window_extension"": false}",VALID,4861249.7,4861249.7,0.0,0.0,0.0,False
44,7,8,RISCY-a-2-c2,3,"{""max_displacement"": 0, ""site_search_window"": 0, ""row_search_window"": 0, ""disallow_one_site_gaps"": false, ""use_diamond_legalizer"": 1, ""disable_window_extension"": false}","{""max_displacement"": 0, ""site_search_window"": 10, ""row_search_window"": 2, ""disallow_one_site_gaps"": false, ""use_diamond_legalizer"": 1, ""disable_window_extension"": false}",VALID,4861249.7,4861249.7,0.0,0.0,0.0,False
44,7,9,RISCY-a-2-c2,5,"{""max_displacement"": 0, ""site_search_window"": 10, ""row_search_window"": 2, ""disallow_one_site_gaps"": false, ""use_diamond_legalizer"": 1, ""disable_window_extension"": false}","{""max_displacement"": 10, ""site_search_window"": 20, ""row_search_window"": 2, ""disallow_one_site_gaps"": false, ""use_diamond_legalizer"": 1, ""disable_window_extension"": false}",FAILED,4861249.7,4861249.7,0.0,-100.0,-1.0,False
44,7,10,RISCY-a-2-c2,7,"{""max_displacement"": 10, ""site_search_window"": 20, ""row_search_window"": 2, ""disallow_one_site_gaps"": false, ""use_diamond_legalizer"": 1, ""disable_window_extension"": false}","{""max_displacement"": 10, ""site_search_window"": 20, ""row_search_window"": 2, ""disallow_one_site_gaps"": false, ""use_diamond_legalizer"": 1, ""disable_window_extension"": false}",FAILED,4861249.7,4861249.7,0.0,-100.0,-1.0,True
44,8,1,RISCY-FPU-b-1-c2,1,"{""max_displacement"": 0, ""site_search_window"": 0, ""row_search_window"": 0, ""disallow_one_site_gaps"": 0, ""use_diamond_legalizer"": 1, ""disable_window_extension"": 0}","{""max_displacement"": 10, ""site_search_window"": 10, ""row_search_window"": 2, ""disallow_one_site_gaps"": 0, ""use_diamond_legalizer"": 1, ""disable_window_extension"": 0}",VALID,5067893.3,5067893.3,0.0,0.0,0.0,False
44,8,2,RISCY-FPU-b-1-c2,3,"{""max_displacement"": 10, ""site_search_window"": 10, ""row_search_window"": 2, ""disallow_one_site_gaps"": 0, ""use_diamond_legalizer"": 1, ""disable_window_extension"": 0}","{""max_displacement"": 10, ""site_search_window"": 20, ""row_search_window"": 4, ""disallow_one_site_gaps"": 0, ""use_diamond_legalizer"": 1, ""disable_window_extension"": 0}",VALID,5067893.3,5067893.3,0.0,0.0,0.0,False
44,8,3,RISCY-FPU-b-1-c2,2,"{""max_displacement"": 10, ""site_search_window"": 20, ""row_search_window"": 4, ""disallow_one_site_gaps"": 0, ""use_diamond_legalizer"": 1, ""disable_window_extension"": 0}","{""max_displacement"": 0, ""site_search_window"": 10, ""row_search_window"": 2, ""disallow_one_site_gaps"": 0, ""use_diamond_legalizer"": 1, ""disable_window_extension"": 0}",VALID,5067893.3,5067893.3,0.0,0.0,0.0,False
44,8,4,RISCY-FPU-b-1-c2,1,"{""max_displacement"": 0, ""site_search_window"": 10, ""row_search_window"": 2, ""disallow_one_site_gaps"": 0, ""use_diamond_legalizer"": 1, ""disable_window_extension"": 0}","{""max_displacement"": 10, ""site_search_window"": 20, ""row_search_window"": 4, ""disallow_one_site_gaps"": 0, ""use_diamond_legalizer"": 1, ""disable_window_extension"": 0}",VALID,5067893.3,5067893.3,0.0,0.0,0.0,False
44,8,5,RISCY-FPU-b-1-c2,7,"{""max_displacement"": 10, ""site_search_window"": 20, ""row_search_window"": 4, ""disallow_one_site_gaps"": 0, ""use_diamond_legalizer"": 1, ""disable_window_extension"": 0}","{""max_displacement"": 10, ""site_search_window"": 20, ""row_search_window"": 4, ""disallow_one_site_gaps"": 0, ""use_diamond_legalizer"": 1, ""disable_window_extension"": 0}",VALID,5067893.3,5067893.3,0.0,0.0,0.0,False
44,8,6,RISCY-FPU-b-1-c2,5,"{""max_displacement"": 10, ""site_search_window"": 20, ""row_search_window"": 4, ""disallow_one_site_gaps"": 0, ""use_diamond_legalizer"": 1, ""disable_window_extension"": 0}","{""max_displacement"": 20, ""site_search_window"": 30, ""row_search_window"": 4, ""disallow_one_site_gaps"": 0, ""use_diamond_legalizer"": 1, ""disable_window_extension"": 0}",VALID,5067893.3,5067893.3,0.0,0.0,0.0,False
44,8,7,RISCY-FPU-b-1-c2,3,"{""max_displacement"": 20, ""site_search_window"": 30, ""row_search_window"": 4, ""disallow_one_site_gaps"": 0, ""use_diamond_legalizer"": 1, ""disable_window_extension"": 0}","{""max_displacement"": 20, ""site_search_window"": 40, ""row_search_window"": 6, ""disallow_one_site_gaps"": 0, ""use_diamond_legalizer"": 1, ""disable_window_extension"": 0}",VALID,5067893.3,5067893.3,0.0,0.0,0.0,False
44,8,8,RISCY-FPU-b-1-c2,4,"{""max_displacement"": 20, ""site_search_window"": 40, ""row_search_window"": 6, ""disallow_one_site_gaps"": 0, ""use_diamond_legalizer"": 1, ""disable_window_extension"": 0}","{""max_displacement"": 20, ""site_search_window"": 30, ""row_search_window"": 4, ""disallow_one_site_gaps"": 0, ""use_diamond_legalizer"": 1, ""disable_window_extension"": 0}",VALID,5067893.3,5067893.3,0.0,0.0,0.0,False
44,8,9,RISCY-FPU-b-1-c2,3,"{""max_displacement"": 20, ""site_search_window"": 30, ""row_search_window"": 4, ""disallow_one_site_gaps"": 0, ""use_diamond_legalizer"": 1, ""disable_window_extension"": 0}","{""max_displacement"": 20, ""site_search_window"": 40, ""row_search_window"": 6, ""disallow_one_site_gaps"": 0, ""use_diamond_legalizer"": 1, ""disable_window_extension"": 0}",VALID,5067893.3,5067893.3,0.0,0.0,0.0,False
44,8,10,RISCY-FPU-b-1-c2,2,"{""max_displacement"": 20, ""site_search_window"": 40, ""row_search_window"": 6, ""disallow_one_site_gaps"": 0, ""use_diamond_legalizer"": 1, ""disable_window_extension"": 0}","{""max_displacement"": 10, ""site_search_window"": 30, ""row_search_window"": 4, ""disallow_one_site_gaps"": 0, ""use_diamond_legalizer"": 1, ""disable_window_extension"": 0}",VALID,5067893.3,5067893.3,0.0,0.0,0.0,True
44,9,1,RISCY-a-2-c2,7,"{""max_displacement"": 0, ""site_search_window"": 0, ""row_search_window"": 0, ""disallow_one_site_gaps"": 0, ""use_diamond_legalizer"": 1, ""disable_window_extension"": 0}","{""max_displacement"": 0, ""site_search_window"": 0, ""row_search_window"": 0, ""disallow_one_site_gaps"": 0, ""use_diamond_legalizer"": 1, ""disable_window_extension"": 0}",VALID,4861249.7,4861249.7,0.0,0.0,0.0,False
44,9,2,RISCY-a-2-c2,7,"{""max_displacement"": 0, ""site_search_window"": 0, ""row_search_window"": 0, ""disallow_one_site_gaps"": 0, ""use_diamond_legalizer"": 1, ""disable_window_extension"": 0}","{""max_displacement"": 0, ""site_search_window"": 0, ""row_search_window"": 0, ""disallow_one_site_gaps"": 0, ""use_diamond_legalizer"": 1, ""disable_window_extension"": 0}",VALID,4861249.7,4861249.7,0.0,0.0,0.0,False
44,9,3,RISCY-a-2-c2,0,"{""max_displacement"": 0, ""site_search_window"": 0, ""row_search_window"": 0, ""disallow_one_site_gaps"": 0, ""use_diamond_legalizer"": 1, ""disable_window_extension"": 0}","{""max_displacement"": 0, ""site_search_window"": 0, ""row_search_window"": 0, ""disallow_one_site_gaps"": true, ""use_diamond_legalizer"": 1, ""disable_window_extension"": true}",VALID,4861249.7,4861249.7,0.0,0.0,0.0,False
44,9,4,RISCY-a-2-c2,6,"{""max_displacement"": 0, ""site_search_window"": 0, ""row_search_window"": 0, ""disallow_one_site_gaps"": true, ""use_diamond_legalizer"": 1, ""disable_window_extension"": true}","{""max_displacement"": 0, ""site_search_window"": 0, ""row_search_window"": 0, ""disallow_one_site_gaps"": true, ""use_diamond_legalizer"": 1, ""disable_window_extension"": true}",VALID,4861249.7,4861249.7,0.0,0.0,0.0,False
44,9,5,RISCY-a-2-c2,6,"{""max_displacement"": 0, ""site_search_window"": 0, ""row_search_window"": 0, ""disallow_one_site_gaps"": true, ""use_diamond_legalizer"": 1, ""disable_window_extension"": true}","{""max_displacement"": 0, ""site_search_window"": 0, ""row_search_window"": 0, ""disallow_one_site_gaps"": true, ""use_diamond_legalizer"": 1, ""disable_window_extension"": true}",VALID,4861249.7,4861249.7,0.0,0.0,0.0,False
44,9,6,RISCY-a-2-c2,6,"{""max_displacement"": 0, ""site_search_window"": 0, ""row_search_window"": 0, ""disallow_one_site_gaps"": true, ""use_diamond_legalizer"": 1, ""disable_window_extension"": true}","{""max_displacement"": 0, ""site_search_window"": 0, ""row_search_window"": 0, ""disallow_one_site_gaps"": true, ""use_diamond_legalizer"": 1, ""disable_window_extension"": true}",VALID,4861249.7,4861249.7,0.0,0.0,0.0,False
44,9,7,RISCY-a-2-c2,7,"{""max_displacement"": 0, ""site_search_window"": 0, ""row_search_window"": 0, ""disallow_one_site_gaps"": true, ""use_diamond_legalizer"": 1, ""disable_window_extension"": true}","{""max_displacement"": 0, ""site_search_window"": 0, ""row_search_window"": 0, ""disallow_one_site_gaps"": true, ""use_diamond_legalizer"": 1, ""disable_window_extension"": true}",VALID,4861249.7,4861249.7,0.0,0.0,0.0,False
44,9,8,RISCY-a-2-c2,7,"{""max_displacement"": 0, ""site_search_window"": 0, ""row_search_window"": 0, ""disallow_one_site_gaps"": true, ""use_diamond_legalizer"": 1, ""disable_window_extension"": true}","{""max_displacement"": 0, ""site_search_window"": 0, ""row_search_window"": 0, ""disallow_one_site_gaps"": true, ""use_diamond_legalizer"": 1, ""disable_window_extension"": true}",VALID,4861249.7,4861249.7,0.0,0.0,0.0,False
44,9,9,RISCY-a-2-c2,5,"{""max_displacement"": 0, ""site_search_window"": 0, ""row_search_window"": 0, ""disallow_one_site_gaps"": true, ""use_diamond_legalizer"": 1, ""disable_window_extension"": true}","{""max_displacement"": 10, ""site_search_window"": 10, ""row_search_window"": 0, ""disallow_one_site_gaps"": true, ""use_diamond_legalizer"": 1, ""disable_window_extension"": true}",FAILED,4861249.7,4861249.7,0.0,-100.0,-1.0,False
44,9,10,RISCY-a-2-c2,3,"{""max_displacement"": 10, ""site_search_window"": 10, ""row_search_window"": 0, ""disallow_one_site_gaps"": true, ""use_diamond_legalizer"": 1, ""disable_window_extension"": true}","{""max_displacement"": 10, ""site_search_window"": 20, ""row_search_window"": 2, ""disallow_one_site_gaps"": true, ""use_diamond_legalizer"": 1, ""disable_window_extension"": true}",FAILED,4861249.7,4861249.7,0.0,-100.0,-1.0,True
44,10,1,zero-riscy-b-1-c5,6,"{""max_displacement"": 0, ""site_search_window"": 0, ""row_search_window"": 0, ""disallow_one_site_gaps"": 0, ""use_diamond_legalizer"": 1, ""disable_window_extension"": 0}","{""max_displacement"": 0, ""site_search_window"": 0, ""row_search_window"": 0, ""disallow_one_site_gaps"": 0, ""use_diamond_legalizer"": 1, ""disable_window_extension"": 0}",VALID,2082484.8,2082484.8,0.0,0.0,0.0,False
44,10,2,zero-riscy-b-1-c5,1,"{""max_displacement"": 0, ""site_search_window"": 0, ""row_search_window"": 0, ""disallow_one_site_gaps"": 0, ""use_diamond_legalizer"": 1, ""disable_window_extension"": 0}","{""max_displacement"": 10, ""site_search_window"": 10, ""row_search_window"": 2, ""disallow_one_site_gaps"": 0, ""use_diamond_legalizer"": 1, ""disable_window_extension"": 0}",FAILED,2082484.8,2082484.8,0.0,-100.0,-1.0,False
44,10,3,zero-riscy-b-1-c5,5,"{""max_displacement"": 10, ""site_search_window"": 10, ""row_search_window"": 2, ""disallow_one_site_gaps"": 0, ""use_diamond_legalizer"": 1, ""disable_window_extension"": 0}","{""max_displacement"": 20, ""site_search_window"": 20, ""row_search_window"": 2, ""disallow_one_site_gaps"": 0, ""use_diamond_legalizer"": 1, ""disable_window_extension"": 0}",VALID,2082484.8,2082484.8,0.0,0.0,0.0,False
44,10,4,zero-riscy-b-1-c5,4,"{""max_displacement"": 20, ""site_search_window"": 20, ""row_search_window"": 2, ""disallow_one_site_gaps"": 0, ""use_diamond_legalizer"": 1, ""disable_window_extension"": 0}","{""max_displacement"": 20, ""site_search_window"": 10, ""row_search_window"": 0, ""disallow_one_site_gaps"": 0, ""use_diamond_legalizer"": 1, ""disable_window_extension"": 0}",VALID,2082484.8,2082484.8,0.0,0.0,0.0,False
44,10,5,zero-riscy-b-1-c5,1,"{""max_displacement"": 20, ""site_search_window"": 10, ""row_search_window"": 0, ""disallow_one_site_gaps"": 0, ""use_diamond_legalizer"": 1, ""disable_window_extension"": 0}","{""max_displacement"": 30, ""site_search_window"": 20, ""row_search_window"": 2, ""disallow_one_site_gaps"": 0, ""use_diamond_legalizer"": 1, ""disable_window_extension"": 0}",VALID,2082484.8,2082484.8,0.0,0.0,0.0,False
44,10,6,zero-riscy-b-1-c5,0,"{""max_displacement"": 30, ""site_search_window"": 20, ""row_search_window"": 2, ""disallow_one_site_gaps"": 0, ""use_diamond_legalizer"": 1, ""disable_window_extension"": 0}","{""max_displacement"": 30, ""site_search_window"": 20, ""row_search_window"": 2, ""disallow_one_site_gaps"": true, ""use_diamond_legalizer"": 1, ""disable_window_extension"": true}",VALID,2082484.8,2082484.8,0.0,0.0,0.0,False
44,10,7,zero-riscy-b-1-c5,5,"{""max_displacement"": 30, ""site_search_window"": 20, ""row_search_window"": 2, ""disallow_one_site_gaps"": true, ""use_diamond_legalizer"": 1, ""disable_window_extension"": true}","{""max_displacement"": 40, ""site_search_window"": 30, ""row_search_window"": 2, ""disallow_one_site_gaps"": true, ""use_diamond_legalizer"": 1, ""disable_window_extension"": true}",VALID,2082484.8,2082484.8,0.0,0.0,0.0,False
44,10,8,zero-riscy-b-1-c5,2,"{""max_displacement"": 40, ""site_search_window"": 30, ""row_search_window"": 2, ""disallow_one_site_gaps"": true, ""use_diamond_legalizer"": 1, ""disable_window_extension"": true}","{""max_displacement"": 30, ""site_search_window"": 20, ""row_search_window"": 0, ""disallow_one_site_gaps"": true, ""use_diamond_legalizer"": 1, ""disable_window_extension"": true}",VALID,2082484.8,2082484.8,0.0,0.0,0.0,False
44,10,9,zero-riscy-b-1-c5,2,"{""max_displacement"": 30, ""site_search_window"": 20, ""row_search_window"": 0, ""disallow_one_site_gaps"": true, ""use_diamond_legalizer"": 1, ""disable_window_extension"": true}","{""max_displacement"": 20, ""site_search_window"": 10, ""row_search_window"": 0, ""disallow_one_site_gaps"": true, ""use_diamond_legalizer"": 1, ""disable_window_extension"": true}",VALID,2082484.8,2082484.8,0.0,0.0,0.0,False
44,10,10,zero-riscy-b-1-c5,7,"{""max_displacement"": 20, ""site_search_window"": 10, ""row_search_window"": 0, ""disallow_one_site_gaps"": true, ""use_diamond_legalizer"": 1, ""disable_window_extension"": true}","{""max_displacement"": 20, ""site_search_window"": 10, ""row_search_window"": 0, ""disallow_one_site_gaps"": true, ""use_diamond_legalizer"": 1, ""disable_window_extension"": true}",VALID,2082484.8,2082484.8,0.0,0.0,0.0,True
44,11,1,RISCY-b-3-c2,2,"{""max_displacement"": 0, ""site_search_window"": 0, ""row_search_window"": 0, ""disallow_one_site_gaps"": 0, ""use_diamond_legalizer"": 1, ""disable_window_extension"": 0}","{""max_displacement"": 0, ""site_search_window"": 0, ""row_search_window"": 0, ""disallow_one_site_gaps"": 0, ""use_diamond_legalizer"": 1, ""disable_window_extension"": 0}",VALID,4119260.8,4119260.8,0.0,0.0,0.0,False
44,11,2,RISCY-b-3-c2,4,"{""max_displacement"": 0, ""site_search_window"": 0, ""row_search_window"": 0, ""disallow_one_site_gaps"": 0, ""use_diamond_legalizer"": 1, ""disable_window_extension"": 0}","{""max_displacement"": 0, ""site_search_window"": 0, ""row_search_window"": 0, ""disallow_one_site_gaps"": 0, ""use_diamond_legalizer"": 1, ""disable_window_extension"": 0}",VALID,4119260.8,4119260.8,0.0,0.0,0.0,False
44,11,3,RISCY-b-3-c2,3,"{""max_displacement"": 0, ""site_search_window"": 0, ""row_search_window"": 0, ""disallow_one_site_gaps"": 0, ""use_diamond_legalizer"": 1, ""disable_window_extension"": 0}","{""max_displacement"": 0, ""site_search_window"": 10, ""row_search_window"": 2, ""disallow_one_site_gaps"": 0, ""use_diamond_legalizer"": 1, ""disable_window_extension"": 0}",VALID,4119260.8,4119260.8,0.0,0.0,0.0,False
44,11,4,RISCY-b-3-c2,6,"{""max_displacement"": 0, ""site_search_window"": 10, ""row_search_window"": 2, ""disallow_one_site_gaps"": 0, ""use_diamond_legalizer"": 1, ""disable_window_extension"": 0}","{""max_displacement"": 0, ""site_search_window"": 0, ""row_search_window"": 2, ""disallow_one_site_gaps"": 0, ""use_diamond_legalizer"": 1, ""disable_window_extension"": 0}",VALID,4119260.8,4119260.8,0.0,0.0,0.0,False
44,11,5,RISCY-b-3-c2,0,"{""max_displacement"": 0, ""site_search_window"": 0, ""row_search_window"": 2, ""disallow_one_site_gaps"": 0, ""use_diamond_legalizer"": 1, ""disable_window_extension"": 0}","{""max_displacement"": 0, ""site_search_window"": 0, ""row_search_window"": 2, ""disallow_one_site_gaps"": true, ""use_diamond_legalizer"": 1, ""disable_window_extension"": true}",VALID,4119260.8,4119260.8,0.0,0.0,0.0,False
44,11,6,RISCY-b-3-c2,3,"{""max_displacement"": 0, ""site_search_window"": 0, ""row_search_window"": 2, ""disallow_one_site_gaps"": true, ""use_diamond_legalizer"": 1, ""disable_window_extension"": true}","{""max_displacement"": 0, ""site_search_window"": 10, ""row_search_window"": 4, ""disallow_one_site_gaps"": true, ""use_diamond_legalizer"": 1, ""disable_window_extension"": true}",VALID,4119260.8,4119260.8,0.0,0.0,0.0,False
44,11,7,RISCY-b-3-c2,5,"{""max_displacement"": 0, ""site_search_window"": 10, ""row_search_window"": 4, ""disallow_one_site_gaps"": true, ""use_diamond_legalizer"": 1, ""disable_window_extension"": true}","{""max_displacement"": 10, ""site_search_window"": 20, ""row_search_window"": 4, ""disallow_one_site_gaps"": true, ""use_diamond_legalizer"": 1, ""disable_window_extension"": true}",VALID,4119260.8,4119224.9,35.89999999990687,0.0009,8.715155884256435e-06,False
44,11,8,RISCY-b-3-c2,7,"{""max_displacement"": 10, ""site_search_window"": 20, ""row_search_window"": 4, ""disallow_one_site_gaps"": true, ""use_diamond_legalizer"": 1, ""disable_window_extension"": true}","{""max_displacement"": 10, ""site_search_window"": 20, ""row_search_window"": 4, ""disallow_one_site_gaps"": true, ""use_diamond_legalizer"": 1, ""disable_window_extension"": true}",VALID,4119260.8,4119224.9,0.0,0.0,0.0,False
44,11,9,RISCY-b-3-c2,7,"{""max_displacement"": 10, ""site_search_window"": 20, ""row_search_window"": 4, ""disallow_one_site_gaps"": true, ""use_diamond_legalizer"": 1, ""disable_window_extension"": true}","{""max_displacement"": 10, ""site_search_window"": 20, ""row_search_window"": 4, ""disallow_one_site_gaps"": true, ""use_diamond_legalizer"": 1, ""disable_window_extension"": true}",VALID,4119260.8,4119224.9,0.0,0.0,0.0,False
44,11,10,RISCY-b-3-c2,7,"{""max_displacement"": 10, ""site_search_window"": 20, ""row_search_window"": 4, ""disallow_one_site_gaps"": true, ""use_diamond_legalizer"": 1, ""disable_window_extension"": true}","{""max_displacement"": 10, ""site_search_window"": 20, ""row_search_window"": 4, ""disallow_one_site_gaps"": true, ""use_diamond_legalizer"": 1, ""disable_window_extension"": true}",VALID,4119260.8,4119224.9,0.0,0.0,0.0,True
44,12,1,RISCY-FPU-b-1-c5,5,"{""max_displacement"": 0, ""site_search_window"": 0, ""row_search_window"": 0, ""disallow_one_site_gaps"": 0, ""use_diamond_legalizer"": 1, ""disable_window_extension"": 0}","{""max_displacement"": 10, ""site_search_window"": 10, ""row_search_window"": 0, ""disallow_one_site_gaps"": 0, ""use_diamond_legalizer"": 1, ""disable_window_extension"": 0}",VALID,4682989.8,4682989.8,0.0,0.0,0.0,False
44,12,2,RISCY-FPU-b-1-c5,3,"{""max_displacement"": 10, ""site_search_window"": 10, ""row_search_window"": 0, ""disallow_one_site_gaps"": 0, ""use_diamond_legalizer"": 1, ""disable_window_extension"": 0}","{""max_displacement"": 10, ""site_search_window"": 20, ""row_search_window"": 2, ""disallow_one_site_gaps"": 0, ""use_diamond_legalizer"": 1, ""disable_window_extension"": 0}",VALID,4682989.8,4682989.8,0.0,0.0,0.0,False
44,12,3,RISCY-FPU-b-1-c5,2,"{""max_displacement"": 10, ""site_search_window"": 20, ""row_search_window"": 2, ""disallow_one_site_gaps"": 0, ""use_diamond_legalizer"": 1, ""disable_window_extension"": 0}","{""max_displacement"": 0, ""site_search_window"": 10, ""row_search_window"": 0, ""disallow_one_site_gaps"": 0, ""use_diamond_legalizer"": 1, ""disable_window_extension"": 0}",VALID,4682989.8,4682989.8,0.0,0.0,0.0,False
44,12,4,RISCY-FPU-b-1-c5,3,"{""max_displacement"": 0, ""site_search_window"": 10, ""row_search_window"": 0, ""disallow_one_site_gaps"": 0, ""use_diamond_legalizer"": 1, ""disable_window_extension"": 0}","{""max_displacement"": 0, ""site_search_window"": 20, ""row_search_window"": 2, ""disallow_one_site_gaps"": 0, ""use_diamond_legalizer"": 1, ""disable_window_extension"": 0}",VALID,4682989.8,4682989.8,0.0,0.0,0.0,False
44,12,5,RISCY-FPU-b-1-c5,3,"{""max_displacement"": 0, ""site_search_window"": 20, ""row_search_window"": 2, ""disallow_one_site_gaps"": 0, ""use_diamond_legalizer"": 1, ""disable_window_extension"": 0}","{""max_displacement"": 0, ""site_search_window"": 30, ""row_search_window"": 4, ""disallow_one_site_gaps"": 0, ""use_diamond_legalizer"": 1, ""disable_window_extension"": 0}",VALID,4682989.8,4682989.8,0.0,0.0,0.0,False
44,12,6,RISCY-FPU-b-1-c5,3,"{""max_displacement"": 0, ""site_search_window"": 30, ""row_search_window"": 4, ""disallow_one_site_gaps"": 0, ""use_diamond_legalizer"": 1, ""disable_window_extension"": 0}","{""max_displacement"": 0, ""site_search_window"": 40, ""row_search_window"": 6, ""disallow_one_site_gaps"": 0, ""use_diamond_legalizer"": 1, ""disable_window_extension"": 0}",VALID,4682989.8,4682989.8,0.0,0.0,0.0,False
44,12,7,RISCY-FPU-b-1-c5,1,"{""max_displacement"": 0, ""site_search_window"": 40, ""row_search_window"": 6, ""disallow_one_site_gaps"": 0, ""use_diamond_legalizer"": 1, ""disable_window_extension"": 0}","{""max_displacement"": 10, ""site_search_window"": 50, ""row_search_window"": 8, ""disallow_one_site_gaps"": 0, ""use_diamond_legalizer"": 1, ""disable_window_extension"": 0}",VALID,4682989.8,4682989.8,0.0,0.0,0.0,False
44,12,8,RISCY-FPU-b-1-c5,4,"{""max_displacement"": 10, ""site_search_window"": 50, ""row_search_window"": 8, ""disallow_one_site_gaps"": 0, ""use_diamond_legalizer"": 1, ""disable_window_extension"": 0}","{""max_displacement"": 10, ""site_search_window"": 40, ""row_search_window"": 6, ""disallow_one_site_gaps"": 0, ""use_diamond_legalizer"": 1, ""disable_window_extension"": 0}",VALID,4682989.8,4682989.8,0.0,0.0,0.0,False
44,12,9,RISCY-FPU-b-1-c5,3,"{""max_displacement"": 10, ""site_search_window"": 40, ""row_search_window"": 6, ""disallow_one_site_gaps"": 0, ""use_diamond_legalizer"": 1, ""disable_window_extension"": 0}","{""max_displacement"": 10, ""site_search_window"": 50, ""row_search_window"": 8, ""disallow_one_site_gaps"": 0, ""use_diamond_legalizer"": 1, ""disable_window_extension"": 0}",VALID,4682989.8,4682989.8,0.0,0.0,0.0,False
44,12,10,RISCY-FPU-b-1-c5,7,"{""max_displacement"": 10, ""site_search_window"": 50, ""row_search_window"": 8, ""disallow_one_site_gaps"": 0, ""use_diamond_legalizer"": 1, ""disable_window_extension"": 0}","{""max_displacement"": 10, ""site_search_window"": 50, ""row_search_window"": 8, ""disallow_one_site_gaps"": 0, ""use_diamond_legalizer"": 1, ""disable_window_extension"": 0}",VALID,4682989.8,4682989.8,0.0,0.0,0.0,True
44,13,1,RISCY-FPU-b-2-c20,3,"{""max_displacement"": 0, ""site_search_window"": 0, ""row_search_window"": 0, ""disallow_one_site_gaps"": 0, ""use_diamond_legalizer"": 1, ""disable_window_extension"": 0}","{""max_displacement"": 0, ""site_search_window"": 10, ""row_search_window"": 2, ""disallow_one_site_gaps"": 0, ""use_diamond_legalizer"": 1, ""disable_window_extension"": 0}",VALID,4992984.1,4992984.1,0.0,0.0,0.0,False
44,13,2,RISCY-FPU-b-2-c20,1,"{""max_displacement"": 0, ""site_search_window"": 10, ""row_search_window"": 2, ""disallow_one_site_gaps"": 0, ""use_diamond_legalizer"": 1, ""disable_window_extension"": 0}","{""max_displacement"": 10, ""site_search_window"": 20, ""row_search_window"": 4, ""disallow_one_site_gaps"": 0, ""use_diamond_legalizer"": 1, ""disable_window_extension"": 0}",FAILED,4992984.1,4992984.1,0.0,-100.0,-1.0,False
44,13,3,RISCY-FPU-b-2-c20,7,"{""max_displacement"": 10, ""site_search_window"": 20, ""row_search_window"": 4, ""disallow_one_site_gaps"": 0, ""use_diamond_legalizer"": 1, ""disable_window_extension"": 0}","{""max_displacement"": 10, ""site_search_window"": 20, ""row_search_window"": 4, ""disallow_one_site_gaps"": 0, ""use_diamond_legalizer"": 1, ""disable_window_extension"": 0}",FAILED,4992984.1,4992984.1,0.0,-100.0,-1.0,False
44,13,4,RISCY-FPU-b-2-c20,7,"{""max_displacement"": 10, ""site_search_window"": 20, ""row_search_window"": 4, ""disallow_one_site_gaps"": 0, ""use_diamond_legalizer"": 1, ""disable_window_extension"": 0}","{""max_displacement"": 10, ""site_search_window"": 20, ""row_search_window"": 4, ""disallow_one_site_gaps"": 0, ""use_diamond_legalizer"": 1, ""disable_window_extension"": 0}",FAILED,4992984.1,4992984.1,0.0,-100.0,-1.0,False
44,13,5,RISCY-FPU-b-2-c20,7,"{""max_displacement"": 10, ""site_search_window"": 20, ""row_search_window"": 4, ""disallow_one_site_gaps"": 0, ""use_diamond_legalizer"": 1, ""disable_window_extension"": 0}","{""max_displacement"": 10, ""site_search_window"": 20, ""row_search_window"": 4, ""disallow_one_site_gaps"": 0, ""use_diamond_legalizer"": 1, ""disable_window_extension"": 0}",FAILED,4992984.1,4992984.1,0.0,-100.0,-1.0,False
44,13,6,RISCY-FPU-b-2-c20,7,"{""max_displacement"": 10, ""site_search_window"": 20, ""row_search_window"": 4, ""disallow_one_site_gaps"": 0, ""use_diamond_legalizer"": 1, ""disable_window_extension"": 0}","{""max_displacement"": 10, ""site_search_window"": 20, ""row_search_window"": 4, ""disallow_one_site_gaps"": 0, ""use_diamond_legalizer"": 1, ""disable_window_extension"": 0}",FAILED,4992984.1,4992984.1,0.0,-100.0,-1.0,False
44,13,7,RISCY-FPU-b-2-c20,3,"{""max_displacement"": 10, ""site_search_window"": 20, ""row_search_window"": 4, ""disallow_one_site_gaps"": 0, ""use_diamond_legalizer"": 1, ""disable_window_extension"": 0}","{""max_displacement"": 10, ""site_search_window"": 30, ""row_search_window"": 6, ""disallow_one_site_gaps"": 0, ""use_diamond_legalizer"": 1, ""disable_window_extension"": 0}",FAILED,4992984.1,4992984.1,0.0,-100.0,-1.0,False
44,13,8,RISCY-FPU-b-2-c20,1,"{""max_displacement"": 10, ""site_search_window"": 30, ""row_search_window"": 6, ""disallow_one_site_gaps"": 0, ""use_diamond_legalizer"": 1, ""disable_window_extension"": 0}","{""max_displacement"": 20, ""site_search_window"": 40, ""row_search_window"": 8, ""disallow_one_site_gaps"": 0, ""use_diamond_legalizer"": 1, ""disable_window_extension"": 0}",FAILED,4992984.1,4992984.1,0.0,-100.0,-1.0,False
44,13,9,RISCY-FPU-b-2-c20,4,"{""max_displacement"": 20, ""site_search_window"": 40, ""row_search_window"": 8, ""disallow_one_site_gaps"": 0, ""use_diamond_legalizer"": 1, ""disable_window_extension"": 0}","{""max_displacement"": 20, ""site_search_window"": 30, ""row_search_window"": 6, ""disallow_one_site_gaps"": 0, ""use_diamond_legalizer"": 1, ""disable_window_extension"": 0}",FAILED,4992984.1,4992984.1,0.0,-100.0,-1.0,False
44,13,10,RISCY-FPU-b-2-c20,5,"{""max_displacement"": 20, ""site_search_window"": 30, ""row_search_window"": 6, ""disallow_one_site_gaps"": 0, ""use_diamond_legalizer"": 1, ""disable_window_extension"": 0}","{""max_displacement"": 30, ""site_search_window"": 40, ""row_search_window"": 6, ""disallow_one_site_gaps"": 0, ""use_diamond_legalizer"": 1, ""disable_window_extension"": 0}",FAILED,4992984.1,4992984.1,0.0,-100.0,-1.0,True
44,14,1,zero-riscy-a-1-c5,7,"{""max_displacement"": 0, ""site_search_window"": 0, ""row_search_window"": 0, ""disallow_one_site_gaps"": 0, ""use_diamond_legalizer"": 1, ""disable_window_extension"": 0}","{""max_displacement"": 0, ""site_search_window"": 0, ""row_search_window"": 0, ""disallow_one_site_gaps"": 0, ""use_diamond_legalizer"": 1, ""disable_window_extension"": 0}",VALID,3677735.1,3677735.1,0.0,0.0,0.0,False
44,14,2,zero-riscy-a-1-c5,2,"{""max_displacement"": 0, ""site_search_window"": 0, ""row_search_window"": 0, ""disallow_one_site_gaps"": 0, ""use_diamond_legalizer"": 1, ""disable_window_extension"": 0}","{""max_displacement"": 0, ""site_search_window"": 0, ""row_search_window"": 0, ""disallow_one_site_gaps"": 0, ""use_diamond_legalizer"": 1, ""disable_window_extension"": 0}",VALID,3677735.1,3677735.1,0.0,0.0,0.0,False
44,14,3,zero-riscy-a-1-c5,1,"{""max_displacement"": 0, ""site_search_window"": 0, ""row_search_window"": 0, ""disallow_one_site_gaps"": 0, ""use_diamond_legalizer"": 1, ""disable_window_extension"": 0}","{""max_displacement"": 10, ""site_search_window"": 10, ""row_search_window"": 2, ""disallow_one_site_gaps"": 0, ""use_diamond_legalizer"": 1, ""disable_window_extension"": 0}",VALID,3677735.1,3677735.1,0.0,0.0,0.0,False
44,14,4,zero-riscy-a-1-c5,0,"{""max_displacement"": 10, ""site_search_window"": 10, ""row_search_window"": 2, ""disallow_one_site_gaps"": 0, ""use_diamond_legalizer"": 1, ""disable_window_extension"": 0}","{""max_displacement"": 10, ""site_search_window"": 10, ""row_search_window"": 2, ""disallow_one_site_gaps"": true, ""use_diamond_legalizer"": 1, ""disable_window_extension"": true}",VALID,3677735.1,3677735.1,0.0,0.0,0.0,False
44,14,5,zero-riscy-a-1-c5,1,"{""max_displacement"": 10, ""site_search_window"": 10, ""row_search_window"": 2, ""disallow_one_site_gaps"": true, ""use_diamond_legalizer"": 1, ""disable_window_extension"": true}","{""max_displacement"": 20, ""site_search_window"": 20, ""row_search_window"": 4, ""disallow_one_site_gaps"": true, ""use_diamond_legalizer"": 1, ""disable_window_extension"": true}",VALID,3677735.1,3677735.1,0.0,0.0,0.0,False
44,14,6,zero-riscy-a-1-c5,4,"{""max_displacement"": 20, ""site_search_window"": 20, ""row_search_window"": 4, ""disallow_one_site_gaps"": true, ""use_diamond_legalizer"": 1, ""disable_window_extension"": true}","{""max_displacement"": 20, ""site_search_window"": 10, ""row_search_window"": 2, ""disallow_one_site_gaps"": true, ""use_diamond_legalizer"": 1, ""disable_window_extension"": true}",VALID,3677735.1,3677735.1,0.0,0.0,0.0,False
44,14,7,zero-riscy-a-1-c5,6,"{""max_displacement"": 20, ""site_search_window"": 10, ""row_search_window"": 2, ""disallow_one_site_gaps"": true, ""use_diamond_legalizer"": 1, ""disable_window_extension"": true}","{""max_displacement"": 10, ""site_search_window"": 0, ""row_search_window"": 2, ""disallow_one_site_gaps"": true, ""use_diamond_legalizer"": 1, ""disable_window_extension"": true}",VALID,3677735.1,3677735.1,0.0,0.0,0.0,False
44,14,8,zero-riscy-a-1-c5,4,"{""max_displacement"": 10, ""site_search_window"": 0, ""row_search_window"": 2, ""disallow_one_site_gaps"": true, ""use_diamond_legalizer"": 1, ""disable_window_extension"": true}","{""max_displacement"": 10, ""site_search_window"": 0, ""row_search_window"": 0, ""disallow_one_site_gaps"": true, ""use_diamond_legalizer"": 1, ""disable_window_extension"": true}",VALID,3677735.1,3677735.1,0.0,0.0,0.0,False
44,14,9,zero-riscy-a-1-c5,2,"{""max_displacement"": 10, ""site_search_window"": 0, ""row_search_window"": 0, ""disallow_one_site_gaps"": true, ""use_diamond_legalizer"": 1, ""disable_window_extension"": true}","{""max_displacement"": 0, ""site_search_window"": 0, ""row_search_window"": 0, ""disallow_one_site_gaps"": true, ""use_diamond_legalizer"": 1, ""disable_window_extension"": true}",VALID,3677735.1,3677735.1,0.0,0.0,0.0,False
44,14,10,zero-riscy-a-1-c5,4,"{""max_displacement"": 0, ""site_search_window"": 0, ""row_search_window"": 0, ""disallow_one_site_gaps"": true, ""use_diamond_legalizer"": 1, ""disable_window_extension"": true}","{""max_displacement"": 0, ""site_search_window"": 0, ""row_search_window"": 0, ""disallow_one_site_gaps"": true, ""use_diamond_legalizer"": 1, ""disable_window_extension"": true}",VALID,3677735.1,3677735.1,0.0,0.0,0.0,True
44,15,1,RISCY-FPU-b-3-c2,6,"{""max_displacement"": 0, ""site_search_window"": 0, ""row_search_window"": 0, ""disallow_one_site_gaps"": 0, ""use_diamond_legalizer"": 1, ""disable_window_extension"": 0}","{""max_displacement"": 0, ""site_search_window"": 0, ""row_search_window"": 0, ""disallow_one_site_gaps"": 0, ""use_diamond_legalizer"": 1, ""disable_window_extension"": 0}",VALID,6781434.9,6781434.9,0.0,0.0,0.0,False
44,15,2,RISCY-FPU-b-3-c2,3,"{""max_displacement"": 0, ""site_search_window"": 0, ""row_search_window"": 0, ""disallow_one_site_gaps"": 0, ""use_diamond_legalizer"": 1, ""disable_window_extension"": 0}","{""max_displacement"": 0, ""site_search_window"": 10, ""row_search_window"": 2, ""disallow_one_site_gaps"": 0, ""use_diamond_legalizer"": 1, ""disable_window_extension"": 0}",VALID,6781434.9,6781434.9,0.0,0.0,0.0,False
44,15,3,RISCY-FPU-b-3-c2,7,"{""max_displacement"": 0, ""site_search_window"": 10, ""row_search_window"": 2, ""disallow_one_site_gaps"": 0, ""use_diamond_legalizer"": 1, ""disable_window_extension"": 0}","{""max_displacement"": 0, ""site_search_window"": 10, ""row_search_window"": 2, ""disallow_one_site_gaps"": 0, ""use_diamond_legalizer"": 1, ""disable_window_extension"": 0}",VALID,6781434.9,6781434.9,0.0,0.0,0.0,False
44,15,4,RISCY-FPU-b-3-c2,3,"{""max_displacement"": 0, ""site_search_window"": 10, ""row_search_window"": 2, ""disallow_one_site_gaps"": 0, ""use_diamond_legalizer"": 1, ""disable_window_extension"": 0}","{""max_displacement"": 0, ""site_search_window"": 20, ""row_search_window"": 4, ""disallow_one_site_gaps"": 0, ""use_diamond_legalizer"": 1, ""disable_window_extension"": 0}",VALID,6781434.9,6781434.9,0.0,0.0,0.0,False
44,15,5,RISCY-FPU-b-3-c2,0,"{""max_displacement"": 0, ""site_search_window"": 20, ""row_search_window"": 4, ""disallow_one_site_gaps"": 0, ""use_diamond_legalizer"": 1, ""disable_window_extension"": 0}","{""max_displacement"": 0, ""site_search_window"": 20, ""row_search_window"": 4, ""disallow_one_site_gaps"": true, ""use_diamond_legalizer"": 1, ""disable_window_extension"": true}",VALID,6781434.9,6781434.9,0.0,0.0,0.0,False
44,15,6,RISCY-FPU-b-3-c2,0,"{""max_displacement"": 0, ""site_search_window"": 20, ""row_search_window"": 4, ""disallow_one_site_gaps"": true, ""use_diamond_legalizer"": 1, ""disable_window_extension"": true}","{""max_displacement"": 0, ""site_search_window"": 20, ""row_search_window"": 4, ""disallow_one_site_gaps"": false, ""use_diamond_legalizer"": 1, ""disable_window_extension"": false}",VALID,6781434.9,6781434.9,0.0,0.0,0.0,False
44,15,7,RISCY-FPU-b-3-c2,4,"{""max_displacement"": 0, ""site_search_window"": 20, ""row_search_window"": 4, ""disallow_one_site_gaps"": false, ""use_diamond_legalizer"": 1, ""disable_window_extension"": false}","{""max_displacement"": 0, ""site_search_window"": 10, ""row_search_window"": 2, ""disallow_one_site_gaps"": false, ""use_diamond_legalizer"": 1, ""disable_window_extension"": false}",VALID,6781434.9,6781434.9,0.0,0.0,0.0,False
44,15,8,RISCY-FPU-b-3-c2,4,"{""max_displacement"": 0, ""site_search_window"": 10, ""row_search_window"": 2, ""disallow_one_site_gaps"": false, ""use_diamond_legalizer"": 1, ""disable_window_extension"": false}","{""max_displacement"": 0, ""site_search_window"": 0, ""row_search_window"": 0, ""disallow_one_site_gaps"": false, ""use_diamond_legalizer"": 1, ""disable_window_extension"": false}",VALID,6781434.9,6781434.9,0.0,0.0,0.0,False
44,15,9,RISCY-FPU-b-3-c2,0,"{""max_displacement"": 0, ""site_search_window"": 0, ""row_search_window"": 0, ""disallow_one_site_gaps"": false, ""use_diamond_legalizer"": 1, ""disable_window_extension"": false}","{""max_displacement"": 0, ""site_search_window"": 0, ""row_search_window"": 0, ""disallow_one_site_gaps"": true, ""use_diamond_legalizer"": 1, ""disable_window_extension"": true}",VALID,6781434.9,6781434.9,0.0,0.0,0.0,False
44,15,10,RISCY-FPU-b-3-c2,0,"{""max_displacement"": 0, ""site_search_window"": 0, ""row_search_window"": 0, ""disallow_one_site_gaps"": true, ""use_diamond_legalizer"": 1, ""disable_window_extension"": true}","{""max_displacement"": 0, ""site_search_window"": 0, ""row_search_window"": 0, ""disallow_one_site_gaps"": false, ""use_diamond_legalizer"": 1, ""disable_window_extension"": false}",VALID,6781434.9,6781434.9,0.0,0.0,0.0,True
44,16,1,RISCY-a-3-c20,4,"{""max_displacement"": 0, ""site_search_window"": 0, ""row_search_window"": 0, ""disallow_one_site_gaps"": 0, ""use_diamond_legalizer"": 1, ""disable_window_extension"": 0}","{""max_displacement"": 0, ""site_search_window"": 0, ""row_search_window"": 0, ""disallow_one_site_gaps"": 0, ""use_diamond_legalizer"": 1, ""disable_window_extension"": 0}",VALID,5117723.0,5117723.0,0.0,0.0,0.0,False
44,16,2,RISCY-a-3-c20,2,"{""max_displacement"": 0, ""site_search_window"": 0, ""row_search_window"": 0, ""disallow_one_site_gaps"": 0, ""use_diamond_legalizer"": 1, ""disable_window_extension"": 0}","{""max_displacement"": 0, ""site_search_window"": 0, ""row_search_window"": 0, ""disallow_one_site_gaps"": 0, ""use_diamond_legalizer"": 1, ""disable_window_extension"": 0}",VALID,5117723.0,5117723.0,0.0,0.0,0.0,False
44,16,3,RISCY-a-3-c20,7,"{""max_displacement"": 0, ""site_search_window"": 0, ""row_search_window"": 0, ""disallow_one_site_gaps"": 0, ""use_diamond_legalizer"": 1, ""disable_window_extension"": 0}","{""max_displacement"": 0, ""site_search_window"": 0, ""row_search_window"": 0, ""disallow_one_site_gaps"": 0, ""use_diamond_legalizer"": 1, ""disable_window_extension"": 0}",VALID,5117723.0,5117723.0,0.0,0.0,0.0,False
44,16,4,RISCY-a-3-c20,4,"{""max_displacement"": 0, ""site_search_window"": 0, ""row_search_window"": 0, ""disallow_one_site_gaps"": 0, ""use_diamond_legalizer"": 1, ""disable_window_extension"": 0}","{""max_displacement"": 0, ""site_search_window"": 0, ""row_search_window"": 0, ""disallow_one_site_gaps"": 0, ""use_diamond_legalizer"": 1, ""disable_window_extension"": 0}",VALID,5117723.0,5117723.0,0.0,0.0,0.0,False
44,16,5,RISCY-a-3-c20,2,"{""max_displacement"": 0, ""site_search_window"": 0, ""row_search_window"": 0, ""disallow_one_site_gaps"": 0, ""use_diamond_legalizer"": 1, ""disable_window_extension"": 0}","{""max_displacement"": 0, ""site_search_window"": 0, ""row_search_window"": 0, ""disallow_one_site_gaps"": 0, ""use_diamond_legalizer"": 1, ""disable_window_extension"": 0}",VALID,5117723.0,5117723.0,0.0,0.0,0.0,False
44,16,6,RISCY-a-3-c20,4,"{""max_displacement"": 0, ""site_search_window"": 0, ""row_search_window"": 0, ""disallow_one_site_gaps"": 0, ""use_diamond_legalizer"": 1, ""disable_window_extension"": 0}","{""max_displacement"": 0, ""site_search_window"": 0, ""row_search_window"": 0, ""disallow_one_site_gaps"": 0, ""use_diamond_legalizer"": 1, ""disable_window_extension"": 0}",VALID,5117723.0,5117723.0,0.0,0.0,0.0,False
44,16,7,RISCY-a-3-c20,6,"{""max_displacement"": 0, ""site_search_window"": 0, ""row_search_window"": 0, ""disallow_one_site_gaps"": 0, ""use_diamond_legalizer"": 1, ""disable_window_extension"": 0}","{""max_displacement"": 0, ""site_search_window"": 0, ""row_search_window"": 0, ""disallow_one_site_gaps"": 0, ""use_diamond_legalizer"": 1, ""disable_window_extension"": 0}",VALID,5117723.0,5117723.0,0.0,0.0,0.0,False
44,16,8,RISCY-a-3-c20,7,"{""max_displacement"": 0, ""site_search_window"": 0, ""row_search_window"": 0, ""disallow_one_site_gaps"": 0, ""use_diamond_legalizer"": 1, ""disable_window_extension"": 0}","{""max_displacement"": 0, ""site_search_window"": 0, ""row_search_window"": 0, ""disallow_one_site_gaps"": 0, ""use_diamond_legalizer"": 1, ""disable_window_extension"": 0}",VALID,5117723.0,5117723.0,0.0,0.0,0.0,False
44,16,9,RISCY-a-3-c20,3,"{""max_displacement"": 0, ""site_search_window"": 0, ""row_search_window"": 0, ""disallow_one_site_gaps"": 0, ""use_diamond_legalizer"": 1, ""disable_window_extension"": 0}","{""max_displacement"": 0, ""site_search_window"": 10, ""row_search_window"": 2, ""disallow_one_site_gaps"": 0, ""use_diamond_legalizer"": 1, ""disable_window_extension"": 0}",VALID,5117723.0,5117723.0,0.0,0.0,0.0,False
44,16,10,RISCY-a-3-c20,2,"{""max_displacement"": 0, ""site_search_window"": 10, ""row_search_window"": 2, ""disallow_one_site_gaps"": 0, ""use_diamond_legalizer"": 1, ""disable_window_extension"": 0}","{""max_displacement"": 0, ""site_search_window"": 0, ""row_search_window"": 0, ""disallow_one_site_gaps"": 0, ""use_diamond_legalizer"": 1, ""disable_window_extension"": 0}",VALID,5117723.0,5117723.0,0.0,0.0,0.0,True
44,17,1,zero-riscy-b-3-c5,2,"{""max_displacement"": 0, ""site_search_window"": 0, ""row_search_window"": 0, ""disallow_one_site_gaps"": 0, ""use_diamond_legalizer"": 1, ""disable_window_extension"": 0}","{""max_displacement"": 0, ""site_search_window"": 0, ""row_search_window"": 0, ""disallow_one_site_gaps"": 0, ""use_diamond_legalizer"": 1, ""disable_window_extension"": 0}",VALID,2080758.2,2080758.2,0.0,0.0,0.0,False
44,17,2,zero-riscy-b-3-c5,6,"{""max_displacement"": 0, ""site_search_window"": 0, ""row_search_window"": 0, ""disallow_one_site_gaps"": 0, ""use_diamond_legalizer"": 1, ""disable_window_extension"": 0}","{""max_displacement"": 0, ""site_search_window"": 0, ""row_search_window"": 0, ""disallow_one_site_gaps"": 0, ""use_diamond_legalizer"": 1, ""disable_window_extension"": 0}",VALID,2080758.2,2080758.2,0.0,0.0,0.0,False
44,17,3,zero-riscy-b-3-c5,5,"{""max_displacement"": 0, ""site_search_window"": 0, ""row_search_window"": 0, ""disallow_one_site_gaps"": 0, ""use_diamond_legalizer"": 1, ""disable_window_extension"": 0}","{""max_displacement"": 10, ""site_search_window"": 10, ""row_search_window"": 0, ""disallow_one_site_gaps"": 0, ""use_diamond_legalizer"": 1, ""disable_window_extension"": 0}",VALID,2080758.2,2080758.2,0.0,0.0,0.0,False
44,17,4,zero-riscy-b-3-c5,1,"{""max_displacement"": 10, ""site_search_window"": 10, ""row_search_window"": 0, ""disallow_one_site_gaps"": 0, ""use_diamond_legalizer"": 1, ""disable_window_extension"": 0}","{""max_displacement"": 20, ""site_search_window"": 20, ""row_search_window"": 2, ""disallow_one_site_gaps"": 0, ""use_diamond_legalizer"": 1, ""disable_window_extension"": 0}",VALID,2080758.2,2080758.2,0.0,0.0,0.0,False
44,17,5,zero-riscy-b-3-c5,0,"{""max_displacement"": 20, ""site_search_window"": 20, ""row_search_window"": 2, ""disallow_one_site_gaps"": 0, ""use_diamond_legalizer"": 1, ""disable_window_extension"": 0}","{""max_displacement"": 20, ""site_search_window"": 20, ""row_search_window"": 2, ""disallow_one_site_gaps"": true, ""use_diamond_legalizer"": 1, ""disable_window_extension"": true}",VALID,2080758.2,2080758.2,0.0,0.0,0.0,False
44,17,6,zero-riscy-b-3-c5,1,"{""max_displacement"": 20, ""site_search_window"": 20, ""row_search_window"": 2, ""disallow_one_site_gaps"": true, ""use_diamond_legalizer"": 1, ""disable_window_extension"": true}","{""max_displacement"": 30, ""site_search_window"": 30, ""row_search_window"": 4, ""disallow_one_site_gaps"": true, ""use_diamond_legalizer"": 1, ""disable_window_extension"": true}",VALID,2080758.2,2080758.2,0.0,0.0,0.0,False
44,17,7,zero-riscy-b-3-c5,5,"{""max_displacement"": 30, ""site_search_window"": 30, ""row_search_window"": 4, ""disallow_one_site_gaps"": true, ""use_diamond_legalizer"": 1, ""disable_window_extension"": true}","{""max_displacement"": 40, ""site_search_window"": 40, ""row_search_window"": 4, ""disallow_one_site_gaps"": true, ""use_diamond_legalizer"": 1, ""disable_window_extension"": true}",VALID,2080758.2,2080758.2,0.0,0.0,0.0,False
44,17,8,zero-riscy-b-3-c5,3,"{""max_displacement"": 40, ""site_search_window"": 40, ""row_search_window"": 4, ""disallow_one_site_gaps"": true, ""use_diamond_legalizer"": 1, ""disable_window_extension"": true}","{""max_displacement"": 40, ""site_search_window"": 50, ""row_search_window"": 6, ""disallow_one_site_gaps"": true, ""use_diamond_legalizer"": 1, ""disable_window_extension"": true}",VALID,2080758.2,2080758.2,0.0,0.0,0.0,False
44,17,9,zero-riscy-b-3-c5,4,"{""max_displacement"": 40, ""site_search_window"": 50, ""row_search_window"": 6, ""disallow_one_site_gaps"": true, ""use_diamond_legalizer"": 1, ""disable_window_extension"": true}","{""max_displacement"": 40, ""site_search_window"": 40, ""row_search_window"": 4, ""disallow_one_site_gaps"": true, ""use_diamond_legalizer"": 1, ""disable_window_extension"": true}",VALID,2080758.2,2080758.2,0.0,0.0,0.0,False
44,17,10,zero-riscy-b-3-c5,1,"{""max_displacement"": 40, ""site_search_window"": 40, ""row_search_window"": 4, ""disallow_one_site_gaps"": true, ""use_diamond_legalizer"": 1, ""disable_window_extension"": true}","{""max_displacement"": 50, ""site_search_window"": 50, ""row_search_window"": 6, ""disallow_one_site_gaps"": true, ""use_diamond_legalizer"": 1, ""disable_window_extension"": true}",VALID,2080758.2,2080758.2,0.0,0.0,0.0,True
44,18,1,RISCY-FPU-b-3-c20,6,"{""max_displacement"": 0, ""site_search_window"": 0, ""row_search_window"": 0, ""disallow_one_site_gaps"": 0, ""use_diamond_legalizer"": 1, ""disable_window_extension"": 0}","{""max_displacement"": 0, ""site_search_window"": 0, ""row_search_window"": 0, ""disallow_one_site_gaps"": 0, ""use_diamond_legalizer"": 1, ""disable_window_extension"": 0}",VALID,5040703.3,5040703.3,0.0,0.0,0.0,False
44,18,2,RISCY-FPU-b-3-c20,4,"{""max_displacement"": 0, ""site_search_window"": 0, ""row_search_window"": 0, ""disallow_one_site_gaps"": 0, ""use_diamond_legalizer"": 1, ""disable_window_extension"": 0}","{""max_displacement"": 0, ""site_search_window"": 0, ""row_search_window"": 0, ""disallow_one_site_gaps"": 0, ""use_diamond_legalizer"": 1, ""disable_window_extension"": 0}",VALID,5040703.3,5040703.3,0.0,0.0,0.0,False
44,18,3,RISCY-FPU-b-3-c20,3,"{""max_displacement"": 0, ""site_search_window"": 0, ""row_search_window"": 0, ""disallow_one_site_gaps"": 0, ""use_diamond_legalizer"": 1, ""disable_window_extension"": 0}","{""max_displacement"": 0, ""site_search_window"": 10, ""row_search_window"": 2, ""disallow_one_site_gaps"": 0, ""use_diamond_legalizer"": 1, ""disable_window_extension"": 0}",VALID,5040703.3,5040703.3,0.0,0.0,0.0,False
44,18,4,RISCY-FPU-b-3-c20,6,"{""max_displacement"": 0, ""site_search_window"": 10, ""row_search_window"": 2, ""disallow_one_site_gaps"": 0, ""use_diamond_legalizer"": 1, ""disable_window_extension"": 0}","{""max_displacement"": 0, ""site_search_window"": 0, ""row_search_window"": 2, ""disallow_one_site_gaps"": 0, ""use_diamond_legalizer"": 1, ""disable_window_extension"": 0}",VALID,5040703.3,5040703.3,0.0,0.0,0.0,False
44,18,5,RISCY-FPU-b-3-c20,0,"{""max_displacement"": 0, ""site_search_window"": 0, ""row_search_window"": 2, ""disallow_one_site_gaps"": 0, ""use_diamond_legalizer"": 1, ""disable_window_extension"": 0}","{""max_displacement"": 0, ""site_search_window"": 0, ""row_search_window"": 2, ""disallow_one_site_gaps"": true, ""use_diamond_legalizer"": 1, ""disable_window_extension"": true}",VALID,5040703.3,5040703.3,0.0,0.0,0.0,False
44,18,6,RISCY-FPU-b-3-c20,1,"{""max_displacement"": 0, ""site_search_window"": 0, ""row_search_window"": 2, ""disallow_one_site_gaps"": true, ""use_diamond_legalizer"": 1, ""disable_window_extension"": true}","{""max_displacement"": 10, ""site_search_window"": 10, ""row_search_window"": 4, ""disallow_one_site_gaps"": true, ""use_diamond_legalizer"": 1, ""disable_window_extension"": true}",FAILED,5040703.3,5040703.3,0.0,-100.0,-1.0,False
44,18,7,RISCY-FPU-b-3-c20,7,"{""max_displacement"": 10, ""site_search_window"": 10, ""row_search_window"": 4, ""disallow_one_site_gaps"": true, ""use_diamond_legalizer"": 1, ""disable_window_extension"": true}","{""max_displacement"": 10, ""site_search_window"": 10, ""row_search_window"": 4, ""disallow_one_site_gaps"": true, ""use_diamond_legalizer"": 1, ""disable_window_extension"": true}",FAILED,5040703.3,5040703.3,0.0,-100.0,-1.0,False
44,18,8,RISCY-FPU-b-3-c20,0,"{""max_displacement"": 10, ""site_search_window"": 10, ""row_search_window"": 4, ""disallow_one_site_gaps"": true, ""use_diamond_legalizer"": 1, ""disable_window_extension"": true}","{""max_displacement"": 10, ""site_search_window"": 10, ""row_search_window"": 4, ""disallow_one_site_gaps"": false, ""use_diamond_legalizer"": 1, ""disable_window_extension"": false}",FAILED,5040703.3,5040703.3,0.0,-100.0,-1.0,False
44,18,9,RISCY-FPU-b-3-c20,0,"{""max_displacement"": 10, ""site_search_window"": 10, ""row_search_window"": 4, ""disallow_one_site_gaps"": false, ""use_diamond_legalizer"": 1, ""disable_window_extension"": false}","{""max_displacement"": 10, ""site_search_window"": 10, ""row_search_window"": 4, ""disallow_one_site_gaps"": true, ""use_diamond_legalizer"": 1, ""disable_window_extension"": true}",FAILED,5040703.3,5040703.3,0.0,-100.0,-1.0,False
44,18,10,RISCY-FPU-b-3-c20,4,"{""max_displacement"": 10, ""site_search_window"": 10, ""row_search_window"": 4, ""disallow_one_site_gaps"": true, ""use_diamond_legalizer"": 1, ""disable_window_extension"": true}","{""max_displacement"": 10, ""site_search_window"": 0, ""row_search_window"": 2, ""disallow_one_site_gaps"": true, ""use_diamond_legalizer"": 1, ""disable_window_extension"": true}",FAILED,5040703.3,5040703.3,0.0,-100.0,-1.0,True
44,19,1,RISCY-b-1-c2,2,"{""max_displacement"": 0, ""site_search_window"": 0, ""row_search_window"": 0, ""disallow_one_site_gaps"": 0, ""use_diamond_legalizer"": 1, ""disable_window_extension"": 0}","{""max_displacement"": 0, ""site_search_window"": 0, ""row_search_window"": 0, ""disallow_one_site_gaps"": 0, ""use_diamond_legalizer"": 1, ""disable_window_extension"": 0}",VALID,2943613.2,2943613.2,0.0,0.0,0.0,False
44,19,2,RISCY-b-1-c2,4,"{""max_displacement"": 0, ""site_search_window"": 0, ""row_search_window"": 0, ""disallow_one_site_gaps"": 0, ""use_diamond_legalizer"": 1, ""disable_window_extension"": 0}","{""max_displacement"": 0, ""site_search_window"": 0, ""row_search_window"": 0, ""disallow_one_site_gaps"": 0, ""use_diamond_legalizer"": 1, ""disable_window_extension"": 0}",VALID,2943613.2,2943613.2,0.0,0.0,0.0,False
44,19,3,RISCY-b-1-c2,5,"{""max_displacement"": 0, ""site_search_window"": 0, ""row_search_window"": 0, ""disallow_one_site_gaps"": 0, ""use_diamond_legalizer"": 1, ""disable_window_extension"": 0}","{""max_displacement"": 10, ""site_search_window"": 10, ""row_search_window"": 0, ""disallow_one_site_gaps"": 0, ""use_diamond_legalizer"": 1, ""disable_window_extension"": 0}",FAILED,2943613.2,2943613.2,0.0,-100.0,-1.0,False
44,19,4,RISCY-b-1-c2,3,"{""max_displacement"": 10, ""site_search_window"": 10, ""row_search_window"": 0, ""disallow_one_site_gaps"": 0, ""use_diamond_legalizer"": 1, ""disable_window_extension"": 0}","{""max_displacement"": 10, ""site_search_window"": 20, ""row_search_window"": 2, ""disallow_one_site_gaps"": 0, ""use_diamond_legalizer"": 1, ""disable_window_extension"": 0}",FAILED,2943613.2,2943613.2,0.0,-100.0,-1.0,False
44,19,5,RISCY-b-1-c2,2,"{""max_displacement"": 10, ""site_search_window"": 20, ""row_search_window"": 2, ""disallow_one_site_gaps"": 0, ""use_diamond_legalizer"": 1, ""disable_window_extension"": 0}","{""max_displacement"": 0, ""site_search_window"": 10, ""row_search_window"": 0, ""disallow_one_site_gaps"": 0, ""use_diamond_legalizer"": 1, ""disable_window_extension"": 0}",VALID,2943613.2,2943613.2,0.0,0.0,0.0,False
44,19,6,RISCY-b-1-c2,5,"{""max_displacement"": 0, ""site_search_window"": 10, ""row_search_window"": 0, ""disallow_one_site_gaps"": 0, ""use_diamond_legalizer"": 1, ""disable_window_extension"": 0}","{""max_displacement"": 10, ""site_search_window"": 20, ""row_search_window"": 0, ""disallow_one_site_gaps"": 0, ""use_diamond_legalizer"": 1, ""disable_window_extension"": 0}",FAILED,2943613.2,2943613.2,0.0,-100.0,-1.0,False
44,19,7,RISCY-b-1-c2,6,"{""max_displacement"": 10, ""site_search_window"": 20, ""row_search_window"": 0, ""disallow_one_site_gaps"": 0, ""use_diamond_legalizer"": 1, ""disable_window_extension"": 0}","{""max_displacement"": 0, ""site_search_window"": 10, ""row_search_window"": 0, ""disallow_one_site_gaps"": 0, ""use_diamond_legalizer"": 1, ""disable_window_extension"": 0}",VALID,2943613.2,2943613.2,0.0,0.0,0.0,False
44,19,8,RISCY-b-1-c2,5,"{""max_displacement"": 0, ""site_search_window"": 10, ""row_search_window"": 0, ""disallow_one_site_gaps"": 0, ""use_diamond_legalizer"": 1, ""disable_window_extension"": 0}","{""max_displacement"": 10, ""site_search_window"": 20, ""row_search_window"": 0, ""disallow_one_site_gaps"": 0, ""use_diamond_legalizer"": 1, ""disable_window_extension"": 0}",FAILED,2943613.2,2943613.2,0.0,-100.0,-1.0,False
44,19,9,RISCY-b-1-c2,3,"{""max_displacement"": 10, ""site_search_window"": 20, ""row_search_window"": 0, ""disallow_one_site_gaps"": 0, ""use_diamond_legalizer"": 1, ""disable_window_extension"": 0}","{""max_displacement"": 10, ""site_search_window"": 30, ""row_search_window"": 2, ""disallow_one_site_gaps"": 0, ""use_diamond_legalizer"": 1, ""disable_window_extension"": 0}",FAILED,2943613.2,2943613.2,0.0,-100.0,-1.0,False
44,19,10,RISCY-b-1-c2,4,"{""max_displacement"": 10, ""site_search_window"": 30, ""row_search_window"": 2, ""disallow_one_site_gaps"": 0, ""use_diamond_legalizer"": 1, ""disable_window_extension"": 0}","{""max_displacement"": 10, ""site_search_window"": 20, ""row_search_window"": 0, ""disallow_one_site_gaps"": 0, ""use_diamond_legalizer"": 1, ""disable_window_extension"": 0}",FAILED,2943613.2,2943613.2,0.0,-100.0,-1.0,True
44,20,1,zero-riscy-a-3-c20,6,"{""max_displacement"": 0, ""site_search_window"": 0, ""row_search_window"": 0, ""disallow_one_site_gaps"": 0, ""use_diamond_legalizer"": 1, ""disable_window_extension"": 0}","{""max_displacement"": 0, ""site_search_window"": 0, ""row_search_window"": 0, ""disallow_one_site_gaps"": 0, ""use_diamond_legalizer"": 1, ""disable_window_extension"": 0}",VALID,4037614.6,4037614.6,0.0,0.0,0.0,False
44,20,2,zero-riscy-a-3-c20,3,"{""max_displacement"": 0, ""site_search_window"": 0, ""row_search_window"": 0, ""disallow_one_site_gaps"": 0, ""use_diamond_legalizer"": 1, ""disable_window_extension"": 0}","{""max_displacement"": 0, ""site_search_window"": 10, ""row_search_window"": 2, ""disallow_one_site_gaps"": 0, ""use_diamond_legalizer"": 1, ""disable_window_extension"": 0}",VALID,4037614.6,4037614.6,0.0,0.0,0.0,False
44,20,3,zero-riscy-a-3-c20,3,"{""max_displacement"": 0, ""site_search_window"": 10, ""row_search_window"": 2, ""disallow_one_site_gaps"": 0, ""use_diamond_legalizer"": 1, ""disable_window_extension"": 0}","{""max_displacement"": 0, ""site_search_window"": 20, ""row_search_window"": 4, ""disallow_one_site_gaps"": 0, ""use_diamond_legalizer"": 1, ""disable_window_extension"": 0}",VALID,4037614.6,4037614.6,0.0,0.0,0.0,False
44,20,4,zero-riscy-a-3-c20,1,"{""max_displacement"": 0, ""site_search_window"": 20, ""row_search_window"": 4, ""disallow_one_site_gaps"": 0, ""use_diamond_legalizer"": 1, ""disable_window_extension"": 0}","{""max_displacement"": 10, ""site_search_window"": 30, ""row_search_window"": 6, ""disallow_one_site_gaps"": 0, ""use_diamond_legalizer"": 1, ""disable_window_extension"": 0}",FAILED,4037614.6,4037614.6,0.0,-100.0,-1.0,False
44,20,5,zero-riscy-a-3-c20,2,"{""max_displacement"": 10, ""site_search_window"": 30, ""row_search_window"": 6, ""disallow_one_site_gaps"": 0, ""use_diamond_legalizer"": 1, ""disable_window_extension"": 0}","{""max_displacement"": 0, ""site_search_window"": 20, ""row_search_window"": 4, ""disallow_one_site_gaps"": 0, ""use_diamond_legalizer"": 1, ""disable_window_extension"": 0}",VALID,4037614.6,4037614.6,0.0,0.0,0.0,False
44,20,6,zero-riscy-a-3-c20,4,"{""max_displacement"": 0, ""site_search_window"": 20, ""row_search_window"": 4, ""disallow_one_site_gaps"": 0, ""use_diamond_legalizer"": 1, ""disable_window_extension"": 0}","{""max_displacement"": 0, ""site_search_window"": 10, ""row_search_window"": 2, ""disallow_one_site_gaps"": 0, ""use_diamond_legalizer"": 1, ""disable_window_extension"": 0}",VALID,4037614.6,4037614.6,0.0,0.0,0.0,False
44,20,7,zero-riscy-a-3-c20,6,"{""max_displacement"": 0, ""site_search_window"": 10, ""row_search_window"": 2, ""disallow_one_site_gaps"": 0, ""use_diamond_legalizer"": 1, ""disable_window_extension"": 0}","{""max_displacement"": 0, ""site_search_window"": 0, ""row_search_window"": 2, ""disallow_one_site_gaps"": 0, ""use_diamond_legalizer"": 1, ""disable_window_extension"": 0}",VALID,4037614.6,4037614.6,0.0,0.0,0.0,False
44,20,8,zero-riscy-a-3-c20,7,"{""max_displacement"": 0, ""site_search_window"": 0, ""row_search_window"": 2, ""disallow_one_site_gaps"": 0, ""use_diamond_legalizer"": 1, ""disable_window_extension"": 0}","{""max_displacement"": 0, ""site_search_window"": 0, ""row_search_window"": 2, ""disallow_one_site_gaps"": 0, ""use_diamond_legalizer"": 1, ""disable_window_extension"": 0}",VALID,4037614.6,4037614.6,0.0,0.0,0.0,False
44,20,9,zero-riscy-a-3-c20,6,"{""max_displacement"": 0, ""site_search_window"": 0, ""row_search_window"": 2, ""disallow_one_site_gaps"": 0, ""use_diamond_legalizer"": 1, ""disable_window_extension"": 0}","{""max_displacement"": 0, ""site_search_window"": 0, ""row_search_window"": 2, ""disallow_one_site_gaps"": 0, ""use_diamond_legalizer"": 1, ""disable_window_extension"": 0}",VALID,4037614.6,4037614.6,0.0,0.0,0.0,False
44,20,10,zero-riscy-a-3-c20,5,"{""max_displacement"": 0, ""site_search_window"": 0, ""row_search_window"": 2, ""disallow_one_site_gaps"": 0, ""use_diamond_legalizer"": 1, ""disable_window_extension"": 0}","{""max_displacement"": 10, ""site_search_window"": 10, ""row_search_window"": 2, ""disallow_one_site_gaps"": 0, ""use_diamond_legalizer"": 1, ""disable_window_extension"": 0}",FAILED,4037614.6,4037614.6,0.0,-100.0,-1.0,True
44,21,1,RISCY-FPU-b-1-c20,6,"{""max_displacement"": 0, ""site_search_window"": 0, ""row_search_window"": 0, ""disallow_one_site_gaps"": 0, ""use_diamond_legalizer"": 1, ""disable_window_extension"": 0}","{""max_displacement"": 0, ""site_search_window"": 0, ""row_search_window"": 0, ""disallow_one_site_gaps"": 0, ""use_diamond_legalizer"": 1, ""disable_window_extension"": 0}",VALID,3678521.9,3678521.9,0.0,0.0,0.0,False
44,21,2,RISCY-FPU-b-1-c20,5,"{""max_displacement"": 0, ""site_search_window"": 0, ""row_search_window"": 0, ""disallow_one_site_gaps"": 0, ""use_diamond_legalizer"": 1, ""disable_window_extension"": 0}","{""max_displacement"": 10, ""site_search_window"": 10, ""row_search_window"": 0, ""disallow_one_site_gaps"": 0, ""use_diamond_legalizer"": 1, ""disable_window_extension"": 0}",FAILED,3678521.9,3678521.9,0.0,-100.0,-1.0,False
44,21,3,RISCY-FPU-b-1-c20,5,"{""max_displacement"": 10, ""site_search_window"": 10, ""row_search_window"": 0, ""disallow_one_site_gaps"": 0, ""use_diamond_legalizer"": 1, ""disable_window_extension"": 0}","{""max_displacement"": 20, ""site_search_window"": 20, ""row_search_window"": 0, ""disallow_one_site_gaps"": 0, ""use_diamond_legalizer"": 1, ""disable_window_extension"": 0}",VALID,3678521.9,3678521.9,0.0,0.0,0.0,False
44,21,4,RISCY-FPU-b-1-c20,5,"{""max_displacement"": 20, ""site_search_window"": 20, ""row_search_window"": 0, ""disallow_one_site_gaps"": 0, ""use_diamond_legalizer"": 1, ""disable_window_extension"": 0}","{""max_displacement"": 30, ""site_search_window"": 30, ""row_search_window"": 0, ""disallow_one_site_gaps"": 0, ""use_diamond_legalizer"": 1, ""disable_window_extension"": 0}",VALID,3678521.9,3678521.9,0.0,0.0,0.0,False
44,21,5,RISCY-FPU-b-1-c20,6,"{""max_displacement"": 30, ""site_search_window"": 30, ""row_search_window"": 0, ""disallow_one_site_gaps"": 0, ""use_diamond_legalizer"": 1, ""disable_window_extension"": 0}","{""max_displacement"": 20, ""site_search_window"": 20, ""row_search_window"": 0, ""disallow_one_site_gaps"": 0, ""use_diamond_legalizer"": 1, ""disable_window_extension"": 0}",VALID,3678521.9,3678521.9,0.0,0.0,0.0,False
44,21,6,RISCY-FPU-b-1-c20,7,"{""max_displacement"": 20, ""site_search_window"": 20, ""row_search_window"": 0, ""disallow_one_site_gaps"": 0, ""use_diamond_legalizer"": 1, ""disable_window_extension"": 0}","{""max_displacement"": 20, ""site_search_window"": 20, ""row_search_window"": 0, ""disallow_one_site_gaps"": 0, ""use_diamond_legalizer"": 1, ""disable_window_extension"": 0}",VALID,3678521.9,3678521.9,0.0,0.0,0.0,False
44,21,7,RISCY-FPU-b-1-c20,3,"{""max_displacement"": 20, ""site_search_window"": 20, ""row_search_window"": 0, ""disallow_one_site_gaps"": 0, ""use_diamond_legalizer"": 1, ""disable_window_extension"": 0}","{""max_displacement"": 20, ""site_search_window"": 30, ""row_search_window"": 2, ""disallow_one_site_gaps"": 0, ""use_diamond_legalizer"": 1, ""disable_window_extension"": 0}",VALID,3678521.9,3678521.9,0.0,0.0,0.0,False
44,21,8,RISCY-FPU-b-1-c20,7,"{""max_displacement"": 20, ""site_search_window"": 30, ""row_search_window"": 2, ""disallow_one_site_gaps"": 0, ""use_diamond_legalizer"": 1, ""disable_window_extension"": 0}","{""max_displacement"": 20, ""site_search_window"": 30, ""row_search_window"": 2, ""disallow_one_site_gaps"": 0, ""use_diamond_legalizer"": 1, ""disable_window_extension"": 0}",VALID,3678521.9,3678521.9,0.0,0.0,0.0,False
44,21,9,RISCY-FPU-b-1-c20,0,"{""max_displacement"": 20, ""site_search_window"": 30, ""row_search_window"": 2, ""disallow_one_site_gaps"": 0, ""use_diamond_legalizer"": 1, ""disable_window_extension"": 0}","{""max_displacement"": 20, ""site_search_window"": 30, ""row_search_window"": 2, ""disallow_one_site_gaps"": true, ""use_diamond_legalizer"": 1, ""disable_window_extension"": true}",VALID,3678521.9,3678521.9,0.0,0.0,0.0,False
44,21,10,RISCY-FPU-b-1-c20,1,"{""max_displacement"": 20, ""site_search_window"": 30, ""row_search_window"": 2, ""disallow_one_site_gaps"": true, ""use_diamond_legalizer"": 1, ""disable_window_extension"": true}","{""max_displacement"": 30, ""site_search_window"": 40, ""row_search_window"": 4, ""disallow_one_site_gaps"": true, ""use_diamond_legalizer"": 1, ""disable_window_extension"": true}",VALID,3678521.9,3678521.9,0.0,0.0,0.0,True
44,22,1,RISCY-a-2-c5,1,"{""max_displacement"": 0, ""site_search_window"": 0, ""row_search_window"": 0, ""disallow_one_site_gaps"": 0, ""use_diamond_legalizer"": 1, ""disable_window_extension"": 0}","{""max_displacement"": 10, ""site_search_window"": 10, ""row_search_window"": 2, ""disallow_one_site_gaps"": 0, ""use_diamond_legalizer"": 1, ""disable_window_extension"": 0}",VALID,4814393.9,4814393.9,0.0,0.0,0.0,False
44,22,2,RISCY-a-2-c5,1,"{""max_displacement"": 10, ""site_search_window"": 10, ""row_search_window"": 2, ""disallow_one_site_gaps"": 0, ""use_diamond_legalizer"": 1, ""disable_window_extension"": 0}","{""max_displacement"": 20, ""site_search_window"": 20, ""row_search_window"": 4, ""disallow_one_site_gaps"": 0, ""use_diamond_legalizer"": 1, ""disable_window_extension"": 0}",VALID,4814393.9,4814393.9,0.0,0.0,0.0,False
44,22,3,RISCY-a-2-c5,1,"{""max_displacement"": 20, ""site_search_window"": 20, ""row_search_window"": 4, ""disallow_one_site_gaps"": 0, ""use_diamond_legalizer"": 1, ""disable_window_extension"": 0}","{""max_displacement"": 30, ""site_search_window"": 30, ""row_search_window"": 6, ""disallow_one_site_gaps"": 0, ""use_diamond_legalizer"": 1, ""disable_window_extension"": 0}",VALID,4814393.9,4814393.9,0.0,0.0,0.0,False
44,22,4,RISCY-a-2-c5,2,"{""max_displacement"": 30, ""site_search_window"": 30, ""row_search_window"": 6, ""disallow_one_site_gaps"": 0, ""use_diamond_legalizer"": 1, ""disable_window_extension"": 0}","{""max_displacement"": 20, ""site_search_window"": 20, ""row_search_window"": 4, ""disallow_one_site_gaps"": 0, ""use_diamond_legalizer"": 1, ""disable_window_extension"": 0}",VALID,4814393.9,4814393.9,0.0,0.0,0.0,False
44,22,5,RISCY-a-2-c5,5,"{""max_displacement"": 20, ""site_search_window"": 20, ""row_search_window"": 4, ""disallow_one_site_gaps"": 0, ""use_diamond_legalizer"": 1, ""disable_window_extension"": 0}","{""max_displacement"": 30, ""site_search_window"": 30, ""row_search_window"": 4, ""disallow_one_site_gaps"": 0, ""use_diamond_legalizer"": 1, ""disable_window_extension"": 0}",VALID,4814393.9,4814393.9,0.0,0.0,0.0,False
44,22,6,RISCY-a-2-c5,1,"{""max_displacement"": 30, ""site_search_window"": 30, ""row_search_window"": 4, ""disallow_one_site_gaps"": 0, ""use_diamond_legalizer"": 1, ""disable_window_extension"": 0}","{""max_displacement"": 40, ""site_search_window"": 40, ""row_search_window"": 6, ""disallow_one_site_gaps"": 0, ""use_diamond_legalizer"": 1, ""disable_window_extension"": 0}",VALID,4814393.9,4814393.9,0.0,0.0,0.0,False
44,22,7,RISCY-a-2-c5,1,"{""max_displacement"": 40, ""site_search_window"": 40, ""row_search_window"": 6, ""disallow_one_site_gaps"": 0, ""use_diamond_legalizer"": 1, ""disable_window_extension"": 0}","{""max_displacement"": 50, ""site_search_window"": 50, ""row_search_window"": 8, ""disallow_one_site_gaps"": 0, ""use_diamond_legalizer"": 1, ""disable_window_extension"": 0}",VALID,4814393.9,4814393.9,0.0,0.0,0.0,False
44,22,8,RISCY-a-2-c5,6,"{""max_displacement"": 50, ""site_search_window"": 50, ""row_search_window"": 8, ""disallow_one_site_gaps"": 0, ""use_diamond_legalizer"": 1, ""disable_window_extension"": 0}","{""max_displacement"": 40, ""site_search_window"": 40, ""row_search_window"": 8, ""disallow_one_site_gaps"": 0, ""use_diamond_legalizer"": 1, ""disable_window_extension"": 0}",VALID,4814393.9,4814393.9,0.0,0.0,0.0,False
44,22,9,RISCY-a-2-c5,3,"{""max_displacement"": 40, ""site_search_window"": 40, ""row_search_window"": 8, ""disallow_one_site_gaps"": 0, ""use_diamond_legalizer"": 1, ""disable_window_extension"": 0}","{""max_displacement"": 40, ""site_search_window"": 50, ""row_search_window"": 10, ""disallow_one_site_gaps"": 0, ""use_diamond_legalizer"": 1, ""disable_window_extension"": 0}",VALID,4814393.9,4814393.9,0.0,0.0,0.0,False
44,22,10,RISCY-a-2-c5,4,"{""max_displacement"": 40, ""site_search_window"": 50, ""row_search_window"": 10, ""disallow_one_site_gaps"": 0, ""use_diamond_legalizer"": 1, ""disable_window_extension"": 0}","{""max_displacement"": 40, ""site_search_window"": 40, ""row_search_window"": 8, ""disallow_one_site_gaps"": 0, ""use_diamond_legalizer"": 1, ""disable_window_extension"": 0}",VALID,4814393.9,4814393.9,0.0,0.0,0.0,True
44,23,1,RISCY-a-3-c20,2,"{""max_displacement"": 0, ""site_search_window"": 0, ""row_search_window"": 0, ""disallow_one_site_gaps"": 0, ""use_diamond_legalizer"": 1, ""disable_window_extension"": 0}","{""max_displacement"": 0, ""site_search_window"": 0, ""row_search_window"": 0, ""disallow_one_site_gaps"": 0, ""use_diamond_legalizer"": 1, ""disable_window_extension"": 0}",VALID,5117723.0,5117723.0,0.0,0.0,0.0,False
44,23,2,RISCY-a-3-c20,0,"{""max_displacement"": 0, ""site_search_window"": 0, ""row_search_window"": 0, ""disallow_one_site_gaps"": 0, ""use_diamond_legalizer"": 1, ""disable_window_extension"": 0}","{""max_displacement"": 0, ""site_search_window"": 0, ""row_search_window"": 0, ""disallow_one_site_gaps"": true, ""use_diamond_legalizer"": 1, ""disable_window_extension"": true}",VALID,5117723.0,5117723.0,0.0,0.0,0.0,False
44,23,3,RISCY-a-3-c20,4,"{""max_displacement"": 0, ""site_search_window"": 0, ""row_search_window"": 0, ""disallow_one_site_gaps"": true, ""use_diamond_legalizer"": 1, ""disable_window_extension"": true}","{""max_displacement"": 0, ""site_search_window"": 0, ""row_search_window"": 0, ""disallow_one_site_gaps"": true, ""use_diamond_legalizer"": 1, ""disable_window_extension"": true}",VALID,5117723.0,5117723.0,0.0,0.0,0.0,False
44,23,4,RISCY-a-3-c20,0,"{""max_displacement"": 0, ""site_search_window"": 0, ""row_search_window"": 0, ""disallow_one_site_gaps"": true, ""use_diamond_legalizer"": 1, ""disable_window_extension"": true}","{""max_displacement"": 0, ""site_search_window"": 0, ""row_search_window"": 0, ""disallow_one_site_gaps"": false, ""use_diamond_legalizer"": 1, ""disable_window_extension"": false}",VALID,5117723.0,5117723.0,0.0,0.0,0.0,False
44,23,5,RISCY-a-3-c20,4,"{""max_displacement"": 0, ""site_search_window"": 0, ""row_search_window"": 0, ""disallow_one_site_gaps"": false, ""use_diamond_legalizer"": 1, ""disable_window_extension"": false}","{""max_displacement"": 0, ""site_search_window"": 0, ""row_search_window"": 0, ""disallow_one_site_gaps"": false, ""use_diamond_legalizer"": 1, ""disable_window_extension"": false}",VALID,5117723.0,5117723.0,0.0,0.0,0.0,False
44,23,6,RISCY-a-3-c20,7,"{""max_displacement"": 0, ""site_search_window"": 0, ""row_search_window"": 0, ""disallow_one_site_gaps"": false, ""use_diamond_legalizer"": 1, ""disable_window_extension"": false}","{""max_displacement"": 0, ""site_search_window"": 0, ""row_search_window"": 0, ""disallow_one_site_gaps"": false, ""use_diamond_legalizer"": 1, ""disable_window_extension"": false}",VALID,5117723.0,5117723.0,0.0,0.0,0.0,False
44,23,7,RISCY-a-3-c20,5,"{""max_displacement"": 0, ""site_search_window"": 0, ""row_search_window"": 0, ""disallow_one_site_gaps"": false, ""use_diamond_legalizer"": 1, ""disable_window_extension"": false}","{""max_displacement"": 10, ""site_search_window"": 10, ""row_search_window"": 0, ""disallow_one_site_gaps"": false, ""use_diamond_legalizer"": 1, ""disable_window_extension"": false}",FAILED,5117723.0,5117723.0,0.0,-100.0,-1.0,False
44,23,8,RISCY-a-3-c20,5,"{""max_displacement"": 10, ""site_search_window"": 10, ""row_search_window"": 0, ""disallow_one_site_gaps"": false, ""use_diamond_legalizer"": 1, ""disable_window_extension"": false}","{""max_displacement"": 20, ""site_search_window"": 20, ""row_search_window"": 0, ""disallow_one_site_gaps"": false, ""use_diamond_legalizer"": 1, ""disable_window_extension"": false}",FAILED,5117723.0,5117723.0,0.0,-100.0,-1.0,False
44,23,9,RISCY-a-3-c20,4,"{""max_displacement"": 20, ""site_search_window"": 20, ""row_search_window"": 0, ""disallow_one_site_gaps"": false, ""use_diamond_legalizer"": 1, ""disable_window_extension"": false}","{""max_displacement"": 20, ""site_search_window"": 10, ""row_search_window"": 0, ""disallow_one_site_gaps"": false, ""use_diamond_legalizer"": 1, ""disable_window_extension"": false}",FAILED,5117723.0,5117723.0,0.0,-100.0,-1.0,False
44,23,10,RISCY-a-3-c20,2,"{""max_displacement"": 20, ""site_search_window"": 10, ""row_search_window"": 0, ""disallow_one_site_gaps"": false, ""use_diamond_legalizer"": 1, ""disable_window_extension"": false}","{""max_displacement"": 10, ""site_search_window"": 0, ""row_search_window"": 0, ""disallow_one_site_gaps"": false, ""use_diamond_legalizer"": 1, ""disable_window_extension"": false}",FAILED,5117723.0,5117723.0,0.0,-100.0,-1.0,True
44,24,1,zero-riscy-b-3-c20,5,"{""max_displacement"": 0, ""site_search_window"": 0, ""row_search_window"": 0, ""disallow_one_site_gaps"": 0, ""use_diamond_legalizer"": 1, ""disable_window_extension"": 0}","{""max_displacement"": 10, ""site_search_window"": 10, ""row_search_window"": 0, ""disallow_one_site_gaps"": 0, ""use_diamond_legalizer"": 1, ""disable_window_extension"": 0}",VALID,1996434.6,1996434.6,0.0,0.0,0.0,False
44,24,2,zero-riscy-b-3-c20,6,"{""max_displacement"": 10, ""site_search_window"": 10, ""row_search_window"": 0, ""disallow_one_site_gaps"": 0, ""use_diamond_legalizer"": 1, ""disable_window_extension"": 0}","{""max_displacement"": 0, ""site_search_window"": 0, ""row_search_window"": 0, ""disallow_one_site_gaps"": 0, ""use_diamond_legalizer"": 1, ""disable_window_extension"": 0}",VALID,1996434.6,1996434.6,0.0,0.0,0.0,False
44,24,3,zero-riscy-b-3-c20,3,"{""max_displacement"": 0, ""site_search_window"": 0, ""row_search_window"": 0, ""disallow_one_site_gaps"": 0, ""use_diamond_legalizer"": 1, ""disable_window_extension"": 0}","{""max_displacement"": 0, ""site_search_window"": 10, ""row_search_window"": 2, ""disallow_one_site_gaps"": 0, ""use_diamond_legalizer"": 1, ""disable_window_extension"": 0}",VALID,1996434.6,1996434.6,0.0,0.0,0.0,False
44,24,4,zero-riscy-b-3-c20,7,"{""max_displacement"": 0, ""site_search_window"": 10, ""row_search_window"": 2, ""disallow_one_site_gaps"": 0, ""use_diamond_legalizer"": 1, ""disable_window_extension"": 0}","{""max_displacement"": 0, ""site_search_window"": 10, ""row_search_window"": 2, ""disallow_one_site_gaps"": 0, ""use_diamond_legalizer"": 1, ""disable_window_extension"": 0}",VALID,1996434.6,1996434.6,0.0,0.0,0.0,False
44,24,5,zero-riscy-b-3-c20,1,"{""max_displacement"": 0, ""site_search_window"": 10, ""row_search_window"": 2, ""disallow_one_site_gaps"": 0, ""use_diamond_legalizer"": 1, ""disable_window_extension"": 0}","{""max_displacement"": 10, ""site_search_window"": 20, ""row_search_window"": 4, ""disallow_one_site_gaps"": 0, ""use_diamond_legalizer"": 1, ""disable_window_extension"": 0}",VALID,1996434.6,1996434.6,0.0,0.0,0.0,False
44,24,6,zero-riscy-b-3-c20,4,"{""max_displacement"": 10, ""site_search_window"": 20, ""row_search_window"": 4, ""disallow_one_site_gaps"": 0, ""use_diamond_legalizer"": 1, ""disable_window_extension"": 0}","{""max_displacement"": 10, ""site_search_window"": 10, ""row_search_window"": 2, ""disallow_one_site_gaps"": 0, ""use_diamond_legalizer"": 1, ""disable_window_extension"": 0}",VALID,1996434.6,1996434.6,0.0,0.0,0.0,False
44,24,7,zero-riscy-b-3-c20,7,"{""max_displacement"": 10, ""site_search_window"": 10, ""row_search_window"": 2, ""disallow_one_site_gaps"": 0, ""use_diamond_legalizer"": 1, ""disable_window_extension"": 0}","{""max_displacement"": 10, ""site_search_window"": 10, ""row_search_window"": 2, ""disallow_one_site_gaps"": 0, ""use_diamond_legalizer"": 1, ""disable_window_extension"": 0}",VALID,1996434.6,1996434.6,0.0,0.0,0.0,False
44,24,8,zero-riscy-b-3-c20,3,"{""max_displacement"": 10, ""site_search_window"": 10, ""row_search_window"": 2, ""disallow_one_site_gaps"": 0, ""use_diamond_legalizer"": 1, ""disable_window_extension"": 0}","{""max_displacement"": 10, ""site_search_window"": 20, ""row_search_window"": 4, ""disallow_one_site_gaps"": 0, ""use_diamond_legalizer"": 1, ""disable_window_extension"": 0}",VALID,1996434.6,1996434.6,0.0,0.0,0.0,False
44,24,9,zero-riscy-b-3-c20,0,"{""max_displacement"": 10, ""site_search_window"": 20, ""row_search_window"": 4, ""disallow_one_site_gaps"": 0, ""use_diamond_legalizer"": 1, ""disable_window_extension"": 0}","{""max_displacement"": 10, ""site_search_window"": 20, ""row_search_window"": 4, ""disallow_one_site_gaps"": true, ""use_diamond_legalizer"": 1, ""disable_window_extension"": true}",VALID,1996434.6,1996434.6,0.0,0.0,0.0,False
44,24,10,zero-riscy-b-3-c20,4,"{""max_displacement"": 10, ""site_search_window"": 20, ""row_search_window"": 4, ""disallow_one_site_gaps"": true, ""use_diamond_legalizer"": 1, ""disable_window_extension"": true}","{""max_displacement"": 10, ""site_search_window"": 10, ""row_search_window"": 2, ""disallow_one_site_gaps"": true, ""use_diamond_legalizer"": 1, ""disable_window_extension"": true}",VALID,1996434.6,1996434.6,0.0,0.0,0.0,True
44,25,1,RISCY-FPU-a-1-c20,7,"{""max_displacement"": 0, ""site_search_window"": 0, ""row_search_window"": 0, ""disallow_one_site_gaps"": 0, ""use_diamond_legalizer"": 1, ""disable_window_extension"": 0}","{""max_displacement"": 0, ""site_search_window"": 0, ""row_search_window"": 0, ""disallow_one_site_gaps"": 0, ""use_diamond_legalizer"": 1, ""disable_window_extension"": 0}",VALID,5621676.5,5621676.5,0.0,0.0,0.0,False
44,25,2,RISCY-FPU-a-1-c20,4,"{""max_displacement"": 0, ""site_search_window"": 0, ""row_search_window"": 0, ""disallow_one_site_gaps"": 0, ""use_diamond_legalizer"": 1, ""disable_window_extension"": 0}","{""max_displacement"": 0, ""site_search_window"": 0, ""row_search_window"": 0, ""disallow_one_site_gaps"": 0, ""use_diamond_legalizer"": 1, ""disable_window_extension"": 0}",VALID,5621676.5,5621676.5,0.0,0.0,0.0,False
44,25,3,RISCY-FPU-a-1-c20,3,"{""max_displacement"": 0, ""site_search_window"": 0, ""row_search_window"": 0, ""disallow_one_site_gaps"": 0, ""use_diamond_legalizer"": 1, ""disable_window_extension"": 0}","{""max_displacement"": 0, ""site_search_window"": 10, ""row_search_window"": 2, ""disallow_one_site_gaps"": 0, ""use_diamond_legalizer"": 1, ""disable_window_extension"": 0}",VALID,5621676.5,5621676.5,0.0,0.0,0.0,False
44,25,4,RISCY-FPU-a-1-c20,7,"{""max_displacement"": 0, ""site_search_window"": 10, ""row_search_window"": 2, ""disallow_one_site_gaps"": 0, ""use_diamond_legalizer"": 1, ""disable_window_extension"": 0}","{""max_displacement"": 0, ""site_search_window"": 10, ""row_search_window"": 2, ""disallow_one_site_gaps"": 0, ""use_diamond_legalizer"": 1, ""disable_window_extension"": 0}",VALID,5621676.5,5621676.5,0.0,0.0,0.0,False
44,25,5,RISCY-FPU-a-1-c20,1,"{""max_displacement"": 0, ""site_search_window"": 10, ""row_search_window"": 2, ""disallow_one_site_gaps"": 0, ""use_diamond_legalizer"": 1, ""disable_window_extension"": 0}","{""max_displacement"": 10, ""site_search_window"": 20, ""row_search_window"": 4, ""disallow_one_site_gaps"": 0, ""use_diamond_legalizer"": 1, ""disable_window_extension"": 0}",FAILED,5621676.5,5621676.5,0.0,-100.0,-1.0,False
44,25,6,RISCY-FPU-a-1-c20,4,"{""max_displacement"": 10, ""site_search_window"": 20, ""row_search_window"": 4, ""disallow_one_site_gaps"": 0, ""use_diamond_legalizer"": 1, ""disable_window_extension"": 0}","{""max_displacement"": 10, ""site_search_window"": 10, ""row_search_window"": 2, ""disallow_one_site_gaps"": 0, ""use_diamond_legalizer"": 1, ""disable_window_extension"": 0}",FAILED,5621676.5,5621676.5,0.0,-100.0,-1.0,False
44,25,7,RISCY-FPU-a-1-c20,7,"{""max_displacement"": 10, ""site_search_window"": 10, ""row_search_window"": 2, ""disallow_one_site_gaps"": 0, ""use_diamond_legalizer"": 1, ""disable_window_extension"": 0}","{""max_displacement"": 10, ""site_search_window"": 10, ""row_search_window"": 2, ""disallow_one_site_gaps"": 0, ""use_diamond_legalizer"": 1, ""disable_window_extension"": 0}",FAILED,5621676.5,5621676.5,0.0,-100.0,-1.0,False
44,25,8,RISCY-FPU-a-1-c20,5,"{""max_displacement"": 10, ""site_search_window"": 10, ""row_search_window"": 2, ""disallow_one_site_gaps"": 0, ""use_diamond_legalizer"": 1, ""disable_window_extension"": 0}","{""max_displacement"": 20, ""site_search_window"": 20, ""row_search_window"": 2, ""disallow_one_site_gaps"": 0, ""use_diamond_legalizer"": 1, ""disable_window_extension"": 0}",VALID,5621676.5,5621676.5,0.0,0.0,0.0,False
44,25,9,RISCY-FPU-a-1-c20,6,"{""max_displacement"": 20, ""site_search_window"": 20, ""row_search_window"": 2, ""disallow_one_site_gaps"": 0, ""use_diamond_legalizer"": 1, ""disable_window_extension"": 0}","{""max_displacement"": 10, ""site_search_window"": 10, ""row_search_window"": 2, ""disallow_one_site_gaps"": 0, ""use_diamond_legalizer"": 1, ""disable_window_extension"": 0}",FAILED,5621676.5,5621676.5,0.0,-100.0,-1.0,False
44,25,10,RISCY-FPU-a-1-c20,4,"{""max_displacement"": 10, ""site_search_window"": 10, ""row_search_window"": 2, ""disallow_one_site_gaps"": 0, ""use_diamond_legalizer"": 1, ""disable_window_extension"": 0}","{""max_displacement"": 10, ""site_search_window"": 0, ""row_search_window"": 0, ""disallow_one_site_gaps"": 0, ""use_diamond_legalizer"": 1, ""disable_window_extension"": 0}",FAILED,5621676.5,5621676.5,0.0,-100.0,-1.0,True
44,26,1,zero-riscy-b-1-c2,7,"{""max_displacement"": 0, ""site_search_window"": 0, ""row_search_window"": 0, ""disallow_one_site_gaps"": 0, ""use_diamond_legalizer"": 1, ""disable_window_extension"": 0}","{""max_displacement"": 0, ""site_search_window"": 0, ""row_search_window"": 0, ""disallow_one_site_gaps"": 0, ""use_diamond_legalizer"": 1, ""disable_window_extension"": 0}",VALID,2386646.3,2386646.3,0.0,0.0,0.0,False
44,26,2,zero-riscy-b-1-c2,4,"{""max_displacement"": 0, ""site_search_window"": 0, ""row_search_window"": 0, ""disallow_one_site_gaps"": 0, ""use_diamond_legalizer"": 1, ""disable_window_extension"": 0}","{""max_displacement"": 0, ""site_search_window"": 0, ""row_search_window"": 0, ""disallow_one_site_gaps"": 0, ""use_diamond_legalizer"": 1, ""disable_window_extension"": 0}",VALID,2386646.3,2386646.3,0.0,0.0,0.0,False
44,26,3,zero-riscy-b-1-c2,7,"{""max_displacement"": 0, ""site_search_window"": 0, ""row_search_window"": 0, ""disallow_one_site_gaps"": 0, ""use_diamond_legalizer"": 1, ""disable_window_extension"": 0}","{""max_displacement"": 0, ""site_search_window"": 0, ""row_search_window"": 0, ""disallow_one_site_gaps"": 0, ""use_diamond_legalizer"": 1, ""disable_window_extension"": 0}",VALID,2386646.3,2386646.3,0.0,0.0,0.0,False
44,26,4,zero-riscy-b-1-c2,5,"{""max_displacement"": 0, ""site_search_window"": 0, ""row_search_window"": 0, ""disallow_one_site_gaps"": 0, ""use_diamond_legalizer"": 1, ""disable_window_extension"": 0}","{""max_displacement"": 10, ""site_search_window"": 10, ""row_search_window"": 0, ""disallow_one_site_gaps"": 0, ""use_diamond_legalizer"": 1, ""disable_window_extension"": 0}",FAILED,2386646.3,2386646.3,0.0,-100.0,-1.0,False
44,26,5,zero-riscy-b-1-c2,7,"{""max_displacement"": 10, ""site_search_window"": 10, ""row_search_window"": 0, ""disallow_one_site_gaps"": 0, ""use_diamond_legalizer"": 1, ""disable_window_extension"": 0}","{""max_displacement"": 10, ""site_search_window"": 10, ""row_search_window"": 0, ""disallow_one_site_gaps"": 0, ""use_diamond_legalizer"": 1, ""disable_window_extension"": 0}",FAILED,2386646.3,2386646.3,0.0,-100.0,-1.0,False
44,26,6,zero-riscy-b-1-c2,5,"{""max_displacement"": 10, ""site_search_window"": 10, ""row_search_window"": 0, ""disallow_one_site_gaps"": 0, ""use_diamond_legalizer"": 1, ""disable_window_extension"": 0}","{""max_displacement"": 20, ""site_search_window"": 20, ""row_search_window"": 0, ""disallow_one_site_gaps"": 0, ""use_diamond_legalizer"": 1, ""disable_window_extension"": 0}",FAILED,2386646.3,2386646.3,0.0,-100.0,-1.0,False
44,26,7,zero-riscy-b-1-c2,5,"{""max_displacement"": 20, ""site_search_window"": 20, ""row_search_window"": 0, ""disallow_one_site_gaps"": 0, ""use_diamond_legalizer"": 1, ""disable_window_extension"": 0}","{""max_displacement"": 30, ""site_search_window"": 30, ""row_search_window"": 0, ""disallow_one_site_gaps"": 0, ""use_diamond_legalizer"": 1, ""disable_window_extension"": 0}",FAILED,2386646.3,2386646.3,0.0,-100.0,-1.0,False
44,26,8,zero-riscy-b-1-c2,2,"{""max_displacement"": 30, ""site_search_window"": 30, ""row_search_window"": 0, ""disallow_one_site_gaps"": 0, ""use_diamond_legalizer"": 1, ""disable_window_extension"": 0}","{""max_displacement"": 20, ""site_search_window"": 20, ""row_search_window"": 0, ""disallow_one_site_gaps"": 0, ""use_diamond_legalizer"": 1, ""disable_window_extension"": 0}",FAILED,2386646.3,2386646.3,0.0,-100.0,-1.0,False
44,26,9,zero-riscy-b-1-c2,6,"{""max_displacement"": 20, ""site_search_window"": 20, ""row_search_window"": 0, ""disallow_one_site_gaps"": 0, ""use_diamond_legalizer"": 1, ""disable_window_extension"": 0}","{""max_displacement"": 10, ""site_search_window"": 10, ""row_search_window"": 0, ""disallow_one_site_gaps"": 0, ""use_diamond_legalizer"": 1, ""disable_window_extension"": 0}",FAILED,2386646.3,2386646.3,0.0,-100.0,-1.0,False
44,26,10,zero-riscy-b-1-c2,7,"{""max_displacement"": 10, ""site_search_window"": 10, ""row_search_window"": 0, ""disallow_one_site_gaps"": 0, ""use_diamond_legalizer"": 1, ""disable_window_extension"": 0}","{""max_displacement"": 10, ""site_search_window"": 10, ""row_search_window"": 0, ""disallow_one_site_gaps"": 0, ""use_diamond_legalizer"": 1, ""disable_window_extension"": 0}",FAILED,2386646.3,2386646.3,0.0,-100.0,-1.0,True
44,27,1,RISCY-b-3-c2,5,"{""max_displacement"": 0, ""site_search_window"": 0, ""row_search_window"": 0, ""disallow_one_site_gaps"": 0, ""use_diamond_legalizer"": 1, ""disable_window_extension"": 0}","{""max_displacement"": 10, ""site_search_window"": 10, ""row_search_window"": 0, ""disallow_one_site_gaps"": 0, ""use_diamond_legalizer"": 1, ""disable_window_extension"": 0}",VALID,4119260.8,4119224.9,35.89999999990687,0.0009,8.715155884256435e-06,False
44,27,2,RISCY-b-3-c2,4,"{""max_displacement"": 10, ""site_search_window"": 10, ""row_search_window"": 0, ""disallow_one_site_gaps"": 0, ""use_diamond_legalizer"": 1, ""disable_window_extension"": 0}","{""max_displacement"": 10, ""site_search_window"": 0, ""row_search_window"": 0, ""disallow_one_site_gaps"": 0, ""use_diamond_legalizer"": 1, ""disable_window_extension"": 0}",VALID,4119260.8,4119224.9,0.0,0.0,0.0,False
44,27,3,RISCY-b-3-c2,6,"{""max_displacement"": 10, ""site_search_window"": 0, ""row_search_window"": 0, ""disallow_one_site_gaps"": 0, ""use_diamond_legalizer"": 1, ""disable_window_extension"": 0}","{""max_displacement"": 0, ""site_search_window"": 0, ""row_search_window"": 0, ""disallow_one_site_gaps"": 0, ""use_diamond_legalizer"": 1, ""disable_window_extension"": 0}",VALID,4119260.8,4119260.8,-35.89999999990687,-0.0009,-8.715231838860478e-06,False
44,27,4,RISCY-b-3-c2,1,"{""max_displacement"": 0, ""site_search_window"": 0, ""row_search_window"": 0, ""disallow_one_site_gaps"": 0, ""use_diamond_legalizer"": 1, ""disable_window_extension"": 0}","{""max_displacement"": 10, ""site_search_window"": 10, ""row_search_window"": 2, ""disallow_one_site_gaps"": 0, ""use_diamond_legalizer"": 1, ""disable_window_extension"": 0}",VALID,4119260.8,4119224.9,35.89999999990687,0.0009,8.715155884256435e-06,False
44,27,5,RISCY-b-3-c2,6,"{""max_displacement"": 10, ""site_search_window"": 10, ""row_search_window"": 2, ""disallow_one_site_gaps"": 0, ""use_diamond_legalizer"": 1, ""disable_window_extension"": 0}","{""max_displacement"": 0, ""site_search_window"": 0, ""row_search_window"": 2, ""disallow_one_site_gaps"": 0, ""use_diamond_legalizer"": 1, ""disable_window_extension"": 0}",VALID,4119260.8,4119260.8,-35.89999999990687,-0.0009,-8.715231838860478e-06,False
44,27,6,RISCY-b-3-c2,4,"{""max_displacement"": 0, ""site_search_window"": 0, ""row_search_window"": 2, ""disallow_one_site_gaps"": 0, ""use_diamond_legalizer"": 1, ""disable_window_extension"": 0}","{""max_displacement"": 0, ""site_search_window"": 0, ""row_search_window"": 0, ""disallow_one_site_gaps"": 0, ""use_diamond_legalizer"": 1, ""disable_window_extension"": 0}",VALID,4119260.8,4119260.8,0.0,0.0,0.0,False
44,27,7,RISCY-b-3-c2,4,"{""max_displacement"": 0, ""site_search_window"": 0, ""row_search_window"": 0, ""disallow_one_site_gaps"": 0, ""use_diamond_legalizer"": 1, ""disable_window_extension"": 0}","{""max_displacement"": 0, ""site_search_window"": 0, ""row_search_window"": 0, ""disallow_one_site_gaps"": 0, ""use_diamond_legalizer"": 1, ""disable_window_extension"": 0}",VALID,4119260.8,4119260.8,0.0,0.0,0.0,False
44,27,8,RISCY-b-3-c2,2,"{""max_displacement"": 0, ""site_search_window"": 0, ""row_search_window"": 0, ""disallow_one_site_gaps"": 0, ""use_diamond_legalizer"": 1, ""disable_window_extension"": 0}","{""max_displacement"": 0, ""site_search_window"": 0, ""row_search_window"": 0, ""disallow_one_site_gaps"": 0, ""use_diamond_legalizer"": 1, ""disable_window_extension"": 0}",VALID,4119260.8,4119260.8,0.0,0.0,0.0,False
44,27,9,RISCY-b-3-c2,7,"{""max_displacement"": 0, ""site_search_window"": 0, ""row_search_window"": 0, ""disallow_one_site_gaps"": 0, ""use_diamond_legalizer"": 1, ""disable_window_extension"": 0}","{""max_displacement"": 0, ""site_search_window"": 0, ""row_search_window"": 0, ""disallow_one_site_gaps"": 0, ""use_diamond_legalizer"": 1, ""disable_window_extension"": 0}",VALID,4119260.8,4119260.8,0.0,0.0,0.0,False
44,27,10,RISCY-b-3-c2,7,"{""max_displacement"": 0, ""site_search_window"": 0, ""row_search_window"": 0, ""disallow_one_site_gaps"": 0, ""use_diamond_legalizer"": 1, ""disable_window_extension"": 0}","{""max_displacement"": 0, ""site_search_window"": 0, ""row_search_window"": 0, ""disallow_one_site_gaps"": 0, ""use_diamond_legalizer"": 1, ""disable_window_extension"": 0}",VALID,4119260.8,4119260.8,0.0,0.0,0.0,True
44,28,1,RISCY-a-2-c2,7,"{""max_displacement"": 0, ""site_search_window"": 0, ""row_search_window"": 0, ""disallow_one_site_gaps"": 0, ""use_diamond_legalizer"": 1, ""disable_window_extension"": 0}","{""max_displacement"": 0, ""site_search_window"": 0, ""row_search_window"": 0, ""disallow_one_site_gaps"": 0, ""use_diamond_legalizer"": 1, ""disable_window_extension"": 0}",VALID,4861249.7,4861249.7,0.0,0.0,0.0,False
44,28,2,RISCY-a-2-c2,6,"{""max_displacement"": 0, ""site_search_window"": 0, ""row_search_window"": 0, ""disallow_one_site_gaps"": 0, ""use_diamond_legalizer"": 1, ""disable_window_extension"": 0}","{""max_displacement"": 0, ""site_search_window"": 0, ""row_search_window"": 0, ""disallow_one_site_gaps"": 0, ""use_diamond_legalizer"": 1, ""disable_window_extension"": 0}",VALID,4861249.7,4861249.7,0.0,0.0,0.0,False
44,28,3,RISCY-a-2-c2,7,"{""max_displacement"": 0, ""site_search_window"": 0, ""row_search_window"": 0, ""disallow_one_site_gaps"": 0, ""use_diamond_legalizer"": 1, ""disable_window_extension"": 0}","{""max_displacement"": 0, ""site_search_window"": 0, ""row_search_window"": 0, ""disallow_one_site_gaps"": 0, ""use_diamond_legalizer"": 1, ""disable_window_extension"": 0}",VALID,4861249.7,4861249.7,0.0,0.0,0.0,False
44,28,4,RISCY-a-2-c2,5,"{""max_displacement"": 0, ""site_search_window"": 0, ""row_search_window"": 0, ""disallow_one_site_gaps"": 0, ""use_diamond_legalizer"": 1, ""disable_window_extension"": 0}","{""max_displacement"": 10, ""site_search_window"": 10, ""row_search_window"": 0, ""disallow_one_site_gaps"": 0, ""use_diamond_legalizer"": 1, ""disable_window_extension"": 0}",FAILED,4861249.7,4861249.7,0.0,-100.0,-1.0,False
44,28,5,RISCY-a-2-c2,2,"{""max_displacement"": 10, ""site_search_window"": 10, ""row_search_window"": 0, ""disallow_one_site_gaps"": 0, ""use_diamond_legalizer"": 1, ""disable_window_extension"": 0}","{""max_displacement"": 0, ""site_search_window"": 0, ""row_search_window"": 0, ""disallow_one_site_gaps"": 0, ""use_diamond_legalizer"": 1, ""disable_window_extension"": 0}",VALID,4861249.7,4861249.7,0.0,0.0,0.0,False
44,28,6,RISCY-a-2-c2,4,"{""max_displacement"": 0, ""site_search_window"": 0, ""row_search_window"": 0, ""disallow_one_site_gaps"": 0, ""use_diamond_legalizer"": 1, ""disable_window_extension"": 0}","{""max_displacement"": 0, ""site_search_window"": 0, ""row_search_window"": 0, ""disallow_one_site_gaps"": 0, ""use_diamond_legalizer"": 1, ""disable_window_extension"": 0}",VALID,4861249.7,4861249.7,0.0,0.0,0.0,False
44,28,7,RISCY-a-2-c2,5,"{""max_displacement"": 0, ""site_search_window"": 0, ""row_search_window"": 0, ""disallow_one_site_gaps"": 0, ""use_diamond_legalizer"": 1, ""disable_window_extension"": 0}","{""max_displacement"": 10, ""site_search_window"": 10, ""row_search_window"": 0, ""disallow_one_site_gaps"": 0, ""use_diamond_legalizer"": 1, ""disable_window_extension"": 0}",FAILED,4861249.7,4861249.7,0.0,-100.0,-1.0,False
44,28,8,RISCY-a-2-c2,4,"{""max_displacement"": 10, ""site_search_window"": 10, ""row_search_window"": 0, ""disallow_one_site_gaps"": 0, ""use_diamond_legalizer"": 1, ""disable_window_extension"": 0}","{""max_displacement"": 10, ""site_search_window"": 0, ""row_search_window"": 0, ""disallow_one_site_gaps"": 0, ""use_diamond_legalizer"": 1, ""disable_window_extension"": 0}",FAILED,4861249.7,4861249.7,0.0,-100.0,-1.0,False
44,28,9,RISCY-a-2-c2,3,"{""max_displacement"": 10, ""site_search_window"": 0, ""row_search_window"": 0, ""disallow_one_site_gaps"": 0, ""use_diamond_legalizer"": 1, ""disable_window_extension"": 0}","{""max_displacement"": 10, ""site_search_window"": 10, ""row_search_window"": 2, ""disallow_one_site_gaps"": 0, ""use_diamond_legalizer"": 1, ""disable_window_extension"": 0}",FAILED,4861249.7,4861249.7,0.0,-100.0,-1.0,False
44,28,10,RISCY-a-2-c2,0,"{""max_displacement"": 10, ""site_search_window"": 10, ""row_search_window"": 2, ""disallow_one_site_gaps"": 0, ""use_diamond_legalizer"": 1, ""disable_window_extension"": 0}","{""max_displacement"": 10, ""site_search_window"": 10, ""row_search_window"": 2, ""disallow_one_site_gaps"": true, ""use_diamond_legalizer"": 1, ""disable_window_extension"": true}",FAILED,4861249.7,4861249.7,0.0,-100.0,-1.0,True
44,29,1,RISCY-a-2-c5,4,"{""max_displacement"": 0, ""site_search_window"": 0, ""row_search_window"": 0, ""disallow_one_site_gaps"": 0, ""use_diamond_legalizer"": 1, ""disable_window_extension"": 0}","{""max_displacement"": 0, ""site_search_window"": 0, ""row_search_window"": 0, ""disallow_one_site_gaps"": 0, ""use_diamond_legalizer"": 1, ""disable_window_extension"": 0}",VALID,4814393.9,4814393.9,0.0,0.0,0.0,False
44,29,2,RISCY-a-2-c5,7,"{""max_displacement"": 0, ""site_search_window"": 0, ""row_search_window"": 0, ""disallow_one_site_gaps"": 0, ""use_diamond_legalizer"": 1, ""disable_window_extension"": 0}","{""max_displacement"": 0, ""site_search_window"": 0, ""row_search_window"": 0, ""disallow_one_site_gaps"": 0, ""use_diamond_legalizer"": 1, ""disable_window_extension"": 0}",VALID,4814393.9,4814393.9,0.0,0.0,0.0,False
44,29,3,RISCY-a-2-c5,6,"{""max_displacement"": 0, ""site_search_window"": 0, ""row_search_window"": 0, ""disallow_one_site_gaps"": 0, ""use_diamond_legalizer"": 1, ""disable_window_extension"": 0}","{""max_displacement"": 0, ""site_search_window"": 0, ""row_search_window"": 0, ""disallow_one_site_gaps"": 0, ""use_diamond_legalizer"": 1, ""disable_window_extension"": 0}",VALID,4814393.9,4814393.9,0.0,0.0,0.0,False
44,29,4,RISCY-a-2-c5,7,"{""max_displacement"": 0, ""site_search_window"": 0, ""row_search_window"": 0, ""disallow_one_site_gaps"": 0, ""use_diamond_legalizer"": 1, ""disable_window_extension"": 0}","{""max_displacement"": 0, ""site_search_window"": 0, ""row_search_window"": 0, ""disallow_one_site_gaps"": 0, ""use_diamond_legalizer"": 1, ""disable_window_extension"": 0}",VALID,4814393.9,4814393.9,0.0,0.0,0.0,False
44,29,5,RISCY-a-2-c5,6,"{""max_displacement"": 0, ""site_search_window"": 0, ""row_search_window"": 0, ""disallow_one_site_gaps"": 0, ""use_diamond_legalizer"": 1, ""disable_window_extension"": 0}","{""max_displacement"": 0, ""site_search_window"": 0, ""row_search_window"": 0, ""disallow_one_site_gaps"": 0, ""use_diamond_legalizer"": 1, ""disable_window_extension"": 0}",VALID,4814393.9,4814393.9,0.0,0.0,0.0,False
44,29,6,RISCY-a-2-c5,1,"{""max_displacement"": 0, ""site_search_window"": 0, ""row_search_window"": 0, ""disallow_one_site_gaps"": 0, ""use_diamond_legalizer"": 1, ""disable_window_extension"": 0}","{""max_displacement"": 10, ""site_search_window"": 10, ""row_search_window"": 2, ""disallow_one_site_gaps"": 0, ""use_diamond_legalizer"": 1, ""disable_window_extension"": 0}",VALID,4814393.9,4814393.9,0.0,0.0,0.0,False
44,29,7,RISCY-a-2-c5,0,"{""max_displacement"": 10, ""site_search_window"": 10, ""row_search_window"": 2, ""disallow_one_site_gaps"": 0, ""use_diamond_legalizer"": 1, ""disable_window_extension"": 0}","{""max_displacement"": 10, ""site_search_window"": 10, ""row_search_window"": 2, ""disallow_one_site_gaps"": true, ""use_diamond_legalizer"": 1, ""disable_window_extension"": true}",VALID,4814393.9,4814393.9,0.0,0.0,0.0,False
44,29,8,RISCY-a-2-c5,3,"{""max_displacement"": 10, ""site_search_window"": 10, ""row_search_window"": 2, ""disallow_one_site_gaps"": true, ""use_diamond_legalizer"": 1, ""disable_window_extension"": true}","{""max_displacement"": 10, ""site_search_window"": 20, ""row_search_window"": 4, ""disallow_one_site_gaps"": true, ""use_diamond_legalizer"": 1, ""disable_window_extension"": true}",VALID,4814393.9,4814393.9,0.0,0.0,0.0,False
44,29,9,RISCY-a-2-c5,0,"{""max_displacement"": 10, ""site_search_window"": 20, ""row_search_window"": 4, ""disallow_one_site_gaps"": true, ""use_diamond_legalizer"": 1, ""disable_window_extension"": true}","{""max_displacement"": 10, ""site_search_window"": 20, ""row_search_window"": 4, ""disallow_one_site_gaps"": false, ""use_diamond_legalizer"": 1, ""disable_window_extension"": false}",VALID,4814393.9,4814393.9,0.0,0.0,0.0,False
44,29,10,RISCY-a-2-c5,3,"{""max_displacement"": 10, ""site_search_window"": 20, ""row_search_window"": 4, ""disallow_one_site_gaps"": false, ""use_diamond_legalizer"": 1, ""disable_window_extension"": false}","{""max_displacement"": 10, ""site_search_window"": 30, ""row_search_window"": 6, ""disallow_one_site_gaps"": false, ""use_diamond_legalizer"": 1, ""disable_window_extension"": false}",VALID,4814393.9,4814393.9,0.0,0.0,0.0,True
44,30,1,RISCY-a-2-c5,3,"{""max_displacement"": 0, ""site_search_window"": 0, ""row_search_window"": 0, ""disallow_one_site_gaps"": 0, ""use_diamond_legalizer"": 1, ""disable_window_extension"": 0}","{""max_displacement"": 0, ""site_search_window"": 10, ""row_search_window"": 2, ""disallow_one_site_gaps"": 0, ""use_diamond_legalizer"": 1, ""disable_window_extension"": 0}",VALID,4814393.9,4814393.9,0.0,0.0,0.0,False
44,30,2,RISCY-a-2-c5,4,"{""max_displacement"": 0, ""site_search_window"": 10, ""row_search_window"": 2, ""disallow_one_site_gaps"": 0, ""use_diamond_legalizer"": 1, ""disable_window_extension"": 0}","{""max_displacement"": 0, ""site_search_window"": 0, ""row_search_window"": 0, ""disallow_one_site_gaps"": 0, ""use_diamond_legalizer"": 1, ""disable_window_extension"": 0}",VALID,4814393.9,4814393.9,0.0,0.0,0.0,False
44,30,3,RISCY-a-2-c5,0,"{""max_displacement"": 0, ""site_search_window"": 0, ""row_search_window"": 0, ""disallow_one_site_gaps"": 0, ""use_diamond_legalizer"": 1, ""disable_window_extension"": 0}","{""max_displacement"": 0, ""site_search_window"": 0, ""row_search_window"": 0, ""disallow_one_site_gaps"": true, ""use_diamond_legalizer"": 1, ""disable_window_extension"": true}",VALID,4814393.9,4814393.9,0.0,0.0,0.0,False
44,30,4,RISCY-a-2-c5,5,"{""max_displacement"": 0, ""site_search_window"": 0, ""row_search_window"": 0, ""disallow_one_site_gaps"": true, ""use_diamond_legalizer"": 1, ""disable_window_extension"": true}","{""max_displacement"": 10, ""site_search_window"": 10, ""row_search_window"": 0, ""disallow_one_site_gaps"": true, ""use_diamond_legalizer"": 1, ""disable_window_extension"": true}",VALID,4814393.9,4814393.9,0.0,0.0,0.0,False
44,30,5,RISCY-a-2-c5,1,"{""max_displacement"": 10, ""site_search_window"": 10, ""row_search_window"": 0, ""disallow_one_site_gaps"": true, ""use_diamond_legalizer"": 1, ""disable_window_extension"": true}","{""max_displacement"": 20, ""site_search_window"": 20, ""row_search_window"": 2, ""disallow_one_site_gaps"": true, ""use_diamond_legalizer"": 1, ""disable_window_extension"": true}",VALID,4814393.9,4814393.9,0.0,0.0,0.0,False
44,30,6,RISCY-a-2-c5,6,"{""max_displacement"": 20, ""site_search_window"": 20, ""row_search_window"": 2, ""disallow_one_site_gaps"": true, ""use_diamond_legalizer"": 1, ""disable_window_extension"": true}","{""max_displacement"": 10, ""site_search_window"": 10, ""row_search_window"": 2, ""disallow_one_site_gaps"": true, ""use_diamond_legalizer"": 1, ""disable_window_extension"": true}",VALID,4814393.9,4814393.9,0.0,0.0,0.0,False
44,30,7,RISCY-a-2-c5,5,"{""max_displacement"": 10, ""site_search_window"": 10, ""row_search_window"": 2, ""disallow_one_site_gaps"": true, ""use_diamond_legalizer"": 1, ""disable_window_extension"": true}","{""max_displacement"": 20, ""site_search_window"": 20, ""row_search_window"": 2, ""disallow_one_site_gaps"": true, ""use_diamond_legalizer"": 1, ""disable_window_extension"": true}",VALID,4814393.9,4814393.9,0.0,0.0,0.0,False
44,30,8,RISCY-a-2-c5,6,"{""max_displacement"": 20, ""site_search_window"": 20, ""row_search_window"": 2, ""disallow_one_site_gaps"": true, ""use_diamond_legalizer"": 1, ""disable_window_extension"": true}","{""max_displacement"": 10, ""site_search_window"": 10, ""row_search_window"": 2, ""disallow_one_site_gaps"": true, ""use_diamond_legalizer"": 1, ""disable_window_extension"": true}",VALID,4814393.9,4814393.9,0.0,0.0,0.0,False
44,30,9,RISCY-a-2-c5,0,"{""max_displacement"": 10, ""site_search_window"": 10, ""row_search_window"": 2, ""disallow_one_site_gaps"": true, ""use_diamond_legalizer"": 1, ""disable_window_extension"": true}","{""max_displacement"": 10, ""site_search_window"": 10, ""row_search_window"": 2, ""disallow_one_site_gaps"": false, ""use_diamond_legalizer"": 1, ""disable_window_extension"": false}",VALID,4814393.9,4814393.9,0.0,0.0,0.0,False
44,30,10,RISCY-a-2-c5,1,"{""max_displacement"": 10, ""site_search_window"": 10, ""row_search_window"": 2, ""disallow_one_site_gaps"": false, ""use_diamond_legalizer"": 1, ""disable_window_extension"": false}","{""max_displacement"": 20, ""site_search_window"": 20, ""row_search_window"": 4, ""disallow_one_site_gaps"": false, ""use_diamond_legalizer"": 1, ""disable_window_extension"": false}",VALID,4814393.9,4814393.9,0.0,0.0,0.0,True
44,31,1,RISCY-b-1-c5,2,"{""max_displacement"": 0, ""site_search_window"": 0, ""row_search_window"": 0, ""disallow_one_site_gaps"": 0, ""use_diamond_legalizer"": 1, ""disable_window_extension"": 0}","{""max_displacement"": 0, ""site_search_window"": 0, ""row_search_window"": 0, ""disallow_one_site_gaps"": 0, ""use_diamond_legalizer"": 1, ""disable_window_extension"": 0}",VALID,3939653.4,3939653.4,0.0,0.0,0.0,False
44,31,2,RISCY-b-1-c5,6,"{""max_displacement"": 0, ""site_search_window"": 0, ""row_search_window"": 0, ""disallow_one_site_gaps"": 0, ""use_diamond_legalizer"": 1, ""disable_window_extension"": 0}","{""max_displacement"": 0, ""site_search_window"": 0, ""row_search_window"": 0, ""disallow_one_site_gaps"": 0, ""use_diamond_legalizer"": 1, ""disable_window_extension"": 0}",VALID,3939653.4,3939653.4,0.0,0.0,0.0,False
44,31,3,RISCY-b-1-c5,5,"{""max_displacement"": 0, ""site_search_window"": 0, ""row_search_window"": 0, ""disallow_one_site_gaps"": 0, ""use_diamond_legalizer"": 1, ""disable_window_extension"": 0}","{""max_displacement"": 10, ""site_search_window"": 10, ""row_search_window"": 0, ""disallow_one_site_gaps"": 0, ""use_diamond_legalizer"": 1, ""disable_window_extension"": 0}",FAILED,3939653.4,3939653.4,0.0,-100.0,-1.0,False
44,31,4,RISCY-b-1-c5,3,"{""max_displacement"": 10, ""site_search_window"": 10, ""row_search_window"": 0, ""disallow_one_site_gaps"": 0, ""use_diamond_legalizer"": 1, ""disable_window_extension"": 0}","{""max_displacement"": 10, ""site_search_window"": 20, ""row_search_window"": 2, ""disallow_one_site_gaps"": 0, ""use_diamond_legalizer"": 1, ""disable_window_extension"": 0}",FAILED,3939653.4,3939653.4,0.0,-100.0,-1.0,False
44,31,5,RISCY-b-1-c5,7,"{""max_displacement"": 10, ""site_search_window"": 20, ""row_search_window"": 2, ""disallow_one_site_gaps"": 0, ""use_diamond_legalizer"": 1, ""disable_window_extension"": 0}","{""max_displacement"": 10, ""site_search_window"": 20, ""row_search_window"": 2, ""disallow_one_site_gaps"": 0, ""use_diamond_legalizer"": 1, ""disable_window_extension"": 0}",FAILED,3939653.4,3939653.4,0.0,-100.0,-1.0,False
44,31,6,RISCY-b-1-c5,3,"{""max_displacement"": 10, ""site_search_window"": 20, ""row_search_window"": 2, ""disallow_one_site_gaps"": 0, ""use_diamond_legalizer"": 1, ""disable_window_extension"": 0}","{""max_displacement"": 10, ""site_search_window"": 30, ""row_search_window"": 4, ""disallow_one_site_gaps"": 0, ""use_diamond_legalizer"": 1, ""disable_window_extension"": 0}",FAILED,3939653.4,3939653.4,0.0,-100.0,-1.0,False
44,31,7,RISCY-b-1-c5,3,"{""max_displacement"": 10, ""site_search_window"": 30, ""row_search_window"": 4, ""disallow_one_site_gaps"": 0, ""use_diamond_legalizer"": 1, ""disable_window_extension"": 0}","{""max_displacement"": 10, ""site_search_window"": 40, ""row_search_window"": 6, ""disallow_one_site_gaps"": 0, ""use_diamond_legalizer"": 1, ""disable_window_extension"": 0}",FAILED,3939653.4,3939653.4,0.0,-100.0,-1.0,False
44,31,8,RISCY-b-1-c5,7,"{""max_displacement"": 10, ""site_search_window"": 40, ""row_search_window"": 6, ""disallow_one_site_gaps"": 0, ""use_diamond_legalizer"": 1, ""disable_window_extension"": 0}","{""max_displacement"": 10, ""site_search_window"": 40, ""row_search_window"": 6, ""disallow_one_site_gaps"": 0, ""use_diamond_legalizer"": 1, ""disable_window_extension"": 0}",FAILED,3939653.4,3939653.4,0.0,-100.0,-1.0,False
44,31,9,RISCY-b-1-c5,3,"{""max_displacement"": 10, ""site_search_window"": 40, ""row_search_window"": 6, ""disallow_one_site_gaps"": 0, ""use_diamond_legalizer"": 1, ""disable_window_extension"": 0}","{""max_displacement"": 10, ""site_search_window"": 50, ""row_search_window"": 8, ""disallow_one_site_gaps"": 0, ""use_diamond_legalizer"": 1, ""disable_window_extension"": 0}",FAILED,3939653.4,3939653.4,0.0,-100.0,-1.0,False
44,31,10,RISCY-b-1-c5,3,"{""max_displacement"": 10, ""site_search_window"": 50, ""row_search_window"": 8, ""disallow_one_site_gaps"": 0, ""use_diamond_legalizer"": 1, ""disable_window_extension"": 0}","{""max_displacement"": 10, ""site_search_window"": 60, ""row_search_window"": 10, ""disallow_one_site_gaps"": 0, ""use_diamond_legalizer"": 1, ""disable_window_extension"": 0}",FAILED,3939653.4,3939653.4,0.0,-100.0,-1.0,True
44,32,1,zero-riscy-b-3-c5,7,"{""max_displacement"": 0, ""site_search_window"": 0, ""row_search_window"": 0, ""disallow_one_site_gaps"": 0, ""use_diamond_legalizer"": 1, ""disable_window_extension"": 0}","{""max_displacement"": 0, ""site_search_window"": 0, ""row_search_window"": 0, ""disallow_one_site_gaps"": 0, ""use_diamond_legalizer"": 1, ""disable_window_extension"": 0}",VALID,2080758.2,2080758.2,0.0,0.0,0.0,False
44,32,2,zero-riscy-b-3-c5,4,"{""max_displacement"": 0, ""site_search_window"": 0, ""row_search_window"": 0, ""disallow_one_site_gaps"": 0, ""use_diamond_legalizer"": 1, ""disable_window_extension"": 0}","{""max_displacement"": 0, ""site_search_window"": 0, ""row_search_window"": 0, ""disallow_one_site_gaps"": 0, ""use_diamond_legalizer"": 1, ""disable_window_extension"": 0}",VALID,2080758.2,2080758.2,0.0,0.0,0.0,False
44,32,3,zero-riscy-b-3-c5,1,"{""max_displacement"": 0, ""site_search_window"": 0, ""row_search_window"": 0, ""disallow_one_site_gaps"": 0, ""use_diamond_legalizer"": 1, ""disable_window_extension"": 0}","{""max_displacement"": 10, ""site_search_window"": 10, ""row_search_window"": 2, ""disallow_one_site_gaps"": 0, ""use_diamond_legalizer"": 1, ""disable_window_extension"": 0}",VALID,2080758.2,2080758.2,0.0,0.0,0.0,False
44,32,4,zero-riscy-b-3-c5,5,"{""max_displacement"": 10, ""site_search_window"": 10, ""row_search_window"": 2, ""disallow_one_site_gaps"": 0, ""use_diamond_legalizer"": 1, ""disable_window_extension"": 0}","{""max_displacement"": 20, ""site_search_window"": 20, ""row_search_window"": 2, ""disallow_one_site_gaps"": 0, ""use_diamond_legalizer"": 1, ""disable_window_extension"": 0}",VALID,2080758.2,2080758.2,0.0,0.0,0.0,False
44,32,5,zero-riscy-b-3-c5,1,"{""max_displacement"": 20, ""site_search_window"": 20, ""row_search_window"": 2, ""disallow_one_site_gaps"": 0, ""use_diamond_legalizer"": 1, ""disable_window_extension"": 0}","{""max_displacement"": 30, ""site_search_window"": 30, ""row_search_window"": 4, ""disallow_one_site_gaps"": 0, ""use_diamond_legalizer"": 1, ""disable_window_extension"": 0}",VALID,2080758.2,2080758.2,0.0,0.0,0.0,False
44,32,6,zero-riscy-b-3-c5,2,"{""max_displacement"": 30, ""site_search_window"": 30, ""row_search_window"": 4, ""disallow_one_site_gaps"": 0, ""use_diamond_legalizer"": 1, ""disable_window_extension"": 0}","{""max_displacement"": 20, ""site_search_window"": 20, ""row_search_window"": 2, ""disallow_one_site_gaps"": 0, ""use_diamond_legalizer"": 1, ""disable_window_extension"": 0}",VALID,2080758.2,2080758.2,0.0,0.0,0.0,False
44,32,7,zero-riscy-b-3-c5,4,"{""max_displacement"": 20, ""site_search_window"": 20, ""row_search_window"": 2, ""disallow_one_site_gaps"": 0, ""use_diamond_legalizer"": 1, ""disable_window_extension"": 0}","{""max_displacement"": 20, ""site_search_window"": 10, ""row_search_window"": 0, ""disallow_one_site_gaps"": 0, ""use_diamond_legalizer"": 1, ""disable_window_extension"": 0}",VALID,2080758.2,2080758.2,0.0,0.0,0.0,False
44,32,8,zero-riscy-b-3-c5,5,"{""max_displacement"": 20, ""site_search_window"": 10, ""row_search_window"": 0, ""disallow_one_site_gaps"": 0, ""use_diamond_legalizer"": 1, ""disable_window_extension"": 0}","{""max_displacement"": 30, ""site_search_window"": 20, ""row_search_window"": 0, ""disallow_one_site_gaps"": 0, ""use_diamond_legalizer"": 1, ""disable_window_extension"": 0}",VALID,2080758.2,2080758.2,0.0,0.0,0.0,False
44,32,9,zero-riscy-b-3-c5,5,"{""max_displacement"": 30, ""site_search_window"": 20, ""row_search_window"": 0, ""disallow_one_site_gaps"": 0, ""use_diamond_legalizer"": 1, ""disable_window_extension"": 0}","{""max_displacement"": 40, ""site_search_window"": 30, ""row_search_window"": 0, ""disallow_one_site_gaps"": 0, ""use_diamond_legalizer"": 1, ""disable_window_extension"": 0}",VALID,2080758.2,2080758.2,0.0,0.0,0.0,False
44,32,10,zero-riscy-b-3-c5,6,"{""max_displacement"": 40, ""site_search_window"": 30, ""row_search_window"": 0, ""disallow_one_site_gaps"": 0, ""use_diamond_legalizer"": 1, ""disable_window_extension"": 0}","{""max_displacement"": 30, ""site_search_window"": 20, ""row_search_window"": 0, ""disallow_one_site_gaps"": 0, ""use_diamond_legalizer"": 1, ""disable_window_extension"": 0}",VALID,2080758.2,2080758.2,0.0,0.0,0.0,True
44,33,1,RISCY-FPU-a-1-c20,2,"{""max_displacement"": 0, ""site_search_window"": 0, ""row_search_window"": 0, ""disallow_one_site_gaps"": 0, ""use_diamond_legalizer"": 1, ""disable_window_extension"": 0}","{""max_displacement"": 0, ""site_search_window"": 0, ""row_search_window"": 0, ""disallow_one_site_gaps"": 0, ""use_diamond_legalizer"": 1, ""disable_window_extension"": 0}",VALID,5621676.5,5621676.5,0.0,0.0,0.0,False
44,33,2,RISCY-FPU-a-1-c20,1,"{""max_displacement"": 0, ""site_search_window"": 0, ""row_search_window"": 0, ""disallow_one_site_gaps"": 0, ""use_diamond_legalizer"": 1, ""disable_window_extension"": 0}","{""max_displacement"": 10, ""site_search_window"": 10, ""row_search_window"": 2, ""disallow_one_site_gaps"": 0, ""use_diamond_legalizer"": 1, ""disable_window_extension"": 0}",FAILED,5621676.5,5621676.5,0.0,-100.0,-1.0,False
44,33,3,RISCY-FPU-a-1-c20,4,"{""max_displacement"": 10, ""site_search_window"": 10, ""row_search_window"": 2, ""disallow_one_site_gaps"": 0, ""use_diamond_legalizer"": 1, ""disable_window_extension"": 0}","{""max_displacement"": 10, ""site_search_window"": 0, ""row_search_window"": 0, ""disallow_one_site_gaps"": 0, ""use_diamond_legalizer"": 1, ""disable_window_extension"": 0}",FAILED,5621676.5,5621676.5,0.0,-100.0,-1.0,False
44,33,4,RISCY-FPU-a-1-c20,0,"{""max_displacement"": 10, ""site_search_window"": 0, ""row_search_window"": 0, ""disallow_one_site_gaps"": 0, ""use_diamond_legalizer"": 1, ""disable_window_extension"": 0}","{""max_displacement"": 10, ""site_search_window"": 0, ""row_search_window"": 0, ""disallow_one_site_gaps"": true, ""use_diamond_legalizer"": 1, ""disable_window_extension"": true}",FAILED,5621676.5,5621676.5,0.0,-100.0,-1.0,False
44,33,5,RISCY-FPU-a-1-c20,6,"{""max_displacement"": 10, ""site_search_window"": 0, ""row_search_window"": 0, ""disallow_one_site_gaps"": true, ""use_diamond_legalizer"": 1, ""disable_window_extension"": true}","{""max_displacement"": 0, ""site_search_window"": 0, ""row_search_window"": 0, ""disallow_one_site_gaps"": true, ""use_diamond_legalizer"": 1, ""disable_window_extension"": true}",VALID,5621676.5,5621676.5,0.0,0.0,0.0,False
44,33,6,RISCY-FPU-a-1-c20,6,"{""max_displacement"": 0, ""site_search_window"": 0, ""row_search_window"": 0, ""disallow_one_site_gaps"": true, ""use_diamond_legalizer"": 1, ""disable_window_extension"": true}","{""max_displacement"": 0, ""site_search_window"": 0, ""row_search_window"": 0, ""disallow_one_site_gaps"": true, ""use_diamond_legalizer"": 1, ""disable_window_extension"": true}",VALID,5621676.5,5621676.5,0.0,0.0,0.0,False
44,33,7,RISCY-FPU-a-1-c20,5,"{""max_displacement"": 0, ""site_search_window"": 0, ""row_search_window"": 0, ""disallow_one_site_gaps"": true, ""use_diamond_legalizer"": 1, ""disable_window_extension"": true}","{""max_displacement"": 10, ""site_search_window"": 10, ""row_search_window"": 0, ""disallow_one_site_gaps"": true, ""use_diamond_legalizer"": 1, ""disable_window_extension"": true}",FAILED,5621676.5,5621676.5,0.0,-100.0,-1.0,False
44,33,8,RISCY-FPU-a-1-c20,1,"{""max_displacement"": 10, ""site_search_window"": 10, ""row_search_window"": 0, ""disallow_one_site_gaps"": true, ""use_diamond_legalizer"": 1, ""disable_window_extension"": true}","{""max_displacement"": 20, ""site_search_window"": 20, ""row_search_window"": 2, ""disallow_one_site_gaps"": true, ""use_diamond_legalizer"": 1, ""disable_window_extension"": true}",VALID,5621676.5,5621676.5,0.0,0.0,0.0,False
44,33,9,RISCY-FPU-a-1-c20,0,"{""max_displacement"": 20, ""site_search_window"": 20, ""row_search_window"": 2, ""disallow_one_site_gaps"": true, ""use_diamond_legalizer"": 1, ""disable_window_extension"": true}","{""max_displacement"": 20, ""site_search_window"": 20, ""row_search_window"": 2, ""disallow_one_site_gaps"": false, ""use_diamond_legalizer"": 1, ""disable_window_extension"": false}",VALID,5621676.5,5621676.5,0.0,0.0,0.0,False
44,33,10,RISCY-FPU-a-1-c20,0,"{""max_displacement"": 20, ""site_search_window"": 20, ""row_search_window"": 2, ""disallow_one_site_gaps"": false, ""use_diamond_legalizer"": 1, ""disable_window_extension"": false}","{""max_displacement"": 20, ""site_search_window"": 20, ""row_search_window"": 2, ""disallow_one_site_gaps"": true, ""use_diamond_legalizer"": 1, ""disable_window_extension"": true}",VALID,5621676.5,5621676.5,0.0,0.0,0.0,True
44,34,1,RISCY-b-3-c2,1,"{""max_displacement"": 0, ""site_search_window"": 0, ""row_search_window"": 0, ""disallow_one_site_gaps"": 0, ""use_diamond_legalizer"": 1, ""disable_window_extension"": 0}","{""max_displacement"": 10, ""site_search_window"": 10, ""row_search_window"": 2, ""disallow_one_site_gaps"": 0, ""use_diamond_legalizer"": 1, ""disable_window_extension"": 0}",VALID,4119260.8,4119224.9,35.89999999990687,0.0009,8.715155884256435e-06,False
44,34,2,RISCY-b-3-c2,7,"{""max_displacement"": 10, ""site_search_window"": 10, ""row_search_window"": 2, ""disallow_one_site_gaps"": 0, ""use_diamond_legalizer"": 1, ""disable_window_extension"": 0}","{""max_displacement"": 10, ""site_search_window"": 10, ""row_search_window"": 2, ""disallow_one_site_gaps"": 0, ""use_diamond_legalizer"": 1, ""disable_window_extension"": 0}",VALID,4119260.8,4119224.9,0.0,0.0,0.0,False
44,34,3,RISCY-b-3-c2,7,"{""max_displacement"": 10, ""site_search_window"": 10, ""row_search_window"": 2, ""disallow_one_site_gaps"": 0, ""use_diamond_legalizer"": 1, ""disable_window_extension"": 0}","{""max_displacement"": 10, ""site_search_window"": 10, ""row_search_window"": 2, ""disallow_one_site_gaps"": 0, ""use_diamond_legalizer"": 1, ""disable_window_extension"": 0}",VALID,4119260.8,4119224.9,0.0,0.0,0.0,False
44,34,4,RISCY-b-3-c2,6,"{""max_displacement"": 10, ""site_search_window"": 10, ""row_search_window"": 2, ""disallow_one_site_gaps"": 0, ""use_diamond_legalizer"": 1, ""disable_window_extension"": 0}","{""max_displacement"": 0, ""site_search_window"": 0, ""row_search_window"": 2, ""disallow_one_site_gaps"": 0, ""use_diamond_legalizer"": 1, ""disable_window_extension"": 0}",VALID,4119260.8,4119260.8,-35.89999999990687,-0.0009,-8.715231838860478e-06,False
44,34,5,RISCY-b-3-c2,1,"{""max_displacement"": 0, ""site_search_window"": 0, ""row_search_window"": 2, ""disallow_one_site_gaps"": 0, ""use_diamond_legalizer"": 1, ""disable_window_extension"": 0}","{""max_displacement"": 10, ""site_search_window"": 10, ""row_search_window"": 4, ""disallow_one_site_gaps"": 0, ""use_diamond_legalizer"": 1, ""disable_window_extension"": 0}",VALID,4119260.8,4119224.9,35.89999999990687,0.0009,8.715155884256435e-06,False
44,34,6,RISCY-b-3-c2,3,"{""max_displacement"": 10, ""site_search_window"": 10, ""row_search_window"": 4, ""disallow_one_site_gaps"": 0, ""use_diamond_legalizer"": 1, ""disable_window_extension"": 0}","{""max_displacement"": 10, ""site_search_window"": 20, ""row_search_window"": 6, ""disallow_one_site_gaps"": 0, ""use_diamond_legalizer"": 1, ""disable_window_extension"": 0}",VALID,4119260.8,4119224.9,0.0,0.0,0.0,False
44,34,7,RISCY-b-3-c2,2,"{""max_displacement"": 10, ""site_search_window"": 20, ""row_search_window"": 6, ""disallow_one_site_gaps"": 0, ""use_diamond_legalizer"": 1, ""disable_window_extension"": 0}","{""max_displacement"": 0, ""site_search_window"": 10, ""row_search_window"": 4, ""disallow_one_site_gaps"": 0, ""use_diamond_legalizer"": 1, ""disable_window_extension"": 0}",VALID,4119260.8,4119260.8,-35.89999999990687,-0.0009,-8.715231838860478e-06,False
44,34,8,RISCY-b-3-c2,4,"{""max_displacement"": 0, ""site_search_window"": 10, ""row_search_window"": 4, ""disallow_one_site_gaps"": 0, ""use_diamond_legalizer"": 1, ""disable_window_extension"": 0}","{""max_displacement"": 0, ""site_search_window"": 0, ""row_search_window"": 2, ""disallow_one_site_gaps"": 0, ""use_diamond_legalizer"": 1, ""disable_window_extension"": 0}",VALID,4119260.8,4119260.8,0.0,0.0,0.0,False
44,34,9,RISCY-b-3-c2,0,"{""max_displacement"": 0, ""site_search_window"": 0, ""row_search_window"": 2, ""disallow_one_site_gaps"": 0, ""use_diamond_legalizer"": 1, ""disable_window_extension"": 0}","{""max_displacement"": 0, ""site_search_window"": 0, ""row_search_window"": 2, ""disallow_one_site_gaps"": true, ""use_diamond_legalizer"": 1, ""disable_window_extension"": true}",VALID,4119260.8,4119260.8,0.0,0.0,0.0,False
44,34,10,RISCY-b-3-c2,2,"{""max_displacement"": 0, ""site_search_window"": 0, ""row_search_window"": 2, ""disallow_one_site_gaps"": true, ""use_diamond_legalizer"": 1, ""disable_window_extension"": true}","{""max_displacement"": 0, ""site_search_window"": 0, ""row_search_window"": 0, ""disallow_one_site_gaps"": true, ""use_diamond_legalizer"": 1, ""disable_window_extension"": true}",VALID,4119260.8,4119260.8,0.0,0.0,0.0,True
44,35,1,RISCY-FPU-a-1-c5,2,"{""max_displacement"": 0, ""site_search_window"": 0, ""row_search_window"": 0, ""disallow_one_site_gaps"": 0, ""use_diamond_legalizer"": 1, ""disable_window_extension"": 0}","{""max_displacement"": 0, ""site_search_window"": 0, ""row_search_window"": 0, ""disallow_one_site_gaps"": 0, ""use_diamond_legalizer"": 1, ""disable_window_extension"": 0}",VALID,6071437.2,6071437.2,0.0,0.0,0.0,False
44,35,2,RISCY-FPU-a-1-c5,1,"{""max_displacement"": 0, ""site_search_window"": 0, ""row_search_window"": 0, ""disallow_one_site_gaps"": 0, ""use_diamond_legalizer"": 1, ""disable_window_extension"": 0}","{""max_displacement"": 10, ""site_search_window"": 10, ""row_search_window"": 2, ""disallow_one_site_gaps"": 0, ""use_diamond_legalizer"": 1, ""disable_window_extension"": 0}",FAILED,6071437.2,6071437.2,0.0,-100.0,-1.0,False
44,35,3,RISCY-FPU-a-1-c5,6,"{""max_displacement"": 10, ""site_search_window"": 10, ""row_search_window"": 2, ""disallow_one_site_gaps"": 0, ""use_diamond_legalizer"": 1, ""disable_window_extension"": 0}","{""max_displacement"": 0, ""site_search_window"": 0, ""row_search_window"": 2, ""disallow_one_site_gaps"": 0, ""use_diamond_legalizer"": 1, ""disable_window_extension"": 0}",VALID,6071437.2,6071437.2,0.0,0.0,0.0,False
44,35,4,RISCY-FPU-a-1-c5,4,"{""max_displacement"": 0, ""site_search_window"": 0, ""row_search_window"": 2, ""disallow_one_site_gaps"": 0, ""use_diamond_legalizer"": 1, ""disable_window_extension"": 0}","{""max_displacement"": 0, ""site_search_window"": 0, ""row_search_window"": 0, ""disallow_one_site_gaps"": 0, ""use_diamond_legalizer"": 1, ""disable_window_extension"": 0}",VALID,6071437.2,6071437.2,0.0,0.0,0.0,False
44,35,5,RISCY-FPU-a-1-c5,7,"{""max_displacement"": 0, ""site_search_window"": 0, ""row_search_window"": 0, ""disallow_one_site_gaps"": 0, ""use_diamond_legalizer"": 1, ""disable_window_extension"": 0}","{""max_displacement"": 0, ""site_search_window"": 0, ""row_search_window"": 0, ""disallow_one_site_gaps"": 0, ""use_diamond_legalizer"": 1, ""disable_window_extension"": 0}",VALID,6071437.2,6071437.2,0.0,0.0,0.0,False
44,35,6,RISCY-FPU-a-1-c5,4,"{""max_displacement"": 0, ""site_search_window"": 0, ""row_search_window"": 0, ""disallow_one_site_gaps"": 0, ""use_diamond_legalizer"": 1, ""disable_window_extension"": 0}","{""max_displacement"": 0, ""site_search_window"": 0, ""row_search_window"": 0, ""disallow_one_site_gaps"": 0, ""use_diamond_legalizer"": 1, ""disable_window_extension"": 0}",VALID,6071437.2,6071437.2,0.0,0.0,0.0,False
44,35,7,RISCY-FPU-a-1-c5,0,"{""max_displacement"": 0, ""site_search_window"": 0, ""row_search_window"": 0, ""disallow_one_site_gaps"": 0, ""use_diamond_legalizer"": 1, ""disable_window_extension"": 0}","{""max_displacement"": 0, ""site_search_window"": 0, ""row_search_window"": 0, ""disallow_one_site_gaps"": true, ""use_diamond_legalizer"": 1, ""disable_window_extension"": true}",VALID,6071437.2,6071437.2,0.0,0.0,0.0,False
44,35,8,RISCY-FPU-a-1-c5,3,"{""max_displacement"": 0, ""site_search_window"": 0, ""row_search_window"": 0, ""disallow_one_site_gaps"": true, ""use_diamond_legalizer"": 1, ""disable_window_extension"": true}","{""max_displacement"": 0, ""site_search_window"": 10, ""row_search_window"": 2, ""disallow_one_site_gaps"": true, ""use_diamond_legalizer"": 1, ""disable_window_extension"": true}",VALID,6071437.2,6071437.2,0.0,0.0,0.0,False
44,35,9,RISCY-FPU-a-1-c5,4,"{""max_displacement"": 0, ""site_search_window"": 10, ""row_search_window"": 2, ""disallow_one_site_gaps"": true, ""use_diamond_legalizer"": 1, ""disable_window_extension"": true}","{""max_displacement"": 0, ""site_search_window"": 0, ""row_search_window"": 0, ""disallow_one_site_gaps"": true, ""use_diamond_legalizer"": 1, ""disable_window_extension"": true}",VALID,6071437.2,6071437.2,0.0,0.0,0.0,False
44,35,10,RISCY-FPU-a-1-c5,5,"{""max_displacement"": 0, ""site_search_window"": 0, ""row_search_window"": 0, ""disallow_one_site_gaps"": true, ""use_diamond_legalizer"": 1, ""disable_window_extension"": true}","{""max_displacement"": 10, ""site_search_window"": 10, ""row_search_window"": 0, ""disallow_one_site_gaps"": true, ""use_diamond_legalizer"": 1, ""disable_window_extension"": true}",FAILED,6071437.2,6071437.2,0.0,-100.0,-1.0,True
44,36,1,RISCY-b-2-c2,6,"{""max_displacement"": 0, ""site_search_window"": 0, ""row_search_window"": 0, ""disallow_one_site_gaps"": 0, ""use_diamond_legalizer"": 1, ""disable_window_extension"": 0}","{""max_displacement"": 0, ""site_search_window"": 0, ""row_search_window"": 0, ""disallow_one_site_gaps"": 0, ""use_diamond_legalizer"": 1, ""disable_window_extension"": 0}",VALID,3574287.5,3574287.5,0.0,0.0,0.0,False
44,36,2,RISCY-b-2-c2,0,"{""max_displacement"": 0, ""site_search_window"": 0, ""row_search_window"": 0, ""disallow_one_site_gaps"": 0, ""use_diamond_legalizer"": 1, ""disable_window_extension"": 0}","{""max_displacement"": 0, ""site_search_window"": 0, ""row_search_window"": 0, ""disallow_one_site_gaps"": true, ""use_diamond_legalizer"": 1, ""disable_window_extension"": true}",VALID,3574287.5,3574287.5,0.0,0.0,0.0,False
44,36,3,RISCY-b-2-c2,7,"{""max_displacement"": 0, ""site_search_window"": 0, ""row_search_window"": 0, ""disallow_one_site_gaps"": true, ""use_diamond_legalizer"": 1, ""disable_window_extension"": true}","{""max_displacement"": 0, ""site_search_window"": 0, ""row_search_window"": 0, ""disallow_one_site_gaps"": true, ""use_diamond_legalizer"": 1, ""disable_window_extension"": true}",VALID,3574287.5,3574287.5,0.0,0.0,0.0,False
44,36,4,RISCY-b-2-c2,3,"{""max_displacement"": 0, ""site_search_window"": 0, ""row_search_window"": 0, ""disallow_one_site_gaps"": true, ""use_diamond_legalizer"": 1, ""disable_window_extension"": true}","{""max_displacement"": 0, ""site_search_window"": 10, ""row_search_window"": 2, ""disallow_one_site_gaps"": true, ""use_diamond_legalizer"": 1, ""disable_window_extension"": true}",VALID,3574287.5,3574287.5,0.0,0.0,0.0,False
44,36,5,RISCY-b-2-c2,4,"{""max_displacement"": 0, ""site_search_window"": 10, ""row_search_window"": 2, ""disallow_one_site_gaps"": true, ""use_diamond_legalizer"": 1, ""disable_window_extension"": true}","{""max_displacement"": 0, ""site_search_window"": 0, ""row_search_window"": 0, ""disallow_one_site_gaps"": true, ""use_diamond_legalizer"": 1, ""disable_window_extension"": true}",VALID,3574287.5,3574287.5,0.0,0.0,0.0,False
44,36,6,RISCY-b-2-c2,6,"{""max_displacement"": 0, ""site_search_window"": 0, ""row_search_window"": 0, ""disallow_one_site_gaps"": true, ""use_diamond_legalizer"": 1, ""disable_window_extension"": true}","{""max_displacement"": 0, ""site_search_window"": 0, ""row_search_window"": 0, ""disallow_one_site_gaps"": true, ""use_diamond_legalizer"": 1, ""disable_window_extension"": true}",VALID,3574287.5,3574287.5,0.0,0.0,0.0,False
44,36,7,RISCY-b-2-c2,1,"{""max_displacement"": 0, ""site_search_window"": 0, ""row_search_window"": 0, ""disallow_one_site_gaps"": true, ""use_diamond_legalizer"": 1, ""disable_window_extension"": true}","{""max_displacement"": 10, ""site_search_window"": 10, ""row_search_window"": 2, ""disallow_one_site_gaps"": true, ""use_diamond_legalizer"": 1, ""disable_window_extension"": true}",FAILED,3574287.5,3574287.5,0.0,-100.0,-1.0,False
44,36,8,RISCY-b-2-c2,7,"{""max_displacement"": 10, ""site_search_window"": 10, ""row_search_window"": 2, ""disallow_one_site_gaps"": true, ""use_diamond_legalizer"": 1, ""disable_window_extension"": true}","{""max_displacement"": 10, ""site_search_window"": 10, ""row_search_window"": 2, ""disallow_one_site_gaps"": true, ""use_diamond_legalizer"": 1, ""disable_window_extension"": true}",FAILED,3574287.5,3574287.5,0.0,-100.0,-1.0,False
44,36,9,RISCY-b-2-c2,5,"{""max_displacement"": 10, ""site_search_window"": 10, ""row_search_window"": 2, ""disallow_one_site_gaps"": true, ""use_diamond_legalizer"": 1, ""disable_window_extension"": true}","{""max_displacement"": 20, ""site_search_window"": 20, ""row_search_window"": 2, ""disallow_one_site_gaps"": true, ""use_diamond_legalizer"": 1, ""disable_window_extension"": true}",VALID,3574287.5,3574287.5,0.0,0.0,0.0,False
44,36,10,RISCY-b-2-c2,5,"{""max_displacement"": 20, ""site_search_window"": 20, ""row_search_window"": 2, ""disallow_one_site_gaps"": true, ""use_diamond_legalizer"": 1, ""disable_window_extension"": true}","{""max_displacement"": 30, ""site_search_window"": 30, ""row_search_window"": 2, ""disallow_one_site_gaps"": true, ""use_diamond_legalizer"": 1, ""disable_window_extension"": true}",VALID,3574287.5,3574287.5,0.0,0.0,0.0,True
44,37,1,zero-riscy-b-1-c2,2,"{""max_displacement"": 0, ""site_search_window"": 0, ""row_search_window"": 0, ""disallow_one_site_gaps"": 0, ""use_diamond_legalizer"": 1, ""disable_window_extension"": 0}","{""max_displacement"": 0, ""site_search_window"": 0, ""row_search_window"": 0, ""disallow_one_site_gaps"": 0, ""use_diamond_legalizer"": 1, ""disable_window_extension"": 0}",VALID,2386646.3,2386646.3,0.0,0.0,0.0,False
44,37,2,zero-riscy-b-1-c2,2,"{""max_displacement"": 0, ""site_search_window"": 0, ""row_search_window"": 0, ""disallow_one_site_gaps"": 0, ""use_diamond_legalizer"": 1, ""disable_window_extension"": 0}","{""max_displacement"": 0, ""site_search_window"": 0, ""row_search_window"": 0, ""disallow_one_site_gaps"": 0, ""use_diamond_legalizer"": 1, ""disable_window_extension"": 0}",VALID,2386646.3,2386646.3,0.0,0.0,0.0,False
44,37,3,zero-riscy-b-1-c2,4,"{""max_displacement"": 0, ""site_search_window"": 0, ""row_search_window"": 0, ""disallow_one_site_gaps"": 0, ""use_diamond_legalizer"": 1, ""disable_window_extension"": 0}","{""max_displacement"": 0, ""site_search_window"": 0, ""row_search_window"": 0, ""disallow_one_site_gaps"": 0, ""use_diamond_legalizer"": 1, ""disable_window_extension"": 0}",VALID,2386646.3,2386646.3,0.0,0.0,0.0,False
44,37,4,zero-riscy-b-1-c2,0,"{""max_displacement"": 0, ""site_search_window"": 0, ""row_search_window"": 0, ""disallow_one_site_gaps"": 0, ""use_diamond_legalizer"": 1, ""disable_window_extension"": 0}","{""max_displacement"": 0, ""site_search_window"": 0, ""row_search_window"": 0, ""disallow_one_site_gaps"": true, ""use_diamond_legalizer"": 1, ""disable_window_extension"": true}",VALID,2386646.3,2386646.3,0.0,0.0,0.0,False
44,37,5,zero-riscy-b-1-c2,0,"{""max_displacement"": 0, ""site_search_window"": 0, ""row_search_window"": 0, ""disallow_one_site_gaps"": true, ""use_diamond_legalizer"": 1, ""disable_window_extension"": true}","{""max_displacement"": 0, ""site_search_window"": 0, ""row_search_window"": 0, ""disallow_one_site_gaps"": false, ""use_diamond_legalizer"": 1, ""disable_window_extension"": false}",VALID,2386646.3,2386646.3,0.0,0.0,0.0,False
44,37,6,zero-riscy-b-1-c2,1,"{""max_displacement"": 0, ""site_search_window"": 0, ""row_search_window"": 0, ""disallow_one_site_gaps"": false, ""use_diamond_legalizer"": 1, ""disable_window_extension"": false}","{""max_displacement"": 10, ""site_search_window"": 10, ""row_search_window"": 2, ""disallow_one_site_gaps"": false, ""use_diamond_legalizer"": 1, ""disable_window_extension"": false}",FAILED,2386646.3,2386646.3,0.0,-100.0,-1.0,False
44,37,7,zero-riscy-b-1-c2,1,"{""max_displacement"": 10, ""site_search_window"": 10, ""row_search_window"": 2, ""disallow_one_site_gaps"": false, ""use_diamond_legalizer"": 1, ""disable_window_extension"": false}","{""max_displacement"": 20, ""site_search_window"": 20, ""row_search_window"": 4, ""disallow_one_site_gaps"": false, ""use_diamond_legalizer"": 1, ""disable_window_extension"": false}",FAILED,2386646.3,2386646.3,0.0,-100.0,-1.0,False
44,37,8,zero-riscy-b-1-c2,6,"{""max_displacement"": 20, ""site_search_window"": 20, ""row_search_window"": 4, ""disallow_one_site_gaps"": false, ""use_diamond_legalizer"": 1, ""disable_window_extension"": false}","{""max_displacement"": 10, ""site_search_window"": 10, ""row_search_window"": 4, ""disallow_one_site_gaps"": false, ""use_diamond_legalizer"": 1, ""disable_window_extension"": false}",FAILED,2386646.3,2386646.3,0.0,-100.0,-1.0,False
44,37,9,zero-riscy-b-1-c2,1,"{""max_displacement"": 10, ""site_search_window"": 10, ""row_search_window"": 4, ""disallow_one_site_gaps"": false, ""use_diamond_legalizer"": 1, ""disable_window_extension"": false}","{""max_displacement"": 20, ""site_search_window"": 20, ""row_search_window"": 6, ""disallow_one_site_gaps"": false, ""use_diamond_legalizer"": 1, ""disable_window_extension"": false}",FAILED,2386646.3,2386646.3,0.0,-100.0,-1.0,False
44,37,10,zero-riscy-b-1-c2,0,"{""max_displacement"": 20, ""site_search_window"": 20, ""row_search_window"": 6, ""disallow_one_site_gaps"": false, ""use_diamond_legalizer"": 1, ""disable_window_extension"": false}","{""max_displacement"": 20, ""site_search_window"": 20, ""row_search_window"": 6, ""disallow_one_site_gaps"": true, ""use_diamond_legalizer"": 1, ""disable_window_extension"": true}",FAILED,2386646.3,2386646.3,0.0,-100.0,-1.0,True
44,38,1,zero-riscy-a-1-c20,7,"{""max_displacement"": 0, ""site_search_window"": 0, ""row_search_window"": 0, ""disallow_one_site_gaps"": 0, ""use_diamond_legalizer"": 1, ""disable_window_extension"": 0}","{""max_displacement"": 0, ""site_search_window"": 0, ""row_search_window"": 0, ""disallow_one_site_gaps"": 0, ""use_diamond_legalizer"": 1, ""disable_window_extension"": 0}",VALID,3708707.2,3708707.2,0.0,0.0,0.0,False
44,38,2,zero-riscy-a-1-c20,7,"{""max_displacement"": 0, ""site_search_window"": 0, ""row_search_window"": 0, ""disallow_one_site_gaps"": 0, ""use_diamond_legalizer"": 1, ""disable_window_extension"": 0}","{""max_displacement"": 0, ""site_search_window"": 0, ""row_search_window"": 0, ""disallow_one_site_gaps"": 0, ""use_diamond_legalizer"": 1, ""disable_window_extension"": 0}",VALID,3708707.2,3708707.2,0.0,0.0,0.0,False
44,38,3,zero-riscy-a-1-c20,6,"{""max_displacement"": 0, ""site_search_window"": 0, ""row_search_window"": 0, ""disallow_one_site_gaps"": 0, ""use_diamond_legalizer"": 1, ""disable_window_extension"": 0}","{""max_displacement"": 0, ""site_search_window"": 0, ""row_search_window"": 0, ""disallow_one_site_gaps"": 0, ""use_diamond_legalizer"": 1, ""disable_window_extension"": 0}",VALID,3708707.2,3708707.2,0.0,0.0,0.0,False
44,38,4,zero-riscy-a-1-c20,4,"{""max_displacement"": 0, ""site_search_window"": 0, ""row_search_window"": 0, ""disallow_one_site_gaps"": 0, ""use_diamond_legalizer"": 1, ""disable_window_extension"": 0}","{""max_displacement"": 0, ""site_search_window"": 0, ""row_search_window"": 0, ""disallow_one_site_gaps"": 0, ""use_diamond_legalizer"": 1, ""disable_window_extension"": 0}",VALID,3708707.2,3708707.2,0.0,0.0,0.0,False
44,38,5,zero-riscy-a-1-c20,0,"{""max_displacement"": 0, ""site_search_window"": 0, ""row_search_window"": 0, ""disallow_one_site_gaps"": 0, ""use_diamond_legalizer"": 1, ""disable_window_extension"": 0}","{""max_displacement"": 0, ""site_search_window"": 0, ""row_search_window"": 0, ""disallow_one_site_gaps"": true, ""use_diamond_legalizer"": 1, ""disable_window_extension"": true}",VALID,3708707.2,3708707.2,0.0,0.0,0.0,False
44,38,6,zero-riscy-a-1-c20,7,"{""max_displacement"": 0, ""site_search_window"": 0, ""row_search_window"": 0, ""disallow_one_site_gaps"": true, ""use_diamond_legalizer"": 1, ""disable_window_extension"": true}","{""max_displacement"": 0, ""site_search_window"": 0, ""row_search_window"": 0, ""disallow_one_site_gaps"": true, ""use_diamond_legalizer"": 1, ""disable_window_extension"": true}",VALID,3708707.2,3708707.2,0.0,0.0,0.0,False
44,38,7,zero-riscy-a-1-c20,6,"{""max_displacement"": 0, ""site_search_window"": 0, ""row_search_window"": 0, ""disallow_one_site_gaps"": true, ""use_diamond_legalizer"": 1, ""disable_window_extension"": true}","{""max_displacement"": 0, ""site_search_window"": 0, ""row_search_window"": 0, ""disallow_one_site_gaps"": true, ""use_diamond_legalizer"": 1, ""disable_window_extension"": true}",VALID,3708707.2,3708707.2,0.0,0.0,0.0,False
44,38,8,zero-riscy-a-1-c20,6,"{""max_displacement"": 0, ""site_search_window"": 0, ""row_search_window"": 0, ""disallow_one_site_gaps"": true, ""use_diamond_legalizer"": 1, ""disable_window_extension"": true}","{""max_displacement"": 0, ""site_search_window"": 0, ""row_search_window"": 0, ""disallow_one_site_gaps"": true, ""use_diamond_legalizer"": 1, ""disable_window_extension"": true}",VALID,3708707.2,3708707.2,0.0,0.0,0.0,False
44,38,9,zero-riscy-a-1-c20,3,"{""max_displacement"": 0, ""site_search_window"": 0, ""row_search_window"": 0, ""disallow_one_site_gaps"": true, ""use_diamond_legalizer"": 1, ""disable_window_extension"": true}","{""max_displacement"": 0, ""site_search_window"": 10, ""row_search_window"": 2, ""disallow_one_site_gaps"": true, ""use_diamond_legalizer"": 1, ""disable_window_extension"": true}",VALID,3708707.2,3708707.2,0.0,0.0,0.0,False
44,38,10,zero-riscy-a-1-c20,0,"{""max_displacement"": 0, ""site_search_window"": 10, ""row_search_window"": 2, ""disallow_one_site_gaps"": true, ""use_diamond_legalizer"": 1, ""disable_window_extension"": true}","{""max_displacement"": 0, ""site_search_window"": 10, ""row_search_window"": 2, ""disallow_one_site_gaps"": false, ""use_diamond_legalizer"": 1, ""disable_window_extension"": false}",VALID,3708707.2,3708707.2,0.0,0.0,0.0,True
44,39,1,RISCY-FPU-b-1-c5,5,"{""max_displacement"": 0, ""site_search_window"": 0, ""row_search_window"": 0, ""disallow_one_site_gaps"": 0, ""use_diamond_legalizer"": 1, ""disable_window_extension"": 0}","{""max_displacement"": 10, ""site_search_window"": 10, ""row_search_window"": 0, ""disallow_one_site_gaps"": 0, ""use_diamond_legalizer"": 1, ""disable_window_extension"": 0}",VALID,4682989.8,4682989.8,0.0,0.0,0.0,False
44,39,2,RISCY-FPU-b-1-c5,5,"{""max_displacement"": 10, ""site_search_window"": 10, ""row_search_window"": 0, ""disallow_one_site_gaps"": 0, ""use_diamond_legalizer"": 1, ""disable_window_extension"": 0}","{""max_displacement"": 20, ""site_search_window"": 20, ""row_search_window"": 0, ""disallow_one_site_gaps"": 0, ""use_diamond_legalizer"": 1, ""disable_window_extension"": 0}",VALID,4682989.8,4682989.8,0.0,0.0,0.0,False
44,39,3,RISCY-FPU-b-1-c5,3,"{""max_displacement"": 20, ""site_search_window"": 20, ""row_search_window"": 0, ""disallow_one_site_gaps"": 0, ""use_diamond_legalizer"": 1, ""disable_window_extension"": 0}","{""max_displacement"": 20, ""site_search_window"": 30, ""row_search_window"": 2, ""disallow_one_site_gaps"": 0, ""use_diamond_legalizer"": 1, ""disable_window_extension"": 0}",VALID,4682989.8,4682989.8,0.0,0.0,0.0,False
44,39,4,RISCY-FPU-b-1-c5,4,"{""max_displacement"": 20, ""site_search_window"": 30, ""row_search_window"": 2, ""disallow_one_site_gaps"": 0, ""use_diamond_legalizer"": 1, ""disable_window_extension"": 0}","{""max_displacement"": 20, ""site_search_window"": 20, ""row_search_window"": 0, ""disallow_one_site_gaps"": 0, ""use_diamond_legalizer"": 1, ""disable_window_extension"": 0}",VALID,4682989.8,4682989.8,0.0,0.0,0.0,False
44,39,5,RISCY-FPU-b-1-c5,4,"{""max_displacement"": 20, ""site_search_window"": 20, ""row_search_window"": 0, ""disallow_one_site_gaps"": 0, ""use_diamond_legalizer"": 1, ""disable_window_extension"": 0}","{""max_displacement"": 20, ""site_search_window"": 10, ""row_search_window"": 0, ""disallow_one_site_gaps"": 0, ""use_diamond_legalizer"": 1, ""disable_window_extension"": 0}",VALID,4682989.8,4682989.8,0.0,0.0,0.0,False
44,39,6,RISCY-FPU-b-1-c5,6,"{""max_displacement"": 20, ""site_search_window"": 10, ""row_search_window"": 0, ""disallow_one_site_gaps"": 0, ""use_diamond_legalizer"": 1, ""disable_window_extension"": 0}","{""max_displacement"": 10, ""site_search_window"": 0, ""row_search_window"": 0, ""disallow_one_site_gaps"": 0, ""use_diamond_legalizer"": 1, ""disable_window_extension"": 0}",VALID,4682989.8,4682989.8,0.0,0.0,0.0,False
44,39,7,RISCY-FPU-b-1-c5,4,"{""max_displacement"": 10, ""site_search_window"": 0, ""row_search_window"": 0, ""disallow_one_site_gaps"": 0, ""use_diamond_legalizer"": 1, ""disable_window_extension"": 0}","{""max_displacement"": 10, ""site_search_window"": 0, ""row_search_window"": 0, ""disallow_one_site_gaps"": 0, ""use_diamond_legalizer"": 1, ""disable_window_extension"": 0}",VALID,4682989.8,4682989.8,0.0,0.0,0.0,False
44,39,8,RISCY-FPU-b-1-c5,3,"{""max_displacement"": 10, ""site_search_window"": 0, ""row_search_window"": 0, ""disallow_one_site_gaps"": 0, ""use_diamond_legalizer"": 1, ""disable_window_extension"": 0}","{""max_displacement"": 10, ""site_search_window"": 10, ""row_search_window"": 2, ""disallow_one_site_gaps"": 0, ""use_diamond_legalizer"": 1, ""disable_window_extension"": 0}",VALID,4682989.8,4682989.8,0.0,0.0,0.0,False
44,39,9,RISCY-FPU-b-1-c5,3,"{""max_displacement"": 10, ""site_search_window"": 10, ""row_search_window"": 2, ""disallow_one_site_gaps"": 0, ""use_diamond_legalizer"": 1, ""disable_window_extension"": 0}","{""max_displacement"": 10, ""site_search_window"": 20, ""row_search_window"": 4, ""disallow_one_site_gaps"": 0, ""use_diamond_legalizer"": 1, ""disable_window_extension"": 0}",VALID,4682989.8,4682989.8,0.0,0.0,0.0,False
44,39,10,RISCY-FPU-b-1-c5,4,"{""max_displacement"": 10, ""site_search_window"": 20, ""row_search_window"": 4, ""disallow_one_site_gaps"": 0, ""use_diamond_legalizer"": 1, ""disable_window_extension"": 0}","{""max_displacement"": 10, ""site_search_window"": 10, ""row_search_window"": 2, ""disallow_one_site_gaps"": 0, ""use_diamond_legalizer"": 1, ""disable_window_extension"": 0}",VALID,4682989.8,4682989.8,0.0,0.0,0.0,True
44,40,1,zero-riscy-a-1-c20,2,"{""max_displacement"": 0, ""site_search_window"": 0, ""row_search_window"": 0, ""disallow_one_site_gaps"": 0, ""use_diamond_legalizer"": 1, ""disable_window_extension"": 0}","{""max_displacement"": 0, ""site_search_window"": 0, ""row_search_window"": 0, ""disallow_one_site_gaps"": 0, ""use_diamond_legalizer"": 1, ""disable_window_extension"": 0}",VALID,3708707.2,3708707.2,0.0,0.0,0.0,False
44,40,2,zero-riscy-a-1-c20,2,"{""max_displacement"": 0, ""site_search_window"": 0, ""row_search_window"": 0, ""disallow_one_site_gaps"": 0, ""use_diamond_legalizer"": 1, ""disable_window_extension"": 0}","{""max_displacement"": 0, ""site_search_window"": 0, ""row_search_window"": 0, ""disallow_one_site_gaps"": 0, ""use_diamond_legalizer"": 1, ""disable_window_extension"": 0}",VALID,3708707.2,3708707.2,0.0,0.0,0.0,False
44,40,3,zero-riscy-a-1-c20,4,"{""max_displacement"": 0, ""site_search_window"": 0, ""row_search_window"": 0, ""disallow_one_site_gaps"": 0, ""use_diamond_legalizer"": 1, ""disable_window_extension"": 0}","{""max_displacement"": 0, ""site_search_window"": 0, ""row_search_window"": 0, ""disallow_one_site_gaps"": 0, ""use_diamond_legalizer"": 1, ""disable_window_extension"": 0}",VALID,3708707.2,3708707.2,0.0,0.0,0.0,False
44,40,4,zero-riscy-a-1-c20,3,"{""max_displacement"": 0, ""site_search_window"": 0, ""row_search_window"": 0, ""disallow_one_site_gaps"": 0, ""use_diamond_legalizer"": 1, ""disable_window_extension"": 0}","{""max_displacement"": 0, ""site_search_window"": 10, ""row_search_window"": 2, ""disallow_one_site_gaps"": 0, ""use_diamond_legalizer"": 1, ""disable_window_extension"": 0}",VALID,3708707.2,3708707.2,0.0,0.0,0.0,False
44,40,5,zero-riscy-a-1-c20,4,"{""max_displacement"": 0, ""site_search_window"": 10, ""row_search_window"": 2, ""disallow_one_site_gaps"": 0, ""use_diamond_legalizer"": 1, ""disable_window_extension"": 0}","{""max_displacement"": 0, ""site_search_window"": 0, ""row_search_window"": 0, ""disallow_one_site_gaps"": 0, ""use_diamond_legalizer"": 1, ""disable_window_extension"": 0}",VALID,3708707.2,3708707.2,0.0,0.0,0.0,False
44,40,6,zero-riscy-a-1-c20,1,"{""max_displacement"": 0, ""site_search_window"": 0, ""row_search_window"": 0, ""disallow_one_site_gaps"": 0, ""use_diamond_legalizer"": 1, ""disable_window_extension"": 0}","{""max_displacement"": 10, ""site_search_window"": 10, ""row_search_window"": 2, ""disallow_one_site_gaps"": 0, ""use_diamond_legalizer"": 1, ""disable_window_extension"": 0}",FAILED,3708707.2,3708707.2,0.0,-100.0,-1.0,False
44,40,7,zero-riscy-a-1-c20,5,"{""max_displacement"": 10, ""site_search_window"": 10, ""row_search_window"": 2, ""disallow_one_site_gaps"": 0, ""use_diamond_legalizer"": 1, ""disable_window_extension"": 0}","{""max_displacement"": 20, ""site_search_window"": 20, ""row_search_window"": 2, ""disallow_one_site_gaps"": 0, ""use_diamond_legalizer"": 1, ""disable_window_extension"": 0}",VALID,3708707.2,3708707.2,0.0,0.0,0.0,False
44,40,8,zero-riscy-a-1-c20,4,"{""max_displacement"": 20, ""site_search_window"": 20, ""row_search_window"": 2, ""disallow_one_site_gaps"": 0, ""use_diamond_legalizer"": 1, ""disable_window_extension"": 0}","{""max_displacement"": 20, ""site_search_window"": 10, ""row_search_window"": 0, ""disallow_one_site_gaps"": 0, ""use_diamond_legalizer"": 1, ""disable_window_extension"": 0}",VALID,3708707.2,3708707.2,0.0,0.0,0.0,False
44,40,9,zero-riscy-a-1-c20,6,"{""max_displacement"": 20, ""site_search_window"": 10, ""row_search_window"": 0, ""disallow_one_site_gaps"": 0, ""use_diamond_legalizer"": 1, ""disable_window_extension"": 0}","{""max_displacement"": 10, ""site_search_window"": 0, ""row_search_window"": 0, ""disallow_one_site_gaps"": 0, ""use_diamond_legalizer"": 1, ""disable_window_extension"": 0}",FAILED,3708707.2,3708707.2,0.0,-100.0,-1.0,False
44,40,10,zero-riscy-a-1-c20,4,"{""max_displacement"": 10, ""site_search_window"": 0, ""row_search_window"": 0, ""disallow_one_site_gaps"": 0, ""use_diamond_legalizer"": 1, ""disable_window_extension"": 0}","{""max_displacement"": 10, ""site_search_window"": 0, ""row_search_window"": 0, ""disallow_one_site_gaps"": 0, ""use_diamond_legalizer"": 1, ""disable_window_extension"": 0}",FAILED,3708707.2,3708707.2,0.0,-100.0,-1.0,True
44,41,1,zero-riscy-a-2-c2,3,"{""max_displacement"": 0, ""site_search_window"": 0, ""row_search_window"": 0, ""disallow_one_site_gaps"": 0, ""use_diamond_legalizer"": 1, ""disable_window_extension"": 0}","{""max_displacement"": 0, ""site_search_window"": 10, ""row_search_window"": 2, ""disallow_one_site_gaps"": 0, ""use_diamond_legalizer"": 1, ""disable_window_extension"": 0}",VALID,4315225.9,4315225.9,0.0,0.0,0.0,False
44,41,2,zero-riscy-a-2-c2,3,"{""max_displacement"": 0, ""site_search_window"": 10, ""row_search_window"": 2, ""disallow_one_site_gaps"": 0, ""use_diamond_legalizer"": 1, ""disable_window_extension"": 0}","{""max_displacement"": 0, ""site_search_window"": 20, ""row_search_window"": 4, ""disallow_one_site_gaps"": 0, ""use_diamond_legalizer"": 1, ""disable_window_extension"": 0}",VALID,4315225.9,4315225.9,0.0,0.0,0.0,False
44,41,3,zero-riscy-a-2-c2,1,"{""max_displacement"": 0, ""site_search_window"": 20, ""row_search_window"": 4, ""disallow_one_site_gaps"": 0, ""use_diamond_legalizer"": 1, ""disable_window_extension"": 0}","{""max_displacement"": 10, ""site_search_window"": 30, ""row_search_window"": 6, ""disallow_one_site_gaps"": 0, ""use_diamond_legalizer"": 1, ""disable_window_extension"": 0}",FAILED,4315225.9,4315225.9,0.0,-100.0,-1.0,False
44,41,4,zero-riscy-a-2-c2,3,"{""max_displacement"": 10, ""site_search_window"": 30, ""row_search_window"": 6, ""disallow_one_site_gaps"": 0, ""use_diamond_legalizer"": 1, ""disable_window_extension"": 0}","{""max_displacement"": 10, ""site_search_window"": 40, ""row_search_window"": 8, ""disallow_one_site_gaps"": 0, ""use_diamond_legalizer"": 1, ""disable_window_extension"": 0}",FAILED,4315225.9,4315225.9,0.0,-100.0,-1.0,False
44,41,5,zero-riscy-a-2-c2,1,"{""max_displacement"": 10, ""site_search_window"": 40, ""row_search_window"": 8, ""disallow_one_site_gaps"": 0, ""use_diamond_legalizer"": 1, ""disable_window_extension"": 0}","{""max_displacement"": 20, ""site_search_window"": 50, ""row_search_window"": 10, ""disallow_one_site_gaps"": 0, ""use_diamond_legalizer"": 1, ""disable_window_extension"": 0}",VALID,4315225.9,4315225.9,0.0,0.0,0.0,False
44,41,6,zero-riscy-a-2-c2,6,"{""max_displacement"": 20, ""site_search_window"": 50, ""row_search_window"": 10, ""disallow_one_site_gaps"": 0, ""use_diamond_legalizer"": 1, ""disable_window_extension"": 0}","{""max_displacement"": 10, ""site_search_window"": 40, ""row_search_window"": 10, ""disallow_one_site_gaps"": 0, ""use_diamond_legalizer"": 1, ""disable_window_extension"": 0}",FAILED,4315225.9,4315225.9,0.0,-100.0,-1.0,False
44,41,7,zero-riscy-a-2-c2,7,"{""max_displacement"": 10, ""site_search_window"": 40, ""row_search_window"": 10, ""disallow_one_site_gaps"": 0, ""use_diamond_legalizer"": 1, ""disable_window_extension"": 0}","{""max_displacement"": 10, ""site_search_window"": 40, ""row_search_window"": 10, ""disallow_one_site_gaps"": 0, ""use_diamond_legalizer"": 1, ""disable_window_extension"": 0}",FAILED,4315225.9,4315225.9,0.0,-100.0,-1.0,False
44,41,8,zero-riscy-a-2-c2,6,"{""max_displacement"": 10, ""site_search_window"": 40, ""row_search_window"": 10, ""disallow_one_site_gaps"": 0, ""use_diamond_legalizer"": 1, ""disable_window_extension"": 0}","{""max_displacement"": 0, ""site_search_window"": 30, ""row_search_window"": 10, ""disallow_one_site_gaps"": 0, ""use_diamond_legalizer"": 1, ""disable_window_extension"": 0}",VALID,4315225.9,4315225.9,0.0,0.0,0.0,False
44,41,9,zero-riscy-a-2-c2,2,"{""max_displacement"": 0, ""site_search_window"": 30, ""row_search_window"": 10, ""disallow_one_site_gaps"": 0, ""use_diamond_legalizer"": 1, ""disable_window_extension"": 0}","{""max_displacement"": 0, ""site_search_window"": 20, ""row_search_window"": 8, ""disallow_one_site_gaps"": 0, ""use_diamond_legalizer"": 1, ""disable_window_extension"": 0}",VALID,4315225.9,4315225.9,0.0,0.0,0.0,False
44,41,10,zero-riscy-a-2-c2,4,"{""max_displacement"": 0, ""site_search_window"": 20, ""row_search_window"": 8, ""disallow_one_site_gaps"": 0, ""use_diamond_legalizer"": 1, ""disable_window_extension"": 0}","{""max_displacement"": 0, ""site_search_window"": 10, ""row_search_window"": 6, ""disallow_one_site_gaps"": 0, ""use_diamond_legalizer"": 1, ""disable_window_extension"": 0}",VALID,4315225.9,4315225.9,0.0,0.0,0.0,True
44,42,1,zero-riscy-b-3-c20,1,"{""max_displacement"": 0, ""site_search_window"": 0, ""row_search_window"": 0, ""disallow_one_site_gaps"": 0, ""use_diamond_legalizer"": 1, ""disable_window_extension"": 0}","{""max_displacement"": 10, ""site_search_window"": 10, ""row_search_window"": 2, ""disallow_one_site_gaps"": 0, ""use_diamond_legalizer"": 1, ""disable_window_extension"": 0}",VALID,1996434.6,1996434.6,0.0,0.0,0.0,False
44,42,2,zero-riscy-b-3-c20,5,"{""max_displacement"": 10, ""site_search_window"": 10, ""row_search_window"": 2, ""disallow_one_site_gaps"": 0, ""use_diamond_legalizer"": 1, ""disable_window_extension"": 0}","{""max_displacement"": 20, ""site_search_window"": 20, ""row_search_window"": 2, ""disallow_one_site_gaps"": 0, ""use_diamond_legalizer"": 1, ""disable_window_extension"": 0}",VALID,1996434.6,1996434.6,0.0,0.0,0.0,False
44,42,3,zero-riscy-b-3-c20,4,"{""max_displacement"": 20, ""site_search_window"": 20, ""row_search_window"": 2, ""disallow_one_site_gaps"": 0, ""use_diamond_legalizer"": 1, ""disable_window_extension"": 0}","{""max_displacement"": 20, ""site_search_window"": 10, ""row_search_window"": 0, ""disallow_one_site_gaps"": 0, ""use_diamond_legalizer"": 1, ""disable_window_extension"": 0}",VALID,1996434.6,1996434.6,0.0,0.0,0.0,False
44,42,4,zero-riscy-b-3-c20,5,"{""max_displacement"": 20, ""site_search_window"": 10, ""row_search_window"": 0, ""disallow_one_site_gaps"": 0, ""use_diamond_legalizer"": 1, ""disable_window_extension"": 0}","{""max_displacement"": 30, ""site_search_window"": 20, ""row_search_window"": 0, ""disallow_one_site_gaps"": 0, ""use_diamond_legalizer"": 1, ""disable_window_extension"": 0}",VALID,1996434.6,1996434.6,0.0,0.0,0.0,False
44,42,5,zero-riscy-b-3-c20,6,"{""max_displacement"": 30, ""site_search_window"": 20, ""row_search_window"": 0, ""disallow_one_site_gaps"": 0, ""use_diamond_legalizer"": 1, ""disable_window_extension"": 0}","{""max_displacement"": 20, ""site_search_window"": 10, ""row_search_window"": 0, ""disallow_one_site_gaps"": 0, ""use_diamond_legalizer"": 1, ""disable_window_extension"": 0}",VALID,1996434.6,1996434.6,0.0,0.0,0.0,False
44,42,6,zero-riscy-b-3-c20,3,"{""max_displacement"": 20, ""site_search_window"": 10, ""row_search_window"": 0, ""disallow_one_site_gaps"": 0, ""use_diamond_legalizer"": 1, ""disable_window_extension"": 0}","{""max_displacement"": 20, ""site_search_window"": 20, ""row_search_window"": 2, ""disallow_one_site_gaps"": 0, ""use_diamond_legalizer"": 1, ""disable_window_extension"": 0}",VALID,1996434.6,1996434.6,0.0,0.0,0.0,False
44,42,7,zero-riscy-b-3-c20,6,"{""max_displacement"": 20, ""site_search_window"": 20, ""row_search_window"": 2, ""disallow_one_site_gaps"": 0, ""use_diamond_legalizer"": 1, ""disable_window_extension"": 0}","{""max_displacement"": 10, ""site_search_window"": 10, ""row_search_window"": 2, ""disallow_one_site_gaps"": 0, ""use_diamond_legalizer"": 1, ""disable_window_extension"": 0}",VALID,1996434.6,1996434.6,0.0,0.0,0.0,False
44,42,8,zero-riscy-b-3-c20,5,"{""max_displacement"": 10, ""site_search_window"": 10, ""row_search_window"": 2, ""disallow_one_site_gaps"": 0, ""use_diamond_legalizer"": 1, ""disable_window_extension"": 0}","{""max_displacement"": 20, ""site_search_window"": 20, ""row_search_window"": 2, ""disallow_one_site_gaps"": 0, ""use_diamond_legalizer"": 1, ""disable_window_extension"": 0}",VALID,1996434.6,1996434.6,0.0,0.0,0.0,False
44,42,9,zero-riscy-b-3-c20,3,"{""max_displacement"": 20, ""site_search_window"": 20, ""row_search_window"": 2, ""disallow_one_site_gaps"": 0, ""use_diamond_legalizer"": 1, ""disable_window_extension"": 0}","{""max_displacement"": 20, ""site_search_window"": 30, ""row_search_window"": 4, ""disallow_one_site_gaps"": 0, ""use_diamond_legalizer"": 1, ""disable_window_extension"": 0}",VALID,1996434.6,1996434.6,0.0,0.0,0.0,False
44,42,10,zero-riscy-b-3-c20,4,"{""max_displacement"": 20, ""site_search_window"": 30, ""row_search_window"": 4, ""disallow_one_site_gaps"": 0, ""use_diamond_legalizer"": 1, ""disable_window_extension"": 0}","{""max_displacement"": 20, ""site_search_window"": 20, ""row_search_window"": 2, ""disallow_one_site_gaps"": 0, ""use_diamond_legalizer"": 1, ""disable_window_extension"": 0}",VALID,1996434.6,1996434.6,0.0,0.0,0.0,True
44,43,1,zero-riscy-b-2-c5,4,"{""max_displacement"": 0, ""site_search_window"": 0, ""row_search_window"": 0, ""disallow_one_site_gaps"": 0, ""use_diamond_legalizer"": 1, ""disable_window_extension"": 0}","{""max_displacement"": 0, ""site_search_window"": 0, ""row_search_window"": 0, ""disallow_one_site_gaps"": 0, ""use_diamond_legalizer"": 1, ""disable_window_extension"": 0}",VALID,1887414.5,1887414.5,0.0,0.0,0.0,False
44,43,2,zero-riscy-b-2-c5,0,"{""max_displacement"": 0, ""site_search_window"": 0, ""row_search_window"": 0, ""disallow_one_site_gaps"": 0, ""use_diamond_legalizer"": 1, ""disable_window_extension"": 0}","{""max_displacement"": 0, ""site_search_window"": 0, ""row_search_window"": 0, ""disallow_one_site_gaps"": true, ""use_diamond_legalizer"": 1, ""disable_window_extension"": true}",VALID,1887414.5,1887414.5,0.0,0.0,0.0,False
44,43,3,zero-riscy-b-2-c5,0,"{""max_displacement"": 0, ""site_search_window"": 0, ""row_search_window"": 0, ""disallow_one_site_gaps"": true, ""use_diamond_legalizer"": 1, ""disable_window_extension"": true}","{""max_displacement"": 0, ""site_search_window"": 0, ""row_search_window"": 0, ""disallow_one_site_gaps"": false, ""use_diamond_legalizer"": 1, ""disable_window_extension"": false}",VALID,1887414.5,1887414.5,0.0,0.0,0.0,False
44,43,4,zero-riscy-b-2-c5,4,"{""max_displacement"": 0, ""site_search_window"": 0, ""row_search_window"": 0, ""disallow_one_site_gaps"": false, ""use_diamond_legalizer"": 1, ""disable_window_extension"": false}","{""max_displacement"": 0, ""site_search_window"": 0, ""row_search_window"": 0, ""disallow_one_site_gaps"": false, ""use_diamond_legalizer"": 1, ""disable_window_extension"": false}",VALID,1887414.5,1887414.5,0.0,0.0,0.0,False
44,43,5,zero-riscy-b-2-c5,0,"{""max_displacement"": 0, ""site_search_window"": 0, ""row_search_window"": 0, ""disallow_one_site_gaps"": false, ""use_diamond_legalizer"": 1, ""disable_window_extension"": false}","{""max_displacement"": 0, ""site_search_window"": 0, ""row_search_window"": 0, ""disallow_one_site_gaps"": true, ""use_diamond_legalizer"": 1, ""disable_window_extension"": true}",VALID,1887414.5,1887414.5,0.0,0.0,0.0,False
44,43,6,zero-riscy-b-2-c5,5,"{""max_displacement"": 0, ""site_search_window"": 0, ""row_search_window"": 0, ""disallow_one_site_gaps"": true, ""use_diamond_legalizer"": 1, ""disable_window_extension"": true}","{""max_displacement"": 10, ""site_search_window"": 10, ""row_search_window"": 0, ""disallow_one_site_gaps"": true, ""use_diamond_legalizer"": 1, ""disable_window_extension"": true}",VALID,1887414.5,1887414.5,0.0,0.0,0.0,False
44,43,7,zero-riscy-b-2-c5,7,"{""max_displacement"": 10, ""site_search_window"": 10, ""row_search_window"": 0, ""disallow_one_site_gaps"": true, ""use_diamond_legalizer"": 1, ""disable_window_extension"": true}","{""max_displacement"": 10, ""site_search_window"": 10, ""row_search_window"": 0, ""disallow_one_site_gaps"": true, ""use_diamond_legalizer"": 1, ""disable_window_extension"": true}",VALID,1887414.5,1887414.5,0.0,0.0,0.0,False
44,43,8,zero-riscy-b-2-c5,1,"{""max_displacement"": 10, ""site_search_window"": 10, ""row_search_window"": 0, ""disallow_one_site_gaps"": true, ""use_diamond_legalizer"": 1, ""disable_window_extension"": true}","{""max_displacement"": 20, ""site_search_window"": 20, ""row_search_window"": 2, ""disallow_one_site_gaps"": true, ""use_diamond_legalizer"": 1, ""disable_window_extension"": true}",VALID,1887414.5,1887414.5,0.0,0.0,0.0,False
44,43,9,zero-riscy-b-2-c5,1,"{""max_displacement"": 20, ""site_search_window"": 20, ""row_search_window"": 2, ""disallow_one_site_gaps"": true, ""use_diamond_legalizer"": 1, ""disable_window_extension"": true}","{""max_displacement"": 30, ""site_search_window"": 30, ""row_search_window"": 4, ""disallow_one_site_gaps"": true, ""use_diamond_legalizer"": 1, ""disable_window_extension"": true}",VALID,1887414.5,1887414.5,0.0,0.0,0.0,False
44,43,10,zero-riscy-b-2-c5,6,"{""max_displacement"": 30, ""site_search_window"": 30, ""row_search_window"": 4, ""disallow_one_site_gaps"": true, ""use_diamond_legalizer"": 1, ""disable_window_extension"": true}","{""max_displacement"": 20, ""site_search_window"": 20, ""row_search_window"": 4, ""disallow_one_site_gaps"": true, ""use_diamond_legalizer"": 1, ""disable_window_extension"": true}",VALID,1887414.5,1887414.5,0.0,0.0,0.0,True
44,44,1,RISCY-FPU-b-3-c5,1,"{""max_displacement"": 0, ""site_search_window"": 0, ""row_search_window"": 0, ""disallow_one_site_gaps"": 0, ""use_diamond_legalizer"": 1, ""disable_window_extension"": 0}","{""max_displacement"": 10, ""site_search_window"": 10, ""row_search_window"": 2, ""disallow_one_site_gaps"": 0, ""use_diamond_legalizer"": 1, ""disable_window_extension"": 0}",FAILED,4968947.9,4968947.9,0.0,-100.0,-1.0,False
44,44,2,RISCY-FPU-b-3-c5,5,"{""max_displacement"": 10, ""site_search_window"": 10, ""row_search_window"": 2, ""disallow_one_site_gaps"": 0, ""use_diamond_legalizer"": 1, ""disable_window_extension"": 0}","{""max_displacement"": 20, ""site_search_window"": 20, ""row_search_window"": 2, ""disallow_one_site_gaps"": 0, ""use_diamond_legalizer"": 1, ""disable_window_extension"": 0}",FAILED,4968947.9,4968947.9,0.0,-100.0,-1.0,False
44,44,3,RISCY-FPU-b-3-c5,7,"{""max_displacement"": 20, ""site_search_window"": 20, ""row_search_window"": 2, ""disallow_one_site_gaps"": 0, ""use_diamond_legalizer"": 1, ""disable_window_extension"": 0}","{""max_displacement"": 20, ""site_search_window"": 20, ""row_search_window"": 2, ""disallow_one_site_gaps"": 0, ""use_diamond_legalizer"": 1, ""disable_window_extension"": 0}",FAILED,4968947.9,4968947.9,0.0,-100.0,-1.0,False
44,44,4,RISCY-FPU-b-3-c5,7,"{""max_displacement"": 20, ""site_search_window"": 20, ""row_search_window"": 2, ""disallow_one_site_gaps"": 0, ""use_diamond_legalizer"": 1, ""disable_window_extension"": 0}","{""max_displacement"": 20, ""site_search_window"": 20, ""row_search_window"": 2, ""disallow_one_site_gaps"": 0, ""use_diamond_legalizer"": 1, ""disable_window_extension"": 0}",FAILED,4968947.9,4968947.9,0.0,-100.0,-1.0,False
44,44,5,RISCY-FPU-b-3-c5,0,"{""max_displacement"": 20, ""site_search_window"": 20, ""row_search_window"": 2, ""disallow_one_site_gaps"": 0, ""use_diamond_legalizer"": 1, ""disable_window_extension"": 0}","{""max_displacement"": 20, ""site_search_window"": 20, ""row_search_window"": 2, ""disallow_one_site_gaps"": true, ""use_diamond_legalizer"": 1, ""disable_window_extension"": true}",FAILED,4968947.9,4968947.9,0.0,-100.0,-1.0,False
44,44,6,RISCY-FPU-b-3-c5,6,"{""max_displacement"": 20, ""site_search_window"": 20, ""row_search_window"": 2, ""disallow_one_site_gaps"": true, ""use_diamond_legalizer"": 1, ""disable_window_extension"": true}","{""max_displacement"": 10, ""site_search_window"": 10, ""row_search_window"": 2, ""disallow_one_site_gaps"": true, ""use_diamond_legalizer"": 1, ""disable_window_extension"": true}",FAILED,4968947.9,4968947.9,0.0,-100.0,-1.0,False
44,44,7,RISCY-FPU-b-3-c5,0,"{""max_displacement"": 10, ""site_search_window"": 10, ""row_search_window"": 2, ""disallow_one_site_gaps"": true, ""use_diamond_legalizer"": 1, ""disable_window_extension"": true}","{""max_displacement"": 10, ""site_search_window"": 10, ""row_search_window"": 2, ""disallow_one_site_gaps"": false, ""use_diamond_legalizer"": 1, ""disable_window_extension"": false}",FAILED,4968947.9,4968947.9,0.0,-100.0,-1.0,False
44,44,8,RISCY-FPU-b-3-c5,2,"{""max_displacement"": 10, ""site_search_window"": 10, ""row_search_window"": 2, ""disallow_one_site_gaps"": false, ""use_diamond_legalizer"": 1, ""disable_window_extension"": false}","{""max_displacement"": 0, ""site_search_window"": 0, ""row_search_window"": 0, ""disallow_one_site_gaps"": false, ""use_diamond_legalizer"": 1, ""disable_window_extension"": false}",VALID,4968947.9,4968947.9,0.0,0.0,0.0,False
44,44,9,RISCY-FPU-b-3-c5,2,"{""max_displacement"": 0, ""site_search_window"": 0, ""row_search_window"": 0, ""disallow_one_site_gaps"": false, ""use_diamond_legalizer"": 1, ""disable_window_extension"": false}","{""max_displacement"": 0, ""site_search_window"": 0, ""row_search_window"": 0, ""disallow_one_site_gaps"": false, ""use_diamond_legalizer"": 1, ""disable_window_extension"": false}",VALID,4968947.9,4968947.9,0.0,0.0,0.0,False
44,44,10,RISCY-FPU-b-3-c5,6,"{""max_displacement"": 0, ""site_search_window"": 0, ""row_search_window"": 0, ""disallow_one_site_gaps"": false, ""use_diamond_legalizer"": 1, ""disable_window_extension"": false}","{""max_displacement"": 0, ""site_search_window"": 0, ""row_search_window"": 0, ""disallow_one_site_gaps"": false, ""use_diamond_legalizer"": 1, ""disable_window_extension"": false}",VALID,4968947.9,4968947.9,0.0,0.0,0.0,True
44,45,1,RISCY-FPU-a-2-c5,7,"{""max_displacement"": 0, ""site_search_window"": 0, ""row_search_window"": 0, ""disallow_one_site_gaps"": 0, ""use_diamond_legalizer"": 1, ""disable_window_extension"": 0}","{""max_displacement"": 0, ""site_search_window"": 0, ""row_search_window"": 0, ""disallow_one_site_gaps"": 0, ""use_diamond_legalizer"": 1, ""disable_window_extension"": 0}",VALID,6590100.9,6590100.9,0.0,0.0,0.0,False
44,45,2,RISCY-FPU-a-2-c5,0,"{""max_displacement"": 0, ""site_search_window"": 0, ""row_search_window"": 0, ""disallow_one_site_gaps"": 0, ""use_diamond_legalizer"": 1, ""disable_window_extension"": 0}","{""max_displacement"": 0, ""site_search_window"": 0, ""row_search_window"": 0, ""disallow_one_site_gaps"": true, ""use_diamond_legalizer"": 1, ""disable_window_extension"": true}",VALID,6590100.9,6590100.9,0.0,0.0,0.0,False
44,45,3,RISCY-FPU-a-2-c5,4,"{""max_displacement"": 0, ""site_search_window"": 0, ""row_search_window"": 0, ""disallow_one_site_gaps"": true, ""use_diamond_legalizer"": 1, ""disable_window_extension"": true}","{""max_displacement"": 0, ""site_search_window"": 0, ""row_search_window"": 0, ""disallow_one_site_gaps"": true, ""use_diamond_legalizer"": 1, ""disable_window_extension"": true}",VALID,6590100.9,6590100.9,0.0,0.0,0.0,False
44,45,4,RISCY-FPU-a-2-c5,6,"{""max_displacement"": 0, ""site_search_window"": 0, ""row_search_window"": 0, ""disallow_one_site_gaps"": true, ""use_diamond_legalizer"": 1, ""disable_window_extension"": true}","{""max_displacement"": 0, ""site_search_window"": 0, ""row_search_window"": 0, ""disallow_one_site_gaps"": true, ""use_diamond_legalizer"": 1, ""disable_window_extension"": true}",VALID,6590100.9,6590100.9,0.0,0.0,0.0,False
44,45,5,RISCY-FPU-a-2-c5,3,"{""max_displacement"": 0, ""site_search_window"": 0, ""row_search_window"": 0, ""disallow_one_site_gaps"": true, ""use_diamond_legalizer"": 1, ""disable_window_extension"": true}","{""max_displacement"": 0, ""site_search_window"": 10, ""row_search_window"": 2, ""disallow_one_site_gaps"": true, ""use_diamond_legalizer"": 1, ""disable_window_extension"": true}",VALID,6590100.9,6590100.9,0.0,0.0,0.0,False
44,45,6,RISCY-FPU-a-2-c5,3,"{""max_displacement"": 0, ""site_search_window"": 10, ""row_search_window"": 2, ""disallow_one_site_gaps"": true, ""use_diamond_legalizer"": 1, ""disable_window_extension"": true}","{""max_displacement"": 0, ""site_search_window"": 20, ""row_search_window"": 4, ""disallow_one_site_gaps"": true, ""use_diamond_legalizer"": 1, ""disable_window_extension"": true}",VALID,6590100.9,6590100.9,0.0,0.0,0.0,False
44,45,7,RISCY-FPU-a-2-c5,7,"{""max_displacement"": 0, ""site_search_window"": 20, ""row_search_window"": 4, ""disallow_one_site_gaps"": true, ""use_diamond_legalizer"": 1, ""disable_window_extension"": true}","{""max_displacement"": 0, ""site_search_window"": 20, ""row_search_window"": 4, ""disallow_one_site_gaps"": true, ""use_diamond_legalizer"": 1, ""disable_window_extension"": true}",VALID,6590100.9,6590100.9,0.0,0.0,0.0,False
44,45,8,RISCY-FPU-a-2-c5,4,"{""max_displacement"": 0, ""site_search_window"": 20, ""row_search_window"": 4, ""disallow_one_site_gaps"": true, ""use_diamond_legalizer"": 1, ""disable_window_extension"": true}","{""max_displacement"": 0, ""site_search_window"": 10, ""row_search_window"": 2, ""disallow_one_site_gaps"": true, ""use_diamond_legalizer"": 1, ""disable_window_extension"": true}",VALID,6590100.9,6590100.9,0.0,0.0,0.0,False
44,45,9,RISCY-FPU-a-2-c5,2,"{""max_displacement"": 0, ""site_search_window"": 10, ""row_search_window"": 2, ""disallow_one_site_gaps"": true, ""use_diamond_legalizer"": 1, ""disable_window_extension"": true}","{""max_displacement"": 0, ""site_search_window"": 0, ""row_search_window"": 0, ""disallow_one_site_gaps"": true, ""use_diamond_legalizer"": 1, ""disable_window_extension"": true}",VALID,6590100.9,6590100.9,0.0,0.0,0.0,False
44,45,10,RISCY-FPU-a-2-c5,5,"{""max_displacement"": 0, ""site_search_window"": 0, ""row_search_window"": 0, ""disallow_one_site_gaps"": true, ""use_diamond_legalizer"": 1, ""disable_window_extension"": true}","{""max_displacement"": 10, ""site_search_window"": 10, ""row_search_window"": 0, ""disallow_one_site_gaps"": true, ""use_diamond_legalizer"": 1, ""disable_window_extension"": true}",FAILED,6590100.9,6590100.9,0.0,-100.0,-1.0,True
44,46,1,RISCY-b-1-c5,4,"{""max_displacement"": 0, ""site_search_window"": 0, ""row_search_window"": 0, ""disallow_one_site_gaps"": 0, ""use_diamond_legalizer"": 1, ""disable_window_extension"": 0}","{""max_displacement"": 0, ""site_search_window"": 0, ""row_search_window"": 0, ""disallow_one_site_gaps"": 0, ""use_diamond_legalizer"": 1, ""disable_window_extension"": 0}",VALID,3939653.4,3939653.4,0.0,0.0,0.0,False
44,46,2,RISCY-b-1-c5,3,"{""max_displacement"": 0, ""site_search_window"": 0, ""row_search_window"": 0, ""disallow_one_site_gaps"": 0, ""use_diamond_legalizer"": 1, ""disable_window_extension"": 0}","{""max_displacement"": 0, ""site_search_window"": 10, ""row_search_window"": 2, ""disallow_one_site_gaps"": 0, ""use_diamond_legalizer"": 1, ""disable_window_extension"": 0}",VALID,3939653.4,3939653.4,0.0,0.0,0.0,False
44,46,3,RISCY-b-1-c5,6,"{""max_displacement"": 0, ""site_search_window"": 10, ""row_search_window"": 2, ""disallow_one_site_gaps"": 0, ""use_diamond_legalizer"": 1, ""disable_window_extension"": 0}","{""max_displacement"": 0, ""site_search_window"": 0, ""row_search_window"": 2, ""disallow_one_site_gaps"": 0, ""use_diamond_legalizer"": 1, ""disable_window_extension"": 0}",VALID,3939653.4,3939653.4,0.0,0.0,0.0,False
44,46,4,RISCY-b-1-c5,1,"{""max_displacement"": 0, ""site_search_window"": 0, ""row_search_window"": 2, ""disallow_one_site_gaps"": 0, ""use_diamond_legalizer"": 1, ""disable_window_extension"": 0}","{""max_displacement"": 10, ""site_search_window"": 10, ""row_search_window"": 4, ""disallow_one_site_gaps"": 0, ""use_diamond_legalizer"": 1, ""disable_window_extension"": 0}",FAILED,3939653.4,3939653.4,0.0,-100.0,-1.0,False
44,46,5,RISCY-b-1-c5,1,"{""max_displacement"": 10, ""site_search_window"": 10, ""row_search_window"": 4, ""disallow_one_site_gaps"": 0, ""use_diamond_legalizer"": 1, ""disable_window_extension"": 0}","{""max_displacement"": 20, ""site_search_window"": 20, ""row_search_window"": 6, ""disallow_one_site_gaps"": 0, ""use_diamond_legalizer"": 1, ""disable_window_extension"": 0}",VALID,3939653.4,3939653.4,0.0,0.0,0.0,False
44,46,6,RISCY-b-1-c5,5,"{""max_displacement"": 20, ""site_search_window"": 20, ""row_search_window"": 6, ""disallow_one_site_gaps"": 0, ""use_diamond_legalizer"": 1, ""disable_window_extension"": 0}","{""max_displacement"": 30, ""site_search_window"": 30, ""row_search_window"": 6, ""disallow_one_site_gaps"": 0, ""use_diamond_legalizer"": 1, ""disable_window_extension"": 0}",VALID,3939653.4,3939653.4,0.0,0.0,0.0,False
44,46,7,RISCY-b-1-c5,1,"{""max_displacement"": 30, ""site_search_window"": 30, ""row_search_window"": 6, ""disallow_one_site_gaps"": 0, ""use_diamond_legalizer"": 1, ""disable_window_extension"": 0}","{""max_displacement"": 40, ""site_search_window"": 40, ""row_search_window"": 8, ""disallow_one_site_gaps"": 0, ""use_diamond_legalizer"": 1, ""disable_window_extension"": 0}",VALID,3939653.4,3939653.4,0.0,0.0,0.0,False
44,46,8,RISCY-b-1-c5,3,"{""max_displacement"": 40, ""site_search_window"": 40, ""row_search_window"": 8, ""disallow_one_site_gaps"": 0, ""use_diamond_legalizer"": 1, ""disable_window_extension"": 0}","{""max_displacement"": 40, ""site_search_window"": 50, ""row_search_window"": 10, ""disallow_one_site_gaps"": 0, ""use_diamond_legalizer"": 1, ""disable_window_extension"": 0}",VALID,3939653.4,3939653.4,0.0,0.0,0.0,False
44,46,9,RISCY-b-1-c5,4,"{""max_displacement"": 40, ""site_search_window"": 50, ""row_search_window"": 10, ""disallow_one_site_gaps"": 0, ""use_diamond_legalizer"": 1, ""disable_window_extension"": 0}","{""max_displacement"": 40, ""site_search_window"": 40, ""row_search_window"": 8, ""disallow_one_site_gaps"": 0, ""use_diamond_legalizer"": 1, ""disable_window_extension"": 0}",VALID,3939653.4,3939653.4,0.0,0.0,0.0,False
44,46,10,RISCY-b-1-c5,0,"{""max_displacement"": 40, ""site_search_window"": 40, ""row_search_window"": 8, ""disallow_one_site_gaps"": 0, ""use_diamond_legalizer"": 1, ""disable_window_extension"": 0}","{""max_displacement"": 40, ""site_search_window"": 40, ""row_search_window"": 8, ""disallow_one_site_gaps"": true, ""use_diamond_legalizer"": 1, ""disable_window_extension"": true}",VALID,3939653.4,3939653.4,0.0,0.0,0.0,True
44,47,1,RISCY-FPU-b-1-c5,5,"{""max_displacement"": 0, ""site_search_window"": 0, ""row_search_window"": 0, ""disallow_one_site_gaps"": 0, ""use_diamond_legalizer"": 1, ""disable_window_extension"": 0}","{""max_displacement"": 10, ""site_search_window"": 10, ""row_search_window"": 0, ""disallow_one_site_gaps"": 0, ""use_diamond_legalizer"": 1, ""disable_window_extension"": 0}",VALID,4682989.8,4682989.8,0.0,0.0,0.0,False
44,47,2,RISCY-FPU-b-1-c5,2,"{""max_displacement"": 10, ""site_search_window"": 10, ""row_search_window"": 0, ""disallow_one_site_gaps"": 0, ""use_diamond_legalizer"": 1, ""disable_window_extension"": 0}","{""max_displacement"": 0, ""site_search_window"": 0, ""row_search_window"": 0, ""disallow_one_site_gaps"": 0, ""use_diamond_legalizer"": 1, ""disable_window_extension"": 0}",VALID,4682989.8,4682989.8,0.0,0.0,0.0,False
44,47,3,RISCY-FPU-b-1-c5,2,"{""max_displacement"": 0, ""site_search_window"": 0, ""row_search_window"": 0, ""disallow_one_site_gaps"": 0, ""use_diamond_legalizer"": 1, ""disable_window_extension"": 0}","{""max_displacement"": 0, ""site_search_window"": 0, ""row_search_window"": 0, ""disallow_one_site_gaps"": 0, ""use_diamond_legalizer"": 1, ""disable_window_extension"": 0}",VALID,4682989.8,4682989.8,0.0,0.0,0.0,False
44,47,4,RISCY-FPU-b-1-c5,3,"{""max_displacement"": 0, ""site_search_window"": 0, ""row_search_window"": 0, ""disallow_one_site_gaps"": 0, ""use_diamond_legalizer"": 1, ""disable_window_extension"": 0}","{""max_displacement"": 0, ""site_search_window"": 10, ""row_search_window"": 2, ""disallow_one_site_gaps"": 0, ""use_diamond_legalizer"": 1, ""disable_window_extension"": 0}",VALID,4682989.8,4682989.8,0.0,0.0,0.0,False
44,47,5,RISCY-FPU-b-1-c5,4,"{""max_displacement"": 0, ""site_search_window"": 10, ""row_search_window"": 2, ""disallow_one_site_gaps"": 0, ""use_diamond_legalizer"": 1, ""disable_window_extension"": 0}","{""max_displacement"": 0, ""site_search_window"": 0, ""row_search_window"": 0, ""disallow_one_site_gaps"": 0, ""use_diamond_legalizer"": 1, ""disable_window_extension"": 0}",VALID,4682989.8,4682989.8,0.0,0.0,0.0,False
44,47,6,RISCY-FPU-b-1-c5,7,"{""max_displacement"": 0, ""site_search_window"": 0, ""row_search_window"": 0, ""disallow_one_site_gaps"": 0, ""use_diamond_legalizer"": 1, ""disable_window_extension"": 0}","{""max_displacement"": 0, ""site_search_window"": 0, ""row_search_window"": 0, ""disallow_one_site_gaps"": 0, ""use_diamond_legalizer"": 1, ""disable_window_extension"": 0}",VALID,4682989.8,4682989.8,0.0,0.0,0.0,False
44,47,7,RISCY-FPU-b-1-c5,6,"{""max_displacement"": 0, ""site_search_window"": 0, ""row_search_window"": 0, ""disallow_one_site_gaps"": 0, ""use_diamond_legalizer"": 1, ""disable_window_extension"": 0}","{""max_displacement"": 0, ""site_search_window"": 0, ""row_search_window"": 0, ""disallow_one_site_gaps"": 0, ""use_diamond_legalizer"": 1, ""disable_window_extension"": 0}",VALID,4682989.8,4682989.8,0.0,0.0,0.0,False
44,47,8,RISCY-FPU-b-1-c5,3,"{""max_displacement"": 0, ""site_search_window"": 0, ""row_search_window"": 0, ""disallow_one_site_gaps"": 0, ""use_diamond_legalizer"": 1, ""disable_window_extension"": 0}","{""max_displacement"": 0, ""site_search_window"": 10, ""row_search_window"": 2, ""disallow_one_site_gaps"": 0, ""use_diamond_legalizer"": 1, ""disable_window_extension"": 0}",VALID,4682989.8,4682989.8,0.0,0.0,0.0,False
44,47,9,RISCY-FPU-b-1-c5,5,"{""max_displacement"": 0, ""site_search_window"": 10, ""row_search_window"": 2, ""disallow_one_site_gaps"": 0, ""use_diamond_legalizer"": 1, ""disable_window_extension"": 0}","{""max_displacement"": 10, ""site_search_window"": 20, ""row_search_window"": 2, ""disallow_one_site_gaps"": 0, ""use_diamond_legalizer"": 1, ""disable_window_extension"": 0}",VALID,4682989.8,4682989.8,0.0,0.0,0.0,False
44,47,10,RISCY-FPU-b-1-c5,7,"{""max_displacement"": 10, ""site_search_window"": 20, ""row_search_window"": 2, ""disallow_one_site_gaps"": 0, ""use_diamond_legalizer"": 1, ""disable_window_extension"": 0}","{""max_displacement"": 10, ""site_search_window"": 20, ""row_search_window"": 2, ""disallow_one_site_gaps"": 0, ""use_diamond_legalizer"": 1, ""disable_window_extension"": 0}",VALID,4682989.8,4682989.8,0.0,0.0,0.0,True
44,48,1,RISCY-FPU-a-3-c20,2,"{""max_displacement"": 0, ""site_search_window"": 0, ""row_search_window"": 0, ""disallow_one_site_gaps"": 0, ""use_diamond_legalizer"": 1, ""disable_window_extension"": 0}","{""max_displacement"": 0, ""site_search_window"": 0, ""row_search_window"": 0, ""disallow_one_site_gaps"": 0, ""use_diamond_legalizer"": 1, ""disable_window_extension"": 0}",VALID,7062334.5,7062334.5,0.0,0.0,0.0,False
44,48,2,RISCY-FPU-a-3-c20,7,"{""max_displacement"": 0, ""site_search_window"": 0, ""row_search_window"": 0, ""disallow_one_site_gaps"": 0, ""use_diamond_legalizer"": 1, ""disable_window_extension"": 0}","{""max_displacement"": 0, ""site_search_window"": 0, ""row_search_window"": 0, ""disallow_one_site_gaps"": 0, ""use_diamond_legalizer"": 1, ""disable_window_extension"": 0}",VALID,7062334.5,7062334.5,0.0,0.0,0.0,False
44,48,3,RISCY-FPU-a-3-c20,5,"{""max_displacement"": 0, ""site_search_window"": 0, ""row_search_window"": 0, ""disallow_one_site_gaps"": 0, ""use_diamond_legalizer"": 1, ""disable_window_extension"": 0}","{""max_displacement"": 10, ""site_search_window"": 10, ""row_search_window"": 0, ""disallow_one_site_gaps"": 0, ""use_diamond_legalizer"": 1, ""disable_window_extension"": 0}",FAILED,7062334.5,7062334.5,0.0,-100.0,-1.0,False
44,48,4,RISCY-FPU-a-3-c20,7,"{""max_displacement"": 10, ""site_search_window"": 10, ""row_search_window"": 0, ""disallow_one_site_gaps"": 0, ""use_diamond_legalizer"": 1, ""disable_window_extension"": 0}","{""max_displacement"": 10, ""site_search_window"": 10, ""row_search_window"": 0, ""disallow_one_site_gaps"": 0, ""use_diamond_legalizer"": 1, ""disable_window_extension"": 0}",FAILED,7062334.5,7062334.5,0.0,-100.0,-1.0,False
44,48,5,RISCY-FPU-a-3-c20,3,"{""max_displacement"": 10, ""site_search_window"": 10, ""row_search_window"": 0, ""disallow_one_site_gaps"": 0, ""use_diamond_legalizer"": 1, ""disable_window_extension"": 0}","{""max_displacement"": 10, ""site_search_window"": 20, ""row_search_window"": 2, ""disallow_one_site_gaps"": 0, ""use_diamond_legalizer"": 1, ""disable_window_extension"": 0}",FAILED,7062334.5,7062334.5,0.0,-100.0,-1.0,False
44,48,6,RISCY-FPU-a-3-c20,7,"{""max_displacement"": 10, ""site_search_window"": 20, ""row_search_window"": 2, ""disallow_one_site_gaps"": 0, ""use_diamond_legalizer"": 1, ""disable_window_extension"": 0}","{""max_displacement"": 10, ""site_search_window"": 20, ""row_search_window"": 2, ""disallow_one_site_gaps"": 0, ""use_diamond_legalizer"": 1, ""disable_window_extension"": 0}",FAILED,7062334.5,7062334.5,0.0,-100.0,-1.0,False
44,48,7,RISCY-FPU-a-3-c20,4,"{""max_displacement"": 10, ""site_search_window"": 20, ""row_search_window"": 2, ""disallow_one_site_gaps"": 0, ""use_diamond_legalizer"": 1, ""disable_window_extension"": 0}","{""max_displacement"": 10, ""site_search_window"": 10, ""row_search_window"": 0, ""disallow_one_site_gaps"": 0, ""use_diamond_legalizer"": 1, ""disable_window_extension"": 0}",FAILED,7062334.5,7062334.5,0.0,-100.0,-1.0,False
44,48,8,RISCY-FPU-a-3-c20,5,"{""max_displacement"": 10, ""site_search_window"": 10, ""row_search_window"": 0, ""disallow_one_site_gaps"": 0, ""use_diamond_legalizer"": 1, ""disable_window_extension"": 0}","{""max_displacement"": 20, ""site_search_window"": 20, ""row_search_window"": 0, ""disallow_one_site_gaps"": 0, ""use_diamond_legalizer"": 1, ""disable_window_extension"": 0}",FAILED,7062334.5,7062334.5,0.0,-100.0,-1.0,False
44,48,9,RISCY-FPU-a-3-c20,1,"{""max_displacement"": 20, ""site_search_window"": 20, ""row_search_window"": 0, ""disallow_one_site_gaps"": 0, ""use_diamond_legalizer"": 1, ""disable_window_extension"": 0}","{""max_displacement"": 30, ""site_search_window"": 30, ""row_search_window"": 2, ""disallow_one_site_gaps"": 0, ""use_diamond_legalizer"": 1, ""disable_window_extension"": 0}",FAILED,7062334.5,7062334.5,0.0,-100.0,-1.0,False
44,48,10,RISCY-FPU-a-3-c20,7,"{""max_displacement"": 30, ""site_search_window"": 30, ""row_search_window"": 2, ""disallow_one_site_gaps"": 0, ""use_diamond_legalizer"": 1, ""disable_window_extension"": 0}","{""max_displacement"": 30, ""site_search_window"": 30, ""row_search_window"": 2, ""disallow_one_site_gaps"": 0, ""use_diamond_legalizer"": 1, ""disable_window_extension"": 0}",FAILED,7062334.5,7062334.5,0.0,-100.0,-1.0,True
44,49,1,RISCY-b-1-c2,5,"{""max_displacement"": 0, ""site_search_window"": 0, ""row_search_window"": 0, ""disallow_one_site_gaps"": 0, ""use_diamond_legalizer"": 1, ""disable_window_extension"": 0}","{""max_displacement"": 10, ""site_search_window"": 10, ""row_search_window"": 0, ""disallow_one_site_gaps"": 0, ""use_diamond_legalizer"": 1, ""disable_window_extension"": 0}",FAILED,2943613.2,2943613.2,0.0,-100.0,-1.0,False
44,49,2,RISCY-b-1-c2,2,"{""max_displacement"": 10, ""site_search_window"": 10, ""row_search_window"": 0, ""disallow_one_site_gaps"": 0, ""use_diamond_legalizer"": 1, ""disable_window_extension"": 0}","{""max_displacement"": 0, ""site_search_window"": 0, ""row_search_window"": 0, ""disallow_one_site_gaps"": 0, ""use_diamond_legalizer"": 1, ""disable_window_extension"": 0}",VALID,2943613.2,2943613.2,0.0,0.0,0.0,False
44,49,3,RISCY-b-1-c2,3,"{""max_displacement"": 0, ""site_search_window"": 0, ""row_search_window"": 0, ""disallow_one_site_gaps"": 0, ""use_diamond_legalizer"": 1, ""disable_window_extension"": 0}","{""max_displacement"": 0, ""site_search_window"": 10, ""row_search_window"": 2, ""disallow_one_site_gaps"": 0, ""use_diamond_legalizer"": 1, ""disable_window_extension"": 0}",VALID,2943613.2,2943613.2,0.0,0.0,0.0,False
44,49,4,RISCY-b-1-c2,3,"{""max_displacement"": 0, ""site_search_window"": 10, ""row_search_window"": 2, ""disallow_one_site_gaps"": 0, ""use_diamond_legalizer"": 1, ""disable_window_extension"": 0}","{""max_displacement"": 0, ""site_search_window"": 20, ""row_search_window"": 4, ""disallow_one_site_gaps"": 0, ""use_diamond_legalizer"": 1, ""disable_window_extension"": 0}",VALID,2943613.2,2943613.2,0.0,0.0,0.0,False
44,49,5,RISCY-b-1-c2,6,"{""max_displacement"": 0, ""site_search_window"": 20, ""row_search_window"": 4, ""disallow_one_site_gaps"": 0, ""use_diamond_legalizer"": 1, ""disable_window_extension"": 0}","{""max_displacement"": 0, ""site_search_window"": 10, ""row_search_window"": 4, ""disallow_one_site_gaps"": 0, ""use_diamond_legalizer"": 1, ""disable_window_extension"": 0}",VALID,2943613.2,2943613.2,0.0,0.0,0.0,False
44,49,6,RISCY-b-1-c2,4,"{""max_displacement"": 0, ""site_search_window"": 10, ""row_search_window"": 4, ""disallow_one_site_gaps"": 0, ""use_diamond_legalizer"": 1, ""disable_window_extension"": 0}","{""max_displacement"": 0, ""site_search_window"": 0, ""row_search_window"": 2, ""disallow_one_site_gaps"": 0, ""use_diamond_legalizer"": 1, ""disable_window_extension"": 0}",VALID,2943613.2,2943613.2,0.0,0.0,0.0,False
44,49,7,RISCY-b-1-c2,7,"{""max_displacement"": 0, ""site_search_window"": 0, ""row_search_window"": 2, ""disallow_one_site_gaps"": 0, ""use_diamond_legalizer"": 1, ""disable_window_extension"": 0}","{""max_displacement"": 0, ""site_search_window"": 0, ""row_search_window"": 2, ""disallow_one_site_gaps"": 0, ""use_diamond_legalizer"": 1, ""disable_window_extension"": 0}",VALID,2943613.2,2943613.2,0.0,0.0,0.0,False
44,49,8,RISCY-b-1-c2,6,"{""max_displacement"": 0, ""site_search_window"": 0, ""row_search_window"": 2, ""disallow_one_site_gaps"": 0, ""use_diamond_legalizer"": 1, ""disable_window_extension"": 0}","{""max_displacement"": 0, ""site_search_window"": 0, ""row_search_window"": 2, ""disallow_one_site_gaps"": 0, ""use_diamond_legalizer"": 1, ""disable_window_extension"": 0}",VALID,2943613.2,2943613.2,0.0,0.0,0.0,False
44,49,9,RISCY-b-1-c2,4,"{""max_displacement"": 0, ""site_search_window"": 0, ""row_search_window"": 2, ""disallow_one_site_gaps"": 0, ""use_diamond_legalizer"": 1, ""disable_window_extension"": 0}","{""max_displacement"": 0, ""site_search_window"": 0, ""row_search_window"": 0, ""disallow_one_site_gaps"": 0, ""use_diamond_legalizer"": 1, ""disable_window_extension"": 0}",VALID,2943613.2,2943613.2,0.0,0.0,0.0,False
44,49,10,RISCY-b-1-c2,0,"{""max_displacement"": 0, ""site_search_window"": 0, ""row_search_window"": 0, ""disallow_one_site_gaps"": 0, ""use_diamond_legalizer"": 1, ""disable_window_extension"": 0}","{""max_displacement"": 0, ""site_search_window"": 0, ""row_search_window"": 0, ""disallow_one_site_gaps"": true, ""use_diamond_legalizer"": 1, ""disable_window_extension"": true}",VALID,2943613.2,2943613.2,0.0,0.0,0.0,True
44,50,1,zero-riscy-a-3-c5,5,"{""max_displacement"": 0, ""site_search_window"": 0, ""row_search_window"": 0, ""disallow_one_site_gaps"": 0, ""use_diamond_legalizer"": 1, ""disable_window_extension"": 0}","{""max_displacement"": 10, ""site_search_window"": 10, ""row_search_window"": 0, ""disallow_one_site_gaps"": 0, ""use_diamond_legalizer"": 1, ""disable_window_extension"": 0}",FAILED,3626760.8,3626760.8,0.0,-100.0,-1.0,False
44,50,2,zero-riscy-a-3-c5,7,"{""max_displacement"": 10, ""site_search_window"": 10, ""row_search_window"": 0, ""disallow_one_site_gaps"": 0, ""use_diamond_legalizer"": 1, ""disable_window_extension"": 0}","{""max_displacement"": 10, ""site_search_window"": 10, ""row_search_window"": 0, ""disallow_one_site_gaps"": 0, ""use_diamond_legalizer"": 1, ""disable_window_extension"": 0}",FAILED,3626760.8,3626760.8,0.0,-100.0,-1.0,False
44,50,3,zero-riscy-a-3-c5,4,"{""max_displacement"": 10, ""site_search_window"": 10, ""row_search_window"": 0, ""disallow_one_site_gaps"": 0, ""use_diamond_legalizer"": 1, ""disable_window_extension"": 0}","{""max_displacement"": 10, ""site_search_window"": 0, ""row_search_window"": 0, ""disallow_one_site_gaps"": 0, ""use_diamond_legalizer"": 1, ""disable_window_extension"": 0}",FAILED,3626760.8,3626760.8,0.0,-100.0,-1.0,False
44,50,4,zero-riscy-a-3-c5,1,"{""max_displacement"": 10, ""site_search_window"": 0, ""row_search_window"": 0, ""disallow_one_site_gaps"": 0, ""use_diamond_legalizer"": 1, ""disable_window_extension"": 0}","{""max_displacement"": 20, ""site_search_window"": 10, ""row_search_window"": 2, ""disallow_one_site_gaps"": 0, ""use_diamond_legalizer"": 1, ""disable_window_extension"": 0}",VALID,3626760.8,3626724.0,36.799999999813735,0.001,1.0146795454448977e-05,False
44,50,5,zero-riscy-a-3-c5,6,"{""max_displacement"": 20, ""site_search_window"": 10, ""row_search_window"": 2, ""disallow_one_site_gaps"": 0, ""use_diamond_legalizer"": 1, ""disable_window_extension"": 0}","{""max_displacement"": 10, ""site_search_window"": 0, ""row_search_window"": 2, ""disallow_one_site_gaps"": 0, ""use_diamond_legalizer"": 1, ""disable_window_extension"": 0}",FAILED,3626760.8,3626724.0,0.0,-100.0,-1.0,False
44,50,6,zero-riscy-a-3-c5,1,"{""max_displacement"": 10, ""site_search_window"": 0, ""row_search_window"": 2, ""disallow_one_site_gaps"": 0, ""use_diamond_legalizer"": 1, ""disable_window_extension"": 0}","{""max_displacement"": 20, ""site_search_window"": 10, ""row_search_window"": 4, ""disallow_one_site_gaps"": 0, ""use_diamond_legalizer"": 1, ""disable_window_extension"": 0}",VALID,3626760.8,3626724.0,0.0,0.0,0.0,False
44,50,7,zero-riscy-a-3-c5,2,"{""max_displacement"": 20, ""site_search_window"": 10, ""row_search_window"": 4, ""disallow_one_site_gaps"": 0, ""use_diamond_legalizer"": 1, ""disable_window_extension"": 0}","{""max_displacement"": 10, ""site_search_window"": 0, ""row_search_window"": 2, ""disallow_one_site_gaps"": 0, ""use_diamond_legalizer"": 1, ""disable_window_extension"": 0}",FAILED,3626760.8,3626724.0,0.0,-100.0,-1.0,False
44,50,8,zero-riscy-a-3-c5,3,"{""max_displacement"": 10, ""site_search_window"": 0, ""row_search_window"": 2, ""disallow_one_site_gaps"": 0, ""use_diamond_legalizer"": 1, ""disable_window_extension"": 0}","{""max_displacement"": 10, ""site_search_window"": 10, ""row_search_window"": 4, ""disallow_one_site_gaps"": 0, ""use_diamond_legalizer"": 1, ""disable_window_extension"": 0}",FAILED,3626760.8,3626724.0,0.0,-100.0,-1.0,False
44,50,9,zero-riscy-a-3-c5,2,"{""max_displacement"": 10, ""site_search_window"": 10, ""row_search_window"": 4, ""disallow_one_site_gaps"": 0, ""use_diamond_legalizer"": 1, ""disable_window_extension"": 0}","{""max_displacement"": 0, ""site_search_window"": 0, ""row_search_window"": 2, ""disallow_one_site_gaps"": 0, ""use_diamond_legalizer"": 1, ""disable_window_extension"": 0}",VALID,3626760.8,3626760.8,-36.799999999813735,-0.001,-1.0146898412951671e-05,False
44,50,10,zero-riscy-a-3-c5,4,"{""max_displacement"": 0, ""site_search_window"": 0, ""row_search_window"": 2, ""disallow_one_site_gaps"": 0, ""use_diamond_legalizer"": 1, ""disable_window_extension"": 0}","{""max_displacement"": 0, ""site_search_window"": 0, ""row_search_window"": 0, ""disallow_one_site_gaps"": 0, ""use_diamond_legalizer"": 1, ""disable_window_extension"": 0}",VALID,3626760.8,3626760.8,0.0,0.0,0.0,True
44,51,1,zero-riscy-a-3-c20,3,"{""max_displacement"": 0, ""site_search_window"": 0, ""row_search_window"": 0, ""disallow_one_site_gaps"": 0, ""use_diamond_legalizer"": 1, ""disable_window_extension"": 0}","{""max_displacement"": 0, ""site_search_window"": 10, ""row_search_window"": 2, ""disallow_one_site_gaps"": 0, ""use_diamond_legalizer"": 1, ""disable_window_extension"": 0}",VALID,4037614.6,4037614.6,0.0,0.0,0.0,False
44,51,2,zero-riscy-a-3-c20,7,"{""max_displacement"": 0, ""site_search_window"": 10, ""row_search_window"": 2, ""disallow_one_site_gaps"": 0, ""use_diamond_legalizer"": 1, ""disable_window_extension"": 0}","{""max_displacement"": 0, ""site_search_window"": 10, ""row_search_window"": 2, ""disallow_one_site_gaps"": 0, ""use_diamond_legalizer"": 1, ""disable_window_extension"": 0}",VALID,4037614.6,4037614.6,0.0,0.0,0.0,False
44,51,3,zero-riscy-a-3-c20,3,"{""max_displacement"": 0, ""site_search_window"": 10, ""row_search_window"": 2, ""disallow_one_site_gaps"": 0, ""use_diamond_legalizer"": 1, ""disable_window_extension"": 0}","{""max_displacement"": 0, ""site_search_window"": 20, ""row_search_window"": 4, ""disallow_one_site_gaps"": 0, ""use_diamond_legalizer"": 1, ""disable_window_extension"": 0}",VALID,4037614.6,4037614.6,0.0,0.0,0.0,False
44,51,4,zero-riscy-a-3-c20,6,"{""max_displacement"": 0, ""site_search_window"": 20, ""row_search_window"": 4, ""disallow_one_site_gaps"": 0, ""use_diamond_legalizer"": 1, ""disable_window_extension"": 0}","{""max_displacement"": 0, ""site_search_window"": 10, ""row_search_window"": 4, ""disallow_one_site_gaps"": 0, ""use_diamond_legalizer"": 1, ""disable_window_extension"": 0}",VALID,4037614.6,4037614.6,0.0,0.0,0.0,False
44,51,5,zero-riscy-a-3-c20,3,"{""max_displacement"": 0, ""site_search_window"": 10, ""row_search_window"": 4, ""disallow_one_site_gaps"": 0, ""use_diamond_legalizer"": 1, ""disable_window_extension"": 0}","{""max_displacement"": 0, ""site_search_window"": 20, ""row_search_window"": 6, ""disallow_one_site_gaps"": 0, ""use_diamond_legalizer"": 1, ""disable_window_extension"": 0}",VALID,4037614.6,4037614.6,0.0,0.0,0.0,False
44,51,6,zero-riscy-a-3-c20,2,"{""max_displacement"": 0, ""site_search_window"": 20, ""row_search_window"": 6, ""disallow_one_site_gaps"": 0, ""use_diamond_legalizer"": 1, ""disable_window_extension"": 0}","{""max_displacement"": 0, ""site_search_window"": 10, ""row_search_window"": 4, ""disallow_one_site_gaps"": 0, ""use_diamond_legalizer"": 1, ""disable_window_extension"": 0}",VALID,4037614.6,4037614.6,0.0,0.0,0.0,False
44,51,7,zero-riscy-a-3-c20,5,"{""max_displacement"": 0, ""site_search_window"": 10, ""row_search_window"": 4, ""disallow_one_site_gaps"": 0, ""use_diamond_legalizer"": 1, ""disable_window_extension"": 0}","{""max_displacement"": 10, ""site_search_window"": 20, ""row_search_window"": 4, ""disallow_one_site_gaps"": 0, ""use_diamond_legalizer"": 1, ""disable_window_extension"": 0}",FAILED,4037614.6,4037614.6,0.0,-100.0,-1.0,False
44,51,8,zero-riscy-a-3-c20,1,"{""max_displacement"": 10, ""site_search_window"": 20, ""row_search_window"": 4, ""disallow_one_site_gaps"": 0, ""use_diamond_legalizer"": 1, ""disable_window_extension"": 0}","{""max_displacement"": 20, ""site_search_window"": 30, ""row_search_window"": 6, ""disallow_one_site_gaps"": 0, ""use_diamond_legalizer"": 1, ""disable_window_extension"": 0}",VALID,4037614.6,4037567.8,46.8000000002794,0.0012000000000000001,1.1591002271558904e-05,False
44,51,9,zero-riscy-a-3-c20,4,"{""max_displacement"": 20, ""site_search_window"": 30, ""row_search_window"": 6, ""disallow_one_site_gaps"": 0, ""use_diamond_legalizer"": 1, ""disable_window_extension"": 0}","{""max_displacement"": 20, ""site_search_window"": 20, ""row_search_window"": 4, ""disallow_one_site_gaps"": 0, ""use_diamond_legalizer"": 1, ""disable_window_extension"": 0}",VALID,4037614.6,4037567.8,0.0,0.0,0.0,False
44,51,10,zero-riscy-a-3-c20,4,"{""max_displacement"": 20, ""site_search_window"": 20, ""row_search_window"": 4, ""disallow_one_site_gaps"": 0, ""use_diamond_legalizer"": 1, ""disable_window_extension"": 0}","{""max_displacement"": 20, ""site_search_window"": 10, ""row_search_window"": 2, ""disallow_one_site_gaps"": 0, ""use_diamond_legalizer"": 1, ""disable_window_extension"": 0}",VALID,4037614.6,4037567.8,0.0,0.0,0.0,True
44,52,1,RISCY-FPU-b-2-c20,6,"{""max_displacement"": 0, ""site_search_window"": 0, ""row_search_window"": 0, ""disallow_one_site_gaps"": 0, ""use_diamond_legalizer"": 1, ""disable_window_extension"": 0}","{""max_displacement"": 0, ""site_search_window"": 0, ""row_search_window"": 0, ""disallow_one_site_gaps"": 0, ""use_diamond_legalizer"": 1, ""disable_window_extension"": 0}",VALID,4992984.1,4992984.1,0.0,0.0,0.0,False
44,52,2,RISCY-FPU-b-2-c20,2,"{""max_displacement"": 0, ""site_search_window"": 0, ""row_search_window"": 0, ""disallow_one_site_gaps"": 0, ""use_diamond_legalizer"": 1, ""disable_window_extension"": 0}","{""max_displacement"": 0, ""site_search_window"": 0, ""row_search_window"": 0, ""disallow_one_site_gaps"": 0, ""use_diamond_legalizer"": 1, ""disable_window_extension"": 0}",VALID,4992984.1,4992984.1,0.0,0.0,0.0,False
44,52,3,RISCY-FPU-b-2-c20,7,"{""max_displacement"": 0, ""site_search_window"": 0, ""row_search_window"": 0, ""disallow_one_site_gaps"": 0, ""use_diamond_legalizer"": 1, ""disable_window_extension"": 0}","{""max_displacement"": 0, ""site_search_window"": 0, ""row_search_window"": 0, ""disallow_one_site_gaps"": 0, ""use_diamond_legalizer"": 1, ""disable_window_extension"": 0}",VALID,4992984.1,4992984.1,0.0,0.0,0.0,False
44,52,4,RISCY-FPU-b-2-c20,2,"{""max_displacement"": 0, ""site_search_window"": 0, ""row_search_window"": 0, ""disallow_one_site_gaps"": 0, ""use_diamond_legalizer"": 1, ""disable_window_extension"": 0}","{""max_displacement"": 0, ""site_search_window"": 0, ""row_search_window"": 0, ""disallow_one_site_gaps"": 0, ""use_diamond_legalizer"": 1, ""disable_window_extension"": 0}",VALID,4992984.1,4992984.1,0.0,0.0,0.0,False
44,52,5,RISCY-FPU-b-2-c20,1,"{""max_displacement"": 0, ""site_search_window"": 0, ""row_search_window"": 0, ""disallow_one_site_gaps"": 0, ""use_diamond_legalizer"": 1, ""disable_window_extension"": 0}","{""max_displacement"": 10, ""site_search_window"": 10, ""row_search_window"": 2, ""disallow_one_site_gaps"": 0, ""use_diamond_legalizer"": 1, ""disable_window_extension"": 0}",FAILED,4992984.1,4992984.1,0.0,-100.0,-1.0,False
44,52,6,RISCY-FPU-b-2-c20,6,"{""max_displacement"": 10, ""site_search_window"": 10, ""row_search_window"": 2, ""disallow_one_site_gaps"": 0, ""use_diamond_legalizer"": 1, ""disable_window_extension"": 0}","{""max_displacement"": 0, ""site_search_window"": 0, ""row_search_window"": 2, ""disallow_one_site_gaps"": 0, ""use_diamond_legalizer"": 1, ""disable_window_extension"": 0}",VALID,4992984.1,4992984.1,0.0,0.0,0.0,False
44,52,7,RISCY-FPU-b-2-c20,5,"{""max_displacement"": 0, ""site_search_window"": 0, ""row_search_window"": 2, ""disallow_one_site_gaps"": 0, ""use_diamond_legalizer"": 1, ""disable_window_extension"": 0}","{""max_displacement"": 10, ""site_search_window"": 10, ""row_search_window"": 2, ""disallow_one_site_gaps"": 0, ""use_diamond_legalizer"": 1, ""disable_window_extension"": 0}",FAILED,4992984.1,4992984.1,0.0,-100.0,-1.0,False
44,52,8,RISCY-FPU-b-2-c20,0,"{""max_displacement"": 10, ""site_search_window"": 10, ""row_search_window"": 2, ""disallow_one_site_gaps"": 0, ""use_diamond_legalizer"": 1, ""disable_window_extension"": 0}","{""max_displacement"": 10, ""site_search_window"": 10, ""row_search_window"": 2, ""disallow_one_site_gaps"": true, ""use_diamond_legalizer"": 1, ""disable_window_extension"": true}",FAILED,4992984.1,4992984.1,0.0,-100.0,-1.0,False
44,52,9,RISCY-FPU-b-2-c20,4,"{""max_displacement"": 10, ""site_search_window"": 10, ""row_search_window"": 2, ""disallow_one_site_gaps"": true, ""use_diamond_legalizer"": 1, ""disable_window_extension"": true}","{""max_displacement"": 10, ""site_search_window"": 0, ""row_search_window"": 0, ""disallow_one_site_gaps"": true, ""use_diamond_legalizer"": 1, ""disable_window_extension"": true}",FAILED,4992984.1,4992984.1,0.0,-100.0,-1.0,False
44,52,10,RISCY-FPU-b-2-c20,1,"{""max_displacement"": 10, ""site_search_window"": 0, ""row_search_window"": 0, ""disallow_one_site_gaps"": true, ""use_diamond_legalizer"": 1, ""disable_window_extension"": true}","{""max_displacement"": 20, ""site_search_window"": 10, ""row_search_window"": 2, ""disallow_one_site_gaps"": true, ""use_diamond_legalizer"": 1, ""disable_window_extension"": true}",FAILED,4992984.1,4992984.1,0.0,-100.0,-1.0,True
44,53,1,RISCY-b-1-c5,4,"{""max_displacement"": 0, ""site_search_window"": 0, ""row_search_window"": 0, ""disallow_one_site_gaps"": 0, ""use_diamond_legalizer"": 1, ""disable_window_extension"": 0}","{""max_displacement"": 0, ""site_search_window"": 0, ""row_search_window"": 0, ""disallow_one_site_gaps"": 0, ""use_diamond_legalizer"": 1, ""disable_window_extension"": 0}",VALID,3939653.4,3939653.4,0.0,0.0,0.0,False
44,53,2,RISCY-b-1-c5,2,"{""max_displacement"": 0, ""site_search_window"": 0, ""row_search_window"": 0, ""disallow_one_site_gaps"": 0, ""use_diamond_legalizer"": 1, ""disable_window_extension"": 0}","{""max_displacement"": 0, ""site_search_window"": 0, ""row_search_window"": 0, ""disallow_one_site_gaps"": 0, ""use_diamond_legalizer"": 1, ""disable_window_extension"": 0}",VALID,3939653.4,3939653.4,0.0,0.0,0.0,False
44,53,3,RISCY-b-1-c5,2,"{""max_displacement"": 0, ""site_search_window"": 0, ""row_search_window"": 0, ""disallow_one_site_gaps"": 0, ""use_diamond_legalizer"": 1, ""disable_window_extension"": 0}","{""max_displacement"": 0, ""site_search_window"": 0, ""row_search_window"": 0, ""disallow_one_site_gaps"": 0, ""use_diamond_legalizer"": 1, ""disable_window_extension"": 0}",VALID,3939653.4,3939653.4,0.0,0.0,0.0,False
44,53,4,RISCY-b-1-c5,6,"{""max_displacement"": 0, ""site_search_window"": 0, ""row_search_window"": 0, ""disallow_one_site_gaps"": 0, ""use_diamond_legalizer"": 1, ""disable_window_extension"": 0}","{""max_displacement"": 0, ""site_search_window"": 0, ""row_search_window"": 0, ""disallow_one_site_gaps"": 0, ""use_diamond_legalizer"": 1, ""disable_window_extension"": 0}",VALID,3939653.4,3939653.4,0.0,0.0,0.0,False
44,53,5,RISCY-b-1-c5,1,"{""max_displacement"": 0, ""site_search_window"": 0, ""row_search_window"": 0, ""disallow_one_site_gaps"": 0, ""use_diamond_legalizer"": 1, ""disable_window_extension"": 0}","{""max_displacement"": 10, ""site_search_window"": 10, ""row_search_window"": 2, ""disallow_one_site_gaps"": 0, ""use_diamond_legalizer"": 1, ""disable_window_extension"": 0}",FAILED,3939653.4,3939653.4,0.0,-100.0,-1.0,False
44,53,6,RISCY-b-1-c5,6,"{""max_displacement"": 10, ""site_search_window"": 10, ""row_search_window"": 2, ""disallow_one_site_gaps"": 0, ""use_diamond_legalizer"": 1, ""disable_window_extension"": 0}","{""max_displacement"": 0, ""site_search_window"": 0, ""row_search_window"": 2, ""disallow_one_site_gaps"": 0, ""use_diamond_legalizer"": 1, ""disable_window_extension"": 0}",VALID,3939653.4,3939653.4,0.0,0.0,0.0,False
44,53,7,RISCY-b-1-c5,7,"{""max_displacement"": 0, ""site_search_window"": 0, ""row_search_window"": 2, ""disallow_one_site_gaps"": 0, ""use_diamond_legalizer"": 1, ""disable_window_extension"": 0}","{""max_displacement"": 0, ""site_search_window"": 0, ""row_search_window"": 2, ""disallow_one_site_gaps"": 0, ""use_diamond_legalizer"": 1, ""disable_window_extension"": 0}",VALID,3939653.4,3939653.4,0.0,0.0,0.0,False
44,53,8,RISCY-b-1-c5,7,"{""max_displacement"": 0, ""site_search_window"": 0, ""row_search_window"": 2, ""disallow_one_site_gaps"": 0, ""use_diamond_legalizer"": 1, ""disable_window_extension"": 0}","{""max_displacement"": 0, ""site_search_window"": 0, ""row_search_window"": 2, ""disallow_one_site_gaps"": 0, ""use_diamond_legalizer"": 1, ""disable_window_extension"": 0}",VALID,3939653.4,3939653.4,0.0,0.0,0.0,False
44,53,9,RISCY-b-1-c5,0,"{""max_displacement"": 0, ""site_search_window"": 0, ""row_search_window"": 2, ""disallow_one_site_gaps"": 0, ""use_diamond_legalizer"": 1, ""disable_window_extension"": 0}","{""max_displacement"": 0, ""site_search_window"": 0, ""row_search_window"": 2, ""disallow_one_site_gaps"": true, ""use_diamond_legalizer"": 1, ""disable_window_extension"": true}",VALID,3939653.4,3939653.4,0.0,0.0,0.0,False
44,53,10,RISCY-b-1-c5,6,"{""max_displacement"": 0, ""site_search_window"": 0, ""row_search_window"": 2, ""disallow_one_site_gaps"": true, ""use_diamond_legalizer"": 1, ""disable_window_extension"": true}","{""max_displacement"": 0, ""site_search_window"": 0, ""row_search_window"": 2, ""disallow_one_site_gaps"": true, ""use_diamond_legalizer"": 1, ""disable_window_extension"": true}",VALID,3939653.4,3939653.4,0.0,0.0,0.0,True
44,54,1,RISCY-a-3-c5,0,"{""max_displacement"": 0, ""site_search_window"": 0, ""row_search_window"": 0, ""disallow_one_site_gaps"": 0, ""use_diamond_legalizer"": 1, ""disable_window_extension"": 0}","{""max_displacement"": 0, ""site_search_window"": 0, ""row_search_window"": 0, ""disallow_one_site_gaps"": true, ""use_diamond_legalizer"": 1, ""disable_window_extension"": true}",VALID,5599044.1,5599044.1,0.0,0.0,0.0,False
44,54,2,RISCY-a-3-c5,1,"{""max_displacement"": 0, ""site_search_window"": 0, ""row_search_window"": 0, ""disallow_one_site_gaps"": true, ""use_diamond_legalizer"": 1, ""disable_window_extension"": true}","{""max_displacement"": 10, ""site_search_window"": 10, ""row_search_window"": 2, ""disallow_one_site_gaps"": true, ""use_diamond_legalizer"": 1, ""disable_window_extension"": true}",FAILED,5599044.1,5599044.1,0.0,-100.0,-1.0,False
44,54,3,RISCY-a-3-c5,1,"{""max_displacement"": 10, ""site_search_window"": 10, ""row_search_window"": 2, ""disallow_one_site_gaps"": true, ""use_diamond_legalizer"": 1, ""disable_window_extension"": true}","{""max_displacement"": 20, ""site_search_window"": 20, ""row_search_window"": 4, ""disallow_one_site_gaps"": true, ""use_diamond_legalizer"": 1, ""disable_window_extension"": true}",VALID,5599044.1,5598956.4,87.69999999925494,0.0015999999999999999,1.566338796996704e-05,False
44,54,4,RISCY-a-3-c5,4,"{""max_displacement"": 20, ""site_search_window"": 20, ""row_search_window"": 4, ""disallow_one_site_gaps"": true, ""use_diamond_legalizer"": 1, ""disable_window_extension"": true}","{""max_displacement"": 20, ""site_search_window"": 10, ""row_search_window"": 2, ""disallow_one_site_gaps"": true, ""use_diamond_legalizer"": 1, ""disable_window_extension"": true}",VALID,5599044.1,5598956.4,0.0,0.0,0.0,False
44,54,5,RISCY-a-3-c5,4,"{""max_displacement"": 20, ""site_search_window"": 10, ""row_search_window"": 2, ""disallow_one_site_gaps"": true, ""use_diamond_legalizer"": 1, ""disable_window_extension"": true}","{""max_displacement"": 20, ""site_search_window"": 0, ""row_search_window"": 0, ""disallow_one_site_gaps"": true, ""use_diamond_legalizer"": 1, ""disable_window_extension"": true}",VALID,5599044.1,5598956.4,0.0,0.0,0.0,False
44,54,6,RISCY-a-3-c5,5,"{""max_displacement"": 20, ""site_search_window"": 0, ""row_search_window"": 0, ""disallow_one_site_gaps"": true, ""use_diamond_legalizer"": 1, ""disable_window_extension"": true}","{""max_displacement"": 30, ""site_search_window"": 10, ""row_search_window"": 0, ""disallow_one_site_gaps"": true, ""use_diamond_legalizer"": 1, ""disable_window_extension"": true}",VALID,5599044.1,5599044.1,-87.69999999925494,-0.0015999999999999999,-1.5663633315532682e-05,False
44,54,7,RISCY-a-3-c5,3,"{""max_displacement"": 30, ""site_search_window"": 10, ""row_search_window"": 0, ""disallow_one_site_gaps"": true, ""use_diamond_legalizer"": 1, ""disable_window_extension"": true}","{""max_displacement"": 30, ""site_search_window"": 20, ""row_search_window"": 2, ""disallow_one_site_gaps"": true, ""use_diamond_legalizer"": 1, ""disable_window_extension"": true}",VALID,5599044.1,5599044.1,0.0,0.0,0.0,False
44,54,8,RISCY-a-3-c5,3,"{""max_displacement"": 30, ""site_search_window"": 20, ""row_search_window"": 2, ""disallow_one_site_gaps"": true, ""use_diamond_legalizer"": 1, ""disable_window_extension"": true}","{""max_displacement"": 30, ""site_search_window"": 30, ""row_search_window"": 4, ""disallow_one_site_gaps"": true, ""use_diamond_legalizer"": 1, ""disable_window_extension"": true}",VALID,5599044.1,5599044.1,0.0,0.0,0.0,False
44,54,9,RISCY-a-3-c5,0,"{""max_displacement"": 30, ""site_search_window"": 30, ""row_search_window"": 4, ""disallow_one_site_gaps"": true, ""use_diamond_legalizer"": 1, ""disable_window_extension"": true}","{""max_displacement"": 30, ""site_search_window"": 30, ""row_search_window"": 4, ""disallow_one_site_gaps"": false, ""use_diamond_legalizer"": 1, ""disable_window_extension"": false}",VALID,5599044.1,5599044.1,0.0,0.0,0.0,False
44,54,10,RISCY-a-3-c5,7,"{""max_displacement"": 30, ""site_search_window"": 30, ""row_search_window"": 4, ""disallow_one_site_gaps"": false, ""use_diamond_legalizer"": 1, ""disable_window_extension"": false}","{""max_displacement"": 30, ""site_search_window"": 30, ""row_search_window"": 4, ""disallow_one_site_gaps"": false, ""use_diamond_legalizer"": 1, ""disable_window_extension"": false}",VALID,5599044.1,5599044.1,0.0,0.0,0.0,True
44,55,1,RISCY-FPU-a-1-c20,0,"{""max_displacement"": 0, ""site_search_window"": 0, ""row_search_window"": 0, ""disallow_one_site_gaps"": 0, ""use_diamond_legalizer"": 1, ""disable_window_extension"": 0}","{""max_displacement"": 0, ""site_search_window"": 0, ""row_search_window"": 0, ""disallow_one_site_gaps"": true, ""use_diamond_legalizer"": 1, ""disable_window_extension"": true}",VALID,5621676.5,5621676.5,0.0,0.0,0.0,False
44,55,2,RISCY-FPU-a-1-c20,1,"{""max_displacement"": 0, ""site_search_window"": 0, ""row_search_window"": 0, ""disallow_one_site_gaps"": true, ""use_diamond_legalizer"": 1, ""disable_window_extension"": true}","{""max_displacement"": 10, ""site_search_window"": 10, ""row_search_window"": 2, ""disallow_one_site_gaps"": true, ""use_diamond_legalizer"": 1, ""disable_window_extension"": true}",FAILED,5621676.5,5621676.5,0.0,-100.0,-1.0,False
44,55,3,RISCY-FPU-a-1-c20,5,"{""max_displacement"": 10, ""site_search_window"": 10, ""row_search_window"": 2, ""disallow_one_site_gaps"": true, ""use_diamond_legalizer"": 1, ""disable_window_extension"": true}","{""max_displacement"": 20, ""site_search_window"": 20, ""row_search_window"": 2, ""disallow_one_site_gaps"": true, ""use_diamond_legalizer"": 1, ""disable_window_extension"": true}",VALID,5621676.5,5621676.5,0.0,0.0,0.0,False
44,55,4,RISCY-FPU-a-1-c20,7,"{""max_displacement"": 20, ""site_search_window"": 20, ""row_search_window"": 2, ""disallow_one_site_gaps"": true, ""use_diamond_legalizer"": 1, ""disable_window_extension"": true}","{""max_displacement"": 20, ""site_search_window"": 20, ""row_search_window"": 2, ""disallow_one_site_gaps"": true, ""use_diamond_legalizer"": 1, ""disable_window_extension"": true}",VALID,5621676.5,5621676.5,0.0,0.0,0.0,False
44,55,5,RISCY-FPU-a-1-c20,3,"{""max_displacement"": 20, ""site_search_window"": 20, ""row_search_window"": 2, ""disallow_one_site_gaps"": true, ""use_diamond_legalizer"": 1, ""disable_window_extension"": true}","{""max_displacement"": 20, ""site_search_window"": 30, ""row_search_window"": 4, ""disallow_one_site_gaps"": true, ""use_diamond_legalizer"": 1, ""disable_window_extension"": true}",VALID,5621676.5,5621676.5,0.0,0.0,0.0,False
44,55,6,RISCY-FPU-a-1-c20,3,"{""max_displacement"": 20, ""site_search_window"": 30, ""row_search_window"": 4, ""disallow_one_site_gaps"": true, ""use_diamond_legalizer"": 1, ""disable_window_extension"": true}","{""max_displacement"": 20, ""site_search_window"": 40, ""row_search_window"": 6, ""disallow_one_site_gaps"": true, ""use_diamond_legalizer"": 1, ""disable_window_extension"": true}",VALID,5621676.5,5621676.5,0.0,0.0,0.0,False
44,55,7,RISCY-FPU-a-1-c20,0,"{""max_displacement"": 20, ""site_search_window"": 40, ""row_search_window"": 6, ""disallow_one_site_gaps"": true, ""use_diamond_legalizer"": 1, ""disable_window_extension"": true}","{""max_displacement"": 20, ""site_search_window"": 40, ""row_search_window"": 6, ""disallow_one_site_gaps"": false, ""use_diamond_legalizer"": 1, ""disable_window_extension"": false}",VALID,5621676.5,5621676.5,0.0,0.0,0.0,False
44,55,8,RISCY-FPU-a-1-c20,7,"{""max_displacement"": 20, ""site_search_window"": 40, ""row_search_window"": 6, ""disallow_one_site_gaps"": false, ""use_diamond_legalizer"": 1, ""disable_window_extension"": false}","{""max_displacement"": 20, ""site_search_window"": 40, ""row_search_window"": 6, ""disallow_one_site_gaps"": false, ""use_diamond_legalizer"": 1, ""disable_window_extension"": false}",VALID,5621676.5,5621676.5,0.0,0.0,0.0,False
44,55,9,RISCY-FPU-a-1-c20,4,"{""max_displacement"": 20, ""site_search_window"": 40, ""row_search_window"": 6, ""disallow_one_site_gaps"": false, ""use_diamond_legalizer"": 1, ""disable_window_extension"": false}","{""max_displacement"": 20, ""site_search_window"": 30, ""row_search_window"": 4, ""disallow_one_site_gaps"": false, ""use_diamond_legalizer"": 1, ""disable_window_extension"": false}",VALID,5621676.5,5621676.5,0.0,0.0,0.0,False
44,55,10,RISCY-FPU-a-1-c20,4,"{""max_displacement"": 20, ""site_search_window"": 30, ""row_search_window"": 4, ""disallow_one_site_gaps"": false, ""use_diamond_legalizer"": 1, ""disable_window_extension"": false}","{""max_displacement"": 20, ""site_search_window"": 20, ""row_search_window"": 2, ""disallow_one_site_gaps"": false, ""use_diamond_legalizer"": 1, ""disable_window_extension"": false}",VALID,5621676.5,5621676.5,0.0,0.0,0.0,True
44,56,1,RISCY-FPU-b-3-c2,1,"{""max_displacement"": 0, ""site_search_window"": 0, ""row_search_window"": 0, ""disallow_one_site_gaps"": 0, ""use_diamond_legalizer"": 1, ""disable_window_extension"": 0}","{""max_displacement"": 10, ""site_search_window"": 10, ""row_search_window"": 2, ""disallow_one_site_gaps"": 0, ""use_diamond_legalizer"": 1, ""disable_window_extension"": 0}",FAILED,6781434.9,6781434.9,0.0,-100.0,-1.0,False
44,56,2,RISCY-FPU-b-3-c2,5,"{""max_displacement"": 10, ""site_search_window"": 10, ""row_search_window"": 2, ""disallow_one_site_gaps"": 0, ""use_diamond_legalizer"": 1, ""disable_window_extension"": 0}","{""max_displacement"": 20, ""site_search_window"": 20, ""row_search_window"": 2, ""disallow_one_site_gaps"": 0, ""use_diamond_legalizer"": 1, ""disable_window_extension"": 0}",FAILED,6781434.9,6781434.9,0.0,-100.0,-1.0,False
44,56,3,RISCY-FPU-b-3-c2,0,"{""max_displacement"": 20, ""site_search_window"": 20, ""row_search_window"": 2, ""disallow_one_site_gaps"": 0, ""use_diamond_legalizer"": 1, ""disable_window_extension"": 0}","{""max_displacement"": 20, ""site_search_window"": 20, ""row_search_window"": 2, ""disallow_one_site_gaps"": true, ""use_diamond_legalizer"": 1, ""disable_window_extension"": true}",FAILED,6781434.9,6781434.9,0.0,-100.0,-1.0,False
44,56,4,RISCY-FPU-b-3-c2,3,"{""max_displacement"": 20, ""site_search_window"": 20, ""row_search_window"": 2, ""disallow_one_site_gaps"": true, ""use_diamond_legalizer"": 1, ""disable_window_extension"": true}","{""max_displacement"": 20, ""site_search_window"": 30, ""row_search_window"": 4, ""disallow_one_site_gaps"": true, ""use_diamond_legalizer"": 1, ""disable_window_extension"": true}",FAILED,6781434.9,6781434.9,0.0,-100.0,-1.0,False
44,56,5,RISCY-FPU-b-3-c2,5,"{""max_displacement"": 20, ""site_search_window"": 30, ""row_search_window"": 4, ""disallow_one_site_gaps"": true, ""use_diamond_legalizer"": 1, ""disable_window_extension"": true}","{""max_displacement"": 30, ""site_search_window"": 40, ""row_search_window"": 4, ""disallow_one_site_gaps"": true, ""use_diamond_legalizer"": 1, ""disable_window_extension"": true}",FAILED,6781434.9,6781434.9,0.0,-100.0,-1.0,False
44,56,6,RISCY-FPU-b-3-c2,5,"{""max_displacement"": 30, ""site_search_window"": 40, ""row_search_window"": 4, ""disallow_one_site_gaps"": true, ""use_diamond_legalizer"": 1, ""disable_window_extension"": true}","{""max_displacement"": 40, ""site_search_window"": 50, ""row_search_window"": 4, ""disallow_one_site_gaps"": true, ""use_diamond_legalizer"": 1, ""disable_window_extension"": true}",FAILED,6781434.9,6781434.9,0.0,-100.0,-1.0,False
44,56,7,RISCY-FPU-b-3-c2,1,"{""max_displacement"": 40, ""site_search_window"": 50, ""row_search_window"": 4, ""disallow_one_site_gaps"": true, ""use_diamond_legalizer"": 1, ""disable_window_extension"": true}","{""max_displacement"": 50, ""site_search_window"": 60, ""row_search_window"": 6, ""disallow_one_site_gaps"": true, ""use_diamond_legalizer"": 1, ""disable_window_extension"": true}",FAILED,6781434.9,6781434.9,0.0,-100.0,-1.0,False
44,56,8,RISCY-FPU-b-3-c2,0,"{""max_displacement"": 50, ""site_search_window"": 60, ""row_search_window"": 6, ""disallow_one_site_gaps"": true, ""use_diamond_legalizer"": 1, ""disable_window_extension"": true}","{""max_displacement"": 50, ""site_search_window"": 60, ""row_search_window"": 6, ""disallow_one_site_gaps"": false, ""use_diamond_legalizer"": 1, ""disable_window_extension"": false}",FAILED,6781434.9,6781434.9,0.0,-100.0,-1.0,False
44,56,9,RISCY-FPU-b-3-c2,3,"{""max_displacement"": 50, ""site_search_window"": 60, ""row_search_window"": 6, ""disallow_one_site_gaps"": false, ""use_diamond_legalizer"": 1, ""disable_window_extension"": false}","{""max_displacement"": 50, ""site_search_window"": 70, ""row_search_window"": 8, ""disallow_one_site_gaps"": false, ""use_diamond_legalizer"": 1, ""disable_window_extension"": false}",FAILED,6781434.9,6781434.9,0.0,-100.0,-1.0,False
44,56,10,RISCY-FPU-b-3-c2,1,"{""max_displacement"": 50, ""site_search_window"": 70, ""row_search_window"": 8, ""disallow_one_site_gaps"": false, ""use_diamond_legalizer"": 1, ""disable_window_extension"": false}","{""max_displacement"": 60, ""site_search_window"": 80, ""row_search_window"": 10, ""disallow_one_site_gaps"": false, ""use_diamond_legalizer"": 1, ""disable_window_extension"": false}",FAILED,6781434.9,6781434.9,0.0,-100.0,-1.0,True
44,57,1,zero-riscy-b-3-c2,0,"{""max_displacement"": 0, ""site_search_window"": 0, ""row_search_window"": 0, ""disallow_one_site_gaps"": 0, ""use_diamond_legalizer"": 1, ""disable_window_extension"": 0}","{""max_displacement"": 0, ""site_search_window"": 0, ""row_search_window"": 0, ""disallow_one_site_gaps"": true, ""use_diamond_legalizer"": 1, ""disable_window_extension"": true}",VALID,2341203.8,2341203.8,0.0,0.0,0.0,False
44,57,2,zero-riscy-b-3-c2,3,"{""max_displacement"": 0, ""site_search_window"": 0, ""row_search_window"": 0, ""disallow_one_site_gaps"": true, ""use_diamond_legalizer"": 1, ""disable_window_extension"": true}","{""max_displacement"": 0, ""site_search_window"": 10, ""row_search_window"": 2, ""disallow_one_site_gaps"": true, ""use_diamond_legalizer"": 1, ""disable_window_extension"": true}",VALID,2341203.8,2341203.8,0.0,0.0,0.0,False
44,57,3,zero-riscy-b-3-c2,4,"{""max_displacement"": 0, ""site_search_window"": 10, ""row_search_window"": 2, ""disallow_one_site_gaps"": true, ""use_diamond_legalizer"": 1, ""disable_window_extension"": true}","{""max_displacement"": 0, ""site_search_window"": 0, ""row_search_window"": 0, ""disallow_one_site_gaps"": true, ""use_diamond_legalizer"": 1, ""disable_window_extension"": true}",VALID,2341203.8,2341203.8,0.0,0.0,0.0,False
44,57,4,zero-riscy-b-3-c2,4,"{""max_displacement"": 0, ""site_search_window"": 0, ""row_search_window"": 0, ""disallow_one_site_gaps"": true, ""use_diamond_legalizer"": 1, ""disable_window_extension"": true}","{""max_displacement"": 0, ""site_search_window"": 0, ""row_search_window"": 0, ""disallow_one_site_gaps"": true, ""use_diamond_legalizer"": 1, ""disable_window_extension"": true}",VALID,2341203.8,2341203.8,0.0,0.0,0.0,False
44,57,5,zero-riscy-b-3-c2,7,"{""max_displacement"": 0, ""site_search_window"": 0, ""row_search_window"": 0, ""disallow_one_site_gaps"": true, ""use_diamond_legalizer"": 1, ""disable_window_extension"": true}","{""max_displacement"": 0, ""site_search_window"": 0, ""row_search_window"": 0, ""disallow_one_site_gaps"": true, ""use_diamond_legalizer"": 1, ""disable_window_extension"": true}",VALID,2341203.8,2341203.8,0.0,0.0,0.0,False
44,57,6,zero-riscy-b-3-c2,0,"{""max_displacement"": 0, ""site_search_window"": 0, ""row_search_window"": 0, ""disallow_one_site_gaps"": true, ""use_diamond_legalizer"": 1, ""disable_window_extension"": true}","{""max_displacement"": 0, ""site_search_window"": 0, ""row_search_window"": 0, ""disallow_one_site_gaps"": false, ""use_diamond_legalizer"": 1, ""disable_window_extension"": false}",VALID,2341203.8,2341203.8,0.0,0.0,0.0,False
44,57,7,zero-riscy-b-3-c2,0,"{""max_displacement"": 0, ""site_search_window"": 0, ""row_search_window"": 0, ""disallow_one_site_gaps"": false, ""use_diamond_legalizer"": 1, ""disable_window_extension"": false}","{""max_displacement"": 0, ""site_search_window"": 0, ""row_search_window"": 0, ""disallow_one_site_gaps"": true, ""use_diamond_legalizer"": 1, ""disable_window_extension"": true}",VALID,2341203.8,2341203.8,0.0,0.0,0.0,False
44,57,8,zero-riscy-b-3-c2,0,"{""max_displacement"": 0, ""site_search_window"": 0, ""row_search_window"": 0, ""disallow_one_site_gaps"": true, ""use_diamond_legalizer"": 1, ""disable_window_extension"": true}","{""max_displacement"": 0, ""site_search_window"": 0, ""row_search_window"": 0, ""disallow_one_site_gaps"": false, ""use_diamond_legalizer"": 1, ""disable_window_extension"": false}",VALID,2341203.8,2341203.8,0.0,0.0,0.0,False
44,57,9,zero-riscy-b-3-c2,2,"{""max_displacement"": 0, ""site_search_window"": 0, ""row_search_window"": 0, ""disallow_one_site_gaps"": false, ""use_diamond_legalizer"": 1, ""disable_window_extension"": false}","{""max_displacement"": 0, ""site_search_window"": 0, ""row_search_window"": 0, ""disallow_one_site_gaps"": false, ""use_diamond_legalizer"": 1, ""disable_window_extension"": false}",VALID,2341203.8,2341203.8,0.0,0.0,0.0,False
44,57,10,zero-riscy-b-3-c2,1,"{""max_displacement"": 0, ""site_search_window"": 0, ""row_search_window"": 0, ""disallow_one_site_gaps"": false, ""use_diamond_legalizer"": 1, ""disable_window_extension"": false}","{""max_displacement"": 10, ""site_search_window"": 10, ""row_search_window"": 2, ""disallow_one_site_gaps"": false, ""use_diamond_legalizer"": 1, ""disable_window_extension"": false}",VALID,2341203.8,2341203.8,0.0,0.0,0.0,True
44,58,1,RISCY-FPU-b-1-c5,7,"{""max_displacement"": 0, ""site_search_window"": 0, ""row_search_window"": 0, ""disallow_one_site_gaps"": 0, ""use_diamond_legalizer"": 1, ""disable_window_extension"": 0}","{""max_displacement"": 0, ""site_search_window"": 0, ""row_search_window"": 0, ""disallow_one_site_gaps"": 0, ""use_diamond_legalizer"": 1, ""disable_window_extension"": 0}",VALID,4682989.8,4682989.8,0.0,0.0,0.0,False
44,58,2,RISCY-FPU-b-1-c5,6,"{""max_displacement"": 0, ""site_search_window"": 0, ""row_search_window"": 0, ""disallow_one_site_gaps"": 0, ""use_diamond_legalizer"": 1, ""disable_window_extension"": 0}","{""max_displacement"": 0, ""site_search_window"": 0, ""row_search_window"": 0, ""disallow_one_site_gaps"": 0, ""use_diamond_legalizer"": 1, ""disable_window_extension"": 0}",VALID,4682989.8,4682989.8,0.0,0.0,0.0,False
44,58,3,RISCY-FPU-b-1-c5,4,"{""max_displacement"": 0, ""site_search_window"": 0, ""row_search_window"": 0, ""disallow_one_site_gaps"": 0, ""use_diamond_legalizer"": 1, ""disable_window_extension"": 0}","{""max_displacement"": 0, ""site_search_window"": 0, ""row_search_window"": 0, ""disallow_one_site_gaps"": 0, ""use_diamond_legalizer"": 1, ""disable_window_extension"": 0}",VALID,4682989.8,4682989.8,0.0,0.0,0.0,False
44,58,4,RISCY-FPU-b-1-c5,0,"{""max_displacement"": 0, ""site_search_window"": 0, ""row_search_window"": 0, ""disallow_one_site_gaps"": 0, ""use_diamond_legalizer"": 1, ""disable_window_extension"": 0}","{""max_displacement"": 0, ""site_search_window"": 0, ""row_search_window"": 0, ""disallow_one_site_gaps"": true, ""use_diamond_legalizer"": 1, ""disable_window_extension"": true}",VALID,4682989.8,4682989.8,0.0,0.0,0.0,False
44,58,5,RISCY-FPU-b-1-c5,0,"{""max_displacement"": 0, ""site_search_window"": 0, ""row_search_window"": 0, ""disallow_one_site_gaps"": true, ""use_diamond_legalizer"": 1, ""disable_window_extension"": true}","{""max_displacement"": 0, ""site_search_window"": 0, ""row_search_window"": 0, ""disallow_one_site_gaps"": false, ""use_diamond_legalizer"": 1, ""disable_window_extension"": false}",VALID,4682989.8,4682989.8,0.0,0.0,0.0,False
44,58,6,RISCY-FPU-b-1-c5,5,"{""max_displacement"": 0, ""site_search_window"": 0, ""row_search_window"": 0, ""disallow_one_site_gaps"": false, ""use_diamond_legalizer"": 1, ""disable_window_extension"": false}","{""max_displacement"": 10, ""site_search_window"": 10, ""row_search_window"": 0, ""disallow_one_site_gaps"": false, ""use_diamond_legalizer"": 1, ""disable_window_extension"": false}",VALID,4682989.8,4682989.8,0.0,0.0,0.0,False
44,58,7,RISCY-FPU-b-1-c5,4,"{""max_displacement"": 10, ""site_search_window"": 10, ""row_search_window"": 0, ""disallow_one_site_gaps"": false, ""use_diamond_legalizer"": 1, ""disable_window_extension"": false}","{""max_displacement"": 10, ""site_search_window"": 0, ""row_search_window"": 0, ""disallow_one_site_gaps"": false, ""use_diamond_legalizer"": 1, ""disable_window_extension"": false}",VALID,4682989.8,4682989.8,0.0,0.0,0.0,False
44,58,8,RISCY-FPU-b-1-c5,1,"{""max_displacement"": 10, ""site_search_window"": 0, ""row_search_window"": 0, ""disallow_one_site_gaps"": false, ""use_diamond_legalizer"": 1, ""disable_window_extension"": false}","{""max_displacement"": 20, ""site_search_window"": 10, ""row_search_window"": 2, ""disallow_one_site_gaps"": false, ""use_diamond_legalizer"": 1, ""disable_window_extension"": false}",VALID,4682989.8,4682989.8,0.0,0.0,0.0,False
44,58,9,RISCY-FPU-b-1-c5,0,"{""max_displacement"": 20, ""site_search_window"": 10, ""row_search_window"": 2, ""disallow_one_site_gaps"": false, ""use_diamond_legalizer"": 1, ""disable_window_extension"": false}","{""max_displacement"": 20, ""site_search_window"": 10, ""row_search_window"": 2, ""disallow_one_site_gaps"": true, ""use_diamond_legalizer"": 1, ""disable_window_extension"": true}",VALID,4682989.8,4682989.8,0.0,0.0,0.0,False
44,58,10,RISCY-FPU-b-1-c5,7,"{""max_displacement"": 20, ""site_search_window"": 10, ""row_search_window"": 2, ""disallow_one_site_gaps"": true, ""use_diamond_legalizer"": 1, ""disable_window_extension"": true}","{""max_displacement"": 20, ""site_search_window"": 10, ""row_search_window"": 2, ""disallow_one_site_gaps"": true, ""use_diamond_legalizer"": 1, ""disable_window_extension"": true}",VALID,4682989.8,4682989.8,0.0,0.0,0.0,True
44,59,1,RISCY-a-2-c20,7,"{""max_displacement"": 0, ""site_search_window"": 0, ""row_search_window"": 0, ""disallow_one_site_gaps"": 0, ""use_diamond_legalizer"": 1, ""disable_window_extension"": 0}","{""max_displacement"": 0, ""site_search_window"": 0, ""row_search_window"": 0, ""disallow_one_site_gaps"": 0, ""use_diamond_legalizer"": 1, ""disable_window_extension"": 0}",VALID,5798309.8,5798309.8,0.0,0.0,0.0,False
44,59,2,RISCY-a-2-c20,2,"{""max_displacement"": 0, ""site_search_window"": 0, ""row_search_window"": 0, ""disallow_one_site_gaps"": 0, ""use_diamond_legalizer"": 1, ""disable_window_extension"": 0}","{""max_displacement"": 0, ""site_search_window"": 0, ""row_search_window"": 0, ""disallow_one_site_gaps"": 0, ""use_diamond_legalizer"": 1, ""disable_window_extension"": 0}",VALID,5798309.8,5798309.8,0.0,0.0,0.0,False
44,59,3,RISCY-a-2-c20,1,"{""max_displacement"": 0, ""site_search_window"": 0, ""row_search_window"": 0, ""disallow_one_site_gaps"": 0, ""use_diamond_legalizer"": 1, ""disable_window_extension"": 0}","{""max_displacement"": 10, ""site_search_window"": 10, ""row_search_window"": 2, ""disallow_one_site_gaps"": 0, ""use_diamond_legalizer"": 1, ""disable_window_extension"": 0}",FAILED,5798309.8,5798309.8,0.0,-100.0,-1.0,False
44,59,4,RISCY-a-2-c20,3,"{""max_displacement"": 10, ""site_search_window"": 10, ""row_search_window"": 2, ""disallow_one_site_gaps"": 0, ""use_diamond_legalizer"": 1, ""disable_window_extension"": 0}","{""max_displacement"": 10, ""site_search_window"": 20, ""row_search_window"": 4, ""disallow_one_site_gaps"": 0, ""use_diamond_legalizer"": 1, ""disable_window_extension"": 0}",FAILED,5798309.8,5798309.8,0.0,-100.0,-1.0,False
44,59,5,RISCY-a-2-c20,6,"{""max_displacement"": 10, ""site_search_window"": 20, ""row_search_window"": 4, ""disallow_one_site_gaps"": 0, ""use_diamond_legalizer"": 1, ""disable_window_extension"": 0}","{""max_displacement"": 0, ""site_search_window"": 10, ""row_search_window"": 4, ""disallow_one_site_gaps"": 0, ""use_diamond_legalizer"": 1, ""disable_window_extension"": 0}",VALID,5798309.8,5798309.8,0.0,0.0,0.0,False
44,59,6,RISCY-a-2-c20,7,"{""max_displacement"": 0, ""site_search_window"": 10, ""row_search_window"": 4, ""disallow_one_site_gaps"": 0, ""use_diamond_legalizer"": 1, ""disable_window_extension"": 0}","{""max_displacement"": 0, ""site_search_window"": 10, ""row_search_window"": 4, ""disallow_one_site_gaps"": 0, ""use_diamond_legalizer"": 1, ""disable_window_extension"": 0}",VALID,5798309.8,5798309.8,0.0,0.0,0.0,False
44,59,7,RISCY-a-2-c20,6,"{""max_displacement"": 0, ""site_search_window"": 10, ""row_search_window"": 4, ""disallow_one_site_gaps"": 0, ""use_diamond_legalizer"": 1, ""disable_window_extension"": 0}","{""max_displacement"": 0, ""site_search_window"": 0, ""row_search_window"": 4, ""disallow_one_site_gaps"": 0, ""use_diamond_legalizer"": 1, ""disable_window_extension"": 0}",VALID,5798309.8,5798309.8,0.0,0.0,0.0,False
44,59,8,RISCY-a-2-c20,1,"{""max_displacement"": 0, ""site_search_window"": 0, ""row_search_window"": 4, ""disallow_one_site_gaps"": 0, ""use_diamond_legalizer"": 1, ""disable_window_extension"": 0}","{""max_displacement"": 10, ""site_search_window"": 10, ""row_search_window"": 6, ""disallow_one_site_gaps"": 0, ""use_diamond_legalizer"": 1, ""disable_window_extension"": 0}",FAILED,5798309.8,5798309.8,0.0,-100.0,-1.0,False
44,59,9,RISCY-a-2-c20,1,"{""max_displacement"": 10, ""site_search_window"": 10, ""row_search_window"": 6, ""disallow_one_site_gaps"": 0, ""use_diamond_legalizer"": 1, ""disable_window_extension"": 0}","{""max_displacement"": 20, ""site_search_window"": 20, ""row_search_window"": 8, ""disallow_one_site_gaps"": 0, ""use_diamond_legalizer"": 1, ""disable_window_extension"": 0}",VALID,5798309.8,5798309.8,0.0,0.0,0.0,False
44,59,10,RISCY-a-2-c20,0,"{""max_displacement"": 20, ""site_search_window"": 20, ""row_search_window"": 8, ""disallow_one_site_gaps"": 0, ""use_diamond_legalizer"": 1, ""disable_window_extension"": 0}","{""max_displacement"": 20, ""site_search_window"": 20, ""row_search_window"": 8, ""disallow_one_site_gaps"": true, ""use_diamond_legalizer"": 1, ""disable_window_extension"": true}",VALID,5798309.8,5798309.8,0.0,0.0,0.0,True
44,60,1,RISCY-b-2-c2,6,"{""max_displacement"": 0, ""site_search_window"": 0, ""row_search_window"": 0, ""disallow_one_site_gaps"": 0, ""use_diamond_legalizer"": 1, ""disable_window_extension"": 0}","{""max_displacement"": 0, ""site_search_window"": 0, ""row_search_window"": 0, ""disallow_one_site_gaps"": 0, ""use_diamond_legalizer"": 1, ""disable_window_extension"": 0}",VALID,3574287.5,3574287.5,0.0,0.0,0.0,False
44,60,2,RISCY-b-2-c2,7,"{""max_displacement"": 0, ""site_search_window"": 0, ""row_search_window"": 0, ""disallow_one_site_gaps"": 0, ""use_diamond_legalizer"": 1, ""disable_window_extension"": 0}","{""max_displacement"": 0, ""site_search_window"": 0, ""row_search_window"": 0, ""disallow_one_site_gaps"": 0, ""use_diamond_legalizer"": 1, ""disable_window_extension"": 0}",VALID,3574287.5,3574287.5,0.0,0.0,0.0,False
44,60,3,RISCY-b-2-c2,7,"{""max_displacement"": 0, ""site_search_window"": 0, ""row_search_window"": 0, ""disallow_one_site_gaps"": 0, ""use_diamond_legalizer"": 1, ""disable_window_extension"": 0}","{""max_displacement"": 0, ""site_search_window"": 0, ""row_search_window"": 0, ""disallow_one_site_gaps"": 0, ""use_diamond_legalizer"": 1, ""disable_window_extension"": 0}",VALID,3574287.5,3574287.5,0.0,0.0,0.0,False
44,60,4,RISCY-b-2-c2,7,"{""max_displacement"": 0, ""site_search_window"": 0, ""row_search_window"": 0, ""disallow_one_site_gaps"": 0, ""use_diamond_legalizer"": 1, ""disable_window_extension"": 0}","{""max_displacement"": 0, ""site_search_window"": 0, ""row_search_window"": 0, ""disallow_one_site_gaps"": 0, ""use_diamond_legalizer"": 1, ""disable_window_extension"": 0}",VALID,3574287.5,3574287.5,0.0,0.0,0.0,False
44,60,5,RISCY-b-2-c2,3,"{""max_displacement"": 0, ""site_search_window"": 0, ""row_search_window"": 0, ""disallow_one_site_gaps"": 0, ""use_diamond_legalizer"": 1, ""disable_window_extension"": 0}","{""max_displacement"": 0, ""site_search_window"": 10, ""row_search_window"": 2, ""disallow_one_site_gaps"": 0, ""use_diamond_legalizer"": 1, ""disable_window_extension"": 0}",VALID,3574287.5,3574287.5,0.0,0.0,0.0,False
44,60,6,RISCY-b-2-c2,6,"{""max_displacement"": 0, ""site_search_window"": 10, ""row_search_window"": 2, ""disallow_one_site_gaps"": 0, ""use_diamond_legalizer"": 1, ""disable_window_extension"": 0}","{""max_displacement"": 0, ""site_search_window"": 0, ""row_search_window"": 2, ""disallow_one_site_gaps"": 0, ""use_diamond_legalizer"": 1, ""disable_window_extension"": 0}",VALID,3574287.5,3574287.5,0.0,0.0,0.0,False
44,60,7,RISCY-b-2-c2,6,"{""max_displacement"": 0, ""site_search_window"": 0, ""row_search_window"": 2, ""disallow_one_site_gaps"": 0, ""use_diamond_legalizer"": 1, ""disable_window_extension"": 0}","{""max_displacement"": 0, ""site_search_window"": 0, ""row_search_window"": 2, ""disallow_one_site_gaps"": 0, ""use_diamond_legalizer"": 1, ""disable_window_extension"": 0}",VALID,3574287.5,3574287.5,0.0,0.0,0.0,False
44,60,8,RISCY-b-2-c2,7,"{""max_displacement"": 0, ""site_search_window"": 0, ""row_search_window"": 2, ""disallow_one_site_gaps"": 0, ""use_diamond_legalizer"": 1, ""disable_window_extension"": 0}","{""max_displacement"": 0, ""site_search_window"": 0, ""row_search_window"": 2, ""disallow_one_site_gaps"": 0, ""use_diamond_legalizer"": 1, ""disable_window_extension"": 0}",VALID,3574287.5,3574287.5,0.0,0.0,0.0,False
44,60,9,RISCY-b-2-c2,6,"{""max_displacement"": 0, ""site_search_window"": 0, ""row_search_window"": 2, ""disallow_one_site_gaps"": 0, ""use_diamond_legalizer"": 1, ""disable_window_extension"": 0}","{""max_displacement"": 0, ""site_search_window"": 0, ""row_search_window"": 2, ""disallow_one_site_gaps"": 0, ""use_diamond_legalizer"": 1, ""disable_window_extension"": 0}",VALID,3574287.5,3574287.5,0.0,0.0,0.0,False
44,60,10,RISCY-b-2-c2,1,"{""max_displacement"": 0, ""site_search_window"": 0, ""row_search_window"": 2, ""disallow_one_site_gaps"": 0, ""use_diamond_legalizer"": 1, ""disable_window_extension"": 0}","{""max_displacement"": 10, ""site_search_window"": 10, ""row_search_window"": 4, ""disallow_one_site_gaps"": 0, ""use_diamond_legalizer"": 1, ""disable_window_extension"": 0}",FAILED,3574287.5,3574287.5,0.0,-100.0,-1.0,True
44,61,1,zero-riscy-a-3-c2,7,"{""max_displacement"": 0, ""site_search_window"": 0, ""row_search_window"": 0, ""disallow_one_site_gaps"": 0, ""use_diamond_legalizer"": 1, ""disable_window_extension"": 0}","{""max_displacement"": 0, ""site_search_window"": 0, ""row_search_window"": 0, ""disallow_one_site_gaps"": 0, ""use_diamond_legalizer"": 1, ""disable_window_extension"": 0}",VALID,4400147.4,4400147.4,0.0,0.0,0.0,False
44,61,2,zero-riscy-a-3-c2,6,"{""max_displacement"": 0, ""site_search_window"": 0, ""row_search_window"": 0, ""disallow_one_site_gaps"": 0, ""use_diamond_legalizer"": 1, ""disable_window_extension"": 0}","{""max_displacement"": 0, ""site_search_window"": 0, ""row_search_window"": 0, ""disallow_one_site_gaps"": 0, ""use_diamond_legalizer"": 1, ""disable_window_extension"": 0}",VALID,4400147.4,4400147.4,0.0,0.0,0.0,False
44,61,3,zero-riscy-a-3-c2,4,"{""max_displacement"": 0, ""site_search_window"": 0, ""row_search_window"": 0, ""disallow_one_site_gaps"": 0, ""use_diamond_legalizer"": 1, ""disable_window_extension"": 0}","{""max_displacement"": 0, ""site_search_window"": 0, ""row_search_window"": 0, ""disallow_one_site_gaps"": 0, ""use_diamond_legalizer"": 1, ""disable_window_extension"": 0}",VALID,4400147.4,4400147.4,0.0,0.0,0.0,False
44,61,4,zero-riscy-a-3-c2,5,"{""max_displacement"": 0, ""site_search_window"": 0, ""row_search_window"": 0, ""disallow_one_site_gaps"": 0, ""use_diamond_legalizer"": 1, ""disable_window_extension"": 0}","{""max_displacement"": 10, ""site_search_window"": 10, ""row_search_window"": 0, ""disallow_one_site_gaps"": 0, ""use_diamond_legalizer"": 1, ""disable_window_extension"": 0}",VALID,4400147.4,4400152.7,-5.2999999998137355,-9.999999999999999e-05,-1.2045051035821516e-06,False
44,61,5,zero-riscy-a-3-c2,6,"{""max_displacement"": 10, ""site_search_window"": 10, ""row_search_window"": 0, ""disallow_one_site_gaps"": 0, ""use_diamond_legalizer"": 1, ""disable_window_extension"": 0}","{""max_displacement"": 0, ""site_search_window"": 0, ""row_search_window"": 0, ""disallow_one_site_gaps"": 0, ""use_diamond_legalizer"": 1, ""disable_window_extension"": 0}",VALID,4400147.4,4400147.4,5.2999999998137355,9.999999999999999e-05,1.2045036527513546e-06,False
44,61,6,zero-riscy-a-3-c2,4,"{""max_displacement"": 0, ""site_search_window"": 0, ""row_search_window"": 0, ""disallow_one_site_gaps"": 0, ""use_diamond_legalizer"": 1, ""disable_window_extension"": 0}","{""max_displacement"": 0, ""site_search_window"": 0, ""row_search_window"": 0, ""disallow_one_site_gaps"": 0, ""use_diamond_legalizer"": 1, ""disable_window_extension"": 0}",VALID,4400147.4,4400147.4,0.0,0.0,0.0,False
44,61,7,zero-riscy-a-3-c2,4,"{""max_displacement"": 0, ""site_search_window"": 0, ""row_search_window"": 0, ""disallow_one_site_gaps"": 0, ""use_diamond_legalizer"": 1, ""disable_window_extension"": 0}","{""max_displacement"": 0, ""site_search_window"": 0, ""row_search_window"": 0, ""disallow_one_site_gaps"": 0, ""use_diamond_legalizer"": 1, ""disable_window_extension"": 0}",VALID,4400147.4,4400147.4,0.0,0.0,0.0,False
44,61,8,zero-riscy-a-3-c2,2,"{""max_displacement"": 0, ""site_search_window"": 0, ""row_search_window"": 0, ""disallow_one_site_gaps"": 0, ""use_diamond_legalizer"": 1, ""disable_window_extension"": 0}","{""max_displacement"": 0, ""site_search_window"": 0, ""row_search_window"": 0, ""disallow_one_site_gaps"": 0, ""use_diamond_legalizer"": 1, ""disable_window_extension"": 0}",VALID,4400147.4,4400147.4,0.0,0.0,0.0,False
44,61,9,zero-riscy-a-3-c2,0,"{""max_displacement"": 0, ""site_search_window"": 0, ""row_search_window"": 0, ""disallow_one_site_gaps"": 0, ""use_diamond_legalizer"": 1, ""disable_window_extension"": 0}","{""max_displacement"": 0, ""site_search_window"": 0, ""row_search_window"": 0, ""disallow_one_site_gaps"": true, ""use_diamond_legalizer"": 1, ""disable_window_extension"": true}",VALID,4400147.4,4400147.4,0.0,0.0,0.0,False
44,61,10,zero-riscy-a-3-c2,2,"{""max_displacement"": 0, ""site_search_window"": 0, ""row_search_window"": 0, ""disallow_one_site_gaps"": true, ""use_diamond_legalizer"": 1, ""disable_window_extension"": true}","{""max_displacement"": 0, ""site_search_window"": 0, ""row_search_window"": 0, ""disallow_one_site_gaps"": true, ""use_diamond_legalizer"": 1, ""disable_window_extension"": true}",VALID,4400147.4,4400147.4,0.0,0.0,0.0,True
44,62,1,RISCY-a-2-c5,3,"{""max_displacement"": 0, ""site_search_window"": 0, ""row_search_window"": 0, ""disallow_one_site_gaps"": 0, ""use_diamond_legalizer"": 1, ""disable_window_extension"": 0}","{""max_displacement"": 0, ""site_search_window"": 10, ""row_search_window"": 2, ""disallow_one_site_gaps"": 0, ""use_diamond_legalizer"": 1, ""disable_window_extension"": 0}",VALID,4814393.9,4814393.9,0.0,0.0,0.0,False
44,62,2,RISCY-a-2-c5,2,"{""max_displacement"": 0, ""site_search_window"": 10, ""row_search_window"": 2, ""disallow_one_site_gaps"": 0, ""use_diamond_legalizer"": 1, ""disable_window_extension"": 0}","{""max_displacement"": 0, ""site_search_window"": 0, ""row_search_window"": 0, ""disallow_one_site_gaps"": 0, ""use_diamond_legalizer"": 1, ""disable_window_extension"": 0}",VALID,4814393.9,4814393.9,0.0,0.0,0.0,False
44,62,3,RISCY-a-2-c5,4,"{""max_displacement"": 0, ""site_search_window"": 0, ""row_search_window"": 0, ""disallow_one_site_gaps"": 0, ""use_diamond_legalizer"": 1, ""disable_window_extension"": 0}","{""max_displacement"": 0, ""site_search_window"": 0, ""row_search_window"": 0, ""disallow_one_site_gaps"": 0, ""use_diamond_legalizer"": 1, ""disable_window_extension"": 0}",VALID,4814393.9,4814393.9,0.0,0.0,0.0,False
44,62,4,RISCY-a-2-c5,3,"{""max_displacement"": 0, ""site_search_window"": 0, ""row_search_window"": 0, ""disallow_one_site_gaps"": 0, ""use_diamond_legalizer"": 1, ""disable_window_extension"": 0}","{""max_displacement"": 0, ""site_search_window"": 10, ""row_search_window"": 2, ""disallow_one_site_gaps"": 0, ""use_diamond_legalizer"": 1, ""disable_window_extension"": 0}",VALID,4814393.9,4814393.9,0.0,0.0,0.0,False
44,62,5,RISCY-a-2-c5,3,"{""max_displacement"": 0, ""site_search_window"": 10, ""row_search_window"": 2, ""disallow_one_site_gaps"": 0, ""use_diamond_legalizer"": 1, ""disable_window_extension"": 0}","{""max_displacement"": 0, ""site_search_window"": 20, ""row_search_window"": 4, ""disallow_one_site_gaps"": 0, ""use_diamond_legalizer"": 1, ""disable_window_extension"": 0}",VALID,4814393.9,4814393.9,0.0,0.0,0.0,False
44,62,6,RISCY-a-2-c5,4,"{""max_displacement"": 0, ""site_search_window"": 20, ""row_search_window"": 4, ""disallow_one_site_gaps"": 0, ""use_diamond_legalizer"": 1, ""disable_window_extension"": 0}","{""max_displacement"": 0, ""site_search_window"": 10, ""row_search_window"": 2, ""disallow_one_site_gaps"": 0, ""use_diamond_legalizer"": 1, ""disable_window_extension"": 0}",VALID,4814393.9,4814393.9,0.0,0.0,0.0,False
44,62,7,RISCY-a-2-c5,7,"{""max_displacement"": 0, ""site_search_window"": 10, ""row_search_window"": 2, ""disallow_one_site_gaps"": 0, ""use_diamond_legalizer"": 1, ""disable_window_extension"": 0}","{""max_displacement"": 0, ""site_search_window"": 10, ""row_search_window"": 2, ""disallow_one_site_gaps"": 0, ""use_diamond_legalizer"": 1, ""disable_window_extension"": 0}",VALID,4814393.9,4814393.9,0.0,0.0,0.0,False
44,62,8,RISCY-a-2-c5,4,"{""max_displacement"": 0, ""site_search_window"": 10, ""row_search_window"": 2, ""disallow_one_site_gaps"": 0, ""use_diamond_legalizer"": 1, ""disable_window_extension"": 0}","{""max_displacement"": 0, ""site_search_window"": 0, ""row_search_window"": 0, ""disallow_one_site_gaps"": 0, ""use_diamond_legalizer"": 1, ""disable_window_extension"": 0}",VALID,4814393.9,4814393.9,0.0,0.0,0.0,False
44,62,9,RISCY-a-2-c5,1,"{""max_displacement"": 0, ""site_search_window"": 0, ""row_search_window"": 0, ""disallow_one_site_gaps"": 0, ""use_diamond_legalizer"": 1, ""disable_window_extension"": 0}","{""max_displacement"": 10, ""site_search_window"": 10, ""row_search_window"": 2, ""disallow_one_site_gaps"": 0, ""use_diamond_legalizer"": 1, ""disable_window_extension"": 0}",VALID,4814393.9,4814393.9,0.0,0.0,0.0,False
44,62,10,RISCY-a-2-c5,6,"{""max_displacement"": 10, ""site_search_window"": 10, ""row_search_window"": 2, ""disallow_one_site_gaps"": 0, ""use_diamond_legalizer"": 1, ""disable_window_extension"": 0}","{""max_displacement"": 0, ""site_search_window"": 0, ""row_search_window"": 2, ""disallow_one_site_gaps"": 0, ""use_diamond_legalizer"": 1, ""disable_window_extension"": 0}",VALID,4814393.9,4814393.9,0.0,0.0,0.0,True
44,63,1,RISCY-FPU-a-2-c5,4,"{""max_displacement"": 0, ""site_search_window"": 0, ""row_search_window"": 0, ""disallow_one_site_gaps"": 0, ""use_diamond_legalizer"": 1, ""disable_window_extension"": 0}","{""max_displacement"": 0, ""site_search_window"": 0, ""row_search_window"": 0, ""disallow_one_site_gaps"": 0, ""use_diamond_legalizer"": 1, ""disable_window_extension"": 0}",VALID,6590100.9,6590100.9,0.0,0.0,0.0,False
44,63,2,RISCY-FPU-a-2-c5,3,"{""max_displacement"": 0, ""site_search_window"": 0, ""row_search_window"": 0, ""disallow_one_site_gaps"": 0, ""use_diamond_legalizer"": 1, ""disable_window_extension"": 0}","{""max_displacement"": 0, ""site_search_window"": 10, ""row_search_window"": 2, ""disallow_one_site_gaps"": 0, ""use_diamond_legalizer"": 1, ""disable_window_extension"": 0}",VALID,6590100.9,6590100.9,0.0,0.0,0.0,False
44,63,3,RISCY-FPU-a-2-c5,2,"{""max_displacement"": 0, ""site_search_window"": 10, ""row_search_window"": 2, ""disallow_one_site_gaps"": 0, ""use_diamond_legalizer"": 1, ""disable_window_extension"": 0}","{""max_displacement"": 0, ""site_search_window"": 0, ""row_search_window"": 0, ""disallow_one_site_gaps"": 0, ""use_diamond_legalizer"": 1, ""disable_window_extension"": 0}",VALID,6590100.9,6590100.9,0.0,0.0,0.0,False
44,63,4,RISCY-FPU-a-2-c5,7,"{""max_displacement"": 0, ""site_search_window"": 0, ""row_search_window"": 0, ""disallow_one_site_gaps"": 0, ""use_diamond_legalizer"": 1, ""disable_window_extension"": 0}","{""max_displacement"": 0, ""site_search_window"": 0, ""row_search_window"": 0, ""disallow_one_site_gaps"": 0, ""use_diamond_legalizer"": 1, ""disable_window_extension"": 0}",VALID,6590100.9,6590100.9,0.0,0.0,0.0,False
44,63,5,RISCY-FPU-a-2-c5,6,"{""max_displacement"": 0, ""site_search_window"": 0, ""row_search_window"": 0, ""disallow_one_site_gaps"": 0, ""use_diamond_legalizer"": 1, ""disable_window_extension"": 0}","{""max_displacement"": 0, ""site_search_window"": 0, ""row_search_window"": 0, ""disallow_one_site_gaps"": 0, ""use_diamond_legalizer"": 1, ""disable_window_extension"": 0}",VALID,6590100.9,6590100.9,0.0,0.0,0.0,False
44,63,6,RISCY-FPU-a-2-c5,2,"{""max_displacement"": 0, ""site_search_window"": 0, ""row_search_window"": 0, ""disallow_one_site_gaps"": 0, ""use_diamond_legalizer"": 1, ""disable_window_extension"": 0}","{""max_displacement"": 0, ""site_search_window"": 0, ""row_search_window"": 0, ""disallow_one_site_gaps"": 0, ""use_diamond_legalizer"": 1, ""disable_window_extension"": 0}",VALID,6590100.9,6590100.9,0.0,0.0,0.0,False
44,63,7,RISCY-FPU-a-2-c5,0,"{""max_displacement"": 0, ""site_search_window"": 0, ""row_search_window"": 0, ""disallow_one_site_gaps"": 0, ""use_diamond_legalizer"": 1, ""disable_window_extension"": 0}","{""max_displacement"": 0, ""site_search_window"": 0, ""row_search_window"": 0, ""disallow_one_site_gaps"": true, ""use_diamond_legalizer"": 1, ""disable_window_extension"": true}",VALID,6590100.9,6590100.9,0.0,0.0,0.0,False
44,63,8,RISCY-FPU-a-2-c5,0,"{""max_displacement"": 0, ""site_search_window"": 0, ""row_search_window"": 0, ""disallow_one_site_gaps"": true, ""use_diamond_legalizer"": 1, ""disable_window_extension"": true}","{""max_displacement"": 0, ""site_search_window"": 0, ""row_search_window"": 0, ""disallow_one_site_gaps"": false, ""use_diamond_legalizer"": 1, ""disable_window_extension"": false}",VALID,6590100.9,6590100.9,0.0,0.0,0.0,False
44,63,9,RISCY-FPU-a-2-c5,4,"{""max_displacement"": 0, ""site_search_window"": 0, ""row_search_window"": 0, ""disallow_one_site_gaps"": false, ""use_diamond_legalizer"": 1, ""disable_window_extension"": false}","{""max_displacement"": 0, ""site_search_window"": 0, ""row_search_window"": 0, ""disallow_one_site_gaps"": false, ""use_diamond_legalizer"": 1, ""disable_window_extension"": false}",VALID,6590100.9,6590100.9,0.0,0.0,0.0,False
44,63,10,RISCY-FPU-a-2-c5,0,"{""max_displacement"": 0, ""site_search_window"": 0, ""row_search_window"": 0, ""disallow_one_site_gaps"": false, ""use_diamond_legalizer"": 1, ""disable_window_extension"": false}","{""max_displacement"": 0, ""site_search_window"": 0, ""row_search_window"": 0, ""disallow_one_site_gaps"": true, ""use_diamond_legalizer"": 1, ""disable_window_extension"": true}",VALID,6590100.9,6590100.9,0.0,0.0,0.0,True
44,64,1,zero-riscy-b-3-c5,5,"{""max_displacement"": 0, ""site_search_window"": 0, ""row_search_window"": 0, ""disallow_one_site_gaps"": 0, ""use_diamond_legalizer"": 1, ""disable_window_extension"": 0}","{""max_displacement"": 10, ""site_search_window"": 10, ""row_search_window"": 0, ""disallow_one_site_gaps"": 0, ""use_diamond_legalizer"": 1, ""disable_window_extension"": 0}",VALID,2080758.2,2080758.2,0.0,0.0,0.0,False
44,64,2,zero-riscy-b-3-c5,6,"{""max_displacement"": 10, ""site_search_window"": 10, ""row_search_window"": 0, ""disallow_one_site_gaps"": 0, ""use_diamond_legalizer"": 1, ""disable_window_extension"": 0}","{""max_displacement"": 0, ""site_search_window"": 0, ""row_search_window"": 0, ""disallow_one_site_gaps"": 0, ""use_diamond_legalizer"": 1, ""disable_window_extension"": 0}",VALID,2080758.2,2080758.2,0.0,0.0,0.0,False
44,64,3,zero-riscy-b-3-c5,6,"{""max_displacement"": 0, ""site_search_window"": 0, ""row_search_window"": 0, ""disallow_one_site_gaps"": 0, ""use_diamond_legalizer"": 1, ""disable_window_extension"": 0}","{""max_displacement"": 0, ""site_search_window"": 0, ""row_search_window"": 0, ""disallow_one_site_gaps"": 0, ""use_diamond_legalizer"": 1, ""disable_window_extension"": 0}",VALID,2080758.2,2080758.2,0.0,0.0,0.0,False
44,64,4,zero-riscy-b-3-c5,4,"{""max_displacement"": 0, ""site_search_window"": 0, ""row_search_window"": 0, ""disallow_one_site_gaps"": 0, ""use_diamond_legalizer"": 1, ""disable_window_extension"": 0}","{""max_displacement"": 0, ""site_search_window"": 0, ""row_search_window"": 0, ""disallow_one_site_gaps"": 0, ""use_diamond_legalizer"": 1, ""disable_window_extension"": 0}",VALID,2080758.2,2080758.2,0.0,0.0,0.0,False
44,64,5,zero-riscy-b-3-c5,4,"{""max_displacement"": 0, ""site_search_window"": 0, ""row_search_window"": 0, ""disallow_one_site_gaps"": 0, ""use_diamond_legalizer"": 1, ""disable_window_extension"": 0}","{""max_displacement"": 0, ""site_search_window"": 0, ""row_search_window"": 0, ""disallow_one_site_gaps"": 0, ""use_diamond_legalizer"": 1, ""disable_window_extension"": 0}",VALID,2080758.2,2080758.2,0.0,0.0,0.0,False
44,64,6,zero-riscy-b-3-c5,6,"{""max_displacement"": 0, ""site_search_window"": 0, ""row_search_window"": 0, ""disallow_one_site_gaps"": 0, ""use_diamond_legalizer"": 1, ""disable_window_extension"": 0}","{""max_displacement"": 0, ""site_search_window"": 0, ""row_search_window"": 0, ""disallow_one_site_gaps"": 0, ""use_diamond_legalizer"": 1, ""disable_window_extension"": 0}",VALID,2080758.2,2080758.2,0.0,0.0,0.0,False
44,64,7,zero-riscy-b-3-c5,6,"{""max_displacement"": 0, ""site_search_window"": 0, ""row_search_window"": 0, ""disallow_one_site_gaps"": 0, ""use_diamond_legalizer"": 1, ""disable_window_extension"": 0}","{""max_displacement"": 0, ""site_search_window"": 0, ""row_search_window"": 0, ""disallow_one_site_gaps"": 0, ""use_diamond_legalizer"": 1, ""disable_window_extension"": 0}",VALID,2080758.2,2080758.2,0.0,0.0,0.0,False
44,64,8,zero-riscy-b-3-c5,6,"{""max_displacement"": 0, ""site_search_window"": 0, ""row_search_window"": 0, ""disallow_one_site_gaps"": 0, ""use_diamond_legalizer"": 1, ""disable_window_extension"": 0}","{""max_displacement"": 0, ""site_search_window"": 0, ""row_search_window"": 0, ""disallow_one_site_gaps"": 0, ""use_diamond_legalizer"": 1, ""disable_window_extension"": 0}",VALID,2080758.2,2080758.2,0.0,0.0,0.0,False
44,64,9,zero-riscy-b-3-c5,3,"{""max_displacement"": 0, ""site_search_window"": 0, ""row_search_window"": 0, ""disallow_one_site_gaps"": 0, ""use_diamond_legalizer"": 1, ""disable_window_extension"": 0}","{""max_displacement"": 0, ""site_search_window"": 10, ""row_search_window"": 2, ""disallow_one_site_gaps"": 0, ""use_diamond_legalizer"": 1, ""disable_window_extension"": 0}",VALID,2080758.2,2080758.2,0.0,0.0,0.0,False
44,64,10,zero-riscy-b-3-c5,4,"{""max_displacement"": 0, ""site_search_window"": 10, ""row_search_window"": 2, ""disallow_one_site_gaps"": 0, ""use_diamond_legalizer"": 1, ""disable_window_extension"": 0}","{""max_displacement"": 0, ""site_search_window"": 0, ""row_search_window"": 0, ""disallow_one_site_gaps"": 0, ""use_diamond_legalizer"": 1, ""disable_window_extension"": 0}",VALID,2080758.2,2080758.2,0.0,0.0,0.0,True
44,65,1,RISCY-FPU-b-2-c20,4,"{""max_displacement"": 0, ""site_search_window"": 0, ""row_search_window"": 0, ""disallow_one_site_gaps"": 0, ""use_diamond_legalizer"": 1, ""disable_window_extension"": 0}","{""max_displacement"": 0, ""site_search_window"": 0, ""row_search_window"": 0, ""disallow_one_site_gaps"": 0, ""use_diamond_legalizer"": 1, ""disable_window_extension"": 0}",VALID,4992984.1,4992984.1,0.0,0.0,0.0,False
44,65,2,RISCY-FPU-b-2-c20,6,"{""max_displacement"": 0, ""site_search_window"": 0, ""row_search_window"": 0, ""disallow_one_site_gaps"": 0, ""use_diamond_legalizer"": 1, ""disable_window_extension"": 0}","{""max_displacement"": 0, ""site_search_window"": 0, ""row_search_window"": 0, ""disallow_one_site_gaps"": 0, ""use_diamond_legalizer"": 1, ""disable_window_extension"": 0}",VALID,4992984.1,4992984.1,0.0,0.0,0.0,False
44,65,3,RISCY-FPU-b-2-c20,4,"{""max_displacement"": 0, ""site_search_window"": 0, ""row_search_window"": 0, ""disallow_one_site_gaps"": 0, ""use_diamond_legalizer"": 1, ""disable_window_extension"": 0}","{""max_displacement"": 0, ""site_search_window"": 0, ""row_search_window"": 0, ""disallow_one_site_gaps"": 0, ""use_diamond_legalizer"": 1, ""disable_window_extension"": 0}",VALID,4992984.1,4992984.1,0.0,0.0,0.0,False
44,65,4,RISCY-FPU-b-2-c20,0,"{""max_displacement"": 0, ""site_search_window"": 0, ""row_search_window"": 0, ""disallow_one_site_gaps"": 0, ""use_diamond_legalizer"": 1, ""disable_window_extension"": 0}","{""max_displacement"": 0, ""site_search_window"": 0, ""row_search_window"": 0, ""disallow_one_site_gaps"": true, ""use_diamond_legalizer"": 1, ""disable_window_extension"": true}",VALID,4992984.1,4992984.1,0.0,0.0,0.0,False
44,65,5,RISCY-FPU-b-2-c20,6,"{""max_displacement"": 0, ""site_search_window"": 0, ""row_search_window"": 0, ""disallow_one_site_gaps"": true, ""use_diamond_legalizer"": 1, ""disable_window_extension"": true}","{""max_displacement"": 0, ""site_search_window"": 0, ""row_search_window"": 0, ""disallow_one_site_gaps"": true, ""use_diamond_legalizer"": 1, ""disable_window_extension"": true}",VALID,4992984.1,4992984.1,0.0,0.0,0.0,False
44,65,6,RISCY-FPU-b-2-c20,5,"{""max_displacement"": 0, ""site_search_window"": 0, ""row_search_window"": 0, ""disallow_one_site_gaps"": true, ""use_diamond_legalizer"": 1, ""disable_window_extension"": true}","{""max_displacement"": 10, ""site_search_window"": 10, ""row_search_window"": 0, ""disallow_one_site_gaps"": true, ""use_diamond_legalizer"": 1, ""disable_window_extension"": true}",FAILED,4992984.1,4992984.1,0.0,-100.0,-1.0,False
44,65,7,RISCY-FPU-b-2-c20,6,"{""max_displacement"": 10, ""site_search_window"": 10, ""row_search_window"": 0, ""disallow_one_site_gaps"": true, ""use_diamond_legalizer"": 1, ""disable_window_extension"": true}","{""max_displacement"": 0, ""site_search_window"": 0, ""row_search_window"": 0, ""disallow_one_site_gaps"": true, ""use_diamond_legalizer"": 1, ""disable_window_extension"": true}",VALID,4992984.1,4992984.1,0.0,0.0,0.0,False
44,65,8,RISCY-FPU-b-2-c20,0,"{""max_displacement"": 0, ""site_search_window"": 0, ""row_search_window"": 0, ""disallow_one_site_gaps"": true, ""use_diamond_legalizer"": 1, ""disable_window_extension"": true}","{""max_displacement"": 0, ""site_search_window"": 0, ""row_search_window"": 0, ""disallow_one_site_gaps"": false, ""use_diamond_legalizer"": 1, ""disable_window_extension"": false}",VALID,4992984.1,4992984.1,0.0,0.0,0.0,False
44,65,9,RISCY-FPU-b-2-c20,1,"{""max_displacement"": 0, ""site_search_window"": 0, ""row_search_window"": 0, ""disallow_one_site_gaps"": false, ""use_diamond_legalizer"": 1, ""disable_window_extension"": false}","{""max_displacement"": 10, ""site_search_window"": 10, ""row_search_window"": 2, ""disallow_one_site_gaps"": false, ""use_diamond_legalizer"": 1, ""disable_window_extension"": false}",FAILED,4992984.1,4992984.1,0.0,-100.0,-1.0,False
44,65,10,RISCY-FPU-b-2-c20,7,"{""max_displacement"": 10, ""site_search_window"": 10, ""row_search_window"": 2, ""disallow_one_site_gaps"": false, ""use_diamond_legalizer"": 1, ""disable_window_extension"": false}","{""max_displacement"": 10, ""site_search_window"": 10, ""row_search_window"": 2, ""disallow_one_site_gaps"": false, ""use_diamond_legalizer"": 1, ""disable_window_extension"": false}",FAILED,4992984.1,4992984.1,0.0,-100.0,-1.0,True
44,66,1,RISCY-FPU-b-1-c5,3,"{""max_displacement"": 0, ""site_search_window"": 0, ""row_search_window"": 0, ""disallow_one_site_gaps"": 0, ""use_diamond_legalizer"": 1, ""disable_window_extension"": 0}","{""max_displacement"": 0, ""site_search_window"": 10, ""row_search_window"": 2, ""disallow_one_site_gaps"": 0, ""use_diamond_legalizer"": 1, ""disable_window_extension"": 0}",VALID,4682989.8,4682989.8,0.0,0.0,0.0,False
44,66,2,RISCY-FPU-b-1-c5,3,"{""max_displacement"": 0, ""site_search_window"": 10, ""row_search_window"": 2, ""disallow_one_site_gaps"": 0, ""use_diamond_legalizer"": 1, ""disable_window_extension"": 0}","{""max_displacement"": 0, ""site_search_window"": 20, ""row_search_window"": 4, ""disallow_one_site_gaps"": 0, ""use_diamond_legalizer"": 1, ""disable_window_extension"": 0}",VALID,4682989.8,4682989.8,0.0,0.0,0.0,False
44,66,3,RISCY-FPU-b-1-c5,3,"{""max_displacement"": 0, ""site_search_window"": 20, ""row_search_window"": 4, ""disallow_one_site_gaps"": 0, ""use_diamond_legalizer"": 1, ""disable_window_extension"": 0}","{""max_displacement"": 0, ""site_search_window"": 30, ""row_search_window"": 6, ""disallow_one_site_gaps"": 0, ""use_diamond_legalizer"": 1, ""disable_window_extension"": 0}",VALID,4682989.8,4682989.8,0.0,0.0,0.0,False
44,66,4,RISCY-FPU-b-1-c5,3,"{""max_displacement"": 0, ""site_search_window"": 30, ""row_search_window"": 6, ""disallow_one_site_gaps"": 0, ""use_diamond_legalizer"": 1, ""disable_window_extension"": 0}","{""max_displacement"": 0, ""site_search_window"": 40, ""row_search_window"": 8, ""disallow_one_site_gaps"": 0, ""use_diamond_legalizer"": 1, ""disable_window_extension"": 0}",VALID,4682989.8,4682989.8,0.0,0.0,0.0,False
44,66,5,RISCY-FPU-b-1-c5,1,"{""max_displacement"": 0, ""site_search_window"": 40, ""row_search_window"": 8, ""disallow_one_site_gaps"": 0, ""use_diamond_legalizer"": 1, ""disable_window_extension"": 0}","{""max_displacement"": 10, ""site_search_window"": 50, ""row_search_window"": 10, ""disallow_one_site_gaps"": 0, ""use_diamond_legalizer"": 1, ""disable_window_extension"": 0}",VALID,4682989.8,4682989.8,0.0,0.0,0.0,False
44,66,6,RISCY-FPU-b-1-c5,1,"{""max_displacement"": 10, ""site_search_window"": 50, ""row_search_window"": 10, ""disallow_one_site_gaps"": 0, ""use_diamond_legalizer"": 1, ""disable_window_extension"": 0}","{""max_displacement"": 20, ""site_search_window"": 60, ""row_search_window"": 12, ""disallow_one_site_gaps"": 0, ""use_diamond_legalizer"": 1, ""disable_window_extension"": 0}",VALID,4682989.8,4682989.8,0.0,0.0,0.0,False
44,66,7,RISCY-FPU-b-1-c5,7,"{""max_displacement"": 20, ""site_search_window"": 60, ""row_search_window"": 12, ""disallow_one_site_gaps"": 0, ""use_diamond_legalizer"": 1, ""disable_window_extension"": 0}","{""max_displacement"": 20, ""site_search_window"": 60, ""row_search_window"": 12, ""disallow_one_site_gaps"": 0, ""use_diamond_legalizer"": 1, ""disable_window_extension"": 0}",VALID,4682989.8,4682989.8,0.0,0.0,0.0,False
44,66,8,RISCY-FPU-b-1-c5,1,"{""max_displacement"": 20, ""site_search_window"": 60, ""row_search_window"": 12, ""disallow_one_site_gaps"": 0, ""use_diamond_legalizer"": 1, ""disable_window_extension"": 0}","{""max_displacement"": 30, ""site_search_window"": 70, ""row_search_window"": 14, ""disallow_one_site_gaps"": 0, ""use_diamond_legalizer"": 1, ""disable_window_extension"": 0}",VALID,4682989.8,4682989.8,0.0,0.0,0.0,False
44,66,9,RISCY-FPU-b-1-c5,5,"{""max_displacement"": 30, ""site_search_window"": 70, ""row_search_window"": 14, ""disallow_one_site_gaps"": 0, ""use_diamond_legalizer"": 1, ""disable_window_extension"": 0}","{""max_displacement"": 40, ""site_search_window"": 80, ""row_search_window"": 14, ""disallow_one_site_gaps"": 0, ""use_diamond_legalizer"": 1, ""disable_window_extension"": 0}",VALID,4682989.8,4682989.8,0.0,0.0,0.0,False
44,66,10,RISCY-FPU-b-1-c5,6,"{""max_displacement"": 40, ""site_search_window"": 80, ""row_search_window"": 14, ""disallow_one_site_gaps"": 0, ""use_diamond_legalizer"": 1, ""disable_window_extension"": 0}","{""max_displacement"": 30, ""site_search_window"": 70, ""row_search_window"": 14, ""disallow_one_site_gaps"": 0, ""use_diamond_legalizer"": 1, ""disable_window_extension"": 0}",VALID,4682989.8,4682989.8,0.0,0.0,0.0,True
44,67,1,RISCY-FPU-a-2-c2,0,"{""max_displacement"": 0, ""site_search_window"": 0, ""row_search_window"": 0, ""disallow_one_site_gaps"": 0, ""use_diamond_legalizer"": 1, ""disable_window_extension"": 0}","{""max_displacement"": 0, ""site_search_window"": 0, ""row_search_window"": 0, ""disallow_one_site_gaps"": true, ""use_diamond_legalizer"": 1, ""disable_window_extension"": true}",VALID,10810430.6,10810430.6,0.0,0.0,0.0,False
44,67,2,RISCY-FPU-a-2-c2,0,"{""max_displacement"": 0, ""site_search_window"": 0, ""row_search_window"": 0, ""disallow_one_site_gaps"": true, ""use_diamond_legalizer"": 1, ""disable_window_extension"": true}","{""max_displacement"": 0, ""site_search_window"": 0, ""row_search_window"": 0, ""disallow_one_site_gaps"": false, ""use_diamond_legalizer"": 1, ""disable_window_extension"": false}",VALID,10810430.6,10810430.6,0.0,0.0,0.0,False
44,67,3,RISCY-FPU-a-2-c2,3,"{""max_displacement"": 0, ""site_search_window"": 0, ""row_search_window"": 0, ""disallow_one_site_gaps"": false, ""use_diamond_legalizer"": 1, ""disable_window_extension"": false}","{""max_displacement"": 0, ""site_search_window"": 10, ""row_search_window"": 2, ""disallow_one_site_gaps"": false, ""use_diamond_legalizer"": 1, ""disable_window_extension"": false}",VALID,10810430.6,10810430.6,0.0,0.0,0.0,False
44,67,4,RISCY-FPU-a-2-c2,0,"{""max_displacement"": 0, ""site_search_window"": 10, ""row_search_window"": 2, ""disallow_one_site_gaps"": false, ""use_diamond_legalizer"": 1, ""disable_window_extension"": false}","{""max_displacement"": 0, ""site_search_window"": 10, ""row_search_window"": 2, ""disallow_one_site_gaps"": true, ""use_diamond_legalizer"": 1, ""disable_window_extension"": true}",VALID,10810430.6,10810430.6,0.0,0.0,0.0,False
44,67,5,RISCY-FPU-a-2-c2,2,"{""max_displacement"": 0, ""site_search_window"": 10, ""row_search_window"": 2, ""disallow_one_site_gaps"": true, ""use_diamond_legalizer"": 1, ""disable_window_extension"": true}","{""max_displacement"": 0, ""site_search_window"": 0, ""row_search_window"": 0, ""disallow_one_site_gaps"": true, ""use_diamond_legalizer"": 1, ""disable_window_extension"": true}",VALID,10810430.6,10810430.6,0.0,0.0,0.0,False
44,67,6,RISCY-FPU-a-2-c2,1,"{""max_displacement"": 0, ""site_search_window"": 0, ""row_search_window"": 0, ""disallow_one_site_gaps"": true, ""use_diamond_legalizer"": 1, ""disable_window_extension"": true}","{""max_displacement"": 10, ""site_search_window"": 10, ""row_search_window"": 2, ""disallow_one_site_gaps"": true, ""use_diamond_legalizer"": 1, ""disable_window_extension"": true}",FAILED,10810430.6,10810430.6,0.0,-100.0,-1.0,False
44,67,7,RISCY-FPU-a-2-c2,1,"{""max_displacement"": 10, ""site_search_window"": 10, ""row_search_window"": 2, ""disallow_one_site_gaps"": true, ""use_diamond_legalizer"": 1, ""disable_window_extension"": true}","{""max_displacement"": 20, ""site_search_window"": 20, ""row_search_window"": 4, ""disallow_one_site_gaps"": true, ""use_diamond_legalizer"": 1, ""disable_window_extension"": true}",FAILED,10810430.6,10810430.6,0.0,-100.0,-1.0,False
44,67,8,RISCY-FPU-a-2-c2,2,"{""max_displacement"": 20, ""site_search_window"": 20, ""row_search_window"": 4, ""disallow_one_site_gaps"": true, ""use_diamond_legalizer"": 1, ""disable_window_extension"": true}","{""max_displacement"": 10, ""site_search_window"": 10, ""row_search_window"": 2, ""disallow_one_site_gaps"": true, ""use_diamond_legalizer"": 1, ""disable_window_extension"": true}",FAILED,10810430.6,10810430.6,0.0,-100.0,-1.0,False
44,67,9,RISCY-FPU-a-2-c2,4,"{""max_displacement"": 10, ""site_search_window"": 10, ""row_search_window"": 2, ""disallow_one_site_gaps"": true, ""use_diamond_legalizer"": 1, ""disable_window_extension"": true}","{""max_displacement"": 10, ""site_search_window"": 0, ""row_search_window"": 0, ""disallow_one_site_gaps"": true, ""use_diamond_legalizer"": 1, ""disable_window_extension"": true}",FAILED,10810430.6,10810430.6,0.0,-100.0,-1.0,False
44,67,10,RISCY-FPU-a-2-c2,2,"{""max_displacement"": 10, ""site_search_window"": 0, ""row_search_window"": 0, ""disallow_one_site_gaps"": true, ""use_diamond_legalizer"": 1, ""disable_window_extension"": true}","{""max_displacement"": 0, ""site_search_window"": 0, ""row_search_window"": 0, ""disallow_one_site_gaps"": true, ""use_diamond_legalizer"": 1, ""disable_window_extension"": true}",VALID,10810430.6,10810430.6,0.0,0.0,0.0,True
44,68,1,RISCY-FPU-a-2-c5,7,"{""max_displacement"": 0, ""site_search_window"": 0, ""row_search_window"": 0, ""disallow_one_site_gaps"": 0, ""use_diamond_legalizer"": 1, ""disable_window_extension"": 0}","{""max_displacement"": 0, ""site_search_window"": 0, ""row_search_window"": 0, ""disallow_one_site_gaps"": 0, ""use_diamond_legalizer"": 1, ""disable_window_extension"": 0}",VALID,6590100.9,6590100.9,0.0,0.0,0.0,False
44,68,2,RISCY-FPU-a-2-c5,1,"{""max_displacement"": 0, ""site_search_window"": 0, ""row_search_window"": 0, ""disallow_one_site_gaps"": 0, ""use_diamond_legalizer"": 1, ""disable_window_extension"": 0}","{""max_displacement"": 10, ""site_search_window"": 10, ""row_search_window"": 2, ""disallow_one_site_gaps"": 0, ""use_diamond_legalizer"": 1, ""disable_window_extension"": 0}",FAILED,6590100.9,6590100.9,0.0,-100.0,-1.0,False
44,68,3,RISCY-FPU-a-2-c5,7,"{""max_displacement"": 10, ""site_search_window"": 10, ""row_search_window"": 2, ""disallow_one_site_gaps"": 0, ""use_diamond_legalizer"": 1, ""disable_window_extension"": 0}","{""max_displacement"": 10, ""site_search_window"": 10, ""row_search_window"": 2, ""disallow_one_site_gaps"": 0, ""use_diamond_legalizer"": 1, ""disable_window_extension"": 0}",FAILED,6590100.9,6590100.9,0.0,-100.0,-1.0,False
44,68,4,RISCY-FPU-a-2-c5,7,"{""max_displacement"": 10, ""site_search_window"": 10, ""row_search_window"": 2, ""disallow_one_site_gaps"": 0, ""use_diamond_legalizer"": 1, ""disable_window_extension"": 0}","{""max_displacement"": 10, ""site_search_window"": 10, ""row_search_window"": 2, ""disallow_one_site_gaps"": 0, ""use_diamond_legalizer"": 1, ""disable_window_extension"": 0}",FAILED,6590100.9,6590100.9,0.0,-100.0,-1.0,False
44,68,5,RISCY-FPU-a-2-c5,7,"{""max_displacement"": 10, ""site_search_window"": 10, ""row_search_window"": 2, ""disallow_one_site_gaps"": 0, ""use_diamond_legalizer"": 1, ""disable_window_extension"": 0}","{""max_displacement"": 10, ""site_search_window"": 10, ""row_search_window"": 2, ""disallow_one_site_gaps"": 0, ""use_diamond_legalizer"": 1, ""disable_window_extension"": 0}",FAILED,6590100.9,6590100.9,0.0,-100.0,-1.0,False
44,68,6,RISCY-FPU-a-2-c5,1,"{""max_displacement"": 10, ""site_search_window"": 10, ""row_search_window"": 2, ""disallow_one_site_gaps"": 0, ""use_diamond_legalizer"": 1, ""disable_window_extension"": 0}","{""max_displacement"": 20, ""site_search_window"": 20, ""row_search_window"": 4, ""disallow_one_site_gaps"": 0, ""use_diamond_legalizer"": 1, ""disable_window_extension"": 0}",FAILED,6590100.9,6590100.9,0.0,-100.0,-1.0,False
44,68,7,RISCY-FPU-a-2-c5,4,"{""max_displacement"": 20, ""site_search_window"": 20, ""row_search_window"": 4, ""disallow_one_site_gaps"": 0, ""use_diamond_legalizer"": 1, ""disable_window_extension"": 0}","{""max_displacement"": 20, ""site_search_window"": 10, ""row_search_window"": 2, ""disallow_one_site_gaps"": 0, ""use_diamond_legalizer"": 1, ""disable_window_extension"": 0}",FAILED,6590100.9,6590100.9,0.0,-100.0,-1.0,False
44,68,8,RISCY-FPU-a-2-c5,1,"{""max_displacement"": 20, ""site_search_window"": 10, ""row_search_window"": 2, ""disallow_one_site_gaps"": 0, ""use_diamond_legalizer"": 1, ""disable_window_extension"": 0}","{""max_displacement"": 30, ""site_search_window"": 20, ""row_search_window"": 4, ""disallow_one_site_gaps"": 0, ""use_diamond_legalizer"": 1, ""disable_window_extension"": 0}",FAILED,6590100.9,6590100.9,0.0,-100.0,-1.0,False
44,68,9,RISCY-FPU-a-2-c5,4,"{""max_displacement"": 30, ""site_search_window"": 20, ""row_search_window"": 4, ""disallow_one_site_gaps"": 0, ""use_diamond_legalizer"": 1, ""disable_window_extension"": 0}","{""max_displacement"": 30, ""site_search_window"": 10, ""row_search_window"": 2, ""disallow_one_site_gaps"": 0, ""use_diamond_legalizer"": 1, ""disable_window_extension"": 0}",FAILED,6590100.9,6590100.9,0.0,-100.0,-1.0,False
44,68,10,RISCY-FPU-a-2-c5,6,"{""max_displacement"": 30, ""site_search_window"": 10, ""row_search_window"": 2, ""disallow_one_site_gaps"": 0, ""use_diamond_legalizer"": 1, ""disable_window_extension"": 0}","{""max_displacement"": 20, ""site_search_window"": 0, ""row_search_window"": 2, ""disallow_one_site_gaps"": 0, ""use_diamond_legalizer"": 1, ""disable_window_extension"": 0}",FAILED,6590100.9,6590100.9,0.0,-100.0,-1.0,True
44,69,1,RISCY-FPU-a-3-c20,1,"{""max_displacement"": 0, ""site_search_window"": 0, ""row_search_window"": 0, ""disallow_one_site_gaps"": 0, ""use_diamond_legalizer"": 1, ""disable_window_extension"": 0}","{""max_displacement"": 10, ""site_search_window"": 10, ""row_search_window"": 2, ""disallow_one_site_gaps"": 0, ""use_diamond_legalizer"": 1, ""disable_window_extension"": 0}",FAILED,7062334.5,7062334.5,0.0,-100.0,-1.0,False
44,69,2,RISCY-FPU-a-3-c20,4,"{""max_displacement"": 10, ""site_search_window"": 10, ""row_search_window"": 2, ""disallow_one_site_gaps"": 0, ""use_diamond_legalizer"": 1, ""disable_window_extension"": 0}","{""max_displacement"": 10, ""site_search_window"": 0, ""row_search_window"": 0, ""disallow_one_site_gaps"": 0, ""use_diamond_legalizer"": 1, ""disable_window_extension"": 0}",FAILED,7062334.5,7062334.5,0.0,-100.0,-1.0,False
44,69,3,RISCY-FPU-a-3-c20,3,"{""max_displacement"": 10, ""site_search_window"": 0, ""row_search_window"": 0, ""disallow_one_site_gaps"": 0, ""use_diamond_legalizer"": 1, ""disable_window_extension"": 0}","{""max_displacement"": 10, ""site_search_window"": 10, ""row_search_window"": 2, ""disallow_one_site_gaps"": 0, ""use_diamond_legalizer"": 1, ""disable_window_extension"": 0}",FAILED,7062334.5,7062334.5,0.0,-100.0,-1.0,False
44,69,4,RISCY-FPU-a-3-c20,6,"{""max_displacement"": 10, ""site_search_window"": 10, ""row_search_window"": 2, ""disallow_one_site_gaps"": 0, ""use_diamond_legalizer"": 1, ""disable_window_extension"": 0}","{""max_displacement"": 0, ""site_search_window"": 0, ""row_search_window"": 2, ""disallow_one_site_gaps"": 0, ""use_diamond_legalizer"": 1, ""disable_window_extension"": 0}",VALID,7062334.5,7062334.5,0.0,0.0,0.0,False
44,69,5,RISCY-FPU-a-3-c20,0,"{""max_displacement"": 0, ""site_search_window"": 0, ""row_search_window"": 2, ""disallow_one_site_gaps"": 0, ""use_diamond_legalizer"": 1, ""disable_window_extension"": 0}","{""max_displacement"": 0, ""site_search_window"": 0, ""row_search_window"": 2, ""disallow_one_site_gaps"": true, ""use_diamond_legalizer"": 1, ""disable_window_extension"": true}",VALID,7062334.5,7062334.5,0.0,0.0,0.0,False
44,69,6,RISCY-FPU-a-3-c20,1,"{""max_displacement"": 0, ""site_search_window"": 0, ""row_search_window"": 2, ""disallow_one_site_gaps"": true, ""use_diamond_legalizer"": 1, ""disable_window_extension"": true}","{""max_displacement"": 10, ""site_search_window"": 10, ""row_search_window"": 4, ""disallow_one_site_gaps"": true, ""use_diamond_legalizer"": 1, ""disable_window_extension"": true}",FAILED,7062334.5,7062334.5,0.0,-100.0,-1.0,False
44,69,7,RISCY-FPU-a-3-c20,3,"{""max_displacement"": 10, ""site_search_window"": 10, ""row_search_window"": 4, ""disallow_one_site_gaps"": true, ""use_diamond_legalizer"": 1, ""disable_window_extension"": true}","{""max_displacement"": 10, ""site_search_window"": 20, ""row_search_window"": 6, ""disallow_one_site_gaps"": true, ""use_diamond_legalizer"": 1, ""disable_window_extension"": true}",FAILED,7062334.5,7062334.5,0.0,-100.0,-1.0,False
44,69,8,RISCY-FPU-a-3-c20,0,"{""max_displacement"": 10, ""site_search_window"": 20, ""row_search_window"": 6, ""disallow_one_site_gaps"": true, ""use_diamond_legalizer"": 1, ""disable_window_extension"": true}","{""max_displacement"": 10, ""site_search_window"": 20, ""row_search_window"": 6, ""disallow_one_site_gaps"": false, ""use_diamond_legalizer"": 1, ""disable_window_extension"": false}",FAILED,7062334.5,7062334.5,0.0,-100.0,-1.0,False
44,69,9,RISCY-FPU-a-3-c20,2,"{""max_displacement"": 10, ""site_search_window"": 20, ""row_search_window"": 6, ""disallow_one_site_gaps"": false, ""use_diamond_legalizer"": 1, ""disable_window_extension"": false}","{""max_displacement"": 0, ""site_search_window"": 10, ""row_search_window"": 4, ""disallow_one_site_gaps"": false, ""use_diamond_legalizer"": 1, ""disable_window_extension"": false}",VALID,7062334.5,7062334.5,0.0,0.0,0.0,False
44,69,10,RISCY-FPU-a-3-c20,7,"{""max_displacement"": 0, ""site_search_window"": 10, ""row_search_window"": 4, ""disallow_one_site_gaps"": false, ""use_diamond_legalizer"": 1, ""disable_window_extension"": false}","{""max_displacement"": 0, ""site_search_window"": 10, ""row_search_window"": 4, ""disallow_one_site_gaps"": false, ""use_diamond_legalizer"": 1, ""disable_window_extension"": false}",VALID,7062334.5,7062334.5,0.0,0.0,0.0,True
44,70,1,RISCY-FPU-b-2-c20,1,"{""max_displacement"": 0, ""site_search_window"": 0, ""row_search_window"": 0, ""disallow_one_site_gaps"": 0, ""use_diamond_legalizer"": 1, ""disable_window_extension"": 0}","{""max_displacement"": 10, ""site_search_window"": 10, ""row_search_window"": 2, ""disallow_one_site_gaps"": 0, ""use_diamond_legalizer"": 1, ""disable_window_extension"": 0}",FAILED,4992984.1,4992984.1,0.0,-100.0,-1.0,False
44,70,2,RISCY-FPU-b-2-c20,1,"{""max_displacement"": 10, ""site_search_window"": 10, ""row_search_window"": 2, ""disallow_one_site_gaps"": 0, ""use_diamond_legalizer"": 1, ""disable_window_extension"": 0}","{""max_displacement"": 20, ""site_search_window"": 20, ""row_search_window"": 4, ""disallow_one_site_gaps"": 0, ""use_diamond_legalizer"": 1, ""disable_window_extension"": 0}",FAILED,4992984.1,4992984.1,0.0,-100.0,-1.0,False
44,70,3,RISCY-FPU-b-2-c20,3,"{""max_displacement"": 20, ""site_search_window"": 20, ""row_search_window"": 4, ""disallow_one_site_gaps"": 0, ""use_diamond_legalizer"": 1, ""disable_window_extension"": 0}","{""max_displacement"": 20, ""site_search_window"": 30, ""row_search_window"": 6, ""disallow_one_site_gaps"": 0, ""use_diamond_legalizer"": 1, ""disable_window_extension"": 0}",FAILED,4992984.1,4992984.1,0.0,-100.0,-1.0,False
44,70,4,RISCY-FPU-b-2-c20,5,"{""max_displacement"": 20, ""site_search_window"": 30, ""row_search_window"": 6, ""disallow_one_site_gaps"": 0, ""use_diamond_legalizer"": 1, ""disable_window_extension"": 0}","{""max_displacement"": 30, ""site_search_window"": 40, ""row_search_window"": 6, ""disallow_one_site_gaps"": 0, ""use_diamond_legalizer"": 1, ""disable_window_extension"": 0}",FAILED,4992984.1,4992984.1,0.0,-100.0,-1.0,False
44,70,5,RISCY-FPU-b-2-c20,3,"{""max_displacement"": 30, ""site_search_window"": 40, ""row_search_window"": 6, ""disallow_one_site_gaps"": 0, ""use_diamond_legalizer"": 1, ""disable_window_extension"": 0}","{""max_displacement"": 30, ""site_search_window"": 50, ""row_search_window"": 8, ""disallow_one_site_gaps"": 0, ""use_diamond_legalizer"": 1, ""disable_window_extension"": 0}",FAILED,4992984.1,4992984.1,0.0,-100.0,-1.0,False
44,70,6,RISCY-FPU-b-2-c20,6,"{""max_displacement"": 30, ""site_search_window"": 50, ""row_search_window"": 8, ""disallow_one_site_gaps"": 0, ""use_diamond_legalizer"": 1, ""disable_window_extension"": 0}","{""max_displacement"": 20, ""site_search_window"": 40, ""row_search_window"": 8, ""disallow_one_site_gaps"": 0, ""use_diamond_legalizer"": 1, ""disable_window_extension"": 0}",FAILED,4992984.1,4992984.1,0.0,-100.0,-1.0,False
44,70,7,RISCY-FPU-b-2-c20,0,"{""max_displacement"": 20, ""site_search_window"": 40, ""row_search_window"": 8, ""disallow_one_site_gaps"": 0, ""use_diamond_legalizer"": 1, ""disable_window_extension"": 0}","{""max_displacement"": 20, ""site_search_window"": 40, ""row_search_window"": 8, ""disallow_one_site_gaps"": true, ""use_diamond_legalizer"": 1, ""disable_window_extension"": true}",FAILED,4992984.1,4992984.1,0.0,-100.0,-1.0,False
44,70,8,RISCY-FPU-b-2-c20,2,"{""max_displacement"": 20, ""site_search_window"": 40, ""row_search_window"": 8, ""disallow_one_site_gaps"": true, ""use_diamond_legalizer"": 1, ""disable_window_extension"": true}","{""max_displacement"": 10, ""site_search_window"": 30, ""row_search_window"": 6, ""disallow_one_site_gaps"": true, ""use_diamond_legalizer"": 1, ""disable_window_extension"": true}",FAILED,4992984.1,4992984.1,0.0,-100.0,-1.0,False
44,70,9,RISCY-FPU-b-2-c20,4,"{""max_displacement"": 10, ""site_search_window"": 30, ""row_search_window"": 6, ""disallow_one_site_gaps"": true, ""use_diamond_legalizer"": 1, ""disable_window_extension"": true}","{""max_displacement"": 10, ""site_search_window"": 20, ""row_search_window"": 4, ""disallow_one_site_gaps"": true, ""use_diamond_legalizer"": 1, ""disable_window_extension"": true}",FAILED,4992984.1,4992984.1,0.0,-100.0,-1.0,False
44,70,10,RISCY-FPU-b-2-c20,0,"{""max_displacement"": 10, ""site_search_window"": 20, ""row_search_window"": 4, ""disallow_one_site_gaps"": true, ""use_diamond_legalizer"": 1, ""disable_window_extension"": true}","{""max_displacement"": 10, ""site_search_window"": 20, ""row_search_window"": 4, ""disallow_one_site_gaps"": false, ""use_diamond_legalizer"": 1, ""disable_window_extension"": false}",FAILED,4992984.1,4992984.1,0.0,-100.0,-1.0,True
44,71,1,RISCY-FPU-a-1-c5,3,"{""max_displacement"": 0, ""site_search_window"": 0, ""row_search_window"": 0, ""disallow_one_site_gaps"": 0, ""use_diamond_legalizer"": 1, ""disable_window_extension"": 0}","{""max_displacement"": 0, ""site_search_window"": 10, ""row_search_window"": 2, ""disallow_one_site_gaps"": 0, ""use_diamond_legalizer"": 1, ""disable_window_extension"": 0}",VALID,6071437.2,6071437.2,0.0,0.0,0.0,False
44,71,2,RISCY-FPU-a-1-c5,3,"{""max_displacement"": 0, ""site_search_window"": 10, ""row_search_window"": 2, ""disallow_one_site_gaps"": 0, ""use_diamond_legalizer"": 1, ""disable_window_extension"": 0}","{""max_displacement"": 0, ""site_search_window"": 20, ""row_search_window"": 4, ""disallow_one_site_gaps"": 0, ""use_diamond_legalizer"": 1, ""disable_window_extension"": 0}",VALID,6071437.2,6071437.2,0.0,0.0,0.0,False
44,71,3,RISCY-FPU-a-1-c5,4,"{""max_displacement"": 0, ""site_search_window"": 20, ""row_search_window"": 4, ""disallow_one_site_gaps"": 0, ""use_diamond_legalizer"": 1, ""disable_window_extension"": 0}","{""max_displacement"": 0, ""site_search_window"": 10, ""row_search_window"": 2, ""disallow_one_site_gaps"": 0, ""use_diamond_legalizer"": 1, ""disable_window_extension"": 0}",VALID,6071437.2,6071437.2,0.0,0.0,0.0,False
44,71,4,RISCY-FPU-a-1-c5,1,"{""max_displacement"": 0, ""site_search_window"": 10, ""row_search_window"": 2, ""disallow_one_site_gaps"": 0, ""use_diamond_legalizer"": 1, ""disable_window_extension"": 0}","{""max_displacement"": 10, ""site_search_window"": 20, ""row_search_window"": 4, ""disallow_one_site_gaps"": 0, ""use_diamond_legalizer"": 1, ""disable_window_extension"": 0}",FAILED,6071437.2,6071437.2,0.0,-100.0,-1.0,False
44,71,5,RISCY-FPU-a-1-c5,2,"{""max_displacement"": 10, ""site_search_window"": 20, ""row_search_window"": 4, ""disallow_one_site_gaps"": 0, ""use_diamond_legalizer"": 1, ""disable_window_extension"": 0}","{""max_displacement"": 0, ""site_search_window"": 10, ""row_search_window"": 2, ""disallow_one_site_gaps"": 0, ""use_diamond_legalizer"": 1, ""disable_window_extension"": 0}",VALID,6071437.2,6071437.2,0.0,0.0,0.0,False
44,71,6,RISCY-FPU-a-1-c5,1,"{""max_displacement"": 0, ""site_search_window"": 10, ""row_search_window"": 2, ""disallow_one_site_gaps"": 0, ""use_diamond_legalizer"": 1, ""disable_window_extension"": 0}","{""max_displacement"": 10, ""site_search_window"": 20, ""row_search_window"": 4, ""disallow_one_site_gaps"": 0, ""use_diamond_legalizer"": 1, ""disable_window_extension"": 0}",FAILED,6071437.2,6071437.2,0.0,-100.0,-1.0,False
44,71,7,RISCY-FPU-a-1-c5,7,"{""max_displacement"": 10, ""site_search_window"": 20, ""row_search_window"": 4, ""disallow_one_site_gaps"": 0, ""use_diamond_legalizer"": 1, ""disable_window_extension"": 0}","{""max_displacement"": 10, ""site_search_window"": 20, ""row_search_window"": 4, ""disallow_one_site_gaps"": 0, ""use_diamond_legalizer"": 1, ""disable_window_extension"": 0}",FAILED,6071437.2,6071437.2,0.0,-100.0,-1.0,False
44,71,8,RISCY-FPU-a-1-c5,0,"{""max_displacement"": 10, ""site_search_window"": 20, ""row_search_window"": 4, ""disallow_one_site_gaps"": 0, ""use_diamond_legalizer"": 1, ""disable_window_extension"": 0}","{""max_displacement"": 10, ""site_search_window"": 20, ""row_search_window"": 4, ""disallow_one_site_gaps"": true, ""use_diamond_legalizer"": 1, ""disable_window_extension"": true}",FAILED,6071437.2,6071437.2,0.0,-100.0,-1.0,False
44,71,9,RISCY-FPU-a-1-c5,0,"{""max_displacement"": 10, ""site_search_window"": 20, ""row_search_window"": 4, ""disallow_one_site_gaps"": true, ""use_diamond_legalizer"": 1, ""disable_window_extension"": true}","{""max_displacement"": 10, ""site_search_window"": 20, ""row_search_window"": 4, ""disallow_one_site_gaps"": false, ""use_diamond_legalizer"": 1, ""disable_window_extension"": false}",FAILED,6071437.2,6071437.2,0.0,-100.0,-1.0,False
44,71,10,RISCY-FPU-a-1-c5,5,"{""max_displacement"": 10, ""site_search_window"": 20, ""row_search_window"": 4, ""disallow_one_site_gaps"": false, ""use_diamond_legalizer"": 1, ""disable_window_extension"": false}","{""max_displacement"": 20, ""site_search_window"": 30, ""row_search_window"": 4, ""disallow_one_site_gaps"": false, ""use_diamond_legalizer"": 1, ""disable_window_extension"": false}",VALID,6071437.2,6071437.2,0.0,0.0,0.0,True
44,72,1,zero-riscy-a-2-c5,4,"{""max_displacement"": 0, ""site_search_window"": 0, ""row_search_window"": 0, ""disallow_one_site_gaps"": 0, ""use_diamond_legalizer"": 1, ""disable_window_extension"": 0}","{""max_displacement"": 0, ""site_search_window"": 0, ""row_search_window"": 0, ""disallow_one_site_gaps"": 0, ""use_diamond_legalizer"": 1, ""disable_window_extension"": 0}",VALID,3745024.3,3745024.3,0.0,0.0,0.0,False
44,72,2,zero-riscy-a-2-c5,2,"{""max_displacement"": 0, ""site_search_window"": 0, ""row_search_window"": 0, ""disallow_one_site_gaps"": 0, ""use_diamond_legalizer"": 1, ""disable_window_extension"": 0}","{""max_displacement"": 0, ""site_search_window"": 0, ""row_search_window"": 0, ""disallow_one_site_gaps"": 0, ""use_diamond_legalizer"": 1, ""disable_window_extension"": 0}",VALID,3745024.3,3745024.3,0.0,0.0,0.0,False
44,72,3,zero-riscy-a-2-c5,1,"{""max_displacement"": 0, ""site_search_window"": 0, ""row_search_window"": 0, ""disallow_one_site_gaps"": 0, ""use_diamond_legalizer"": 1, ""disable_window_extension"": 0}","{""max_displacement"": 10, ""site_search_window"": 10, ""row_search_window"": 2, ""disallow_one_site_gaps"": 0, ""use_diamond_legalizer"": 1, ""disable_window_extension"": 0}",VALID,3745024.3,3745024.3,0.0,0.0,0.0,False
44,72,4,zero-riscy-a-2-c5,4,"{""max_displacement"": 10, ""site_search_window"": 10, ""row_search_window"": 2, ""disallow_one_site_gaps"": 0, ""use_diamond_legalizer"": 1, ""disable_window_extension"": 0}","{""max_displacement"": 10, ""site_search_window"": 0, ""row_search_window"": 0, ""disallow_one_site_gaps"": 0, ""use_diamond_legalizer"": 1, ""disable_window_extension"": 0}",VALID,3745024.3,3745024.3,0.0,0.0,0.0,False
44,72,5,zero-riscy-a-2-c5,0,"{""max_displacement"": 10, ""site_search_window"": 0, ""row_search_window"": 0, ""disallow_one_site_gaps"": 0, ""use_diamond_legalizer"": 1, ""disable_window_extension"": 0}","{""max_displacement"": 10, ""site_search_window"": 0, ""row_search_window"": 0, ""disallow_one_site_gaps"": true, ""use_diamond_legalizer"": 1, ""disable_window_extension"": true}",VALID,3745024.3,3745024.3,0.0,0.0,0.0,False
44,72,6,zero-riscy-a-2-c5,5,"{""max_displacement"": 10, ""site_search_window"": 0, ""row_search_window"": 0, ""disallow_one_site_gaps"": true, ""use_diamond_legalizer"": 1, ""disable_window_extension"": true}","{""max_displacement"": 20, ""site_search_window"": 10, ""row_search_window"": 0, ""disallow_one_site_gaps"": true, ""use_diamond_legalizer"": 1, ""disable_window_extension"": true}",VALID,3745024.3,3745024.3,0.0,0.0,0.0,False
44,72,7,zero-riscy-a-2-c5,0,"{""max_displacement"": 20, ""site_search_window"": 10, ""row_search_window"": 0, ""disallow_one_site_gaps"": true, ""use_diamond_legalizer"": 1, ""disable_window_extension"": true}","{""max_displacement"": 20, ""site_search_window"": 10, ""row_search_window"": 0, ""disallow_one_site_gaps"": false, ""use_diamond_legalizer"": 1, ""disable_window_extension"": false}",VALID,3745024.3,3745024.3,0.0,0.0,0.0,False
44,72,8,zero-riscy-a-2-c5,1,"{""max_displacement"": 20, ""site_search_window"": 10, ""row_search_window"": 0, ""disallow_one_site_gaps"": false, ""use_diamond_legalizer"": 1, ""disable_window_extension"": false}","{""max_displacement"": 30, ""site_search_window"": 20, ""row_search_window"": 2, ""disallow_one_site_gaps"": false, ""use_diamond_legalizer"": 1, ""disable_window_extension"": false}",VALID,3745024.3,3745024.3,0.0,0.0,0.0,False
44,72,9,zero-riscy-a-2-c5,5,"{""max_displacement"": 30, ""site_search_window"": 20, ""row_search_window"": 2, ""disallow_one_site_gaps"": false, ""use_diamond_legalizer"": 1, ""disable_window_extension"": false}","{""max_displacement"": 40, ""site_search_window"": 30, ""row_search_window"": 2, ""disallow_one_site_gaps"": false, ""use_diamond_legalizer"": 1, ""disable_window_extension"": false}",VALID,3745024.3,3745024.3,0.0,0.0,0.0,False
44,72,10,zero-riscy-a-2-c5,4,"{""max_displacement"": 40, ""site_search_window"": 30, ""row_search_window"": 2, ""disallow_one_site_gaps"": false, ""use_diamond_legalizer"": 1, ""disable_window_extension"": false}","{""max_displacement"": 40, ""site_search_window"": 20, ""row_search_window"": 0, ""disallow_one_site_gaps"": false, ""use_diamond_legalizer"": 1, ""disable_window_extension"": false}",VALID,3745024.3,3745024.3,0.0,0.0,0.0,True
44,73,1,RISCY-FPU-b-1-c5,1,"{""max_displacement"": 0, ""site_search_window"": 0, ""row_search_window"": 0, ""disallow_one_site_gaps"": 0, ""use_diamond_legalizer"": 1, ""disable_window_extension"": 0}","{""max_displacement"": 10, ""site_search_window"": 10, ""row_search_window"": 2, ""disallow_one_site_gaps"": 0, ""use_diamond_legalizer"": 1, ""disable_window_extension"": 0}",VALID,4682989.8,4682989.8,0.0,0.0,0.0,False
44,73,2,RISCY-FPU-b-1-c5,4,"{""max_displacement"": 10, ""site_search_window"": 10, ""row_search_window"": 2, ""disallow_one_site_gaps"": 0, ""use_diamond_legalizer"": 1, ""disable_window_extension"": 0}","{""max_displacement"": 10, ""site_search_window"": 0, ""row_search_window"": 0, ""disallow_one_site_gaps"": 0, ""use_diamond_legalizer"": 1, ""disable_window_extension"": 0}",VALID,4682989.8,4682989.8,0.0,0.0,0.0,False
44,73,3,RISCY-FPU-b-1-c5,6,"{""max_displacement"": 10, ""site_search_window"": 0, ""row_search_window"": 0, ""disallow_one_site_gaps"": 0, ""use_diamond_legalizer"": 1, ""disable_window_extension"": 0}","{""max_displacement"": 0, ""site_search_window"": 0, ""row_search_window"": 0, ""disallow_one_site_gaps"": 0, ""use_diamond_legalizer"": 1, ""disable_window_extension"": 0}",VALID,4682989.8,4682989.8,0.0,0.0,0.0,False
44,73,4,RISCY-FPU-b-1-c5,4,"{""max_displacement"": 0, ""site_search_window"": 0, ""row_search_window"": 0, ""disallow_one_site_gaps"": 0, ""use_diamond_legalizer"": 1, ""disable_window_extension"": 0}","{""max_displacement"": 0, ""site_search_window"": 0, ""row_search_window"": 0, ""disallow_one_site_gaps"": 0, ""use_diamond_legalizer"": 1, ""disable_window_extension"": 0}",VALID,4682989.8,4682989.8,0.0,0.0,0.0,False
44,73,5,RISCY-FPU-b-1-c5,6,"{""max_displacement"": 0, ""site_search_window"": 0, ""row_search_window"": 0, ""disallow_one_site_gaps"": 0, ""use_diamond_legalizer"": 1, ""disable_window_extension"": 0}","{""max_displacement"": 0, ""site_search_window"": 0, ""row_search_window"": 0, ""disallow_one_site_gaps"": 0, ""use_diamond_legalizer"": 1, ""disable_window_extension"": 0}",VALID,4682989.8,4682989.8,0.0,0.0,0.0,False
44,73,6,RISCY-FPU-b-1-c5,7,"{""max_displacement"": 0, ""site_search_window"": 0, ""row_search_window"": 0, ""disallow_one_site_gaps"": 0, ""use_diamond_legalizer"": 1, ""disable_window_extension"": 0}","{""max_displacement"": 0, ""site_search_window"": 0, ""row_search_window"": 0, ""disallow_one_site_gaps"": 0, ""use_diamond_legalizer"": 1, ""disable_window_extension"": 0}",VALID,4682989.8,4682989.8,0.0,0.0,0.0,False
44,73,7,RISCY-FPU-b-1-c5,7,"{""max_displacement"": 0, ""site_search_window"": 0, ""row_search_window"": 0, ""disallow_one_site_gaps"": 0, ""use_diamond_legalizer"": 1, ""disable_window_extension"": 0}","{""max_displacement"": 0, ""site_search_window"": 0, ""row_search_window"": 0, ""disallow_one_site_gaps"": 0, ""use_diamond_legalizer"": 1, ""disable_window_extension"": 0}",VALID,4682989.8,4682989.8,0.0,0.0,0.0,False
44,73,8,RISCY-FPU-b-1-c5,6,"{""max_displacement"": 0, ""site_search_window"": 0, ""row_search_window"": 0, ""disallow_one_site_gaps"": 0, ""use_diamond_legalizer"": 1, ""disable_window_extension"": 0}","{""max_displacement"": 0, ""site_search_window"": 0, ""row_search_window"": 0, ""disallow_one_site_gaps"": 0, ""use_diamond_legalizer"": 1, ""disable_window_extension"": 0}",VALID,4682989.8,4682989.8,0.0,0.0,0.0,False
44,73,9,RISCY-FPU-b-1-c5,5,"{""max_displacement"": 0, ""site_search_window"": 0, ""row_search_window"": 0, ""disallow_one_site_gaps"": 0, ""use_diamond_legalizer"": 1, ""disable_window_extension"": 0}","{""max_displacement"": 10, ""site_search_window"": 10, ""row_search_window"": 0, ""disallow_one_site_gaps"": 0, ""use_diamond_legalizer"": 1, ""disable_window_extension"": 0}",VALID,4682989.8,4682989.8,0.0,0.0,0.0,False
44,73,10,RISCY-FPU-b-1-c5,4,"{""max_displacement"": 10, ""site_search_window"": 10, ""row_search_window"": 0, ""disallow_one_site_gaps"": 0, ""use_diamond_legalizer"": 1, ""disable_window_extension"": 0}","{""max_displacement"": 10, ""site_search_window"": 0, ""row_search_window"": 0, ""disallow_one_site_gaps"": 0, ""use_diamond_legalizer"": 1, ""disable_window_extension"": 0}",VALID,4682989.8,4682989.8,0.0,0.0,0.0,True
44,74,1,RISCY-FPU-b-2-c20,0,"{""max_displacement"": 0, ""site_search_window"": 0, ""row_search_window"": 0, ""disallow_one_site_gaps"": 0, ""use_diamond_legalizer"": 1, ""disable_window_extension"": 0}","{""max_displacement"": 0, ""site_search_window"": 0, ""row_search_window"": 0, ""disallow_one_site_gaps"": true, ""use_diamond_legalizer"": 1, ""disable_window_extension"": true}",VALID,4992984.1,4992984.1,0.0,0.0,0.0,False
44,74,2,RISCY-FPU-b-2-c20,5,"{""max_displacement"": 0, ""site_search_window"": 0, ""row_search_window"": 0, ""disallow_one_site_gaps"": true, ""use_diamond_legalizer"": 1, ""disable_window_extension"": true}","{""max_displacement"": 10, ""site_search_window"": 10, ""row_search_window"": 0, ""disallow_one_site_gaps"": true, ""use_diamond_legalizer"": 1, ""disable_window_extension"": true}",FAILED,4992984.1,4992984.1,0.0,-100.0,-1.0,False
44,74,3,RISCY-FPU-b-2-c20,0,"{""max_displacement"": 10, ""site_search_window"": 10, ""row_search_window"": 0, ""disallow_one_site_gaps"": true, ""use_diamond_legalizer"": 1, ""disable_window_extension"": true}","{""max_displacement"": 10, ""site_search_window"": 10, ""row_search_window"": 0, ""disallow_one_site_gaps"": false, ""use_diamond_legalizer"": 1, ""disable_window_extension"": false}",FAILED,4992984.1,4992984.1,0.0,-100.0,-1.0,False
44,74,4,RISCY-FPU-b-2-c20,1,"{""max_displacement"": 10, ""site_search_window"": 10, ""row_search_window"": 0, ""disallow_one_site_gaps"": false, ""use_diamond_legalizer"": 1, ""disable_window_extension"": false}","{""max_displacement"": 20, ""site_search_window"": 20, ""row_search_window"": 2, ""disallow_one_site_gaps"": false, ""use_diamond_legalizer"": 1, ""disable_window_extension"": false}",FAILED,4992984.1,4992984.1,0.0,-100.0,-1.0,False
44,74,5,RISCY-FPU-b-2-c20,1,"{""max_displacement"": 20, ""site_search_window"": 20, ""row_search_window"": 2, ""disallow_one_site_gaps"": false, ""use_diamond_legalizer"": 1, ""disable_window_extension"": false}","{""max_displacement"": 30, ""site_search_window"": 30, ""row_search_window"": 4, ""disallow_one_site_gaps"": false, ""use_diamond_legalizer"": 1, ""disable_window_extension"": false}",FAILED,4992984.1,4992984.1,0.0,-100.0,-1.0,False
44,74,6,RISCY-FPU-b-2-c20,6,"{""max_displacement"": 30, ""site_search_window"": 30, ""row_search_window"": 4, ""disallow_one_site_gaps"": false, ""use_diamond_legalizer"": 1, ""disable_window_extension"": false}","{""max_displacement"": 20, ""site_search_window"": 20, ""row_search_window"": 4, ""disallow_one_site_gaps"": false, ""use_diamond_legalizer"": 1, ""disable_window_extension"": false}",FAILED,4992984.1,4992984.1,0.0,-100.0,-1.0,False
44,74,7,RISCY-FPU-b-2-c20,6,"{""max_displacement"": 20, ""site_search_window"": 20, ""row_search_window"": 4, ""disallow_one_site_gaps"": false, ""use_diamond_legalizer"": 1, ""disable_window_extension"": false}","{""max_displacement"": 10, ""site_search_window"": 10, ""row_search_window"": 4, ""disallow_one_site_gaps"": false, ""use_diamond_legalizer"": 1, ""disable_window_extension"": false}",FAILED,4992984.1,4992984.1,0.0,-100.0,-1.0,False
44,74,8,RISCY-FPU-b-2-c20,6,"{""max_displacement"": 10, ""site_search_window"": 10, ""row_search_window"": 4, ""disallow_one_site_gaps"": false, ""use_diamond_legalizer"": 1, ""disable_window_extension"": false}","{""max_displacement"": 0, ""site_search_window"": 0, ""row_search_window"": 4, ""disallow_one_site_gaps"": false, ""use_diamond_legalizer"": 1, ""disable_window_extension"": false}",VALID,4992984.1,4992984.1,0.0,0.0,0.0,False
44,74,9,RISCY-FPU-b-2-c20,3,"{""max_displacement"": 0, ""site_search_window"": 0, ""row_search_window"": 4, ""disallow_one_site_gaps"": false, ""use_diamond_legalizer"": 1, ""disable_window_extension"": false}","{""max_displacement"": 0, ""site_search_window"": 10, ""row_search_window"": 6, ""disallow_one_site_gaps"": false, ""use_diamond_legalizer"": 1, ""disable_window_extension"": false}",VALID,4992984.1,4992984.1,0.0,0.0,0.0,False
44,74,10,RISCY-FPU-b-2-c20,0,"{""max_displacement"": 0, ""site_search_window"": 10, ""row_search_window"": 6, ""disallow_one_site_gaps"": false, ""use_diamond_legalizer"": 1, ""disable_window_extension"": false}","{""max_displacement"": 0, ""site_search_window"": 10, ""row_search_window"": 6, ""disallow_one_site_gaps"": true, ""use_diamond_legalizer"": 1, ""disable_window_extension"": true}",VALID,4992984.1,4992984.1,0.0,0.0,0.0,True
44,75,1,RISCY-FPU-a-3-c20,5,"{""max_displacement"": 0, ""site_search_window"": 0, ""row_search_window"": 0, ""disallow_one_site_gaps"": 0, ""use_diamond_legalizer"": 1, ""disable_window_extension"": 0}","{""max_displacement"": 10, ""site_search_window"": 10, ""row_search_window"": 0, ""disallow_one_site_gaps"": 0, ""use_diamond_legalizer"": 1, ""disable_window_extension"": 0}",FAILED,7062334.5,7062334.5,0.0,-100.0,-1.0,False
44,75,2,RISCY-FPU-a-3-c20,3,"{""max_displacement"": 10, ""site_search_window"": 10, ""row_search_window"": 0, ""disallow_one_site_gaps"": 0, ""use_diamond_legalizer"": 1, ""disable_window_extension"": 0}","{""max_displacement"": 10, ""site_search_window"": 20, ""row_search_window"": 2, ""disallow_one_site_gaps"": 0, ""use_diamond_legalizer"": 1, ""disable_window_extension"": 0}",FAILED,7062334.5,7062334.5,0.0,-100.0,-1.0,False
44,75,3,RISCY-FPU-a-3-c20,4,"{""max_displacement"": 10, ""site_search_window"": 20, ""row_search_window"": 2, ""disallow_one_site_gaps"": 0, ""use_diamond_legalizer"": 1, ""disable_window_extension"": 0}","{""max_displacement"": 10, ""site_search_window"": 10, ""row_search_window"": 0, ""disallow_one_site_gaps"": 0, ""use_diamond_legalizer"": 1, ""disable_window_extension"": 0}",FAILED,7062334.5,7062334.5,0.0,-100.0,-1.0,False
44,75,4,RISCY-FPU-a-3-c20,0,"{""max_displacement"": 10, ""site_search_window"": 10, ""row_search_window"": 0, ""disallow_one_site_gaps"": 0, ""use_diamond_legalizer"": 1, ""disable_window_extension"": 0}","{""max_displacement"": 10, ""site_search_window"": 10, ""row_search_window"": 0, ""disallow_one_site_gaps"": true, ""use_diamond_legalizer"": 1, ""disable_window_extension"": true}",FAILED,7062334.5,7062334.5,0.0,-100.0,-1.0,False
44,75,5,RISCY-FPU-a-3-c20,5,"{""max_displacement"": 10, ""site_search_window"": 10, ""row_search_window"": 0, ""disallow_one_site_gaps"": true, ""use_diamond_legalizer"": 1, ""disable_window_extension"": true}","{""max_displacement"": 20, ""site_search_window"": 20, ""row_search_window"": 0, ""disallow_one_site_gaps"": true, ""use_diamond_legalizer"": 1, ""disable_window_extension"": true}",FAILED,7062334.5,7062334.5,0.0,-100.0,-1.0,False
44,75,6,RISCY-FPU-a-3-c20,5,"{""max_displacement"": 20, ""site_search_window"": 20, ""row_search_window"": 0, ""disallow_one_site_gaps"": true, ""use_diamond_legalizer"": 1, ""disable_window_extension"": true}","{""max_displacement"": 30, ""site_search_window"": 30, ""row_search_window"": 0, ""disallow_one_site_gaps"": true, ""use_diamond_legalizer"": 1, ""disable_window_extension"": true}",FAILED,7062334.5,7062334.5,0.0,-100.0,-1.0,False
44,75,7,RISCY-FPU-a-3-c20,4,"{""max_displacement"": 30, ""site_search_window"": 30, ""row_search_window"": 0, ""disallow_one_site_gaps"": true, ""use_diamond_legalizer"": 1, ""disable_window_extension"": true}","{""max_displacement"": 30, ""site_search_window"": 20, ""row_search_window"": 0, ""disallow_one_site_gaps"": true, ""use_diamond_legalizer"": 1, ""disable_window_extension"": true}",FAILED,7062334.5,7062334.5,0.0,-100.0,-1.0,False
44,75,8,RISCY-FPU-a-3-c20,4,"{""max_displacement"": 30, ""site_search_window"": 20, ""row_search_window"": 0, ""disallow_one_site_gaps"": true, ""use_diamond_legalizer"": 1, ""disable_window_extension"": true}","{""max_displacement"": 30, ""site_search_window"": 10, ""row_search_window"": 0, ""disallow_one_site_gaps"": true, ""use_diamond_legalizer"": 1, ""disable_window_extension"": true}",FAILED,7062334.5,7062334.5,0.0,-100.0,-1.0,False
44,75,9,RISCY-FPU-a-3-c20,4,"{""max_displacement"": 30, ""site_search_window"": 10, ""row_search_window"": 0, ""disallow_one_site_gaps"": true, ""use_diamond_legalizer"": 1, ""disable_window_extension"": true}","{""max_displacement"": 30, ""site_search_window"": 0, ""row_search_window"": 0, ""disallow_one_site_gaps"": true, ""use_diamond_legalizer"": 1, ""disable_window_extension"": true}",FAILED,7062334.5,7062334.5,0.0,-100.0,-1.0,False
44,75,10,RISCY-FPU-a-3-c20,6,"{""max_displacement"": 30, ""site_search_window"": 0, ""row_search_window"": 0, ""disallow_one_site_gaps"": true, ""use_diamond_legalizer"": 1, ""disable_window_extension"": true}","{""max_displacement"": 20, ""site_search_window"": 0, ""row_search_window"": 0, ""disallow_one_site_gaps"": true, ""use_diamond_legalizer"": 1, ""disable_window_extension"": true}",FAILED,7062334.5,7062334.5,0.0,-100.0,-1.0,True
44,76,1,zero-riscy-a-2-c5,7,"{""max_displacement"": 0, ""site_search_window"": 0, ""row_search_window"": 0, ""disallow_one_site_gaps"": 0, ""use_diamond_legalizer"": 1, ""disable_window_extension"": 0}","{""max_displacement"": 0, ""site_search_window"": 0, ""row_search_window"": 0, ""disallow_one_site_gaps"": 0, ""use_diamond_legalizer"": 1, ""disable_window_extension"": 0}",VALID,3745024.3,3745024.3,0.0,0.0,0.0,False
44,76,2,zero-riscy-a-2-c5,5,"{""max_displacement"": 0, ""site_search_window"": 0, ""row_search_window"": 0, ""disallow_one_site_gaps"": 0, ""use_diamond_legalizer"": 1, ""disable_window_extension"": 0}","{""max_displacement"": 10, ""site_search_window"": 10, ""row_search_window"": 0, ""disallow_one_site_gaps"": 0, ""use_diamond_legalizer"": 1, ""disable_window_extension"": 0}",VALID,3745024.3,3745024.3,0.0,0.0,0.0,False
44,76,3,zero-riscy-a-2-c5,3,"{""max_displacement"": 10, ""site_search_window"": 10, ""row_search_window"": 0, ""disallow_one_site_gaps"": 0, ""use_diamond_legalizer"": 1, ""disable_window_extension"": 0}","{""max_displacement"": 10, ""site_search_window"": 20, ""row_search_window"": 2, ""disallow_one_site_gaps"": 0, ""use_diamond_legalizer"": 1, ""disable_window_extension"": 0}",VALID,3745024.3,3745024.3,0.0,0.0,0.0,False
44,76,4,zero-riscy-a-2-c5,6,"{""max_displacement"": 10, ""site_search_window"": 20, ""row_search_window"": 2, ""disallow_one_site_gaps"": 0, ""use_diamond_legalizer"": 1, ""disable_window_extension"": 0}","{""max_displacement"": 0, ""site_search_window"": 10, ""row_search_window"": 2, ""disallow_one_site_gaps"": 0, ""use_diamond_legalizer"": 1, ""disable_window_extension"": 0}",VALID,3745024.3,3745024.3,0.0,0.0,0.0,False
44,76,5,zero-riscy-a-2-c5,4,"{""max_displacement"": 0, ""site_search_window"": 10, ""row_search_window"": 2, ""disallow_one_site_gaps"": 0, ""use_diamond_legalizer"": 1, ""disable_window_extension"": 0}","{""max_displacement"": 0, ""site_search_window"": 0, ""row_search_window"": 0, ""disallow_one_site_gaps"": 0, ""use_diamond_legalizer"": 1, ""disable_window_extension"": 0}",VALID,3745024.3,3745024.3,0.0,0.0,0.0,False
44,76,6,zero-riscy-a-2-c5,4,"{""max_displacement"": 0, ""site_search_window"": 0, ""row_search_window"": 0, ""disallow_one_site_gaps"": 0, ""use_diamond_legalizer"": 1, ""disable_window_extension"": 0}","{""max_displacement"": 0, ""site_search_window"": 0, ""row_search_window"": 0, ""disallow_one_site_gaps"": 0, ""use_diamond_legalizer"": 1, ""disable_window_extension"": 0}",VALID,3745024.3,3745024.3,0.0,0.0,0.0,False
44,76,7,zero-riscy-a-2-c5,7,"{""max_displacement"": 0, ""site_search_window"": 0, ""row_search_window"": 0, ""disallow_one_site_gaps"": 0, ""use_diamond_legalizer"": 1, ""disable_window_extension"": 0}","{""max_displacement"": 0, ""site_search_window"": 0, ""row_search_window"": 0, ""disallow_one_site_gaps"": 0, ""use_diamond_legalizer"": 1, ""disable_window_extension"": 0}",VALID,3745024.3,3745024.3,0.0,0.0,0.0,False
44,76,8,zero-riscy-a-2-c5,2,"{""max_displacement"": 0, ""site_search_window"": 0, ""row_search_window"": 0, ""disallow_one_site_gaps"": 0, ""use_diamond_legalizer"": 1, ""disable_window_extension"": 0}","{""max_displacement"": 0, ""site_search_window"": 0, ""row_search_window"": 0, ""disallow_one_site_gaps"": 0, ""use_diamond_legalizer"": 1, ""disable_window_extension"": 0}",VALID,3745024.3,3745024.3,0.0,0.0,0.0,False
44,76,9,zero-riscy-a-2-c5,3,"{""max_displacement"": 0, ""site_search_window"": 0, ""row_search_window"": 0, ""disallow_one_site_gaps"": 0, ""use_diamond_legalizer"": 1, ""disable_window_extension"": 0}","{""max_displacement"": 0, ""site_search_window"": 10, ""row_search_window"": 2, ""disallow_one_site_gaps"": 0, ""use_diamond_legalizer"": 1, ""disable_window_extension"": 0}",VALID,3745024.3,3745024.3,0.0,0.0,0.0,False
44,76,10,zero-riscy-a-2-c5,3,"{""max_displacement"": 0, ""site_search_window"": 10, ""row_search_window"": 2, ""disallow_one_site_gaps"": 0, ""use_diamond_legalizer"": 1, ""disable_window_extension"": 0}","{""max_displacement"": 0, ""site_search_window"": 20, ""row_search_window"": 4, ""disallow_one_site_gaps"": 0, ""use_diamond_legalizer"": 1, ""disable_window_extension"": 0}",VALID,3745024.3,3745024.3,0.0,0.0,0.0,True
44,77,1,zero-riscy-b-1-c20,3,"{""max_displacement"": 0, ""site_search_window"": 0, ""row_search_window"": 0, ""disallow_one_site_gaps"": 0, ""use_diamond_legalizer"": 1, ""disable_window_extension"": 0}","{""max_displacement"": 0, ""site_search_window"": 10, ""row_search_window"": 2, ""disallow_one_site_gaps"": 0, ""use_diamond_legalizer"": 1, ""disable_window_extension"": 0}",VALID,1957747.6,1957747.6,0.0,0.0,0.0,False
44,77,2,zero-riscy-b-1-c20,4,"{""max_displacement"": 0, ""site_search_window"": 10, ""row_search_window"": 2, ""disallow_one_site_gaps"": 0, ""use_diamond_legalizer"": 1, ""disable_window_extension"": 0}","{""max_displacement"": 0, ""site_search_window"": 0, ""row_search_window"": 0, ""disallow_one_site_gaps"": 0, ""use_diamond_legalizer"": 1, ""disable_window_extension"": 0}",VALID,1957747.6,1957747.6,0.0,0.0,0.0,False
44,77,3,zero-riscy-b-1-c20,4,"{""max_displacement"": 0, ""site_search_window"": 0, ""row_search_window"": 0, ""disallow_one_site_gaps"": 0, ""use_diamond_legalizer"": 1, ""disable_window_extension"": 0}","{""max_displacement"": 0, ""site_search_window"": 0, ""row_search_window"": 0, ""disallow_one_site_gaps"": 0, ""use_diamond_legalizer"": 1, ""disable_window_extension"": 0}",VALID,1957747.6,1957747.6,0.0,0.0,0.0,False
44,77,4,zero-riscy-b-1-c20,6,"{""max_displacement"": 0, ""site_search_window"": 0, ""row_search_window"": 0, ""disallow_one_site_gaps"": 0, ""use_diamond_legalizer"": 1, ""disable_window_extension"": 0}","{""max_displacement"": 0, ""site_search_window"": 0, ""row_search_window"": 0, ""disallow_one_site_gaps"": 0, ""use_diamond_legalizer"": 1, ""disable_window_extension"": 0}",VALID,1957747.6,1957747.6,0.0,0.0,0.0,False
44,77,5,zero-riscy-b-1-c20,1,"{""max_displacement"": 0, ""site_search_window"": 0, ""row_search_window"": 0, ""disallow_one_site_gaps"": 0, ""use_diamond_legalizer"": 1, ""disable_window_extension"": 0}","{""max_displacement"": 10, ""site_search_window"": 10, ""row_search_window"": 2, ""disallow_one_site_gaps"": 0, ""use_diamond_legalizer"": 1, ""disable_window_extension"": 0}",VALID,1957747.6,1957747.6,0.0,0.0,0.0,False
44,77,6,zero-riscy-b-1-c20,6,"{""max_displacement"": 10, ""site_search_window"": 10, ""row_search_window"": 2, ""disallow_one_site_gaps"": 0, ""use_diamond_legalizer"": 1, ""disable_window_extension"": 0}","{""max_displacement"": 0, ""site_search_window"": 0, ""row_search_window"": 2, ""disallow_one_site_gaps"": 0, ""use_diamond_legalizer"": 1, ""disable_window_extension"": 0}",VALID,1957747.6,1957747.6,0.0,0.0,0.0,False
44,77,7,zero-riscy-b-1-c20,4,"{""max_displacement"": 0, ""site_search_window"": 0, ""row_search_window"": 2, ""disallow_one_site_gaps"": 0, ""use_diamond_legalizer"": 1, ""disable_window_extension"": 0}","{""max_displacement"": 0, ""site_search_window"": 0, ""row_search_window"": 0, ""disallow_one_site_gaps"": 0, ""use_diamond_legalizer"": 1, ""disable_window_extension"": 0}",VALID,1957747.6,1957747.6,0.0,0.0,0.0,False
44,77,8,zero-riscy-b-1-c20,6,"{""max_displacement"": 0, ""site_search_window"": 0, ""row_search_window"": 0, ""disallow_one_site_gaps"": 0, ""use_diamond_legalizer"": 1, ""disable_window_extension"": 0}","{""max_displacement"": 0, ""site_search_window"": 0, ""row_search_window"": 0, ""disallow_one_site_gaps"": 0, ""use_diamond_legalizer"": 1, ""disable_window_extension"": 0}",VALID,1957747.6,1957747.6,0.0,0.0,0.0,False
44,77,9,zero-riscy-b-1-c20,6,"{""max_displacement"": 0, ""site_search_window"": 0, ""row_search_window"": 0, ""disallow_one_site_gaps"": 0, ""use_diamond_legalizer"": 1, ""disable_window_extension"": 0}","{""max_displacement"": 0, ""site_search_window"": 0, ""row_search_window"": 0, ""disallow_one_site_gaps"": 0, ""use_diamond_legalizer"": 1, ""disable_window_extension"": 0}",VALID,1957747.6,1957747.6,0.0,0.0,0.0,False
44,77,10,zero-riscy-b-1-c20,2,"{""max_displacement"": 0, ""site_search_window"": 0, ""row_search_window"": 0, ""disallow_one_site_gaps"": 0, ""use_diamond_legalizer"": 1, ""disable_window_extension"": 0}","{""max_displacement"": 0, ""site_search_window"": 0, ""row_search_window"": 0, ""disallow_one_site_gaps"": 0, ""use_diamond_legalizer"": 1, ""disable_window_extension"": 0}",VALID,1957747.6,1957747.6,0.0,0.0,0.0,True
44,78,1,zero-riscy-a-3-c5,4,"{""max_displacement"": 0, ""site_search_window"": 0, ""row_search_window"": 0, ""disallow_one_site_gaps"": 0, ""use_diamond_legalizer"": 1, ""disable_window_extension"": 0}","{""max_displacement"": 0, ""site_search_window"": 0, ""row_search_window"": 0, ""disallow_one_site_gaps"": 0, ""use_diamond_legalizer"": 1, ""disable_window_extension"": 0}",VALID,3626760.8,3626760.8,0.0,0.0,0.0,False
44,78,2,zero-riscy-a-3-c5,3,"{""max_displacement"": 0, ""site_search_window"": 0, ""row_search_window"": 0, ""disallow_one_site_gaps"": 0, ""use_diamond_legalizer"": 1, ""disable_window_extension"": 0}","{""max_displacement"": 0, ""site_search_window"": 10, ""row_search_window"": 2, ""disallow_one_site_gaps"": 0, ""use_diamond_legalizer"": 1, ""disable_window_extension"": 0}",VALID,3626760.8,3626760.8,0.0,0.0,0.0,False
44,78,3,zero-riscy-a-3-c5,2,"{""max_displacement"": 0, ""site_search_window"": 10, ""row_search_window"": 2, ""disallow_one_site_gaps"": 0, ""use_diamond_legalizer"": 1, ""disable_window_extension"": 0}","{""max_displacement"": 0, ""site_search_window"": 0, ""row_search_window"": 0, ""disallow_one_site_gaps"": 0, ""use_diamond_legalizer"": 1, ""disable_window_extension"": 0}",VALID,3626760.8,3626760.8,0.0,0.0,0.0,False
44,78,4,zero-riscy-a-3-c5,4,"{""max_displacement"": 0, ""site_search_window"": 0, ""row_search_window"": 0, ""disallow_one_site_gaps"": 0, ""use_diamond_legalizer"": 1, ""disable_window_extension"": 0}","{""max_displacement"": 0, ""site_search_window"": 0, ""row_search_window"": 0, ""disallow_one_site_gaps"": 0, ""use_diamond_legalizer"": 1, ""disable_window_extension"": 0}",VALID,3626760.8,3626760.8,0.0,0.0,0.0,False
44,78,5,zero-riscy-a-3-c5,3,"{""max_displacement"": 0, ""site_search_window"": 0, ""row_search_window"": 0, ""disallow_one_site_gaps"": 0, ""use_diamond_legalizer"": 1, ""disable_window_extension"": 0}","{""max_displacement"": 0, ""site_search_window"": 10, ""row_search_window"": 2, ""disallow_one_site_gaps"": 0, ""use_diamond_legalizer"": 1, ""disable_window_extension"": 0}",VALID,3626760.8,3626760.8,0.0,0.0,0.0,False
44,78,6,zero-riscy-a-3-c5,0,"{""max_displacement"": 0, ""site_search_window"": 10, ""row_search_window"": 2, ""disallow_one_site_gaps"": 0, ""use_diamond_legalizer"": 1, ""disable_window_extension"": 0}","{""max_displacement"": 0, ""site_search_window"": 10, ""row_search_window"": 2, ""disallow_one_site_gaps"": true, ""use_diamond_legalizer"": 1, ""disable_window_extension"": true}",VALID,3626760.8,3626760.8,0.0,0.0,0.0,False
44,78,7,zero-riscy-a-3-c5,5,"{""max_displacement"": 0, ""site_search_window"": 10, ""row_search_window"": 2, ""disallow_one_site_gaps"": true, ""use_diamond_legalizer"": 1, ""disable_window_extension"": true}","{""max_displacement"": 10, ""site_search_window"": 20, ""row_search_window"": 2, ""disallow_one_site_gaps"": true, ""use_diamond_legalizer"": 1, ""disable_window_extension"": true}",FAILED,3626760.8,3626760.8,0.0,-100.0,-1.0,False
44,78,8,zero-riscy-a-3-c5,4,"{""max_displacement"": 10, ""site_search_window"": 20, ""row_search_window"": 2, ""disallow_one_site_gaps"": true, ""use_diamond_legalizer"": 1, ""disable_window_extension"": true}","{""max_displacement"": 10, ""site_search_window"": 10, ""row_search_window"": 0, ""disallow_one_site_gaps"": true, ""use_diamond_legalizer"": 1, ""disable_window_extension"": true}",FAILED,3626760.8,3626760.8,0.0,-100.0,-1.0,False
44,78,9,zero-riscy-a-3-c5,7,"{""max_displacement"": 10, ""site_search_window"": 10, ""row_search_window"": 0, ""disallow_one_site_gaps"": true, ""use_diamond_legalizer"": 1, ""disable_window_extension"": true}","{""max_displacement"": 10, ""site_search_window"": 10, ""row_search_window"": 0, ""disallow_one_site_gaps"": true, ""use_diamond_legalizer"": 1, ""disable_window_extension"": true}",FAILED,3626760.8,3626760.8,0.0,-100.0,-1.0,False
44,78,10,zero-riscy-a-3-c5,0,"{""max_displacement"": 10, ""site_search_window"": 10, ""row_search_window"": 0, ""disallow_one_site_gaps"": true, ""use_diamond_legalizer"": 1, ""disable_window_extension"": true}","{""max_displacement"": 10, ""site_search_window"": 10, ""row_search_window"": 0, ""disallow_one_site_gaps"": false, ""use_diamond_legalizer"": 1, ""disable_window_extension"": false}",FAILED,3626760.8,3626760.8,0.0,-100.0,-1.0,True
44,79,1,RISCY-FPU-b-3-c20,1,"{""max_displacement"": 0, ""site_search_window"": 0, ""row_search_window"": 0, ""disallow_one_site_gaps"": 0, ""use_diamond_legalizer"": 1, ""disable_window_extension"": 0}","{""max_displacement"": 10, ""site_search_window"": 10, ""row_search_window"": 2, ""disallow_one_site_gaps"": 0, ""use_diamond_legalizer"": 1, ""disable_window_extension"": 0}",FAILED,5040703.3,5040703.3,0.0,-100.0,-1.0,False
44,79,2,RISCY-FPU-b-3-c20,2,"{""max_displacement"": 10, ""site_search_window"": 10, ""row_search_window"": 2, ""disallow_one_site_gaps"": 0, ""use_diamond_legalizer"": 1, ""disable_window_extension"": 0}","{""max_displacement"": 0, ""site_search_window"": 0, ""row_search_window"": 0, ""disallow_one_site_gaps"": 0, ""use_diamond_legalizer"": 1, ""disable_window_extension"": 0}",VALID,5040703.3,5040703.3,0.0,0.0,0.0,False
44,79,3,RISCY-FPU-b-3-c20,0,"{""max_displacement"": 0, ""site_search_window"": 0, ""row_search_window"": 0, ""disallow_one_site_gaps"": 0, ""use_diamond_legalizer"": 1, ""disable_window_extension"": 0}","{""max_displacement"": 0, ""site_search_window"": 0, ""row_search_window"": 0, ""disallow_one_site_gaps"": true, ""use_diamond_legalizer"": 1, ""disable_window_extension"": true}",VALID,5040703.3,5040703.3,0.0,0.0,0.0,False
44,79,4,RISCY-FPU-b-3-c20,5,"{""max_displacement"": 0, ""site_search_window"": 0, ""row_search_window"": 0, ""disallow_one_site_gaps"": true, ""use_diamond_legalizer"": 1, ""disable_window_extension"": true}","{""max_displacement"": 10, ""site_search_window"": 10, ""row_search_window"": 0, ""disallow_one_site_gaps"": true, ""use_diamond_legalizer"": 1, ""disable_window_extension"": true}",FAILED,5040703.3,5040703.3,0.0,-100.0,-1.0,False
44,79,5,RISCY-FPU-b-3-c20,3,"{""max_displacement"": 10, ""site_search_window"": 10, ""row_search_window"": 0, ""disallow_one_site_gaps"": true, ""use_diamond_legalizer"": 1, ""disable_window_extension"": true}","{""max_displacement"": 10, ""site_search_window"": 20, ""row_search_window"": 2, ""disallow_one_site_gaps"": true, ""use_diamond_legalizer"": 1, ""disable_window_extension"": true}",FAILED,5040703.3,5040703.3,0.0,-100.0,-1.0,False
44,79,6,RISCY-FPU-b-3-c20,7,"{""max_displacement"": 10, ""site_search_window"": 20, ""row_search_window"": 2, ""disallow_one_site_gaps"": true, ""use_diamond_legalizer"": 1, ""disable_window_extension"": true}","{""max_displacement"": 10, ""site_search_window"": 20, ""row_search_window"": 2, ""disallow_one_site_gaps"": true, ""use_diamond_legalizer"": 1, ""disable_window_extension"": true}",FAILED,5040703.3,5040703.3,0.0,-100.0,-1.0,False
44,79,7,RISCY-FPU-b-3-c20,3,"{""max_displacement"": 10, ""site_search_window"": 20, ""row_search_window"": 2, ""disallow_one_site_gaps"": true, ""use_diamond_legalizer"": 1, ""disable_window_extension"": true}","{""max_displacement"": 10, ""site_search_window"": 30, ""row_search_window"": 4, ""disallow_one_site_gaps"": true, ""use_diamond_legalizer"": 1, ""disable_window_extension"": true}",FAILED,5040703.3,5040703.3,0.0,-100.0,-1.0,False
44,79,8,RISCY-FPU-b-3-c20,0,"{""max_displacement"": 10, ""site_search_window"": 30, ""row_search_window"": 4, ""disallow_one_site_gaps"": true, ""use_diamond_legalizer"": 1, ""disable_window_extension"": true}","{""max_displacement"": 10, ""site_search_window"": 30, ""row_search_window"": 4, ""disallow_one_site_gaps"": false, ""use_diamond_legalizer"": 1, ""disable_window_extension"": false}",FAILED,5040703.3,5040703.3,0.0,-100.0,-1.0,False
44,79,9,RISCY-FPU-b-3-c20,7,"{""max_displacement"": 10, ""site_search_window"": 30, ""row_search_window"": 4, ""disallow_one_site_gaps"": false, ""use_diamond_legalizer"": 1, ""disable_window_extension"": false}","{""max_displacement"": 10, ""site_search_window"": 30, ""row_search_window"": 4, ""disallow_one_site_gaps"": false, ""use_diamond_legalizer"": 1, ""disable_window_extension"": false}",FAILED,5040703.3,5040703.3,0.0,-100.0,-1.0,False
44,79,10,RISCY-FPU-b-3-c20,3,"{""max_displacement"": 10, ""site_search_window"": 30, ""row_search_window"": 4, ""disallow_one_site_gaps"": false, ""use_diamond_legalizer"": 1, ""disable_window_extension"": false}","{""max_displacement"": 10, ""site_search_window"": 40, ""row_search_window"": 6, ""disallow_one_site_gaps"": false, ""use_diamond_legalizer"": 1, ""disable_window_extension"": false}",FAILED,5040703.3,5040703.3,0.0,-100.0,-1.0,True
44,80,1,RISCY-FPU-b-2-c5,1,"{""max_displacement"": 0, ""site_search_window"": 0, ""row_search_window"": 0, ""disallow_one_site_gaps"": 0, ""use_diamond_legalizer"": 1, ""disable_window_extension"": 0}","{""max_displacement"": 10, ""site_search_window"": 10, ""row_search_window"": 2, ""disallow_one_site_gaps"": 0, ""use_diamond_legalizer"": 1, ""disable_window_extension"": 0}",FAILED,5390089.0,5390089.0,0.0,-100.0,-1.0,False
44,80,2,RISCY-FPU-b-2-c5,4,"{""max_displacement"": 10, ""site_search_window"": 10, ""row_search_window"": 2, ""disallow_one_site_gaps"": 0, ""use_diamond_legalizer"": 1, ""disable_window_extension"": 0}","{""max_displacement"": 10, ""site_search_window"": 0, ""row_search_window"": 0, ""disallow_one_site_gaps"": 0, ""use_diamond_legalizer"": 1, ""disable_window_extension"": 0}",FAILED,5390089.0,5390089.0,0.0,-100.0,-1.0,False
44,80,3,RISCY-FPU-b-2-c5,3,"{""max_displacement"": 10, ""site_search_window"": 0, ""row_search_window"": 0, ""disallow_one_site_gaps"": 0, ""use_diamond_legalizer"": 1, ""disable_window_extension"": 0}","{""max_displacement"": 10, ""site_search_window"": 10, ""row_search_window"": 2, ""disallow_one_site_gaps"": 0, ""use_diamond_legalizer"": 1, ""disable_window_extension"": 0}",FAILED,5390089.0,5390089.0,0.0,-100.0,-1.0,False
44,80,4,RISCY-FPU-b-2-c5,5,"{""max_displacement"": 10, ""site_search_window"": 10, ""row_search_window"": 2, ""disallow_one_site_gaps"": 0, ""use_diamond_legalizer"": 1, ""disable_window_extension"": 0}","{""max_displacement"": 20, ""site_search_window"": 20, ""row_search_window"": 2, ""disallow_one_site_gaps"": 0, ""use_diamond_legalizer"": 1, ""disable_window_extension"": 0}",VALID,5390089.0,5390089.0,0.0,0.0,0.0,False
44,80,5,RISCY-FPU-b-2-c5,0,"{""max_displacement"": 20, ""site_search_window"": 20, ""row_search_window"": 2, ""disallow_one_site_gaps"": 0, ""use_diamond_legalizer"": 1, ""disable_window_extension"": 0}","{""max_displacement"": 20, ""site_search_window"": 20, ""row_search_window"": 2, ""disallow_one_site_gaps"": true, ""use_diamond_legalizer"": 1, ""disable_window_extension"": true}",VALID,5390089.0,5390089.0,0.0,0.0,0.0,False
44,80,6,RISCY-FPU-b-2-c5,2,"{""max_displacement"": 20, ""site_search_window"": 20, ""row_search_window"": 2, ""disallow_one_site_gaps"": true, ""use_diamond_legalizer"": 1, ""disable_window_extension"": true}","{""max_displacement"": 10, ""site_search_window"": 10, ""row_search_window"": 0, ""disallow_one_site_gaps"": true, ""use_diamond_legalizer"": 1, ""disable_window_extension"": true}",FAILED,5390089.0,5390089.0,0.0,-100.0,-1.0,False
44,80,7,RISCY-FPU-b-2-c5,1,"{""max_displacement"": 10, ""site_search_window"": 10, ""row_search_window"": 0, ""disallow_one_site_gaps"": true, ""use_diamond_legalizer"": 1, ""disable_window_extension"": true}","{""max_displacement"": 20, ""site_search_window"": 20, ""row_search_window"": 2, ""disallow_one_site_gaps"": true, ""use_diamond_legalizer"": 1, ""disable_window_extension"": true}",VALID,5390089.0,5390089.0,0.0,0.0,0.0,False
44,80,8,RISCY-FPU-b-2-c5,5,"{""max_displacement"": 20, ""site_search_window"": 20, ""row_search_window"": 2, ""disallow_one_site_gaps"": true, ""use_diamond_legalizer"": 1, ""disable_window_extension"": true}","{""max_displacement"": 30, ""site_search_window"": 30, ""row_search_window"": 2, ""disallow_one_site_gaps"": true, ""use_diamond_legalizer"": 1, ""disable_window_extension"": true}",VALID,5390089.0,5390089.0,0.0,0.0,0.0,False
44,80,9,RISCY-FPU-b-2-c5,6,"{""max_displacement"": 30, ""site_search_window"": 30, ""row_search_window"": 2, ""disallow_one_site_gaps"": true, ""use_diamond_legalizer"": 1, ""disable_window_extension"": true}","{""max_displacement"": 20, ""site_search_window"": 20, ""row_search_window"": 2, ""disallow_one_site_gaps"": true, ""use_diamond_legalizer"": 1, ""disable_window_extension"": true}",VALID,5390089.0,5390089.0,0.0,0.0,0.0,False
44,80,10,RISCY-FPU-b-2-c5,3,"{""max_displacement"": 20, ""site_search_window"": 20, ""row_search_window"": 2, ""disallow_one_site_gaps"": true, ""use_diamond_legalizer"": 1, ""disable_window_extension"": true}","{""max_displacement"": 20, ""site_search_window"": 30, ""row_search_window"": 4, ""disallow_one_site_gaps"": true, ""use_diamond_legalizer"": 1, ""disable_window_extension"": true}",VALID,5390089.0,5390089.0,0.0,0.0,0.0,True
44,81,1,zero-riscy-a-2-c20,7,"{""max_displacement"": 0, ""site_search_window"": 0, ""row_search_window"": 0, ""disallow_one_site_gaps"": 0, ""use_diamond_legalizer"": 1, ""disable_window_extension"": 0}","{""max_displacement"": 0, ""site_search_window"": 0, ""row_search_window"": 0, ""disallow_one_site_gaps"": 0, ""use_diamond_legalizer"": 1, ""disable_window_extension"": 0}",VALID,3884748.2,3884748.2,0.0,0.0,0.0,False
44,81,2,zero-riscy-a-2-c20,0,"{""max_displacement"": 0, ""site_search_window"": 0, ""row_search_window"": 0, ""disallow_one_site_gaps"": 0, ""use_diamond_legalizer"": 1, ""disable_window_extension"": 0}","{""max_displacement"": 0, ""site_search_window"": 0, ""row_search_window"": 0, ""disallow_one_site_gaps"": true, ""use_diamond_legalizer"": 1, ""disable_window_extension"": true}",VALID,3884748.2,3884748.2,0.0,0.0,0.0,False
44,81,3,zero-riscy-a-2-c20,7,"{""max_displacement"": 0, ""site_search_window"": 0, ""row_search_window"": 0, ""disallow_one_site_gaps"": true, ""use_diamond_legalizer"": 1, ""disable_window_extension"": true}","{""max_displacement"": 0, ""site_search_window"": 0, ""row_search_window"": 0, ""disallow_one_site_gaps"": true, ""use_diamond_legalizer"": 1, ""disable_window_extension"": true}",VALID,3884748.2,3884748.2,0.0,0.0,0.0,False
44,81,4,zero-riscy-a-2-c20,3,"{""max_displacement"": 0, ""site_search_window"": 0, ""row_search_window"": 0, ""disallow_one_site_gaps"": true, ""use_diamond_legalizer"": 1, ""disable_window_extension"": true}","{""max_displacement"": 0, ""site_search_window"": 10, ""row_search_window"": 2, ""disallow_one_site_gaps"": true, ""use_diamond_legalizer"": 1, ""disable_window_extension"": true}",VALID,3884748.2,3884748.2,0.0,0.0,0.0,False
44,81,5,zero-riscy-a-2-c20,3,"{""max_displacement"": 0, ""site_search_window"": 10, ""row_search_window"": 2, ""disallow_one_site_gaps"": true, ""use_diamond_legalizer"": 1, ""disable_window_extension"": true}","{""max_displacement"": 0, ""site_search_window"": 20, ""row_search_window"": 4, ""disallow_one_site_gaps"": true, ""use_diamond_legalizer"": 1, ""disable_window_extension"": true}",VALID,3884748.2,3884748.2,0.0,0.0,0.0,False
44,81,6,zero-riscy-a-2-c20,5,"{""max_displacement"": 0, ""site_search_window"": 20, ""row_search_window"": 4, ""disallow_one_site_gaps"": true, ""use_diamond_legalizer"": 1, ""disable_window_extension"": true}","{""max_displacement"": 10, ""site_search_window"": 30, ""row_search_window"": 4, ""disallow_one_site_gaps"": true, ""use_diamond_legalizer"": 1, ""disable_window_extension"": true}",VALID,3884748.2,3884737.2,11.0,0.00030000000000000003,2.8315863560989616e-06,False
44,81,7,zero-riscy-a-2-c20,6,"{""max_displacement"": 10, ""site_search_window"": 30, ""row_search_window"": 4, ""disallow_one_site_gaps"": true, ""use_diamond_legalizer"": 1, ""disable_window_extension"": true}","{""max_displacement"": 0, ""site_search_window"": 20, ""row_search_window"": 4, ""disallow_one_site_gaps"": true, ""use_diamond_legalizer"": 1, ""disable_window_extension"": true}",VALID,3884748.2,3884748.2,-11.0,-0.00030000000000000003,-2.831594374002957e-06,False
44,81,8,zero-riscy-a-2-c20,0,"{""max_displacement"": 0, ""site_search_window"": 20, ""row_search_window"": 4, ""disallow_one_site_gaps"": true, ""use_diamond_legalizer"": 1, ""disable_window_extension"": true}","{""max_displacement"": 0, ""site_search_window"": 20, ""row_search_window"": 4, ""disallow_one_site_gaps"": false, ""use_diamond_legalizer"": 1, ""disable_window_extension"": false}",VALID,3884748.2,3884748.2,0.0,0.0,0.0,False
44,81,9,zero-riscy-a-2-c20,6,"{""max_displacement"": 0, ""site_search_window"": 20, ""row_search_window"": 4, ""disallow_one_site_gaps"": false, ""use_diamond_legalizer"": 1, ""disable_window_extension"": false}","{""max_displacement"": 0, ""site_search_window"": 10, ""row_search_window"": 4, ""disallow_one_site_gaps"": false, ""use_diamond_legalizer"": 1, ""disable_window_extension"": false}",VALID,3884748.2,3884748.2,0.0,0.0,0.0,False
44,81,10,zero-riscy-a-2-c20,0,"{""max_displacement"": 0, ""site_search_window"": 10, ""row_search_window"": 4, ""disallow_one_site_gaps"": false, ""use_diamond_legalizer"": 1, ""disable_window_extension"": false}","{""max_displacement"": 0, ""site_search_window"": 10, ""row_search_window"": 4, ""disallow_one_site_gaps"": true, ""use_diamond_legalizer"": 1, ""disable_window_extension"": true}",VALID,3884748.2,3884748.2,0.0,0.0,0.0,True
44,82,1,RISCY-a-3-c20,5,"{""max_displacement"": 0, ""site_search_window"": 0, ""row_search_window"": 0, ""disallow_one_site_gaps"": 0, ""use_diamond_legalizer"": 1, ""disable_window_extension"": 0}","{""max_displacement"": 10, ""site_search_window"": 10, ""row_search_window"": 0, ""disallow_one_site_gaps"": 0, ""use_diamond_legalizer"": 1, ""disable_window_extension"": 0}",FAILED,5117723.0,5117723.0,0.0,-100.0,-1.0,False
44,82,2,RISCY-a-3-c20,7,"{""max_displacement"": 10, ""site_search_window"": 10, ""row_search_window"": 0, ""disallow_one_site_gaps"": 0, ""use_diamond_legalizer"": 1, ""disable_window_extension"": 0}","{""max_displacement"": 10, ""site_search_window"": 10, ""row_search_window"": 0, ""disallow_one_site_gaps"": 0, ""use_diamond_legalizer"": 1, ""disable_window_extension"": 0}",FAILED,5117723.0,5117723.0,0.0,-100.0,-1.0,False
44,82,3,RISCY-a-3-c20,3,"{""max_displacement"": 10, ""site_search_window"": 10, ""row_search_window"": 0, ""disallow_one_site_gaps"": 0, ""use_diamond_legalizer"": 1, ""disable_window_extension"": 0}","{""max_displacement"": 10, ""site_search_window"": 20, ""row_search_window"": 2, ""disallow_one_site_gaps"": 0, ""use_diamond_legalizer"": 1, ""disable_window_extension"": 0}",FAILED,5117723.0,5117723.0,0.0,-100.0,-1.0,False
44,82,4,RISCY-a-3-c20,7,"{""max_displacement"": 10, ""site_search_window"": 20, ""row_search_window"": 2, ""disallow_one_site_gaps"": 0, ""use_diamond_legalizer"": 1, ""disable_window_extension"": 0}","{""max_displacement"": 10, ""site_search_window"": 20, ""row_search_window"": 2, ""disallow_one_site_gaps"": 0, ""use_diamond_legalizer"": 1, ""disable_window_extension"": 0}",FAILED,5117723.0,5117723.0,0.0,-100.0,-1.0,False
44,82,5,RISCY-a-3-c20,6,"{""max_displacement"": 10, ""site_search_window"": 20, ""row_search_window"": 2, ""disallow_one_site_gaps"": 0, ""use_diamond_legalizer"": 1, ""disable_window_extension"": 0}","{""max_displacement"": 0, ""site_search_window"": 10, ""row_search_window"": 2, ""disallow_one_site_gaps"": 0, ""use_diamond_legalizer"": 1, ""disable_window_extension"": 0}",VALID,5117723.0,5117723.0,0.0,0.0,0.0,False
44,82,6,RISCY-a-3-c20,1,"{""max_displacement"": 0, ""site_search_window"": 10, ""row_search_window"": 2, ""disallow_one_site_gaps"": 0, ""use_diamond_legalizer"": 1, ""disable_window_extension"": 0}","{""max_displacement"": 10, ""site_search_window"": 20, ""row_search_window"": 4, ""disallow_one_site_gaps"": 0, ""use_diamond_legalizer"": 1, ""disable_window_extension"": 0}",FAILED,5117723.0,5117723.0,0.0,-100.0,-1.0,False
44,82,7,RISCY-a-3-c20,0,"{""max_displacement"": 10, ""site_search_window"": 20, ""row_search_window"": 4, ""disallow_one_site_gaps"": 0, ""use_diamond_legalizer"": 1, ""disable_window_extension"": 0}","{""max_displacement"": 10, ""site_search_window"": 20, ""row_search_window"": 4, ""disallow_one_site_gaps"": true, ""use_diamond_legalizer"": 1, ""disable_window_extension"": true}",FAILED,5117723.0,5117723.0,0.0,-100.0,-1.0,False
44,82,8,RISCY-a-3-c20,4,"{""max_displacement"": 10, ""site_search_window"": 20, ""row_search_window"": 4, ""disallow_one_site_gaps"": true, ""use_diamond_legalizer"": 1, ""disable_window_extension"": true}","{""max_displacement"": 10, ""site_search_window"": 10, ""row_search_window"": 2, ""disallow_one_site_gaps"": true, ""use_diamond_legalizer"": 1, ""disable_window_extension"": true}",FAILED,5117723.0,5117723.0,0.0,-100.0,-1.0,False
44,82,9,RISCY-a-3-c20,7,"{""max_displacement"": 10, ""site_search_window"": 10, ""row_search_window"": 2, ""disallow_one_site_gaps"": true, ""use_diamond_legalizer"": 1, ""disable_window_extension"": true}","{""max_displacement"": 10, ""site_search_window"": 10, ""row_search_window"": 2, ""disallow_one_site_gaps"": true, ""use_diamond_legalizer"": 1, ""disable_window_extension"": true}",FAILED,5117723.0,5117723.0,0.0,-100.0,-1.0,False
44,82,10,RISCY-a-3-c20,3,"{""max_displacement"": 10, ""site_search_window"": 10, ""row_search_window"": 2, ""disallow_one_site_gaps"": true, ""use_diamond_legalizer"": 1, ""disable_window_extension"": true}","{""max_displacement"": 10, ""site_search_window"": 20, ""row_search_window"": 4, ""disallow_one_site_gaps"": true, ""use_diamond_legalizer"": 1, ""disable_window_extension"": true}",FAILED,5117723.0,5117723.0,0.0,-100.0,-1.0,True
44,83,1,RISCY-b-2-c2,0,"{""max_displacement"": 0, ""site_search_window"": 0, ""row_search_window"": 0, ""disallow_one_site_gaps"": 0, ""use_diamond_legalizer"": 1, ""disable_window_extension"": 0}","{""max_displacement"": 0, ""site_search_window"": 0, ""row_search_window"": 0, ""disallow_one_site_gaps"": true, ""use_diamond_legalizer"": 1, ""disable_window_extension"": true}",VALID,3574287.5,3574287.5,0.0,0.0,0.0,False
44,83,2,RISCY-b-2-c2,3,"{""max_displacement"": 0, ""site_search_window"": 0, ""row_search_window"": 0, ""disallow_one_site_gaps"": true, ""use_diamond_legalizer"": 1, ""disable_window_extension"": true}","{""max_displacement"": 0, ""site_search_window"": 10, ""row_search_window"": 2, ""disallow_one_site_gaps"": true, ""use_diamond_legalizer"": 1, ""disable_window_extension"": true}",VALID,3574287.5,3574287.5,0.0,0.0,0.0,False
44,83,3,RISCY-b-2-c2,2,"{""max_displacement"": 0, ""site_search_window"": 10, ""row_search_window"": 2, ""disallow_one_site_gaps"": true, ""use_diamond_legalizer"": 1, ""disable_window_extension"": true}","{""max_displacement"": 0, ""site_search_window"": 0, ""row_search_window"": 0, ""disallow_one_site_gaps"": true, ""use_diamond_legalizer"": 1, ""disable_window_extension"": true}",VALID,3574287.5,3574287.5,0.0,0.0,0.0,False
44,83,4,RISCY-b-2-c2,5,"{""max_displacement"": 0, ""site_search_window"": 0, ""row_search_window"": 0, ""disallow_one_site_gaps"": true, ""use_diamond_legalizer"": 1, ""disable_window_extension"": true}","{""max_displacement"": 10, ""site_search_window"": 10, ""row_search_window"": 0, ""disallow_one_site_gaps"": true, ""use_diamond_legalizer"": 1, ""disable_window_extension"": true}",FAILED,3574287.5,3574287.5,0.0,-100.0,-1.0,False
44,83,5,RISCY-b-2-c2,5,"{""max_displacement"": 10, ""site_search_window"": 10, ""row_search_window"": 0, ""disallow_one_site_gaps"": true, ""use_diamond_legalizer"": 1, ""disable_window_extension"": true}","{""max_displacement"": 20, ""site_search_window"": 20, ""row_search_window"": 0, ""disallow_one_site_gaps"": true, ""use_diamond_legalizer"": 1, ""disable_window_extension"": true}",VALID,3574287.5,3574287.5,0.0,0.0,0.0,False
44,83,6,RISCY-b-2-c2,6,"{""max_displacement"": 20, ""site_search_window"": 20, ""row_search_window"": 0, ""disallow_one_site_gaps"": true, ""use_diamond_legalizer"": 1, ""disable_window_extension"": true}","{""max_displacement"": 10, ""site_search_window"": 10, ""row_search_window"": 0, ""disallow_one_site_gaps"": true, ""use_diamond_legalizer"": 1, ""disable_window_extension"": true}",FAILED,3574287.5,3574287.5,0.0,-100.0,-1.0,False
44,83,7,RISCY-b-2-c2,7,"{""max_displacement"": 10, ""site_search_window"": 10, ""row_search_window"": 0, ""disallow_one_site_gaps"": true, ""use_diamond_legalizer"": 1, ""disable_window_extension"": true}","{""max_displacement"": 10, ""site_search_window"": 10, ""row_search_window"": 0, ""disallow_one_site_gaps"": true, ""use_diamond_legalizer"": 1, ""disable_window_extension"": true}",FAILED,3574287.5,3574287.5,0.0,-100.0,-1.0,False
44,83,8,RISCY-b-2-c2,4,"{""max_displacement"": 10, ""site_search_window"": 10, ""row_search_window"": 0, ""disallow_one_site_gaps"": true, ""use_diamond_legalizer"": 1, ""disable_window_extension"": true}","{""max_displacement"": 10, ""site_search_window"": 0, ""row_search_window"": 0, ""disallow_one_site_gaps"": true, ""use_diamond_legalizer"": 1, ""disable_window_extension"": true}",FAILED,3574287.5,3574287.5,0.0,-100.0,-1.0,False
44,83,9,RISCY-b-2-c2,6,"{""max_displacement"": 10, ""site_search_window"": 0, ""row_search_window"": 0, ""disallow_one_site_gaps"": true, ""use_diamond_legalizer"": 1, ""disable_window_extension"": true}","{""max_displacement"": 0, ""site_search_window"": 0, ""row_search_window"": 0, ""disallow_one_site_gaps"": true, ""use_diamond_legalizer"": 1, ""disable_window_extension"": true}",VALID,3574287.5,3574287.5,0.0,0.0,0.0,False
44,83,10,RISCY-b-2-c2,7,"{""max_displacement"": 0, ""site_search_window"": 0, ""row_search_window"": 0, ""disallow_one_site_gaps"": true, ""use_diamond_legalizer"": 1, ""disable_window_extension"": true}","{""max_displacement"": 0, ""site_search_window"": 0, ""row_search_window"": 0, ""disallow_one_site_gaps"": true, ""use_diamond_legalizer"": 1, ""disable_window_extension"": true}",VALID,3574287.5,3574287.5,0.0,0.0,0.0,True
44,84,1,zero-riscy-b-3-c2,0,"{""max_displacement"": 0, ""site_search_window"": 0, ""row_search_window"": 0, ""disallow_one_site_gaps"": 0, ""use_diamond_legalizer"": 1, ""disable_window_extension"": 0}","{""max_displacement"": 0, ""site_search_window"": 0, ""row_search_window"": 0, ""disallow_one_site_gaps"": true, ""use_diamond_legalizer"": 1, ""disable_window_extension"": true}",VALID,2341203.8,2341203.8,0.0,0.0,0.0,False
44,84,2,zero-riscy-b-3-c2,1,"{""max_displacement"": 0, ""site_search_window"": 0, ""row_search_window"": 0, ""disallow_one_site_gaps"": true, ""use_diamond_legalizer"": 1, ""disable_window_extension"": true}","{""max_displacement"": 10, ""site_search_window"": 10, ""row_search_window"": 2, ""disallow_one_site_gaps"": true, ""use_diamond_legalizer"": 1, ""disable_window_extension"": true}",VALID,2341203.8,2341203.8,0.0,0.0,0.0,False
44,84,3,zero-riscy-b-3-c2,5,"{""max_displacement"": 10, ""site_search_window"": 10, ""row_search_window"": 2, ""disallow_one_site_gaps"": true, ""use_diamond_legalizer"": 1, ""disable_window_extension"": true}","{""max_displacement"": 20, ""site_search_window"": 20, ""row_search_window"": 2, ""disallow_one_site_gaps"": true, ""use_diamond_legalizer"": 1, ""disable_window_extension"": true}",VALID,2341203.8,2341203.8,0.0,0.0,0.0,False
44,84,4,zero-riscy-b-3-c2,3,"{""max_displacement"": 20, ""site_search_window"": 20, ""row_search_window"": 2, ""disallow_one_site_gaps"": true, ""use_diamond_legalizer"": 1, ""disable_window_extension"": true}","{""max_displacement"": 20, ""site_search_window"": 30, ""row_search_window"": 4, ""disallow_one_site_gaps"": true, ""use_diamond_legalizer"": 1, ""disable_window_extension"": true}",VALID,2341203.8,2341203.8,0.0,0.0,0.0,False
44,84,5,zero-riscy-b-3-c2,5,"{""max_displacement"": 20, ""site_search_window"": 30, ""row_search_window"": 4, ""disallow_one_site_gaps"": true, ""use_diamond_legalizer"": 1, ""disable_window_extension"": true}","{""max_displacement"": 30, ""site_search_window"": 40, ""row_search_window"": 4, ""disallow_one_site_gaps"": true, ""use_diamond_legalizer"": 1, ""disable_window_extension"": true}",VALID,2341203.8,2341203.8,0.0,0.0,0.0,False
44,84,6,zero-riscy-b-3-c2,7,"{""max_displacement"": 30, ""site_search_window"": 40, ""row_search_window"": 4, ""disallow_one_site_gaps"": true, ""use_diamond_legalizer"": 1, ""disable_window_extension"": true}","{""max_displacement"": 30, ""site_search_window"": 40, ""row_search_window"": 4, ""disallow_one_site_gaps"": true, ""use_diamond_legalizer"": 1, ""disable_window_extension"": true}",VALID,2341203.8,2341203.8,0.0,0.0,0.0,False
44,84,7,zero-riscy-b-3-c2,0,"{""max_displacement"": 30, ""site_search_window"": 40, ""row_search_window"": 4, ""disallow_one_site_gaps"": true, ""use_diamond_legalizer"": 1, ""disable_window_extension"": true}","{""max_displacement"": 30, ""site_search_window"": 40, ""row_search_window"": 4, ""disallow_one_site_gaps"": false, ""use_diamond_legalizer"": 1, ""disable_window_extension"": false}",VALID,2341203.8,2341203.8,0.0,0.0,0.0,False
44,84,8,zero-riscy-b-3-c2,4,"{""max_displacement"": 30, ""site_search_window"": 40, ""row_search_window"": 4, ""disallow_one_site_gaps"": false, ""use_diamond_legalizer"": 1, ""disable_window_extension"": false}","{""max_displacement"": 30, ""site_search_window"": 30, ""row_search_window"": 2, ""disallow_one_site_gaps"": false, ""use_diamond_legalizer"": 1, ""disable_window_extension"": false}",VALID,2341203.8,2341203.8,0.0,0.0,0.0,False
44,84,9,zero-riscy-b-3-c2,3,"{""max_displacement"": 30, ""site_search_window"": 30, ""row_search_window"": 2, ""disallow_one_site_gaps"": false, ""use_diamond_legalizer"": 1, ""disable_window_extension"": false}","{""max_displacement"": 30, ""site_search_window"": 40, ""row_search_window"": 4, ""disallow_one_site_gaps"": false, ""use_diamond_legalizer"": 1, ""disable_window_extension"": false}",VALID,2341203.8,2341203.8,0.0,0.0,0.0,False
44,84,10,zero-riscy-b-3-c2,3,"{""max_displacement"": 30, ""site_search_window"": 40, ""row_search_window"": 4, ""disallow_one_site_gaps"": false, ""use_diamond_legalizer"": 1, ""disable_window_extension"": false}","{""max_displacement"": 30, ""site_search_window"": 50, ""row_search_window"": 6, ""disallow_one_site_gaps"": false, ""use_diamond_legalizer"": 1, ""disable_window_extension"": false}",VALID,2341203.8,2341203.8,0.0,0.0,0.0,True
44,85,1,RISCY-FPU-a-2-c2,7,"{""max_displacement"": 0, ""site_search_window"": 0, ""row_search_window"": 0, ""disallow_one_site_gaps"": 0, ""use_diamond_legalizer"": 1, ""disable_window_extension"": 0}","{""max_displacement"": 0, ""site_search_window"": 0, ""row_search_window"": 0, ""disallow_one_site_gaps"": 0, ""use_diamond_legalizer"": 1, ""disable_window_extension"": 0}",VALID,10810430.6,10810430.6,0.0,0.0,0.0,False
44,85,2,RISCY-FPU-a-2-c2,4,"{""max_displacement"": 0, ""site_search_window"": 0, ""row_search_window"": 0, ""disallow_one_site_gaps"": 0, ""use_diamond_legalizer"": 1, ""disable_window_extension"": 0}","{""max_displacement"": 0, ""site_search_window"": 0, ""row_search_window"": 0, ""disallow_one_site_gaps"": 0, ""use_diamond_legalizer"": 1, ""disable_window_extension"": 0}",VALID,10810430.6,10810430.6,0.0,0.0,0.0,False
44,85,3,RISCY-FPU-a-2-c2,4,"{""max_displacement"": 0, ""site_search_window"": 0, ""row_search_window"": 0, ""disallow_one_site_gaps"": 0, ""use_diamond_legalizer"": 1, ""disable_window_extension"": 0}","{""max_displacement"": 0, ""site_search_window"": 0, ""row_search_window"": 0, ""disallow_one_site_gaps"": 0, ""use_diamond_legalizer"": 1, ""disable_window_extension"": 0}",VALID,10810430.6,10810430.6,0.0,0.0,0.0,False
44,85,4,RISCY-FPU-a-2-c2,3,"{""max_displacement"": 0, ""site_search_window"": 0, ""row_search_window"": 0, ""disallow_one_site_gaps"": 0, ""use_diamond_legalizer"": 1, ""disable_window_extension"": 0}","{""max_displacement"": 0, ""site_search_window"": 10, ""row_search_window"": 2, ""disallow_one_site_gaps"": 0, ""use_diamond_legalizer"": 1, ""disable_window_extension"": 0}",VALID,10810430.6,10810430.6,0.0,0.0,0.0,False
44,85,5,RISCY-FPU-a-2-c2,3,"{""max_displacement"": 0, ""site_search_window"": 10, ""row_search_window"": 2, ""disallow_one_site_gaps"": 0, ""use_diamond_legalizer"": 1, ""disable_window_extension"": 0}","{""max_displacement"": 0, ""site_search_window"": 20, ""row_search_window"": 4, ""disallow_one_site_gaps"": 0, ""use_diamond_legalizer"": 1, ""disable_window_extension"": 0}",VALID,10810430.6,10810430.6,0.0,0.0,0.0,False
44,85,6,RISCY-FPU-a-2-c2,0,"{""max_displacement"": 0, ""site_search_window"": 20, ""row_search_window"": 4, ""disallow_one_site_gaps"": 0, ""use_diamond_legalizer"": 1, ""disable_window_extension"": 0}","{""max_displacement"": 0, ""site_search_window"": 20, ""row_search_window"": 4, ""disallow_one_site_gaps"": true, ""use_diamond_legalizer"": 1, ""disable_window_extension"": true}",VALID,10810430.6,10810430.6,0.0,0.0,0.0,False
44,85,7,RISCY-FPU-a-2-c2,3,"{""max_displacement"": 0, ""site_search_window"": 20, ""row_search_window"": 4, ""disallow_one_site_gaps"": true, ""use_diamond_legalizer"": 1, ""disable_window_extension"": true}","{""max_displacement"": 0, ""site_search_window"": 30, ""row_search_window"": 6, ""disallow_one_site_gaps"": true, ""use_diamond_legalizer"": 1, ""disable_window_extension"": true}",VALID,10810430.6,10810430.6,0.0,0.0,0.0,False
44,85,8,RISCY-FPU-a-2-c2,5,"{""max_displacement"": 0, ""site_search_window"": 30, ""row_search_window"": 6, ""disallow_one_site_gaps"": true, ""use_diamond_legalizer"": 1, ""disable_window_extension"": true}","{""max_displacement"": 10, ""site_search_window"": 40, ""row_search_window"": 6, ""disallow_one_site_gaps"": true, ""use_diamond_legalizer"": 1, ""disable_window_extension"": true}",FAILED,10810430.6,10810430.6,0.0,-100.0,-1.0,False
44,85,9,RISCY-FPU-a-2-c2,1,"{""max_displacement"": 10, ""site_search_window"": 40, ""row_search_window"": 6, ""disallow_one_site_gaps"": true, ""use_diamond_legalizer"": 1, ""disable_window_extension"": true}","{""max_displacement"": 20, ""site_search_window"": 50, ""row_search_window"": 8, ""disallow_one_site_gaps"": true, ""use_diamond_legalizer"": 1, ""disable_window_extension"": true}",FAILED,10810430.6,10810430.6,0.0,-100.0,-1.0,False
44,85,10,RISCY-FPU-a-2-c2,1,"{""max_displacement"": 20, ""site_search_window"": 50, ""row_search_window"": 8, ""disallow_one_site_gaps"": true, ""use_diamond_legalizer"": 1, ""disable_window_extension"": true}","{""max_displacement"": 30, ""site_search_window"": 60, ""row_search_window"": 10, ""disallow_one_site_gaps"": true, ""use_diamond_legalizer"": 1, ""disable_window_extension"": true}",FAILED,10810430.6,10810430.6,0.0,-100.0,-1.0,True
44,86,1,zero-riscy-b-2-c5,7,"{""max_displacement"": 0, ""site_search_window"": 0, ""row_search_window"": 0, ""disallow_one_site_gaps"": 0, ""use_diamond_legalizer"": 1, ""disable_window_extension"": 0}","{""max_displacement"": 0, ""site_search_window"": 0, ""row_search_window"": 0, ""disallow_one_site_gaps"": 0, ""use_diamond_legalizer"": 1, ""disable_window_extension"": 0}",VALID,1887414.5,1887414.5,0.0,0.0,0.0,False
44,86,2,zero-riscy-b-2-c5,7,"{""max_displacement"": 0, ""site_search_window"": 0, ""row_search_window"": 0, ""disallow_one_site_gaps"": 0, ""use_diamond_legalizer"": 1, ""disable_window_extension"": 0}","{""max_displacement"": 0, ""site_search_window"": 0, ""row_search_window"": 0, ""disallow_one_site_gaps"": 0, ""use_diamond_legalizer"": 1, ""disable_window_extension"": 0}",VALID,1887414.5,1887414.5,0.0,0.0,0.0,False
44,86,3,zero-riscy-b-2-c5,3,"{""max_displacement"": 0, ""site_search_window"": 0, ""row_search_window"": 0, ""disallow_one_site_gaps"": 0, ""use_diamond_legalizer"": 1, ""disable_window_extension"": 0}","{""max_displacement"": 0, ""site_search_window"": 10, ""row_search_window"": 2, ""disallow_one_site_gaps"": 0, ""use_diamond_legalizer"": 1, ""disable_window_extension"": 0}",VALID,1887414.5,1887414.5,0.0,0.0,0.0,False
44,86,4,zero-riscy-b-2-c5,0,"{""max_displacement"": 0, ""site_search_window"": 10, ""row_search_window"": 2, ""disallow_one_site_gaps"": 0, ""use_diamond_legalizer"": 1, ""disable_window_extension"": 0}","{""max_displacement"": 0, ""site_search_window"": 10, ""row_search_window"": 2, ""disallow_one_site_gaps"": true, ""use_diamond_legalizer"": 1, ""disable_window_extension"": true}",VALID,1887414.5,1887414.5,0.0,0.0,0.0,False
44,86,5,zero-riscy-b-2-c5,4,"{""max_displacement"": 0, ""site_search_window"": 10, ""row_search_window"": 2, ""disallow_one_site_gaps"": true, ""use_diamond_legalizer"": 1, ""disable_window_extension"": true}","{""max_displacement"": 0, ""site_search_window"": 0, ""row_search_window"": 0, ""disallow_one_site_gaps"": true, ""use_diamond_legalizer"": 1, ""disable_window_extension"": true}",VALID,1887414.5,1887414.5,0.0,0.0,0.0,False
44,86,6,zero-riscy-b-2-c5,0,"{""max_displacement"": 0, ""site_search_window"": 0, ""row_search_window"": 0, ""disallow_one_site_gaps"": true, ""use_diamond_legalizer"": 1, ""disable_window_extension"": true}","{""max_displacement"": 0, ""site_search_window"": 0, ""row_search_window"": 0, ""disallow_one_site_gaps"": false, ""use_diamond_legalizer"": 1, ""disable_window_extension"": false}",VALID,1887414.5,1887414.5,0.0,0.0,0.0,False
44,86,7,zero-riscy-b-2-c5,3,"{""max_displacement"": 0, ""site_search_window"": 0, ""row_search_window"": 0, ""disallow_one_site_gaps"": false, ""use_diamond_legalizer"": 1, ""disable_window_extension"": false}","{""max_displacement"": 0, ""site_search_window"": 10, ""row_search_window"": 2, ""disallow_one_site_gaps"": false, ""use_diamond_legalizer"": 1, ""disable_window_extension"": false}",VALID,1887414.5,1887414.5,0.0,0.0,0.0,False
44,86,8,zero-riscy-b-2-c5,5,"{""max_displacement"": 0, ""site_search_window"": 10, ""row_search_window"": 2, ""disallow_one_site_gaps"": false, ""use_diamond_legalizer"": 1, ""disable_window_extension"": false}","{""max_displacement"": 10, ""site_search_window"": 20, ""row_search_window"": 2, ""disallow_one_site_gaps"": false, ""use_diamond_legalizer"": 1, ""disable_window_extension"": false}",VALID,1887414.5,1887414.5,0.0,0.0,0.0,False
44,86,9,zero-riscy-b-2-c5,2,"{""max_displacement"": 10, ""site_search_window"": 20, ""row_search_window"": 2, ""disallow_one_site_gaps"": false, ""use_diamond_legalizer"": 1, ""disable_window_extension"": false}","{""max_displacement"": 0, ""site_search_window"": 10, ""row_search_window"": 0, ""disallow_one_site_gaps"": false, ""use_diamond_legalizer"": 1, ""disable_window_extension"": false}",VALID,1887414.5,1887414.5,0.0,0.0,0.0,False
44,86,10,zero-riscy-b-2-c5,6,"{""max_displacement"": 0, ""site_search_window"": 10, ""row_search_window"": 0, ""disallow_one_site_gaps"": false, ""use_diamond_legalizer"": 1, ""disable_window_extension"": false}","{""max_displacement"": 0, ""site_search_window"": 0, ""row_search_window"": 0, ""disallow_one_site_gaps"": false, ""use_diamond_legalizer"": 1, ""disable_window_extension"": false}",VALID,1887414.5,1887414.5,0.0,0.0,0.0,True
44,87,1,RISCY-FPU-b-3-c2,2,"{""max_displacement"": 0, ""site_search_window"": 0, ""row_search_window"": 0, ""disallow_one_site_gaps"": 0, ""use_diamond_legalizer"": 1, ""disable_window_extension"": 0}","{""max_displacement"": 0, ""site_search_window"": 0, ""row_search_window"": 0, ""disallow_one_site_gaps"": 0, ""use_diamond_legalizer"": 1, ""disable_window_extension"": 0}",VALID,6781434.9,6781434.9,0.0,0.0,0.0,False
44,87,2,RISCY-FPU-b-3-c2,1,"{""max_displacement"": 0, ""site_search_window"": 0, ""row_search_window"": 0, ""disallow_one_site_gaps"": 0, ""use_diamond_legalizer"": 1, ""disable_window_extension"": 0}","{""max_displacement"": 10, ""site_search_window"": 10, ""row_search_window"": 2, ""disallow_one_site_gaps"": 0, ""use_diamond_legalizer"": 1, ""disable_window_extension"": 0}",FAILED,6781434.9,6781434.9,0.0,-100.0,-1.0,False
44,87,3,RISCY-FPU-b-3-c2,5,"{""max_displacement"": 10, ""site_search_window"": 10, ""row_search_window"": 2, ""disallow_one_site_gaps"": 0, ""use_diamond_legalizer"": 1, ""disable_window_extension"": 0}","{""max_displacement"": 20, ""site_search_window"": 20, ""row_search_window"": 2, ""disallow_one_site_gaps"": 0, ""use_diamond_legalizer"": 1, ""disable_window_extension"": 0}",FAILED,6781434.9,6781434.9,0.0,-100.0,-1.0,False
44,87,4,RISCY-FPU-b-3-c2,6,"{""max_displacement"": 20, ""site_search_window"": 20, ""row_search_window"": 2, ""disallow_one_site_gaps"": 0, ""use_diamond_legalizer"": 1, ""disable_window_extension"": 0}","{""max_displacement"": 10, ""site_search_window"": 10, ""row_search_window"": 2, ""disallow_one_site_gaps"": 0, ""use_diamond_legalizer"": 1, ""disable_window_extension"": 0}",FAILED,6781434.9,6781434.9,0.0,-100.0,-1.0,False
44,87,5,RISCY-FPU-b-3-c2,6,"{""max_displacement"": 10, ""site_search_window"": 10, ""row_search_window"": 2, ""disallow_one_site_gaps"": 0, ""use_diamond_legalizer"": 1, ""disable_window_extension"": 0}","{""max_displacement"": 0, ""site_search_window"": 0, ""row_search_window"": 2, ""disallow_one_site_gaps"": 0, ""use_diamond_legalizer"": 1, ""disable_window_extension"": 0}",VALID,6781434.9,6781434.9,0.0,0.0,0.0,False
44,87,6,RISCY-FPU-b-3-c2,0,"{""max_displacement"": 0, ""site_search_window"": 0, ""row_search_window"": 2, ""disallow_one_site_gaps"": 0, ""use_diamond_legalizer"": 1, ""disable_window_extension"": 0}","{""max_displacement"": 0, ""site_search_window"": 0, ""row_search_window"": 2, ""disallow_one_site_gaps"": true, ""use_diamond_legalizer"": 1, ""disable_window_extension"": true}",VALID,6781434.9,6781434.9,0.0,0.0,0.0,False
44,87,7,RISCY-FPU-b-3-c2,5,"{""max_displacement"": 0, ""site_search_window"": 0, ""row_search_window"": 2, ""disallow_one_site_gaps"": true, ""use_diamond_legalizer"": 1, ""disable_window_extension"": true}","{""max_displacement"": 10, ""site_search_window"": 10, ""row_search_window"": 2, ""disallow_one_site_gaps"": true, ""use_diamond_legalizer"": 1, ""disable_window_extension"": true}",FAILED,6781434.9,6781434.9,0.0,-100.0,-1.0,False
44,87,8,RISCY-FPU-b-3-c2,5,"{""max_displacement"": 10, ""site_search_window"": 10, ""row_search_window"": 2, ""disallow_one_site_gaps"": true, ""use_diamond_legalizer"": 1, ""disable_window_extension"": true}","{""max_displacement"": 20, ""site_search_window"": 20, ""row_search_window"": 2, ""disallow_one_site_gaps"": true, ""use_diamond_legalizer"": 1, ""disable_window_extension"": true}",FAILED,6781434.9,6781434.9,0.0,-100.0,-1.0,False
44,87,9,RISCY-FPU-b-3-c2,2,"{""max_displacement"": 20, ""site_search_window"": 20, ""row_search_window"": 2, ""disallow_one_site_gaps"": true, ""use_diamond_legalizer"": 1, ""disable_window_extension"": true}","{""max_displacement"": 10, ""site_search_window"": 10, ""row_search_window"": 0, ""disallow_one_site_gaps"": true, ""use_diamond_legalizer"": 1, ""disable_window_extension"": true}",FAILED,6781434.9,6781434.9,0.0,-100.0,-1.0,False
44,87,10,RISCY-FPU-b-3-c2,0,"{""max_displacement"": 10, ""site_search_window"": 10, ""row_search_window"": 0, ""disallow_one_site_gaps"": true, ""use_diamond_legalizer"": 1, ""disable_window_extension"": true}","{""max_displacement"": 10, ""site_search_window"": 10, ""row_search_window"": 0, ""disallow_one_site_gaps"": false, ""use_diamond_legalizer"": 1, ""disable_window_extension"": false}",FAILED,6781434.9,6781434.9,0.0,-100.0,-1.0,True
44,88,1,zero-riscy-a-3-c5,2,"{""max_displacement"": 0, ""site_search_window"": 0, ""row_search_window"": 0, ""disallow_one_site_gaps"": 0, ""use_diamond_legalizer"": 1, ""disable_window_extension"": 0}","{""max_displacement"": 0, ""site_search_window"": 0, ""row_search_window"": 0, ""disallow_one_site_gaps"": 0, ""use_diamond_legalizer"": 1, ""disable_window_extension"": 0}",VALID,3626760.8,3626760.8,0.0,0.0,0.0,False
44,88,2,zero-riscy-a-3-c5,2,"{""max_displacement"": 0, ""site_search_window"": 0, ""row_search_window"": 0, ""disallow_one_site_gaps"": 0, ""use_diamond_legalizer"": 1, ""disable_window_extension"": 0}","{""max_displacement"": 0, ""site_search_window"": 0, ""row_search_window"": 0, ""disallow_one_site_gaps"": 0, ""use_diamond_legalizer"": 1, ""disable_window_extension"": 0}",VALID,3626760.8,3626760.8,0.0,0.0,0.0,False
44,88,3,zero-riscy-a-3-c5,4,"{""max_displacement"": 0, ""site_search_window"": 0, ""row_search_window"": 0, ""disallow_one_site_gaps"": 0, ""use_diamond_legalizer"": 1, ""disable_window_extension"": 0}","{""max_displacement"": 0, ""site_search_window"": 0, ""row_search_window"": 0, ""disallow_one_site_gaps"": 0, ""use_diamond_legalizer"": 1, ""disable_window_extension"": 0}",VALID,3626760.8,3626760.8,0.0,0.0,0.0,False
44,88,4,zero-riscy-a-3-c5,5,"{""max_displacement"": 0, ""site_search_window"": 0, ""row_search_window"": 0, ""disallow_one_site_gaps"": 0, ""use_diamond_legalizer"": 1, ""disable_window_extension"": 0}","{""max_displacement"": 10, ""site_search_window"": 10, ""row_search_window"": 0, ""disallow_one_site_gaps"": 0, ""use_diamond_legalizer"": 1, ""disable_window_extension"": 0}",FAILED,3626760.8,3626760.8,0.0,-100.0,-1.0,False
44,88,5,zero-riscy-a-3-c5,1,"{""max_displacement"": 10, ""site_search_window"": 10, ""row_search_window"": 0, ""disallow_one_site_gaps"": 0, ""use_diamond_legalizer"": 1, ""disable_window_extension"": 0}","{""max_displacement"": 20, ""site_search_window"": 20, ""row_search_window"": 2, ""disallow_one_site_gaps"": 0, ""use_diamond_legalizer"": 1, ""disable_window_extension"": 0}",VALID,3626760.8,3626724.0,36.799999999813735,0.001,1.0146795454448977e-05,False
44,88,6,zero-riscy-a-3-c5,4,"{""max_displacement"": 20, ""site_search_window"": 20, ""row_search_window"": 2, ""disallow_one_site_gaps"": 0, ""use_diamond_legalizer"": 1, ""disable_window_extension"": 0}","{""max_displacement"": 20, ""site_search_window"": 10, ""row_search_window"": 0, ""disallow_one_site_gaps"": 0, ""use_diamond_legalizer"": 1, ""disable_window_extension"": 0}",VALID,3626760.8,3626724.0,0.0,0.0,0.0,False
44,88,7,zero-riscy-a-3-c5,1,"{""max_displacement"": 20, ""site_search_window"": 10, ""row_search_window"": 0, ""disallow_one_site_gaps"": 0, ""use_diamond_legalizer"": 1, ""disable_window_extension"": 0}","{""max_displacement"": 30, ""site_search_window"": 20, ""row_search_window"": 2, ""disallow_one_site_gaps"": 0, ""use_diamond_legalizer"": 1, ""disable_window_extension"": 0}",VALID,3626760.8,3626760.8,-36.799999999813735,-0.001,-1.0146898412951671e-05,False
44,88,8,zero-riscy-a-3-c5,3,"{""max_displacement"": 30, ""site_search_window"": 20, ""row_search_window"": 2, ""disallow_one_site_gaps"": 0, ""use_diamond_legalizer"": 1, ""disable_window_extension"": 0}","{""max_displacement"": 30, ""site_search_window"": 30, ""row_search_window"": 4, ""disallow_one_site_gaps"": 0, ""use_diamond_legalizer"": 1, ""disable_window_extension"": 0}",VALID,3626760.8,3626760.8,0.0,0.0,0.0,False
44,88,9,zero-riscy-a-3-c5,3,"{""max_displacement"": 30, ""site_search_window"": 30, ""row_search_window"": 4, ""disallow_one_site_gaps"": 0, ""use_diamond_legalizer"": 1, ""disable_window_extension"": 0}","{""max_displacement"": 30, ""site_search_window"": 40, ""row_search_window"": 6, ""disallow_one_site_gaps"": 0, ""use_diamond_legalizer"": 1, ""disable_window_extension"": 0}",VALID,3626760.8,3626760.8,0.0,0.0,0.0,False
44,88,10,zero-riscy-a-3-c5,0,"{""max_displacement"": 30, ""site_search_window"": 40, ""row_search_window"": 6, ""disallow_one_site_gaps"": 0, ""use_diamond_legalizer"": 1, ""disable_window_extension"": 0}","{""max_displacement"": 30, ""site_search_window"": 40, ""row_search_window"": 6, ""disallow_one_site_gaps"": true, ""use_diamond_legalizer"": 1, ""disable_window_extension"": true}",VALID,3626760.8,3626760.8,0.0,0.0,0.0,True
44,89,1,RISCY-a-2-c2,6,"{""max_displacement"": 0, ""site_search_window"": 0, ""row_search_window"": 0, ""disallow_one_site_gaps"": 0, ""use_diamond_legalizer"": 1, ""disable_window_extension"": 0}","{""max_displacement"": 0, ""site_search_window"": 0, ""row_search_window"": 0, ""disallow_one_site_gaps"": 0, ""use_diamond_legalizer"": 1, ""disable_window_extension"": 0}",VALID,4861249.7,4861249.7,0.0,0.0,0.0,False
44,89,2,RISCY-a-2-c2,1,"{""max_displacement"": 0, ""site_search_window"": 0, ""row_search_window"": 0, ""disallow_one_site_gaps"": 0, ""use_diamond_legalizer"": 1, ""disable_window_extension"": 0}","{""max_displacement"": 10, ""site_search_window"": 10, ""row_search_window"": 2, ""disallow_one_site_gaps"": 0, ""use_diamond_legalizer"": 1, ""disable_window_extension"": 0}",FAILED,4861249.7,4861249.7,0.0,-100.0,-1.0,False
44,89,3,RISCY-a-2-c2,4,"{""max_displacement"": 10, ""site_search_window"": 10, ""row_search_window"": 2, ""disallow_one_site_gaps"": 0, ""use_diamond_legalizer"": 1, ""disable_window_extension"": 0}","{""max_displacement"": 10, ""site_search_window"": 0, ""row_search_window"": 0, ""disallow_one_site_gaps"": 0, ""use_diamond_legalizer"": 1, ""disable_window_extension"": 0}",FAILED,4861249.7,4861249.7,0.0,-100.0,-1.0,False
44,89,4,RISCY-a-2-c2,5,"{""max_displacement"": 10, ""site_search_window"": 0, ""row_search_window"": 0, ""disallow_one_site_gaps"": 0, ""use_diamond_legalizer"": 1, ""disable_window_extension"": 0}","{""max_displacement"": 20, ""site_search_window"": 10, ""row_search_window"": 0, ""disallow_one_site_gaps"": 0, ""use_diamond_legalizer"": 1, ""disable_window_extension"": 0}",VALID,4861249.7,4861249.7,0.0,0.0,0.0,False
44,89,5,RISCY-a-2-c2,6,"{""max_displacement"": 20, ""site_search_window"": 10, ""row_search_window"": 0, ""disallow_one_site_gaps"": 0, ""use_diamond_legalizer"": 1, ""disable_window_extension"": 0}","{""max_displacement"": 10, ""site_search_window"": 0, ""row_search_window"": 0, ""disallow_one_site_gaps"": 0, ""use_diamond_legalizer"": 1, ""disable_window_extension"": 0}",FAILED,4861249.7,4861249.7,0.0,-100.0,-1.0,False
44,89,6,RISCY-a-2-c2,6,"{""max_displacement"": 10, ""site_search_window"": 0, ""row_search_window"": 0, ""disallow_one_site_gaps"": 0, ""use_diamond_legalizer"": 1, ""disable_window_extension"": 0}","{""max_displacement"": 0, ""site_search_window"": 0, ""row_search_window"": 0, ""disallow_one_site_gaps"": 0, ""use_diamond_legalizer"": 1, ""disable_window_extension"": 0}",VALID,4861249.7,4861249.7,0.0,0.0,0.0,False
44,89,7,RISCY-a-2-c2,6,"{""max_displacement"": 0, ""site_search_window"": 0, ""row_search_window"": 0, ""disallow_one_site_gaps"": 0, ""use_diamond_legalizer"": 1, ""disable_window_extension"": 0}","{""max_displacement"": 0, ""site_search_window"": 0, ""row_search_window"": 0, ""disallow_one_site_gaps"": 0, ""use_diamond_legalizer"": 1, ""disable_window_extension"": 0}",VALID,4861249.7,4861249.7,0.0,0.0,0.0,False
44,89,8,RISCY-a-2-c2,0,"{""max_displacement"": 0, ""site_search_window"": 0, ""row_search_window"": 0, ""disallow_one_site_gaps"": 0, ""use_diamond_legalizer"": 1, ""disable_window_extension"": 0}","{""max_displacement"": 0, ""site_search_window"": 0, ""row_search_window"": 0, ""disallow_one_site_gaps"": true, ""use_diamond_legalizer"": 1, ""disable_window_extension"": true}",VALID,4861249.7,4861249.7,0.0,0.0,0.0,False
44,89,9,RISCY-a-2-c2,0,"{""max_displacement"": 0, ""site_search_window"": 0, ""row_search_window"": 0, ""disallow_one_site_gaps"": true, ""use_diamond_legalizer"": 1, ""disable_window_extension"": true}","{""max_displacement"": 0, ""site_search_window"": 0, ""row_search_window"": 0, ""disallow_one_site_gaps"": false, ""use_diamond_legalizer"": 1, ""disable_window_extension"": false}",VALID,4861249.7,4861249.7,0.0,0.0,0.0,False
44,89,10,RISCY-a-2-c2,4,"{""max_displacement"": 0, ""site_search_window"": 0, ""row_search_window"": 0, ""disallow_one_site_gaps"": false, ""use_diamond_legalizer"": 1, ""disable_window_extension"": false}","{""max_displacement"": 0, ""site_search_window"": 0, ""row_search_window"": 0, ""disallow_one_site_gaps"": false, ""use_diamond_legalizer"": 1, ""disable_window_extension"": false}",VALID,4861249.7,4861249.7,0.0,0.0,0.0,True
44,90,1,RISCY-FPU-b-1-c20,6,"{""max_displacement"": 0, ""site_search_window"": 0, ""row_search_window"": 0, ""disallow_one_site_gaps"": 0, ""use_diamond_legalizer"": 1, ""disable_window_extension"": 0}","{""max_displacement"": 0, ""site_search_window"": 0, ""row_search_window"": 0, ""disallow_one_site_gaps"": 0, ""use_diamond_legalizer"": 1, ""disable_window_extension"": 0}",VALID,3678521.9,3678521.9,0.0,0.0,0.0,False
44,90,2,RISCY-FPU-b-1-c20,6,"{""max_displacement"": 0, ""site_search_window"": 0, ""row_search_window"": 0, ""disallow_one_site_gaps"": 0, ""use_diamond_legalizer"": 1, ""disable_window_extension"": 0}","{""max_displacement"": 0, ""site_search_window"": 0, ""row_search_window"": 0, ""disallow_one_site_gaps"": 0, ""use_diamond_legalizer"": 1, ""disable_window_extension"": 0}",VALID,3678521.9,3678521.9,0.0,0.0,0.0,False
44,90,3,RISCY-FPU-b-1-c20,0,"{""max_displacement"": 0, ""site_search_window"": 0, ""row_search_window"": 0, ""disallow_one_site_gaps"": 0, ""use_diamond_legalizer"": 1, ""disable_window_extension"": 0}","{""max_displacement"": 0, ""site_search_window"": 0, ""row_search_window"": 0, ""disallow_one_site_gaps"": true, ""use_diamond_legalizer"": 1, ""disable_window_extension"": true}",VALID,3678521.9,3678521.9,0.0,0.0,0.0,False
44,90,4,RISCY-FPU-b-1-c20,7,"{""max_displacement"": 0, ""site_search_window"": 0, ""row_search_window"": 0, ""disallow_one_site_gaps"": true, ""use_diamond_legalizer"": 1, ""disable_window_extension"": true}","{""max_displacement"": 0, ""site_search_window"": 0, ""row_search_window"": 0, ""disallow_one_site_gaps"": true, ""use_diamond_legalizer"": 1, ""disable_window_extension"": true}",VALID,3678521.9,3678521.9,0.0,0.0,0.0,False
44,90,5,RISCY-FPU-b-1-c20,3,"{""max_displacement"": 0, ""site_search_window"": 0, ""row_search_window"": 0, ""disallow_one_site_gaps"": true, ""use_diamond_legalizer"": 1, ""disable_window_extension"": true}","{""max_displacement"": 0, ""site_search_window"": 10, ""row_search_window"": 2, ""disallow_one_site_gaps"": true, ""use_diamond_legalizer"": 1, ""disable_window_extension"": true}",VALID,3678521.9,3678521.9,0.0,0.0,0.0,False
44,90,6,RISCY-FPU-b-1-c20,4,"{""max_displacement"": 0, ""site_search_window"": 10, ""row_search_window"": 2, ""disallow_one_site_gaps"": true, ""use_diamond_legalizer"": 1, ""disable_window_extension"": true}","{""max_displacement"": 0, ""site_search_window"": 0, ""row_search_window"": 0, ""disallow_one_site_gaps"": true, ""use_diamond_legalizer"": 1, ""disable_window_extension"": true}",VALID,3678521.9,3678521.9,0.0,0.0,0.0,False
44,90,7,RISCY-FPU-b-1-c20,2,"{""max_displacement"": 0, ""site_search_window"": 0, ""row_search_window"": 0, ""disallow_one_site_gaps"": true, ""use_diamond_legalizer"": 1, ""disable_window_extension"": true}","{""max_displacement"": 0, ""site_search_window"": 0, ""row_search_window"": 0, ""disallow_one_site_gaps"": true, ""use_diamond_legalizer"": 1, ""disable_window_extension"": true}",VALID,3678521.9,3678521.9,0.0,0.0,0.0,False
44,90,8,RISCY-FPU-b-1-c20,0,"{""max_displacement"": 0, ""site_search_window"": 0, ""row_search_window"": 0, ""disallow_one_site_gaps"": true, ""use_diamond_legalizer"": 1, ""disable_window_extension"": true}","{""max_displacement"": 0, ""site_search_window"": 0, ""row_search_window"": 0, ""disallow_one_site_gaps"": false, ""use_diamond_legalizer"": 1, ""disable_window_extension"": false}",VALID,3678521.9,3678521.9,0.0,0.0,0.0,False
44,90,9,RISCY-FPU-b-1-c20,7,"{""max_displacement"": 0, ""site_search_window"": 0, ""row_search_window"": 0, ""disallow_one_site_gaps"": false, ""use_diamond_legalizer"": 1, ""disable_window_extension"": false}","{""max_displacement"": 0, ""site_search_window"": 0, ""row_search_window"": 0, ""disallow_one_site_gaps"": false, ""use_diamond_legalizer"": 1, ""disable_window_extension"": false}",VALID,3678521.9,3678521.9,0.0,0.0,0.0,False
44,90,10,RISCY-FPU-b-1-c20,7,"{""max_displacement"": 0, ""site_search_window"": 0, ""row_search_window"": 0, ""disallow_one_site_gaps"": false, ""use_diamond_legalizer"": 1, ""disable_window_extension"": false}","{""max_displacement"": 0, ""site_search_window"": 0, ""row_search_window"": 0, ""disallow_one_site_gaps"": false, ""use_diamond_legalizer"": 1, ""disable_window_extension"": false}",VALID,3678521.9,3678521.9,0.0,0.0,0.0,True
44,91,1,zero-riscy-b-3-c20,6,"{""max_displacement"": 0, ""site_search_window"": 0, ""row_search_window"": 0, ""disallow_one_site_gaps"": 0, ""use_diamond_legalizer"": 1, ""disable_window_extension"": 0}","{""max_displacement"": 0, ""site_search_window"": 0, ""row_search_window"": 0, ""disallow_one_site_gaps"": 0, ""use_diamond_legalizer"": 1, ""disable_window_extension"": 0}",VALID,1996434.6,1996434.6,0.0,0.0,0.0,False
44,91,2,zero-riscy-b-3-c20,3,"{""max_displacement"": 0, ""site_search_window"": 0, ""row_search_window"": 0, ""disallow_one_site_gaps"": 0, ""use_diamond_legalizer"": 1, ""disable_window_extension"": 0}","{""max_displacement"": 0, ""site_search_window"": 10, ""row_search_window"": 2, ""disallow_one_site_gaps"": 0, ""use_diamond_legalizer"": 1, ""disable_window_extension"": 0}",VALID,1996434.6,1996434.6,0.0,0.0,0.0,False
44,91,3,zero-riscy-b-3-c20,7,"{""max_displacement"": 0, ""site_search_window"": 10, ""row_search_window"": 2, ""disallow_one_site_gaps"": 0, ""use_diamond_legalizer"": 1, ""disable_window_extension"": 0}","{""max_displacement"": 0, ""site_search_window"": 10, ""row_search_window"": 2, ""disallow_one_site_gaps"": 0, ""use_diamond_legalizer"": 1, ""disable_window_extension"": 0}",VALID,1996434.6,1996434.6,0.0,0.0,0.0,False
44,91,4,zero-riscy-b-3-c20,4,"{""max_displacement"": 0, ""site_search_window"": 10, ""row_search_window"": 2, ""disallow_one_site_gaps"": 0, ""use_diamond_legalizer"": 1, ""disable_window_extension"": 0}","{""max_displacement"": 0, ""site_search_window"": 0, ""row_search_window"": 0, ""disallow_one_site_gaps"": 0, ""use_diamond_legalizer"": 1, ""disable_window_extension"": 0}",VALID,1996434.6,1996434.6,0.0,0.0,0.0,False
44,91,5,zero-riscy-b-3-c20,6,"{""max_displacement"": 0, ""site_search_window"": 0, ""row_search_window"": 0, ""disallow_one_site_gaps"": 0, ""use_diamond_legalizer"": 1, ""disable_window_extension"": 0}","{""max_displacement"": 0, ""site_search_window"": 0, ""row_search_window"": 0, ""disallow_one_site_gaps"": 0, ""use_diamond_legalizer"": 1, ""disable_window_extension"": 0}",VALID,1996434.6,1996434.6,0.0,0.0,0.0,False
44,91,6,zero-riscy-b-3-c20,1,"{""max_displacement"": 0, ""site_search_window"": 0, ""row_search_window"": 0, ""disallow_one_site_gaps"": 0, ""use_diamond_legalizer"": 1, ""disable_window_extension"": 0}","{""max_displacement"": 10, ""site_search_window"": 10, ""row_search_window"": 2, ""disallow_one_site_gaps"": 0, ""use_diamond_legalizer"": 1, ""disable_window_extension"": 0}",VALID,1996434.6,1996434.6,0.0,0.0,0.0,False
44,91,7,zero-riscy-b-3-c20,3,"{""max_displacement"": 10, ""site_search_window"": 10, ""row_search_window"": 2, ""disallow_one_site_gaps"": 0, ""use_diamond_legalizer"": 1, ""disable_window_extension"": 0}","{""max_displacement"": 10, ""site_search_window"": 20, ""row_search_window"": 4, ""disallow_one_site_gaps"": 0, ""use_diamond_legalizer"": 1, ""disable_window_extension"": 0}",VALID,1996434.6,1996434.6,0.0,0.0,0.0,False
44,91,8,zero-riscy-b-3-c20,5,"{""max_displacement"": 10, ""site_search_window"": 20, ""row_search_window"": 4, ""disallow_one_site_gaps"": 0, ""use_diamond_legalizer"": 1, ""disable_window_extension"": 0}","{""max_displacement"": 20, ""site_search_window"": 30, ""row_search_window"": 4, ""disallow_one_site_gaps"": 0, ""use_diamond_legalizer"": 1, ""disable_window_extension"": 0}",VALID,1996434.6,1996434.6,0.0,0.0,0.0,False
44,91,9,zero-riscy-b-3-c20,6,"{""max_displacement"": 20, ""site_search_window"": 30, ""row_search_window"": 4, ""disallow_one_site_gaps"": 0, ""use_diamond_legalizer"": 1, ""disable_window_extension"": 0}","{""max_displacement"": 10, ""site_search_window"": 20, ""row_search_window"": 4, ""disallow_one_site_gaps"": 0, ""use_diamond_legalizer"": 1, ""disable_window_extension"": 0}",VALID,1996434.6,1996434.6,0.0,0.0,0.0,False
44,91,10,zero-riscy-b-3-c20,6,"{""max_displacement"": 10, ""site_search_window"": 20, ""row_search_window"": 4, ""disallow_one_site_gaps"": 0, ""use_diamond_legalizer"": 1, ""disable_window_extension"": 0}","{""max_displacement"": 0, ""site_search_window"": 10, ""row_search_window"": 4, ""disallow_one_site_gaps"": 0, ""use_diamond_legalizer"": 1, ""disable_window_extension"": 0}",VALID,1996434.6,1996434.6,0.0,0.0,0.0,True
44,92,1,zero-riscy-a-1-c2,7,"{""max_displacement"": 0, ""site_search_window"": 0, ""row_search_window"": 0, ""disallow_one_site_gaps"": 0, ""use_diamond_legalizer"": 1, ""disable_window_extension"": 0}","{""max_displacement"": 0, ""site_search_window"": 0, ""row_search_window"": 0, ""disallow_one_site_gaps"": 0, ""use_diamond_legalizer"": 1, ""disable_window_extension"": 0}",VALID,5098387.3,5098387.3,0.0,0.0,0.0,False
44,92,2,zero-riscy-a-1-c2,7,"{""max_displacement"": 0, ""site_search_window"": 0, ""row_search_window"": 0, ""disallow_one_site_gaps"": 0, ""use_diamond_legalizer"": 1, ""disable_window_extension"": 0}","{""max_displacement"": 0, ""site_search_window"": 0, ""row_search_window"": 0, ""disallow_one_site_gaps"": 0, ""use_diamond_legalizer"": 1, ""disable_window_extension"": 0}",VALID,5098387.3,5098387.3,0.0,0.0,0.0,False
44,92,3,zero-riscy-a-1-c2,6,"{""max_displacement"": 0, ""site_search_window"": 0, ""row_search_window"": 0, ""disallow_one_site_gaps"": 0, ""use_diamond_legalizer"": 1, ""disable_window_extension"": 0}","{""max_displacement"": 0, ""site_search_window"": 0, ""row_search_window"": 0, ""disallow_one_site_gaps"": 0, ""use_diamond_legalizer"": 1, ""disable_window_extension"": 0}",VALID,5098387.3,5098387.3,0.0,0.0,0.0,False
44,92,4,zero-riscy-a-1-c2,0,"{""max_displacement"": 0, ""site_search_window"": 0, ""row_search_window"": 0, ""disallow_one_site_gaps"": 0, ""use_diamond_legalizer"": 1, ""disable_window_extension"": 0}","{""max_displacement"": 0, ""site_search_window"": 0, ""row_search_window"": 0, ""disallow_one_site_gaps"": true, ""use_diamond_legalizer"": 1, ""disable_window_extension"": true}",VALID,5098387.3,5098387.3,0.0,0.0,0.0,False
44,92,5,zero-riscy-a-1-c2,4,"{""max_displacement"": 0, ""site_search_window"": 0, ""row_search_window"": 0, ""disallow_one_site_gaps"": true, ""use_diamond_legalizer"": 1, ""disable_window_extension"": true}","{""max_displacement"": 0, ""site_search_window"": 0, ""row_search_window"": 0, ""disallow_one_site_gaps"": true, ""use_diamond_legalizer"": 1, ""disable_window_extension"": true}",VALID,5098387.3,5098387.3,0.0,0.0,0.0,False
44,92,6,zero-riscy-a-1-c2,2,"{""max_displacement"": 0, ""site_search_window"": 0, ""row_search_window"": 0, ""disallow_one_site_gaps"": true, ""use_diamond_legalizer"": 1, ""disable_window_extension"": true}","{""max_displacement"": 0, ""site_search_window"": 0, ""row_search_window"": 0, ""disallow_one_site_gaps"": true, ""use_diamond_legalizer"": 1, ""disable_window_extension"": true}",VALID,5098387.3,5098387.3,0.0,0.0,0.0,False
44,92,7,zero-riscy-a-1-c2,4,"{""max_displacement"": 0, ""site_search_window"": 0, ""row_search_window"": 0, ""disallow_one_site_gaps"": true, ""use_diamond_legalizer"": 1, ""disable_window_extension"": true}","{""max_displacement"": 0, ""site_search_window"": 0, ""row_search_window"": 0, ""disallow_one_site_gaps"": true, ""use_diamond_legalizer"": 1, ""disable_window_extension"": true}",VALID,5098387.3,5098387.3,0.0,0.0,0.0,False
44,92,8,zero-riscy-a-1-c2,3,"{""max_displacement"": 0, ""site_search_window"": 0, ""row_search_window"": 0, ""disallow_one_site_gaps"": true, ""use_diamond_legalizer"": 1, ""disable_window_extension"": true}","{""max_displacement"": 0, ""site_search_window"": 10, ""row_search_window"": 2, ""disallow_one_site_gaps"": true, ""use_diamond_legalizer"": 1, ""disable_window_extension"": true}",VALID,5098387.3,5098387.3,0.0,0.0,0.0,False
44,92,9,zero-riscy-a-1-c2,7,"{""max_displacement"": 0, ""site_search_window"": 10, ""row_search_window"": 2, ""disallow_one_site_gaps"": true, ""use_diamond_legalizer"": 1, ""disable_window_extension"": true}","{""max_displacement"": 0, ""site_search_window"": 10, ""row_search_window"": 2, ""disallow_one_site_gaps"": true, ""use_diamond_legalizer"": 1, ""disable_window_extension"": true}",VALID,5098387.3,5098387.3,0.0,0.0,0.0,False
44,92,10,zero-riscy-a-1-c2,4,"{""max_displacement"": 0, ""site_search_window"": 10, ""row_search_window"": 2, ""disallow_one_site_gaps"": true, ""use_diamond_legalizer"": 1, ""disable_window_extension"": true}","{""max_displacement"": 0, ""site_search_window"": 0, ""row_search_window"": 0, ""disallow_one_site_gaps"": true, ""use_diamond_legalizer"": 1, ""disable_window_extension"": true}",VALID,5098387.3,5098387.3,0.0,0.0,0.0,True
44,93,1,RISCY-FPU-a-2-c5,7,"{""max_displacement"": 0, ""site_search_window"": 0, ""row_search_window"": 0, ""disallow_one_site_gaps"": 0, ""use_diamond_legalizer"": 1, ""disable_window_extension"": 0}","{""max_displacement"": 0, ""site_search_window"": 0, ""row_search_window"": 0, ""disallow_one_site_gaps"": 0, ""use_diamond_legalizer"": 1, ""disable_window_extension"": 0}",VALID,6590100.9,6590100.9,0.0,0.0,0.0,False
44,93,2,RISCY-FPU-a-2-c5,2,"{""max_displacement"": 0, ""site_search_window"": 0, ""row_search_window"": 0, ""disallow_one_site_gaps"": 0, ""use_diamond_legalizer"": 1, ""disable_window_extension"": 0}","{""max_displacement"": 0, ""site_search_window"": 0, ""row_search_window"": 0, ""disallow_one_site_gaps"": 0, ""use_diamond_legalizer"": 1, ""disable_window_extension"": 0}",VALID,6590100.9,6590100.9,0.0,0.0,0.0,False
44,93,3,RISCY-FPU-a-2-c5,4,"{""max_displacement"": 0, ""site_search_window"": 0, ""row_search_window"": 0, ""disallow_one_site_gaps"": 0, ""use_diamond_legalizer"": 1, ""disable_window_extension"": 0}","{""max_displacement"": 0, ""site_search_window"": 0, ""row_search_window"": 0, ""disallow_one_site_gaps"": 0, ""use_diamond_legalizer"": 1, ""disable_window_extension"": 0}",VALID,6590100.9,6590100.9,0.0,0.0,0.0,False
44,93,4,RISCY-FPU-a-2-c5,6,"{""max_displacement"": 0, ""site_search_window"": 0, ""row_search_window"": 0, ""disallow_one_site_gaps"": 0, ""use_diamond_legalizer"": 1, ""disable_window_extension"": 0}","{""max_displacement"": 0, ""site_search_window"": 0, ""row_search_window"": 0, ""disallow_one_site_gaps"": 0, ""use_diamond_legalizer"": 1, ""disable_window_extension"": 0}",VALID,6590100.9,6590100.9,0.0,0.0,0.0,False
44,93,5,RISCY-FPU-a-2-c5,6,"{""max_displacement"": 0, ""site_search_window"": 0, ""row_search_window"": 0, ""disallow_one_site_gaps"": 0, ""use_diamond_legalizer"": 1, ""disable_window_extension"": 0}","{""max_displacement"": 0, ""site_search_window"": 0, ""row_search_window"": 0, ""disallow_one_site_gaps"": 0, ""use_diamond_legalizer"": 1, ""disable_window_extension"": 0}",VALID,6590100.9,6590100.9,0.0,0.0,0.0,False
44,93,6,RISCY-FPU-a-2-c5,0,"{""max_displacement"": 0, ""site_search_window"": 0, ""row_search_window"": 0, ""disallow_one_site_gaps"": 0, ""use_diamond_legalizer"": 1, ""disable_window_extension"": 0}","{""max_displacement"": 0, ""site_search_window"": 0, ""row_search_window"": 0, ""disallow_one_site_gaps"": true, ""use_diamond_legalizer"": 1, ""disable_window_extension"": true}",VALID,6590100.9,6590100.9,0.0,0.0,0.0,False
44,93,7,RISCY-FPU-a-2-c5,4,"{""max_displacement"": 0, ""site_search_window"": 0, ""row_search_window"": 0, ""disallow_one_site_gaps"": true, ""use_diamond_legalizer"": 1, ""disable_window_extension"": true}","{""max_displacement"": 0, ""site_search_window"": 0, ""row_search_window"": 0, ""disallow_one_site_gaps"": true, ""use_diamond_legalizer"": 1, ""disable_window_extension"": true}",VALID,6590100.9,6590100.9,0.0,0.0,0.0,False
44,93,8,RISCY-FPU-a-2-c5,0,"{""max_displacement"": 0, ""site_search_window"": 0, ""row_search_window"": 0, ""disallow_one_site_gaps"": true, ""use_diamond_legalizer"": 1, ""disable_window_extension"": true}","{""max_displacement"": 0, ""site_search_window"": 0, ""row_search_window"": 0, ""disallow_one_site_gaps"": false, ""use_diamond_legalizer"": 1, ""disable_window_extension"": false}",VALID,6590100.9,6590100.9,0.0,0.0,0.0,False
44,93,9,RISCY-FPU-a-2-c5,3,"{""max_displacement"": 0, ""site_search_window"": 0, ""row_search_window"": 0, ""disallow_one_site_gaps"": false, ""use_diamond_legalizer"": 1, ""disable_window_extension"": false}","{""max_displacement"": 0, ""site_search_window"": 10, ""row_search_window"": 2, ""disallow_one_site_gaps"": false, ""use_diamond_legalizer"": 1, ""disable_window_extension"": false}",VALID,6590100.9,6590100.9,0.0,0.0,0.0,False
44,93,10,RISCY-FPU-a-2-c5,0,"{""max_displacement"": 0, ""site_search_window"": 10, ""row_search_window"": 2, ""disallow_one_site_gaps"": false, ""use_diamond_legalizer"": 1, ""disable_window_extension"": false}","{""max_displacement"": 0, ""site_search_window"": 10, ""row_search_window"": 2, ""disallow_one_site_gaps"": true, ""use_diamond_legalizer"": 1, ""disable_window_extension"": true}",VALID,6590100.9,6590100.9,0.0,0.0,0.0,True
44,94,1,zero-riscy-b-1-c2,0,"{""max_displacement"": 0, ""site_search_window"": 0, ""row_search_window"": 0, ""disallow_one_site_gaps"": 0, ""use_diamond_legalizer"": 1, ""disable_window_extension"": 0}","{""max_displacement"": 0, ""site_search_window"": 0, ""row_search_window"": 0, ""disallow_one_site_gaps"": true, ""use_diamond_legalizer"": 1, ""disable_window_extension"": true}",VALID,2386646.3,2386646.3,0.0,0.0,0.0,False
44,94,2,zero-riscy-b-1-c2,7,"{""max_displacement"": 0, ""site_search_window"": 0, ""row_search_window"": 0, ""disallow_one_site_gaps"": true, ""use_diamond_legalizer"": 1, ""disable_window_extension"": true}","{""max_displacement"": 0, ""site_search_window"": 0, ""row_search_window"": 0, ""disallow_one_site_gaps"": true, ""use_diamond_legalizer"": 1, ""disable_window_extension"": true}",VALID,2386646.3,2386646.3,0.0,0.0,0.0,False
44,94,3,zero-riscy-b-1-c2,2,"{""max_displacement"": 0, ""site_search_window"": 0, ""row_search_window"": 0, ""disallow_one_site_gaps"": true, ""use_diamond_legalizer"": 1, ""disable_window_extension"": true}","{""max_displacement"": 0, ""site_search_window"": 0, ""row_search_window"": 0, ""disallow_one_site_gaps"": true, ""use_diamond_legalizer"": 1, ""disable_window_extension"": true}",VALID,2386646.3,2386646.3,0.0,0.0,0.0,False
44,94,4,zero-riscy-b-1-c2,7,"{""max_displacement"": 0, ""site_search_window"": 0, ""row_search_window"": 0, ""disallow_one_site_gaps"": true, ""use_diamond_legalizer"": 1, ""disable_window_extension"": true}","{""max_displacement"": 0, ""site_search_window"": 0, ""row_search_window"": 0, ""disallow_one_site_gaps"": true, ""use_diamond_legalizer"": 1, ""disable_window_extension"": true}",VALID,2386646.3,2386646.3,0.0,0.0,0.0,False
44,94,5,zero-riscy-b-1-c2,1,"{""max_displacement"": 0, ""site_search_window"": 0, ""row_search_window"": 0, ""disallow_one_site_gaps"": true, ""use_diamond_legalizer"": 1, ""disable_window_extension"": true}","{""max_displacement"": 10, ""site_search_window"": 10, ""row_search_window"": 2, ""disallow_one_site_gaps"": true, ""use_diamond_legalizer"": 1, ""disable_window_extension"": true}",FAILED,2386646.3,2386646.3,0.0,-100.0,-1.0,False
44,94,6,zero-riscy-b-1-c2,7,"{""max_displacement"": 10, ""site_search_window"": 10, ""row_search_window"": 2, ""disallow_one_site_gaps"": true, ""use_diamond_legalizer"": 1, ""disable_window_extension"": true}","{""max_displacement"": 10, ""site_search_window"": 10, ""row_search_window"": 2, ""disallow_one_site_gaps"": true, ""use_diamond_legalizer"": 1, ""disable_window_extension"": true}",FAILED,2386646.3,2386646.3,0.0,-100.0,-1.0,False
44,94,7,zero-riscy-b-1-c2,7,"{""max_displacement"": 10, ""site_search_window"": 10, ""row_search_window"": 2, ""disallow_one_site_gaps"": true, ""use_diamond_legalizer"": 1, ""disable_window_extension"": true}","{""max_displacement"": 10, ""site_search_window"": 10, ""row_search_window"": 2, ""disallow_one_site_gaps"": true, ""use_diamond_legalizer"": 1, ""disable_window_extension"": true}",FAILED,2386646.3,2386646.3,0.0,-100.0,-1.0,False
44,94,8,zero-riscy-b-1-c2,2,"{""max_displacement"": 10, ""site_search_window"": 10, ""row_search_window"": 2, ""disallow_one_site_gaps"": true, ""use_diamond_legalizer"": 1, ""disable_window_extension"": true}","{""max_displacement"": 0, ""site_search_window"": 0, ""row_search_window"": 0, ""disallow_one_site_gaps"": true, ""use_diamond_legalizer"": 1, ""disable_window_extension"": true}",VALID,2386646.3,2386646.3,0.0,0.0,0.0,False
44,94,9,zero-riscy-b-1-c2,2,"{""max_displacement"": 0, ""site_search_window"": 0, ""row_search_window"": 0, ""disallow_one_site_gaps"": true, ""use_diamond_legalizer"": 1, ""disable_window_extension"": true}","{""max_displacement"": 0, ""site_search_window"": 0, ""row_search_window"": 0, ""disallow_one_site_gaps"": true, ""use_diamond_legalizer"": 1, ""disable_window_extension"": true}",VALID,2386646.3,2386646.3,0.0,0.0,0.0,False
44,94,10,zero-riscy-b-1-c2,6,"{""max_displacement"": 0, ""site_search_window"": 0, ""row_search_window"": 0, ""disallow_one_site_gaps"": true, ""use_diamond_legalizer"": 1, ""disable_window_extension"": true}","{""max_displacement"": 0, ""site_search_window"": 0, ""row_search_window"": 0, ""disallow_one_site_gaps"": true, ""use_diamond_legalizer"": 1, ""disable_window_extension"": true}",VALID,2386646.3,2386646.3,0.0,0.0,0.0,True
44,95,1,RISCY-b-1-c2,6,"{""max_displacement"": 0, ""site_search_window"": 0, ""row_search_window"": 0, ""disallow_one_site_gaps"": 0, ""use_diamond_legalizer"": 1, ""disable_window_extension"": 0}","{""max_displacement"": 0, ""site_search_window"": 0, ""row_search_window"": 0, ""disallow_one_site_gaps"": 0, ""use_diamond_legalizer"": 1, ""disable_window_extension"": 0}",VALID,2943613.2,2943613.2,0.0,0.0,0.0,False
44,95,2,RISCY-b-1-c2,6,"{""max_displacement"": 0, ""site_search_window"": 0, ""row_search_window"": 0, ""disallow_one_site_gaps"": 0, ""use_diamond_legalizer"": 1, ""disable_window_extension"": 0}","{""max_displacement"": 0, ""site_search_window"": 0, ""row_search_window"": 0, ""disallow_one_site_gaps"": 0, ""use_diamond_legalizer"": 1, ""disable_window_extension"": 0}",VALID,2943613.2,2943613.2,0.0,0.0,0.0,False
44,95,3,RISCY-b-1-c2,0,"{""max_displacement"": 0, ""site_search_window"": 0, ""row_search_window"": 0, ""disallow_one_site_gaps"": 0, ""use_diamond_legalizer"": 1, ""disable_window_extension"": 0}","{""max_displacement"": 0, ""site_search_window"": 0, ""row_search_window"": 0, ""disallow_one_site_gaps"": true, ""use_diamond_legalizer"": 1, ""disable_window_extension"": true}",VALID,2943613.2,2943613.2,0.0,0.0,0.0,False
44,95,4,RISCY-b-1-c2,5,"{""max_displacement"": 0, ""site_search_window"": 0, ""row_search_window"": 0, ""disallow_one_site_gaps"": true, ""use_diamond_legalizer"": 1, ""disable_window_extension"": true}","{""max_displacement"": 10, ""site_search_window"": 10, ""row_search_window"": 0, ""disallow_one_site_gaps"": true, ""use_diamond_legalizer"": 1, ""disable_window_extension"": true}",FAILED,2943613.2,2943613.2,0.0,-100.0,-1.0,False
44,95,5,RISCY-b-1-c2,3,"{""max_displacement"": 10, ""site_search_window"": 10, ""row_search_window"": 0, ""disallow_one_site_gaps"": true, ""use_diamond_legalizer"": 1, ""disable_window_extension"": true}","{""max_displacement"": 10, ""site_search_window"": 20, ""row_search_window"": 2, ""disallow_one_site_gaps"": true, ""use_diamond_legalizer"": 1, ""disable_window_extension"": true}",FAILED,2943613.2,2943613.2,0.0,-100.0,-1.0,False
44,95,6,RISCY-b-1-c2,7,"{""max_displacement"": 10, ""site_search_window"": 20, ""row_search_window"": 2, ""disallow_one_site_gaps"": true, ""use_diamond_legalizer"": 1, ""disable_window_extension"": true}","{""max_displacement"": 10, ""site_search_window"": 20, ""row_search_window"": 2, ""disallow_one_site_gaps"": true, ""use_diamond_legalizer"": 1, ""disable_window_extension"": true}",FAILED,2943613.2,2943613.2,0.0,-100.0,-1.0,False
44,95,7,RISCY-b-1-c2,4,"{""max_displacement"": 10, ""site_search_window"": 20, ""row_search_window"": 2, ""disallow_one_site_gaps"": true, ""use_diamond_legalizer"": 1, ""disable_window_extension"": true}","{""max_displacement"": 10, ""site_search_window"": 10, ""row_search_window"": 0, ""disallow_one_site_gaps"": true, ""use_diamond_legalizer"": 1, ""disable_window_extension"": true}",FAILED,2943613.2,2943613.2,0.0,-100.0,-1.0,False
44,95,8,RISCY-b-1-c2,6,"{""max_displacement"": 10, ""site_search_window"": 10, ""row_search_window"": 0, ""disallow_one_site_gaps"": true, ""use_diamond_legalizer"": 1, ""disable_window_extension"": true}","{""max_displacement"": 0, ""site_search_window"": 0, ""row_search_window"": 0, ""disallow_one_site_gaps"": true, ""use_diamond_legalizer"": 1, ""disable_window_extension"": true}",VALID,2943613.2,2943613.2,0.0,0.0,0.0,False
44,95,9,RISCY-b-1-c2,1,"{""max_displacement"": 0, ""site_search_window"": 0, ""row_search_window"": 0, ""disallow_one_site_gaps"": true, ""use_diamond_legalizer"": 1, ""disable_window_extension"": true}","{""max_displacement"": 10, ""site_search_window"": 10, ""row_search_window"": 2, ""disallow_one_site_gaps"": true, ""use_diamond_legalizer"": 1, ""disable_window_extension"": true}",FAILED,2943613.2,2943613.2,0.0,-100.0,-1.0,False
44,95,10,RISCY-b-1-c2,0,"{""max_displacement"": 10, ""site_search_window"": 10, ""row_search_window"": 2, ""disallow_one_site_gaps"": true, ""use_diamond_legalizer"": 1, ""disable_window_extension"": true}","{""max_displacement"": 10, ""site_search_window"": 10, ""row_search_window"": 2, ""disallow_one_site_gaps"": false, ""use_diamond_legalizer"": 1, ""disable_window_extension"": false}",FAILED,2943613.2,2943613.2,0.0,-100.0,-1.0,True
44,96,1,RISCY-FPU-b-3-c2,0,"{""max_displacement"": 0, ""site_search_window"": 0, ""row_search_window"": 0, ""disallow_one_site_gaps"": 0, ""use_diamond_legalizer"": 1, ""disable_window_extension"": 0}","{""max_displacement"": 0, ""site_search_window"": 0, ""row_search_window"": 0, ""disallow_one_site_gaps"": true, ""use_diamond_legalizer"": 1, ""disable_window_extension"": true}",VALID,6781434.9,6781434.9,0.0,0.0,0.0,False
44,96,2,RISCY-FPU-b-3-c2,2,"{""max_displacement"": 0, ""site_search_window"": 0, ""row_search_window"": 0, ""disallow_one_site_gaps"": true, ""use_diamond_legalizer"": 1, ""disable_window_extension"": true}","{""max_displacement"": 0, ""site_search_window"": 0, ""row_search_window"": 0, ""disallow_one_site_gaps"": true, ""use_diamond_legalizer"": 1, ""disable_window_extension"": true}",VALID,6781434.9,6781434.9,0.0,0.0,0.0,False
44,96,3,RISCY-FPU-b-3-c2,6,"{""max_displacement"": 0, ""site_search_window"": 0, ""row_search_window"": 0, ""disallow_one_site_gaps"": true, ""use_diamond_legalizer"": 1, ""disable_window_extension"": true}","{""max_displacement"": 0, ""site_search_window"": 0, ""row_search_window"": 0, ""disallow_one_site_gaps"": true, ""use_diamond_legalizer"": 1, ""disable_window_extension"": true}",VALID,6781434.9,6781434.9,0.0,0.0,0.0,False
44,96,4,RISCY-FPU-b-3-c2,0,"{""max_displacement"": 0, ""site_search_window"": 0, ""row_search_window"": 0, ""disallow_one_site_gaps"": true, ""use_diamond_legalizer"": 1, ""disable_window_extension"": true}","{""max_displacement"": 0, ""site_search_window"": 0, ""row_search_window"": 0, ""disallow_one_site_gaps"": false, ""use_diamond_legalizer"": 1, ""disable_window_extension"": false}",VALID,6781434.9,6781434.9,0.0,0.0,0.0,False
44,96,5,RISCY-FPU-b-3-c2,2,"{""max_displacement"": 0, ""site_search_window"": 0, ""row_search_window"": 0, ""disallow_one_site_gaps"": false, ""use_diamond_legalizer"": 1, ""disable_window_extension"": false}","{""max_displacement"": 0, ""site_search_window"": 0, ""row_search_window"": 0, ""disallow_one_site_gaps"": false, ""use_diamond_legalizer"": 1, ""disable_window_extension"": false}",VALID,6781434.9,6781434.9,0.0,0.0,0.0,False
44,96,6,RISCY-FPU-b-3-c2,6,"{""max_displacement"": 0, ""site_search_window"": 0, ""row_search_window"": 0, ""disallow_one_site_gaps"": false, ""use_diamond_legalizer"": 1, ""disable_window_extension"": false}","{""max_displacement"": 0, ""site_search_window"": 0, ""row_search_window"": 0, ""disallow_one_site_gaps"": false, ""use_diamond_legalizer"": 1, ""disable_window_extension"": false}",VALID,6781434.9,6781434.9,0.0,0.0,0.0,False
44,96,7,RISCY-FPU-b-3-c2,4,"{""max_displacement"": 0, ""site_search_window"": 0, ""row_search_window"": 0, ""disallow_one_site_gaps"": false, ""use_diamond_legalizer"": 1, ""disable_window_extension"": false}","{""max_displacement"": 0, ""site_search_window"": 0, ""row_search_window"": 0, ""disallow_one_site_gaps"": false, ""use_diamond_legalizer"": 1, ""disable_window_extension"": false}",VALID,6781434.9,6781434.9,0.0,0.0,0.0,False
44,96,8,RISCY-FPU-b-3-c2,1,"{""max_displacement"": 0, ""site_search_window"": 0, ""row_search_window"": 0, ""disallow_one_site_gaps"": false, ""use_diamond_legalizer"": 1, ""disable_window_extension"": false}","{""max_displacement"": 10, ""site_search_window"": 10, ""row_search_window"": 2, ""disallow_one_site_gaps"": false, ""use_diamond_legalizer"": 1, ""disable_window_extension"": false}",FAILED,6781434.9,6781434.9,0.0,-100.0,-1.0,False
44,96,9,RISCY-FPU-b-3-c2,7,"{""max_displacement"": 10, ""site_search_window"": 10, ""row_search_window"": 2, ""disallow_one_site_gaps"": false, ""use_diamond_legalizer"": 1, ""disable_window_extension"": false}","{""max_displacement"": 10, ""site_search_window"": 10, ""row_search_window"": 2, ""disallow_one_site_gaps"": false, ""use_diamond_legalizer"": 1, ""disable_window_extension"": false}",FAILED,6781434.9,6781434.9,0.0,-100.0,-1.0,False
44,96,10,RISCY-FPU-b-3-c2,0,"{""max_displacement"": 10, ""site_search_window"": 10, ""row_search_window"": 2, ""disallow_one_site_gaps"": false, ""use_diamond_legalizer"": 1, ""disable_window_extension"": false}","{""max_displacement"": 10, ""site_search_window"": 10, ""row_search_window"": 2, ""disallow_one_site_gaps"": true, ""use_diamond_legalizer"": 1, ""disable_window_extension"": true}",FAILED,6781434.9,6781434.9,0.0,-100.0,-1.0,True
44,97,1,RISCY-FPU-a-3-c5,3,"{""max_displacement"": 0, ""site_search_window"": 0, ""row_search_window"": 0, ""disallow_one_site_gaps"": 0, ""use_diamond_legalizer"": 1, ""disable_window_extension"": 0}","{""max_displacement"": 0, ""site_search_window"": 10, ""row_search_window"": 2, ""disallow_one_site_gaps"": 0, ""use_diamond_legalizer"": 1, ""disable_window_extension"": 0}",VALID,7615617.5,7615617.5,0.0,0.0,0.0,False
44,97,2,RISCY-FPU-a-3-c5,5,"{""max_displacement"": 0, ""site_search_window"": 10, ""row_search_window"": 2, ""disallow_one_site_gaps"": 0, ""use_diamond_legalizer"": 1, ""disable_window_extension"": 0}","{""max_displacement"": 10, ""site_search_window"": 20, ""row_search_window"": 2, ""disallow_one_site_gaps"": 0, ""use_diamond_legalizer"": 1, ""disable_window_extension"": 0}",FAILED,7615617.5,7615617.5,0.0,-100.0,-1.0,False
44,97,3,RISCY-FPU-a-3-c5,2,"{""max_displacement"": 10, ""site_search_window"": 20, ""row_search_window"": 2, ""disallow_one_site_gaps"": 0, ""use_diamond_legalizer"": 1, ""disable_window_extension"": 0}","{""max_displacement"": 0, ""site_search_window"": 10, ""row_search_window"": 0, ""disallow_one_site_gaps"": 0, ""use_diamond_legalizer"": 1, ""disable_window_extension"": 0}",VALID,7615617.5,7615617.5,0.0,0.0,0.0,False
44,97,4,RISCY-FPU-a-3-c5,0,"{""max_displacement"": 0, ""site_search_window"": 10, ""row_search_window"": 0, ""disallow_one_site_gaps"": 0, ""use_diamond_legalizer"": 1, ""disable_window_extension"": 0}","{""max_displacement"": 0, ""site_search_window"": 10, ""row_search_window"": 0, ""disallow_one_site_gaps"": true, ""use_diamond_legalizer"": 1, ""disable_window_extension"": true}",VALID,7615617.5,7615617.5,0.0,0.0,0.0,False
44,97,5,RISCY-FPU-a-3-c5,1,"{""max_displacement"": 0, ""site_search_window"": 10, ""row_search_window"": 0, ""disallow_one_site_gaps"": true, ""use_diamond_legalizer"": 1, ""disable_window_extension"": true}","{""max_displacement"": 10, ""site_search_window"": 20, ""row_search_window"": 2, ""disallow_one_site_gaps"": true, ""use_diamond_legalizer"": 1, ""disable_window_extension"": true}",FAILED,7615617.5,7615617.5,0.0,-100.0,-1.0,False
44,97,6,RISCY-FPU-a-3-c5,6,"{""max_displacement"": 10, ""site_search_window"": 20, ""row_search_window"": 2, ""disallow_one_site_gaps"": true, ""use_diamond_legalizer"": 1, ""disable_window_extension"": true}","{""max_displacement"": 0, ""site_search_window"": 10, ""row_search_window"": 2, ""disallow_one_site_gaps"": true, ""use_diamond_legalizer"": 1, ""disable_window_extension"": true}",VALID,7615617.5,7615617.5,0.0,0.0,0.0,False
44,97,7,RISCY-FPU-a-3-c5,1,"{""max_displacement"": 0, ""site_search_window"": 10, ""row_search_window"": 2, ""disallow_one_site_gaps"": true, ""use_diamond_legalizer"": 1, ""disable_window_extension"": true}","{""max_displacement"": 10, ""site_search_window"": 20, ""row_search_window"": 4, ""disallow_one_site_gaps"": true, ""use_diamond_legalizer"": 1, ""disable_window_extension"": true}",FAILED,7615617.5,7615617.5,0.0,-100.0,-1.0,False
44,97,8,RISCY-FPU-a-3-c5,1,"{""max_displacement"": 10, ""site_search_window"": 20, ""row_search_window"": 4, ""disallow_one_site_gaps"": true, ""use_diamond_legalizer"": 1, ""disable_window_extension"": true}","{""max_displacement"": 20, ""site_search_window"": 30, ""row_search_window"": 6, ""disallow_one_site_gaps"": true, ""use_diamond_legalizer"": 1, ""disable_window_extension"": true}",FAILED,7615617.5,7615617.5,0.0,-100.0,-1.0,False
44,97,9,RISCY-FPU-a-3-c5,4,"{""max_displacement"": 20, ""site_search_window"": 30, ""row_search_window"": 6, ""disallow_one_site_gaps"": true, ""use_diamond_legalizer"": 1, ""disable_window_extension"": true}","{""max_displacement"": 20, ""site_search_window"": 20, ""row_search_window"": 4, ""disallow_one_site_gaps"": true, ""use_diamond_legalizer"": 1, ""disable_window_extension"": true}",FAILED,7615617.5,7615617.5,0.0,-100.0,-1.0,False
44,97,10,RISCY-FPU-a-3-c5,1,"{""max_displacement"": 20, ""site_search_window"": 20, ""row_search_window"": 4, ""disallow_one_site_gaps"": true, ""use_diamond_legalizer"": 1, ""disable_window_extension"": true}","{""max_displacement"": 30, ""site_search_window"": 30, ""row_search_window"": 6, ""disallow_one_site_gaps"": true, ""use_diamond_legalizer"": 1, ""disable_window_extension"": true}",FAILED,7615617.5,7615617.5,0.0,-100.0,-1.0,True
44,98,1,RISCY-b-1-c20,6,"{""max_displacement"": 0, ""site_search_window"": 0, ""row_search_window"": 0, ""disallow_one_site_gaps"": 0, ""use_diamond_legalizer"": 1, ""disable_window_extension"": 0}","{""max_displacement"": 0, ""site_search_window"": 0, ""row_search_window"": 0, ""disallow_one_site_gaps"": 0, ""use_diamond_legalizer"": 1, ""disable_window_extension"": 0}",VALID,3618038.1,3618038.1,0.0,0.0,0.0,False
44,98,2,RISCY-b-1-c20,3,"{""max_displacement"": 0, ""site_search_window"": 0, ""row_search_window"": 0, ""disallow_one_site_gaps"": 0, ""use_diamond_legalizer"": 1, ""disable_window_extension"": 0}","{""max_displacement"": 0, ""site_search_window"": 10, ""row_search_window"": 2, ""disallow_one_site_gaps"": 0, ""use_diamond_legalizer"": 1, ""disable_window_extension"": 0}",VALID,3618038.1,3618038.1,0.0,0.0,0.0,False
44,98,3,RISCY-b-1-c20,1,"{""max_displacement"": 0, ""site_search_window"": 10, ""row_search_window"": 2, ""disallow_one_site_gaps"": 0, ""use_diamond_legalizer"": 1, ""disable_window_extension"": 0}","{""max_displacement"": 10, ""site_search_window"": 20, ""row_search_window"": 4, ""disallow_one_site_gaps"": 0, ""use_diamond_legalizer"": 1, ""disable_window_extension"": 0}",FAILED,3618038.1,3618038.1,0.0,-100.0,-1.0,False
44,98,4,RISCY-b-1-c20,5,"{""max_displacement"": 10, ""site_search_window"": 20, ""row_search_window"": 4, ""disallow_one_site_gaps"": 0, ""use_diamond_legalizer"": 1, ""disable_window_extension"": 0}","{""max_displacement"": 20, ""site_search_window"": 30, ""row_search_window"": 4, ""disallow_one_site_gaps"": 0, ""use_diamond_legalizer"": 1, ""disable_window_extension"": 0}",VALID,3618038.1,3618050.5,-12.399999999906868,-0.00030000000000000003,-3.4272718133915913e-06,False
44,98,5,RISCY-b-1-c20,4,"{""max_displacement"": 20, ""site_search_window"": 30, ""row_search_window"": 4, ""disallow_one_site_gaps"": 0, ""use_diamond_legalizer"": 1, ""disable_window_extension"": 0}","{""max_displacement"": 20, ""site_search_window"": 20, ""row_search_window"": 2, ""disallow_one_site_gaps"": 0, ""use_diamond_legalizer"": 1, ""disable_window_extension"": 0}",VALID,3618038.1,3618050.5,0.0,0.0,0.0,False
44,98,6,RISCY-b-1-c20,1,"{""max_displacement"": 20, ""site_search_window"": 20, ""row_search_window"": 2, ""disallow_one_site_gaps"": 0, ""use_diamond_legalizer"": 1, ""disable_window_extension"": 0}","{""max_displacement"": 30, ""site_search_window"": 30, ""row_search_window"": 4, ""disallow_one_site_gaps"": 0, ""use_diamond_legalizer"": 1, ""disable_window_extension"": 0}",VALID,3618038.1,3618038.1,12.399999999906868,0.00030000000000000003,3.4272600672397657e-06,False
44,98,7,RISCY-b-1-c20,0,"{""max_displacement"": 30, ""site_search_window"": 30, ""row_search_window"": 4, ""disallow_one_site_gaps"": 0, ""use_diamond_legalizer"": 1, ""disable_window_extension"": 0}","{""max_displacement"": 30, ""site_search_window"": 30, ""row_search_window"": 4, ""disallow_one_site_gaps"": true, ""use_diamond_legalizer"": 1, ""disable_window_extension"": true}",VALID,3618038.1,3618038.1,0.0,0.0,0.0,False
44,98,8,RISCY-b-1-c20,2,"{""max_displacement"": 30, ""site_search_window"": 30, ""row_search_window"": 4, ""disallow_one_site_gaps"": true, ""use_diamond_legalizer"": 1, ""disable_window_extension"": true}","{""max_displacement"": 20, ""site_search_window"": 20, ""row_search_window"": 2, ""disallow_one_site_gaps"": true, ""use_diamond_legalizer"": 1, ""disable_window_extension"": true}",VALID,3618038.1,3618050.5,-12.399999999906868,-0.00030000000000000003,-3.4272718133915913e-06,False
44,98,9,RISCY-b-1-c20,0,"{""max_displacement"": 20, ""site_search_window"": 20, ""row_search_window"": 2, ""disallow_one_site_gaps"": true, ""use_diamond_legalizer"": 1, ""disable_window_extension"": true}","{""max_displacement"": 20, ""site_search_window"": 20, ""row_search_window"": 2, ""disallow_one_site_gaps"": false, ""use_diamond_legalizer"": 1, ""disable_window_extension"": false}",VALID,3618038.1,3618050.5,0.0,0.0,0.0,False
44,98,10,RISCY-b-1-c20,7,"{""max_displacement"": 20, ""site_search_window"": 20, ""row_search_window"": 2, ""disallow_one_site_gaps"": false, ""use_diamond_legalizer"": 1, ""disable_window_extension"": false}","{""max_displacement"": 20, ""site_search_window"": 20, ""row_search_window"": 2, ""disallow_one_site_gaps"": false, ""use_diamond_legalizer"": 1, ""disable_window_extension"": false}",VALID,3618038.1,3618050.5,0.0,0.0,0.0,True
44,99,1,zero-riscy-b-1-c20,2,"{""max_displacement"": 0, ""site_search_window"": 0, ""row_search_window"": 0, ""disallow_one_site_gaps"": 0, ""use_diamond_legalizer"": 1, ""disable_window_extension"": 0}","{""max_displacement"": 0, ""site_search_window"": 0, ""row_search_window"": 0, ""disallow_one_site_gaps"": 0, ""use_diamond_legalizer"": 1, ""disable_window_extension"": 0}",VALID,1957747.6,1957747.6,0.0,0.0,0.0,False
44,99,2,zero-riscy-b-1-c20,3,"{""max_displacement"": 0, ""site_search_window"": 0, ""row_search_window"": 0, ""disallow_one_site_gaps"": 0, ""use_diamond_legalizer"": 1, ""disable_window_extension"": 0}","{""max_displacement"": 0, ""site_search_window"": 10, ""row_search_window"": 2, ""disallow_one_site_gaps"": 0, ""use_diamond_legalizer"": 1, ""disable_window_extension"": 0}",VALID,1957747.6,1957747.6,0.0,0.0,0.0,False
44,99,3,zero-riscy-b-1-c20,4,"{""max_displacement"": 0, ""site_search_window"": 10, ""row_search_window"": 2, ""disallow_one_site_gaps"": 0, ""use_diamond_legalizer"": 1, ""disable_window_extension"": 0}","{""max_displacement"": 0, ""site_search_window"": 0, ""row_search_window"": 0, ""disallow_one_site_gaps"": 0, ""use_diamond_legalizer"": 1, ""disable_window_extension"": 0}",VALID,1957747.6,1957747.6,0.0,0.0,0.0,False
44,99,4,zero-riscy-b-1-c20,7,"{""max_displacement"": 0, ""site_search_window"": 0, ""row_search_window"": 0, ""disallow_one_site_gaps"": 0, ""use_diamond_legalizer"": 1, ""disable_window_extension"": 0}","{""max_displacement"": 0, ""site_search_window"": 0, ""row_search_window"": 0, ""disallow_one_site_gaps"": 0, ""use_diamond_legalizer"": 1, ""disable_window_extension"": 0}",VALID,1957747.6,1957747.6,0.0,0.0,0.0,False
44,99,5,zero-riscy-b-1-c20,3,"{""max_displacement"": 0, ""site_search_window"": 0, ""row_search_window"": 0, ""disallow_one_site_gaps"": 0, ""use_diamond_legalizer"": 1, ""disable_window_extension"": 0}","{""max_displacement"": 0, ""site_search_window"": 10, ""row_search_window"": 2, ""disallow_one_site_gaps"": 0, ""use_diamond_legalizer"": 1, ""disable_window_extension"": 0}",VALID,1957747.6,1957747.6,0.0,0.0,0.0,False
44,99,6,zero-riscy-b-1-c20,6,"{""max_displacement"": 0, ""site_search_window"": 10, ""row_search_window"": 2, ""disallow_one_site_gaps"": 0, ""use_diamond_legalizer"": 1, ""disable_window_extension"": 0}","{""max_displacement"": 0, ""site_search_window"": 0, ""row_search_window"": 2, ""disallow_one_site_gaps"": 0, ""use_diamond_legalizer"": 1, ""disable_window_extension"": 0}",VALID,1957747.6,1957747.6,0.0,0.0,0.0,False
44,99,7,zero-riscy-b-1-c20,4,"{""max_displacement"": 0, ""site_search_window"": 0, ""row_search_window"": 2, ""disallow_one_site_gaps"": 0, ""use_diamond_legalizer"": 1, ""disable_window_extension"": 0}","{""max_displacement"": 0, ""site_search_window"": 0, ""row_search_window"": 0, ""disallow_one_site_gaps"": 0, ""use_diamond_legalizer"": 1, ""disable_window_extension"": 0}",VALID,1957747.6,1957747.6,0.0,0.0,0.0,False
44,99,8,zero-riscy-b-1-c20,5,"{""max_displacement"": 0, ""site_search_window"": 0, ""row_search_window"": 0, ""disallow_one_site_gaps"": 0, ""use_diamond_legalizer"": 1, ""disable_window_extension"": 0}","{""max_displacement"": 10, ""site_search_window"": 10, ""row_search_window"": 0, ""disallow_one_site_gaps"": 0, ""use_diamond_legalizer"": 1, ""disable_window_extension"": 0}",VALID,1957747.6,1957747.6,0.0,0.0,0.0,False
44,99,9,zero-riscy-b-1-c20,4,"{""max_displacement"": 10, ""site_search_window"": 10, ""row_search_window"": 0, ""disallow_one_site_gaps"": 0, ""use_diamond_legalizer"": 1, ""disable_window_extension"": 0}","{""max_displacement"": 10, ""site_search_window"": 0, ""row_search_window"": 0, ""disallow_one_site_gaps"": 0, ""use_diamond_legalizer"": 1, ""disable_window_extension"": 0}",VALID,1957747.6,1957747.6,0.0,0.0,0.0,False
44,99,10,zero-riscy-b-1-c20,1,"{""max_displacement"": 10, ""site_search_window"": 0, ""row_search_window"": 0, ""disallow_one_site_gaps"": 0, ""use_diamond_legalizer"": 1, ""disable_window_extension"": 0}","{""max_displacement"": 20, ""site_search_window"": 10, ""row_search_window"": 2, ""disallow_one_site_gaps"": 0, ""use_diamond_legalizer"": 1, ""disable_window_extension"": 0}",VALID,1957747.6,1957747.6,0.0,0.0,0.0,True
44,100,1,RISCY-a-2-c2,3,"{""max_displacement"": 0, ""site_search_window"": 0, ""row_search_window"": 0, ""disallow_one_site_gaps"": 0, ""use_diamond_legalizer"": 1, ""disable_window_extension"": 0}","{""max_displacement"": 0, ""site_search_window"": 10, ""row_search_window"": 2, ""disallow_one_site_gaps"": 0, ""use_diamond_legalizer"": 1, ""disable_window_extension"": 0}",VALID,4861249.7,4861249.7,0.0,0.0,0.0,False
44,100,2,RISCY-a-2-c2,0,"{""max_displacement"": 0, ""site_search_window"": 10, ""row_search_window"": 2, ""disallow_one_site_gaps"": 0, ""use_diamond_legalizer"": 1, ""disable_window_extension"": 0}","{""max_displacement"": 0, ""site_search_window"": 10, ""row_search_window"": 2, ""disallow_one_site_gaps"": true, ""use_diamond_legalizer"": 1, ""disable_window_extension"": true}",VALID,4861249.7,4861249.7,0.0,0.0,0.0,False
44,100,3,RISCY-a-2-c2,7,"{""max_displacement"": 0, ""site_search_window"": 10, ""row_search_window"": 2, ""disallow_one_site_gaps"": true, ""use_diamond_legalizer"": 1, ""disable_window_extension"": true}","{""max_displacement"": 0, ""site_search_window"": 10, ""row_search_window"": 2, ""disallow_one_site_gaps"": true, ""use_diamond_legalizer"": 1, ""disable_window_extension"": true}",VALID,4861249.7,4861249.7,0.0,0.0,0.0,False
44,100,4,RISCY-a-2-c2,4,"{""max_displacement"": 0, ""site_search_window"": 10, ""row_search_window"": 2, ""disallow_one_site_gaps"": true, ""use_diamond_legalizer"": 1, ""disable_window_extension"": true}","{""max_displacement"": 0, ""site_search_window"": 0, ""row_search_window"": 0, ""disallow_one_site_gaps"": true, ""use_diamond_legalizer"": 1, ""disable_window_extension"": true}",VALID,4861249.7,4861249.7,0.0,0.0,0.0,False
44,100,5,RISCY-a-2-c2,6,"{""max_displacement"": 0, ""site_search_window"": 0, ""row_search_window"": 0, ""disallow_one_site_gaps"": true, ""use_diamond_legalizer"": 1, ""disable_window_extension"": true}","{""max_displacement"": 0, ""site_search_window"": 0, ""row_search_window"": 0, ""disallow_one_site_gaps"": true, ""use_diamond_legalizer"": 1, ""disable_window_extension"": true}",VALID,4861249.7,4861249.7,0.0,0.0,0.0,False
44,100,6,RISCY-a-2-c2,4,"{""max_displacement"": 0, ""site_search_window"": 0, ""row_search_window"": 0, ""disallow_one_site_gaps"": true, ""use_diamond_legalizer"": 1, ""disable_window_extension"": true}","{""max_displacement"": 0, ""site_search_window"": 0, ""row_search_window"": 0, ""disallow_one_site_gaps"": true, ""use_diamond_legalizer"": 1, ""disable_window_extension"": true}",VALID,4861249.7,4861249.7,0.0,0.0,0.0,False
44,100,7,RISCY-a-2-c2,6,"{""max_displacement"": 0, ""site_search_window"": 0, ""row_search_window"": 0, ""disallow_one_site_gaps"": true, ""use_diamond_legalizer"": 1, ""disable_window_extension"": true}","{""max_displacement"": 0, ""site_search_window"": 0, ""row_search_window"": 0, ""disallow_one_site_gaps"": true, ""use_diamond_legalizer"": 1, ""disable_window_extension"": true}",VALID,4861249.7,4861249.7,0.0,0.0,0.0,False
44,100,8,RISCY-a-2-c2,4,"{""max_displacement"": 0, ""site_search_window"": 0, ""row_search_window"": 0, ""disallow_one_site_gaps"": true, ""use_diamond_legalizer"": 1, ""disable_window_extension"": true}","{""max_displacement"": 0, ""site_search_window"": 0, ""row_search_window"": 0, ""disallow_one_site_gaps"": true, ""use_diamond_legalizer"": 1, ""disable_window_extension"": true}",VALID,4861249.7,4861249.7,0.0,0.0,0.0,False
44,100,9,RISCY-a-2-c2,5,"{""max_displacement"": 0, ""site_search_window"": 0, ""row_search_window"": 0, ""disallow_one_site_gaps"": true, ""use_diamond_legalizer"": 1, ""disable_window_extension"": true}","{""max_displacement"": 10, ""site_search_window"": 10, ""row_search_window"": 0, ""disallow_one_site_gaps"": true, ""use_diamond_legalizer"": 1, ""disable_window_extension"": true}",FAILED,4861249.7,4861249.7,0.0,-100.0,-1.0,False
44,100,10,RISCY-a-2-c2,2,"{""max_displacement"": 10, ""site_search_window"": 10, ""row_search_window"": 0, ""disallow_one_site_gaps"": true, ""use_diamond_legalizer"": 1, ""disable_window_extension"": true}","{""max_displacement"": 0, ""site_search_window"": 0, ""row_search_window"": 0, ""disallow_one_site_gaps"": true, ""use_diamond_legalizer"": 1, ""disable_window_extension"": true}",VALID,4861249.7,4861249.7,0.0,0.0,0.0,True
