design_id,instance_name,cell_type,is_macro,original_gcell_bbox,legalized_x,legalized_y,orientation,mapping_status
RISCY-a-2-c2,clk_rst_gen_i/PLL_i,PLL,True,"[158, 157, 239, 239]",720720,714000,N,STD_CELL_LEGAL
RISCY-a-2-c2,clk_rst_gen_i/i_rst_gen_soc/s_rst_ff3_reg,DFCNQ_x1_0,True,"[231, 43, 233, 43]",1053780,195300,FS,STD_CELL_LEGAL
RISCY-a-2-c2,clk_rst_gen_i/i_rst_gen_soc/s_rst_ff2_reg,DFCNQ_x1_0,True,"[231, 43, 233, 44]",1053780,195300,FS,STD_CELL_LEGAL
RISCY-a-2-c2,clk_rst_gen_i/i_rst_gen_soc/s_rst_ff1_reg,DFCNQ_x1_0,True,"[231, 45, 233, 46]",1053780,205800,N,STD_CELL_LEGAL
RISCY-a-2-c2,clk_rst_gen_i/i_rst_gen_soc/s_rst_ff0_reg,DFCNQ_x1_0,True,"[231, 44, 233, 45]",1053780,199500,FS,STD_CELL_LEGAL
RISCY-a-2-c2,clk_rst_gen_i/i_rst_gen_soc/s_rst_n_reg,DFCNQ_x1_0,True,"[232, 45, 233, 45]",1057980,205800,N,STD_CELL_LEGAL
RISCY-a-2-c2,clk_rst_gen_i/i_rst_gen_soc/U6,MUX2_x1_0,True,"[128, 128, 128, 128]",583800,583800,N,STD_CELL_LEGAL
RISCY-a-2-c2,clk_rst_gen_i/i_rst_gen_soc/U3,TIEH_0000,False,"[231, 42, 231, 43]",1053780,191100,FS,STD_CELL_LEGAL
RISCY-a-2-c2,clk_rst_gen_i/i_rst_gen_soc/U4,INV_x1_0,False,"[128, 128, 128, 128]",583800,583800,N,STD_CELL_LEGAL
RISCY-a-2-c2,clk_rst_gen_i/i_rst_gen_soc/U5,IND2_x1_0,True,"[128, 128, 128, 128]",583800,583800,N,STD_CELL_LEGAL
RISCY-a-2-c2,clk_rst_gen_i/U2,TIEL_0000,False,"[128, 128, 128, 128]",583800,583800,N,STD_CELL_LEGAL
RISCY-a-2-c2,core_region_i/CORE.RISCV_CORE/core_clock_gate_i/clk_en_reg,LNQ_x1_0,True,"[145, 119, 146, 120]",661500,541800,N,STD_CELL_LEGAL
RISCY-a-2-c2,core_region_i/CORE.RISCV_CORE/core_clock_gate_i/U2,OR2_x1_0,True,"[142, 117, 143, 118]",647640,533400,N,STD_CELL_LEGAL
RISCY-a-2-c2,core_region_i/CORE.RISCV_CORE/core_clock_gate_i/U3,AN2_x1_0,True,"[146, 150, 146, 150]",665700,682500,FS,STD_CELL_LEGAL
RISCY-a-2-c2,core_region_i/CORE.RISCV_CORE/if_stage_i/prefetch_32.prefetch_buffer_i/fifo_i/valid_Q_reg[3],DFCNQ_x1_0,True,"[132, 107, 134, 108]",601860,487200,N,STD_CELL_LEGAL
RISCY-a-2-c2,core_region_i/CORE.RISCV_CORE/if_stage_i/prefetch_32.prefetch_buffer_i/fifo_i/valid_Q_reg[2],DFCNQ_x1_0,True,"[133, 109, 135, 109]",606480,495600,N,STD_CELL_LEGAL
RISCY-a-2-c2,core_region_i/CORE.RISCV_CORE/if_stage_i/prefetch_32.prefetch_buffer_i/fifo_i/valid_Q_reg[1],DFCNQ_x1_0,True,"[132, 107, 134, 107]",601860,487200,N,STD_CELL_LEGAL
RISCY-a-2-c2,core_region_i/CORE.RISCV_CORE/if_stage_i/prefetch_32.prefetch_buffer_i/fifo_i/is_hwlp_Q_reg[1],DFCNQ_x1_0,True,"[130, 109, 132, 109]",593040,495600,N,STD_CELL_LEGAL
RISCY-a-2-c2,core_region_i/CORE.RISCV_CORE/if_stage_i/prefetch_32.prefetch_buffer_i/fifo_i/is_hwlp_Q_reg[0],DFCNQ_x1_0,True,"[128, 110, 130, 111]",583800,501900,FS,STD_CELL_LEGAL
RISCY-a-2-c2,core_region_i/CORE.RISCV_CORE/if_stage_i/prefetch_32.prefetch_buffer_i/fifo_i/rdata_Q_reg[0][17],DFCNQ_x1_0,True,"[129, 106, 130, 107]",588420,483000,N,STD_CELL_LEGAL
RISCY-a-2-c2,core_region_i/CORE.RISCV_CORE/if_stage_i/prefetch_32.prefetch_buffer_i/fifo_i/addr_Q_reg[1][0],DFCNQ_x1_0,True,"[126, 112, 127, 112]",574560,510300,FS,STD_CELL_LEGAL
RISCY-a-2-c2,core_region_i/CORE.RISCV_CORE/if_stage_i/prefetch_32.prefetch_buffer_i/fifo_i/addr_Q_reg[1][1],DFCNQ_x1_0,True,"[126, 111, 127, 111]",574560,506100,FS,STD_CELL_LEGAL
RISCY-a-2-c2,core_region_i/CORE.RISCV_CORE/if_stage_i/prefetch_32.prefetch_buffer_i/fifo_i/addr_Q_reg[1][2],DFCNQ_x1_0,True,"[126, 113, 127, 114]",574560,514500,FS,STD_CELL_LEGAL
RISCY-a-2-c2,core_region_i/CORE.RISCV_CORE/if_stage_i/prefetch_32.prefetch_buffer_i/fifo_i/addr_Q_reg[1][3],DFCNQ_x1_0,True,"[126, 116, 127, 116]",574560,529200,N,STD_CELL_LEGAL
RISCY-a-2-c2,core_region_i/CORE.RISCV_CORE/if_stage_i/prefetch_32.prefetch_buffer_i/fifo_i/addr_Q_reg[1][4],DFCNQ_x1_0,True,"[126, 117, 127, 117]",574560,533400,N,STD_CELL_LEGAL
RISCY-a-2-c2,core_region_i/CORE.RISCV_CORE/if_stage_i/prefetch_32.prefetch_buffer_i/fifo_i/addr_Q_reg[1][5],DFCNQ_x1_0,True,"[126, 118, 127, 119]",574560,537600,N,STD_CELL_LEGAL
RISCY-a-2-c2,core_region_i/CORE.RISCV_CORE/if_stage_i/prefetch_32.prefetch_buffer_i/fifo_i/addr_Q_reg[1][6],DFCNQ_x1_0,True,"[126, 120, 128, 121]",574560,546000,N,STD_CELL_LEGAL
RISCY-a-2-c2,core_region_i/CORE.RISCV_CORE/if_stage_i/prefetch_32.prefetch_buffer_i/fifo_i/addr_Q_reg[1][7],DFCNQ_x1_0,True,"[126, 122, 127, 122]",574560,556500,FS,STD_CELL_LEGAL
RISCY-a-2-c2,core_region_i/CORE.RISCV_CORE/if_stage_i/prefetch_32.prefetch_buffer_i/fifo_i/addr_Q_reg[1][8],DFCNQ_x1_0,True,"[126, 124, 127, 124]",574560,564900,FS,STD_CELL_LEGAL
RISCY-a-2-c2,core_region_i/CORE.RISCV_CORE/if_stage_i/prefetch_32.prefetch_buffer_i/fifo_i/addr_Q_reg[1][9],DFCNQ_x1_0,True,"[126, 131, 127, 132]",574560,596400,N,STD_CELL_LEGAL
RISCY-a-2-c2,core_region_i/CORE.RISCV_CORE/if_stage_i/prefetch_32.prefetch_buffer_i/fifo_i/addr_Q_reg[1][10],DFCNQ_x1_0,True,"[126, 136, 127, 136]",574560,619500,FS,STD_CELL_LEGAL
RISCY-a-2-c2,core_region_i/CORE.RISCV_CORE/if_stage_i/prefetch_32.prefetch_buffer_i/fifo_i/addr_Q_reg[1][11],DFCNQ_x1_0,True,"[126, 143, 127, 143]",574560,651000,N,STD_CELL_LEGAL
RISCY-a-2-c2,core_region_i/CORE.RISCV_CORE/if_stage_i/prefetch_32.prefetch_buffer_i/fifo_i/addr_Q_reg[1][12],DFCNQ_x1_0,True,"[110, 151, 112, 151]",501900,686700,FS,STD_CELL_LEGAL
RISCY-a-2-c2,core_region_i/CORE.RISCV_CORE/if_stage_i/prefetch_32.prefetch_buffer_i/fifo_i/addr_Q_reg[1][13],DFCNQ_x1_0,True,"[111, 153, 113, 153]",506100,697200,N,STD_CELL_LEGAL
RISCY-a-2-c2,core_region_i/CORE.RISCV_CORE/if_stage_i/prefetch_32.prefetch_buffer_i/fifo_i/addr_Q_reg[1][14],DFCNQ_x1_0,True,"[107, 151, 108, 152]",488040,686700,FS,STD_CELL_LEGAL
RISCY-a-2-c2,core_region_i/CORE.RISCV_CORE/if_stage_i/prefetch_32.prefetch_buffer_i/fifo_i/addr_Q_reg[1][15],DFCNQ_x1_0,True,"[107, 152, 108, 152]",488040,693000,N,STD_CELL_LEGAL
RISCY-a-2-c2,core_region_i/CORE.RISCV_CORE/if_stage_i/prefetch_32.prefetch_buffer_i/fifo_i/addr_Q_reg[1][16],DFCNQ_x1_0,True,"[106, 153, 108, 153]",483420,697200,N,STD_CELL_LEGAL
RISCY-a-2-c2,core_region_i/CORE.RISCV_CORE/if_stage_i/prefetch_32.prefetch_buffer_i/fifo_i/addr_Q_reg[1][17],DFCNQ_x1_0,True,"[107, 156, 108, 156]",488040,709800,N,STD_CELL_LEGAL
RISCY-a-2-c2,core_region_i/CORE.RISCV_CORE/if_stage_i/prefetch_32.prefetch_buffer_i/fifo_i/addr_Q_reg[1][18],DFCNQ_x1_0,True,"[107, 158, 109, 159]",488040,720300,FS,STD_CELL_LEGAL
RISCY-a-2-c2,core_region_i/CORE.RISCV_CORE/if_stage_i/prefetch_32.prefetch_buffer_i/fifo_i/addr_Q_reg[1][19],DFCNQ_x1_0,True,"[109, 163, 111, 164]",497280,741300,FS,STD_CELL_LEGAL
RISCY-a-2-c2,core_region_i/CORE.RISCV_CORE/if_stage_i/prefetch_32.prefetch_buffer_i/fifo_i/addr_Q_reg[1][20],DFCNQ_x1_0,True,"[110, 165, 112, 165]",501900,751800,N,STD_CELL_LEGAL
RISCY-a-2-c2,core_region_i/CORE.RISCV_CORE/if_stage_i/prefetch_32.prefetch_buffer_i/fifo_i/addr_Q_reg[1][21],DFCNQ_x1_0,True,"[116, 165, 118, 165]",529200,751800,N,STD_CELL_LEGAL
RISCY-a-2-c2,core_region_i/CORE.RISCV_CORE/if_stage_i/prefetch_32.prefetch_buffer_i/fifo_i/addr_Q_reg[1][22],DFCNQ_x1_0,True,"[119, 165, 121, 165]",542640,751800,N,STD_CELL_LEGAL
RISCY-a-2-c2,core_region_i/CORE.RISCV_CORE/if_stage_i/prefetch_32.prefetch_buffer_i/fifo_i/addr_Q_reg[1][23],DFCNQ_x1_0,True,"[117, 166, 119, 167]",533820,756000,N,STD_CELL_LEGAL
RISCY-a-2-c2,core_region_i/CORE.RISCV_CORE/if_stage_i/prefetch_32.prefetch_buffer_i/fifo_i/addr_Q_reg[1][24],DFCNQ_x1_0,True,"[115, 166, 117, 167]",524580,756000,N,STD_CELL_LEGAL
RISCY-a-2-c2,core_region_i/CORE.RISCV_CORE/if_stage_i/prefetch_32.prefetch_buffer_i/fifo_i/addr_Q_reg[1][25],DFCNQ_x1_0,True,"[114, 165, 116, 166]",519960,751800,N,STD_CELL_LEGAL
RISCY-a-2-c2,core_region_i/CORE.RISCV_CORE/if_stage_i/prefetch_32.prefetch_buffer_i/fifo_i/addr_Q_reg[1][26],DFCNQ_x1_0,True,"[112, 165, 114, 166]",510720,751800,N,STD_CELL_LEGAL
RISCY-a-2-c2,core_region_i/CORE.RISCV_CORE/if_stage_i/prefetch_32.prefetch_buffer_i/fifo_i/addr_Q_reg[1][27],DFCNQ_x1_0,True,"[108, 162, 109, 163]",492660,737100,FS,STD_CELL_LEGAL
RISCY-a-2-c2,core_region_i/CORE.RISCV_CORE/if_stage_i/prefetch_32.prefetch_buffer_i/fifo_i/addr_Q_reg[1][28],DFCNQ_x1_0,True,"[107, 159, 109, 160]",488040,724500,FS,STD_CELL_LEGAL
RISCY-a-2-c2,core_region_i/CORE.RISCV_CORE/if_stage_i/prefetch_32.prefetch_buffer_i/fifo_i/addr_Q_reg[1][29],DFCNQ_x1_0,True,"[107, 157, 109, 158]",488040,714000,N,STD_CELL_LEGAL
RISCY-a-2-c2,core_region_i/CORE.RISCV_CORE/if_stage_i/prefetch_32.prefetch_buffer_i/fifo_i/addr_Q_reg[1][30],DFCNQ_x1_0,True,"[106, 155, 108, 155]",483420,705600,N,STD_CELL_LEGAL
RISCY-a-2-c2,core_region_i/CORE.RISCV_CORE/if_stage_i/prefetch_32.prefetch_buffer_i/fifo_i/addr_Q_reg[1][31],DFCNQ_x1_0,True,"[106, 154, 108, 154]",483420,701400,N,STD_CELL_LEGAL
RISCY-a-2-c2,core_region_i/CORE.RISCV_CORE/if_stage_i/prefetch_32.prefetch_buffer_i/fifo_i/rdata_Q_reg[3][0],DFCNQ_x1_0,True,"[129, 102, 131, 103]",588420,464100,FS,STD_CELL_LEGAL
RISCY-a-2-c2,core_region_i/CORE.RISCV_CORE/if_stage_i/prefetch_32.prefetch_buffer_i/fifo_i/rdata_Q_reg[3][1],DFCNQ_x1_0,True,"[128, 102, 129, 103]",583800,464100,FS,STD_CELL_LEGAL
RISCY-a-2-c2,core_region_i/CORE.RISCV_CORE/if_stage_i/prefetch_32.prefetch_buffer_i/fifo_i/rdata_Q_reg[3][2],DFCNQ_x1_0,True,"[127, 88, 128, 88]",579180,401100,FS,STD_CELL_LEGAL
RISCY-a-2-c2,core_region_i/CORE.RISCV_CORE/if_stage_i/prefetch_32.prefetch_buffer_i/fifo_i/rdata_Q_reg[3][3],DFCNQ_x1_0,True,"[128, 87, 130, 88]",583800,396900,FS,STD_CELL_LEGAL
RISCY-a-2-c2,core_region_i/CORE.RISCV_CORE/if_stage_i/prefetch_32.prefetch_buffer_i/fifo_i/rdata_Q_reg[3][4],DFCNQ_x1_0,True,"[130, 89, 132, 90]",593040,405300,FS,STD_CELL_LEGAL
RISCY-a-2-c2,core_region_i/CORE.RISCV_CORE/if_stage_i/prefetch_32.prefetch_buffer_i/fifo_i/rdata_Q_reg[3][5],DFCNQ_x1_0,True,"[137, 93, 139, 94]",624960,424200,N,STD_CELL_LEGAL
RISCY-a-2-c2,core_region_i/CORE.RISCV_CORE/if_stage_i/prefetch_32.prefetch_buffer_i/fifo_i/rdata_Q_reg[3][6],DFCNQ_x1_0,True,"[130, 88, 132, 88]",593040,401100,FS,STD_CELL_LEGAL
RISCY-a-2-c2,core_region_i/CORE.RISCV_CORE/if_stage_i/prefetch_32.prefetch_buffer_i/fifo_i/rdata_Q_reg[3][7],DFCNQ_x1_0,True,"[132, 89, 133, 90]",601860,405300,FS,STD_CELL_LEGAL
RISCY-a-2-c2,core_region_i/CORE.RISCV_CORE/if_stage_i/prefetch_32.prefetch_buffer_i/fifo_i/rdata_Q_reg[3][8],DFCNQ_x1_0,True,"[133, 89, 135, 90]",606480,405300,FS,STD_CELL_LEGAL
RISCY-a-2-c2,core_region_i/CORE.RISCV_CORE/if_stage_i/prefetch_32.prefetch_buffer_i/fifo_i/rdata_Q_reg[3][9],DFCNQ_x1_0,True,"[138, 100, 140, 100]",629580,455700,FS,STD_CELL_LEGAL
RISCY-a-2-c2,core_region_i/CORE.RISCV_CORE/if_stage_i/prefetch_32.prefetch_buffer_i/fifo_i/rdata_Q_reg[3][10],DFCNQ_x1_0,True,"[135, 91, 137, 92]",615720,413700,FS,STD_CELL_LEGAL
RISCY-a-2-c2,core_region_i/CORE.RISCV_CORE/if_stage_i/prefetch_32.prefetch_buffer_i/fifo_i/rdata_Q_reg[3][11],DFCNQ_x1_0,True,"[138, 97, 140, 97]",629580,441000,N,STD_CELL_LEGAL
RISCY-a-2-c2,core_region_i/CORE.RISCV_CORE/if_stage_i/prefetch_32.prefetch_buffer_i/fifo_i/rdata_Q_reg[3][12],DFCNQ_x1_0,True,"[134, 91, 136, 91]",611100,413700,FS,STD_CELL_LEGAL
RISCY-a-2-c2,core_region_i/CORE.RISCV_CORE/if_stage_i/prefetch_32.prefetch_buffer_i/fifo_i/rdata_Q_reg[3][13],DFCNQ_x1_0,True,"[138, 95, 139, 95]",629580,432600,N,STD_CELL_LEGAL
RISCY-a-2-c2,core_region_i/CORE.RISCV_CORE/if_stage_i/prefetch_32.prefetch_buffer_i/fifo_i/rdata_Q_reg[3][14],DFCNQ_x1_0,True,"[138, 100, 140, 101]",629580,455700,FS,STD_CELL_LEGAL
RISCY-a-2-c2,core_region_i/CORE.RISCV_CORE/if_stage_i/prefetch_32.prefetch_buffer_i/fifo_i/rdata_Q_reg[3][15],DFCNQ_x1_0,True,"[138, 99, 140, 99]",629580,451500,FS,STD_CELL_LEGAL
RISCY-a-2-c2,core_region_i/CORE.RISCV_CORE/if_stage_i/prefetch_32.prefetch_buffer_i/fifo_i/rdata_Q_reg[3][16],DFCNQ_x1_0,True,"[127, 106, 128, 107]",579180,483000,N,STD_CELL_LEGAL
RISCY-a-2-c2,core_region_i/CORE.RISCV_CORE/if_stage_i/prefetch_32.prefetch_buffer_i/fifo_i/rdata_Q_reg[3][17],DFCNQ_x1_0,True,"[126, 107, 128, 107]",574560,487200,N,STD_CELL_LEGAL
RISCY-a-2-c2,core_region_i/CORE.RISCV_CORE/if_stage_i/prefetch_32.prefetch_buffer_i/fifo_i/rdata_Q_reg[3][18],DFCNQ_x1_0,True,"[126, 89, 128, 89]",574560,405300,FS,STD_CELL_LEGAL
RISCY-a-2-c2,core_region_i/CORE.RISCV_CORE/if_stage_i/prefetch_32.prefetch_buffer_i/fifo_i/rdata_Q_reg[3][19],DFCNQ_x1_0,True,"[126, 94, 128, 94]",574560,428400,N,STD_CELL_LEGAL
RISCY-a-2-c2,core_region_i/CORE.RISCV_CORE/if_stage_i/prefetch_32.prefetch_buffer_i/fifo_i/rdata_Q_reg[3][20],DFCNQ_x1_0,True,"[126, 95, 128, 95]",574560,432600,N,STD_CELL_LEGAL
RISCY-a-2-c2,core_region_i/CORE.RISCV_CORE/if_stage_i/prefetch_32.prefetch_buffer_i/fifo_i/rdata_Q_reg[3][21],DFCNQ_x1_0,True,"[133, 103, 135, 103]",606480,468300,FS,STD_CELL_LEGAL
RISCY-a-2-c2,core_region_i/CORE.RISCV_CORE/if_stage_i/prefetch_32.prefetch_buffer_i/fifo_i/rdata_Q_reg[3][22],DFCNQ_x1_0,True,"[128, 99, 130, 100]",583800,451500,FS,STD_CELL_LEGAL
RISCY-a-2-c2,core_region_i/CORE.RISCV_CORE/if_stage_i/prefetch_32.prefetch_buffer_i/fifo_i/rdata_Q_reg[3][23],DFCNQ_x1_0,True,"[126, 102, 128, 102]",574560,464100,FS,STD_CELL_LEGAL
RISCY-a-2-c2,core_region_i/CORE.RISCV_CORE/if_stage_i/prefetch_32.prefetch_buffer_i/fifo_i/rdata_Q_reg[3][24],DFCNQ_x1_0,True,"[128, 98, 130, 98]",583800,447300,FS,STD_CELL_LEGAL
RISCY-a-2-c2,core_region_i/CORE.RISCV_CORE/if_stage_i/prefetch_32.prefetch_buffer_i/fifo_i/rdata_Q_reg[3][25],DFCNQ_x1_0,True,"[128, 98, 130, 99]",583800,447300,FS,STD_CELL_LEGAL
RISCY-a-2-c2,core_region_i/CORE.RISCV_CORE/if_stage_i/prefetch_32.prefetch_buffer_i/fifo_i/rdata_Q_reg[3][26],DFCNQ_x1_0,True,"[128, 93, 130, 94]",583800,424200,N,STD_CELL_LEGAL
RISCY-a-2-c2,core_region_i/CORE.RISCV_CORE/if_stage_i/prefetch_32.prefetch_buffer_i/fifo_i/rdata_Q_reg[3][27],DFCNQ_x1_0,True,"[128, 100, 130, 101]",583800,455700,FS,STD_CELL_LEGAL
RISCY-a-2-c2,core_region_i/CORE.RISCV_CORE/if_stage_i/prefetch_32.prefetch_buffer_i/fifo_i/rdata_Q_reg[3][28],DFCNQ_x1_0,True,"[126, 91, 128, 92]",574560,413700,FS,STD_CELL_LEGAL
RISCY-a-2-c2,core_region_i/CORE.RISCV_CORE/if_stage_i/prefetch_32.prefetch_buffer_i/fifo_i/rdata_Q_reg[3][29],DFCNQ_x1_0,True,"[127, 95, 129, 95]",579180,432600,N,STD_CELL_LEGAL
RISCY-a-2-c2,core_region_i/CORE.RISCV_CORE/if_stage_i/prefetch_32.prefetch_buffer_i/fifo_i/rdata_Q_reg[3][30],DFCNQ_x1_0,True,"[131, 102, 133, 103]",597660,464100,FS,STD_CELL_LEGAL
RISCY-a-2-c2,core_region_i/CORE.RISCV_CORE/if_stage_i/prefetch_32.prefetch_buffer_i/fifo_i/rdata_Q_reg[3][31],DFCNQ_x1_0,True,"[128, 95, 129, 95]",583800,432600,N,STD_CELL_LEGAL
RISCY-a-2-c2,core_region_i/CORE.RISCV_CORE/if_stage_i/prefetch_32.prefetch_buffer_i/fifo_i/rdata_Q_reg[2][0],DFCNQ_x1_0,True,"[129, 102, 131, 102]",588420,464100,FS,STD_CELL_LEGAL
RISCY-a-2-c2,core_region_i/CORE.RISCV_CORE/if_stage_i/prefetch_32.prefetch_buffer_i/fifo_i/rdata_Q_reg[1][0],DFCNQ_x1_0,True,"[129, 104, 131, 104]",588420,474600,N,STD_CELL_LEGAL
RISCY-a-2-c2,core_region_i/CORE.RISCV_CORE/if_stage_i/prefetch_32.prefetch_buffer_i/fifo_i/rdata_Q_reg[2][1],DFCNQ_x1_0,True,"[126, 103, 128, 103]",574560,468300,FS,STD_CELL_LEGAL
RISCY-a-2-c2,core_region_i/CORE.RISCV_CORE/if_stage_i/prefetch_32.prefetch_buffer_i/fifo_i/rdata_Q_reg[1][1],DFCNQ_x1_0,True,"[128, 103, 130, 104]",583800,468300,FS,STD_CELL_LEGAL
RISCY-a-2-c2,core_region_i/CORE.RISCV_CORE/if_stage_i/prefetch_32.prefetch_buffer_i/fifo_i/rdata_Q_reg[2][2],DFCNQ_x1_0,True,"[127, 87, 128, 88]",579180,396900,FS,STD_CELL_LEGAL
RISCY-a-2-c2,core_region_i/CORE.RISCV_CORE/if_stage_i/prefetch_32.prefetch_buffer_i/fifo_i/rdata_Q_reg[1][2],DFCNQ_x1_0,True,"[128, 91, 130, 92]",583800,413700,FS,STD_CELL_LEGAL
RISCY-a-2-c2,core_region_i/CORE.RISCV_CORE/if_stage_i/prefetch_32.prefetch_buffer_i/fifo_i/rdata_Q_reg[2][3],DFCNQ_x1_0,True,"[128, 88, 130, 88]",583800,401100,FS,STD_CELL_LEGAL
RISCY-a-2-c2,core_region_i/CORE.RISCV_CORE/if_stage_i/prefetch_32.prefetch_buffer_i/fifo_i/rdata_Q_reg[1][3],DFCNQ_x1_0,True,"[129, 90, 131, 91]",588420,409500,FS,STD_CELL_LEGAL
RISCY-a-2-c2,core_region_i/CORE.RISCV_CORE/if_stage_i/prefetch_32.prefetch_buffer_i/fifo_i/rdata_Q_reg[2][4],DFCNQ_x1_0,True,"[129, 88, 130, 88]",588420,401100,FS,STD_CELL_LEGAL
RISCY-a-2-c2,core_region_i/CORE.RISCV_CORE/if_stage_i/prefetch_32.prefetch_buffer_i/fifo_i/rdata_Q_reg[1][4],DFCNQ_x1_0,True,"[130, 91, 132, 91]",593040,413700,FS,STD_CELL_LEGAL
RISCY-a-2-c2,core_region_i/CORE.RISCV_CORE/if_stage_i/prefetch_32.prefetch_buffer_i/fifo_i/rdata_Q_reg[2][5],DFCNQ_x1_0,True,"[137, 92, 139, 93]",624960,420000,N,STD_CELL_LEGAL
RISCY-a-2-c2,core_region_i/CORE.RISCV_CORE/if_stage_i/prefetch_32.prefetch_buffer_i/fifo_i/rdata_Q_reg[1][5],DFCNQ_x1_0,True,"[136, 94, 138, 94]",620340,428400,N,STD_CELL_LEGAL
RISCY-a-2-c2,core_region_i/CORE.RISCV_CORE/if_stage_i/prefetch_32.prefetch_buffer_i/fifo_i/rdata_Q_reg[2][6],DFCNQ_x1_0,True,"[130, 88, 132, 88]",593040,401100,FS,STD_CELL_LEGAL
RISCY-a-2-c2,core_region_i/CORE.RISCV_CORE/if_stage_i/prefetch_32.prefetch_buffer_i/fifo_i/rdata_Q_reg[1][6],DFCNQ_x1_0,True,"[130, 91, 132, 92]",593040,413700,FS,STD_CELL_LEGAL
RISCY-a-2-c2,core_region_i/CORE.RISCV_CORE/if_stage_i/prefetch_32.prefetch_buffer_i/fifo_i/rdata_Q_reg[2][7],DFCNQ_x1_0,True,"[132, 88, 133, 89]",601860,401100,FS,STD_CELL_LEGAL
RISCY-a-2-c2,core_region_i/CORE.RISCV_CORE/if_stage_i/prefetch_32.prefetch_buffer_i/fifo_i/rdata_Q_reg[1][7],DFCNQ_x1_0,True,"[132, 92, 134, 92]",601860,420000,N,STD_CELL_LEGAL
RISCY-a-2-c2,core_region_i/CORE.RISCV_CORE/if_stage_i/prefetch_32.prefetch_buffer_i/fifo_i/rdata_Q_reg[2][8],DFCNQ_x1_0,True,"[133, 89, 135, 89]",606480,405300,FS,STD_CELL_LEGAL
RISCY-a-2-c2,core_region_i/CORE.RISCV_CORE/if_stage_i/prefetch_32.prefetch_buffer_i/fifo_i/rdata_Q_reg[1][8],DFCNQ_x1_0,True,"[132, 91, 134, 92]",601860,413700,FS,STD_CELL_LEGAL
RISCY-a-2-c2,core_region_i/CORE.RISCV_CORE/if_stage_i/prefetch_32.prefetch_buffer_i/fifo_i/rdata_Q_reg[2][9],DFCNQ_x1_0,True,"[138, 99, 140, 100]",629580,451500,FS,STD_CELL_LEGAL
RISCY-a-2-c2,core_region_i/CORE.RISCV_CORE/if_stage_i/prefetch_32.prefetch_buffer_i/fifo_i/rdata_Q_reg[1][9],DFCNQ_x1_0,True,"[136, 99, 138, 100]",620340,451500,FS,STD_CELL_LEGAL
RISCY-a-2-c2,core_region_i/CORE.RISCV_CORE/if_stage_i/prefetch_32.prefetch_buffer_i/fifo_i/rdata_Q_reg[2][10],DFCNQ_x1_0,True,"[136, 90, 137, 91]",620340,409500,FS,STD_CELL_LEGAL
RISCY-a-2-c2,core_region_i/CORE.RISCV_CORE/if_stage_i/prefetch_32.prefetch_buffer_i/fifo_i/rdata_Q_reg[1][10],DFCNQ_x1_0,True,"[136, 93, 137, 93]",620340,424200,N,STD_CELL_LEGAL
RISCY-a-2-c2,core_region_i/CORE.RISCV_CORE/if_stage_i/prefetch_32.prefetch_buffer_i/fifo_i/rdata_Q_reg[2][11],DFCNQ_x1_0,True,"[138, 96, 140, 96]",629580,436800,N,STD_CELL_LEGAL
RISCY-a-2-c2,core_region_i/CORE.RISCV_CORE/if_stage_i/prefetch_32.prefetch_buffer_i/fifo_i/rdata_Q_reg[1][11],DFCNQ_x1_0,True,"[136, 96, 138, 97]",620340,436800,N,STD_CELL_LEGAL
RISCY-a-2-c2,core_region_i/CORE.RISCV_CORE/if_stage_i/prefetch_32.prefetch_buffer_i/fifo_i/rdata_Q_reg[2][12],DFCNQ_x1_0,True,"[134, 90, 136, 90]",611100,409500,FS,STD_CELL_LEGAL
RISCY-a-2-c2,core_region_i/CORE.RISCV_CORE/if_stage_i/prefetch_32.prefetch_buffer_i/fifo_i/rdata_Q_reg[1][12],DFCNQ_x1_0,True,"[134, 92, 136, 93]",611100,420000,N,STD_CELL_LEGAL
RISCY-a-2-c2,core_region_i/CORE.RISCV_CORE/if_stage_i/prefetch_32.prefetch_buffer_i/fifo_i/rdata_Q_reg[2][13],DFCNQ_x1_0,True,"[137, 94, 139, 95]",624960,428400,N,STD_CELL_LEGAL
RISCY-a-2-c2,core_region_i/CORE.RISCV_CORE/if_stage_i/prefetch_32.prefetch_buffer_i/fifo_i/rdata_Q_reg[1][13],DFCNQ_x1_0,True,"[136, 95, 138, 95]",620340,432600,N,STD_CELL_LEGAL
RISCY-a-2-c2,core_region_i/CORE.RISCV_CORE/if_stage_i/prefetch_32.prefetch_buffer_i/fifo_i/rdata_Q_reg[2][14],DFCNQ_x1_0,True,"[138, 101, 140, 101]",629580,459900,FS,STD_CELL_LEGAL
RISCY-a-2-c2,core_region_i/CORE.RISCV_CORE/if_stage_i/prefetch_32.prefetch_buffer_i/fifo_i/rdata_Q_reg[1][14],DFCNQ_x1_0,True,"[136, 101, 138, 102]",620340,459900,FS,STD_CELL_LEGAL
RISCY-a-2-c2,core_region_i/CORE.RISCV_CORE/if_stage_i/prefetch_32.prefetch_buffer_i/fifo_i/rdata_Q_reg[2][15],DFCNQ_x1_0,True,"[138, 97, 140, 98]",629580,441000,N,STD_CELL_LEGAL
RISCY-a-2-c2,core_region_i/CORE.RISCV_CORE/if_stage_i/prefetch_32.prefetch_buffer_i/fifo_i/rdata_Q_reg[1][15],DFCNQ_x1_0,True,"[136, 97, 138, 97]",620340,441000,N,STD_CELL_LEGAL
RISCY-a-2-c2,core_region_i/CORE.RISCV_CORE/if_stage_i/prefetch_32.prefetch_buffer_i/fifo_i/rdata_Q_reg[2][16],DFCNQ_x1_0,True,"[126, 104, 127, 105]",574560,474600,N,STD_CELL_LEGAL
RISCY-a-2-c2,core_region_i/CORE.RISCV_CORE/if_stage_i/prefetch_32.prefetch_buffer_i/fifo_i/rdata_Q_reg[1][16],DFCNQ_x1_0,True,"[126, 104, 128, 104]",574560,474600,N,STD_CELL_LEGAL
RISCY-a-2-c2,core_region_i/CORE.RISCV_CORE/if_stage_i/prefetch_32.prefetch_buffer_i/fifo_i/rdata_Q_reg[2][17],DFCNQ_x1_0,True,"[126, 106, 127, 106]",574560,483000,N,STD_CELL_LEGAL
RISCY-a-2-c2,core_region_i/CORE.RISCV_CORE/if_stage_i/prefetch_32.prefetch_buffer_i/fifo_i/rdata_Q_reg[1][17],DFCNQ_x1_0,True,"[126, 103, 128, 104]",574560,468300,FS,STD_CELL_LEGAL
RISCY-a-2-c2,core_region_i/CORE.RISCV_CORE/if_stage_i/prefetch_32.prefetch_buffer_i/fifo_i/rdata_Q_reg[2][18],DFCNQ_x1_0,True,"[126, 88, 128, 88]",574560,401100,FS,STD_CELL_LEGAL
RISCY-a-2-c2,core_region_i/CORE.RISCV_CORE/if_stage_i/prefetch_32.prefetch_buffer_i/fifo_i/rdata_Q_reg[1][18],DFCNQ_x1_0,True,"[126, 89, 128, 90]",574560,405300,FS,STD_CELL_LEGAL
RISCY-a-2-c2,core_region_i/CORE.RISCV_CORE/if_stage_i/prefetch_32.prefetch_buffer_i/fifo_i/rdata_Q_reg[2][19],DFCNQ_x1_0,True,"[126, 92, 128, 93]",574560,420000,N,STD_CELL_LEGAL
RISCY-a-2-c2,core_region_i/CORE.RISCV_CORE/if_stage_i/prefetch_32.prefetch_buffer_i/fifo_i/rdata_Q_reg[1][19],DFCNQ_x1_0,True,"[128, 92, 130, 93]",583800,420000,N,STD_CELL_LEGAL
RISCY-a-2-c2,core_region_i/CORE.RISCV_CORE/if_stage_i/prefetch_32.prefetch_buffer_i/fifo_i/rdata_Q_reg[2][20],DFCNQ_x1_0,True,"[126, 95, 127, 96]",574560,432600,N,STD_CELL_LEGAL
RISCY-a-2-c2,core_region_i/CORE.RISCV_CORE/if_stage_i/prefetch_32.prefetch_buffer_i/fifo_i/rdata_Q_reg[1][20],DFCNQ_x1_0,True,"[128, 96, 130, 96]",583800,436800,N,STD_CELL_LEGAL
RISCY-a-2-c2,core_region_i/CORE.RISCV_CORE/if_stage_i/prefetch_32.prefetch_buffer_i/fifo_i/rdata_Q_reg[2][21],DFCNQ_x1_0,True,"[133, 101, 134, 101]",606480,459900,FS,STD_CELL_LEGAL
RISCY-a-2-c2,core_region_i/CORE.RISCV_CORE/if_stage_i/prefetch_32.prefetch_buffer_i/fifo_i/rdata_Q_reg[1][21],DFCNQ_x1_0,True,"[133, 102, 134, 102]",606480,464100,FS,STD_CELL_LEGAL
RISCY-a-2-c2,core_region_i/CORE.RISCV_CORE/if_stage_i/prefetch_32.prefetch_buffer_i/fifo_i/rdata_Q_reg[2][22],DFCNQ_x1_0,True,"[126, 99, 127, 100]",574560,451500,FS,STD_CELL_LEGAL
RISCY-a-2-c2,core_region_i/CORE.RISCV_CORE/if_stage_i/prefetch_32.prefetch_buffer_i/fifo_i/rdata_Q_reg[1][22],DFCNQ_x1_0,True,"[127, 100, 129, 100]",579180,455700,FS,STD_CELL_LEGAL
RISCY-a-2-c2,core_region_i/CORE.RISCV_CORE/if_stage_i/prefetch_32.prefetch_buffer_i/fifo_i/rdata_Q_reg[2][23],DFCNQ_x1_0,True,"[126, 102, 127, 102]",574560,464100,FS,STD_CELL_LEGAL
RISCY-a-2-c2,core_region_i/CORE.RISCV_CORE/if_stage_i/prefetch_32.prefetch_buffer_i/fifo_i/rdata_Q_reg[1][23],DFCNQ_x1_0,True,"[128, 102, 129, 102]",583800,464100,FS,STD_CELL_LEGAL
RISCY-a-2-c2,core_region_i/CORE.RISCV_CORE/if_stage_i/prefetch_32.prefetch_buffer_i/fifo_i/rdata_Q_reg[2][24],DFCNQ_x1_0,True,"[126, 98, 128, 98]",574560,447300,FS,STD_CELL_LEGAL
RISCY-a-2-c2,core_region_i/CORE.RISCV_CORE/if_stage_i/prefetch_32.prefetch_buffer_i/fifo_i/rdata_Q_reg[1][24],DFCNQ_x1_0,True,"[128, 97, 130, 97]",583800,441000,N,STD_CELL_LEGAL
RISCY-a-2-c2,core_region_i/CORE.RISCV_CORE/if_stage_i/prefetch_32.prefetch_buffer_i/fifo_i/rdata_Q_reg[2][25],DFCNQ_x1_0,True,"[126, 99, 127, 99]",574560,451500,FS,STD_CELL_LEGAL
RISCY-a-2-c2,core_region_i/CORE.RISCV_CORE/if_stage_i/prefetch_32.prefetch_buffer_i/fifo_i/rdata_Q_reg[1][25],DFCNQ_x1_0,True,"[127, 99, 129, 99]",579180,451500,FS,STD_CELL_LEGAL
RISCY-a-2-c2,core_region_i/CORE.RISCV_CORE/if_stage_i/prefetch_32.prefetch_buffer_i/fifo_i/rdata_Q_reg[2][26],DFCNQ_x1_0,True,"[126, 93, 128, 93]",574560,424200,N,STD_CELL_LEGAL
RISCY-a-2-c2,core_region_i/CORE.RISCV_CORE/if_stage_i/prefetch_32.prefetch_buffer_i/fifo_i/rdata_Q_reg[1][26],DFCNQ_x1_0,True,"[128, 93, 130, 93]",583800,424200,N,STD_CELL_LEGAL
RISCY-a-2-c2,core_region_i/CORE.RISCV_CORE/if_stage_i/prefetch_32.prefetch_buffer_i/fifo_i/rdata_Q_reg[2][27],DFCNQ_x1_0,True,"[126, 101, 127, 101]",574560,459900,FS,STD_CELL_LEGAL
RISCY-a-2-c2,core_region_i/CORE.RISCV_CORE/if_stage_i/prefetch_32.prefetch_buffer_i/fifo_i/rdata_Q_reg[1][27],DFCNQ_x1_0,True,"[128, 101, 130, 102]",583800,459900,FS,STD_CELL_LEGAL
RISCY-a-2-c2,core_region_i/CORE.RISCV_CORE/if_stage_i/prefetch_32.prefetch_buffer_i/fifo_i/rdata_Q_reg[2][28],DFCNQ_x1_0,True,"[126, 90, 128, 91]",574560,409500,FS,STD_CELL_LEGAL
RISCY-a-2-c2,core_region_i/CORE.RISCV_CORE/if_stage_i/prefetch_32.prefetch_buffer_i/fifo_i/rdata_Q_reg[1][28],DFCNQ_x1_0,True,"[128, 91, 129, 91]",583800,413700,FS,STD_CELL_LEGAL
RISCY-a-2-c2,core_region_i/CORE.RISCV_CORE/if_stage_i/prefetch_32.prefetch_buffer_i/fifo_i/rdata_Q_reg[2][29],DFCNQ_x1_0,True,"[126, 94, 128, 95]",574560,428400,N,STD_CELL_LEGAL
RISCY-a-2-c2,core_region_i/CORE.RISCV_CORE/if_stage_i/prefetch_32.prefetch_buffer_i/fifo_i/rdata_Q_reg[1][29],DFCNQ_x1_0,True,"[128, 94, 130, 95]",583800,428400,N,STD_CELL_LEGAL
RISCY-a-2-c2,core_region_i/CORE.RISCV_CORE/if_stage_i/prefetch_32.prefetch_buffer_i/fifo_i/rdata_Q_reg[2][30],DFCNQ_x1_0,True,"[131, 102, 133, 102]",597660,464100,FS,STD_CELL_LEGAL
RISCY-a-2-c2,core_region_i/CORE.RISCV_CORE/if_stage_i/prefetch_32.prefetch_buffer_i/fifo_i/rdata_Q_reg[1][30],DFCNQ_x1_0,True,"[131, 103, 133, 104]",597660,468300,FS,STD_CELL_LEGAL
RISCY-a-2-c2,core_region_i/CORE.RISCV_CORE/if_stage_i/prefetch_32.prefetch_buffer_i/fifo_i/rdata_Q_reg[2][31],DFCNQ_x1_0,True,"[126, 97, 127, 97]",574560,441000,N,STD_CELL_LEGAL
RISCY-a-2-c2,core_region_i/CORE.RISCV_CORE/if_stage_i/prefetch_32.prefetch_buffer_i/fifo_i/rdata_Q_reg[1][31],DFCNQ_x1_0,True,"[127, 96, 129, 97]",579180,436800,N,STD_CELL_LEGAL
RISCY-a-2-c2,core_region_i/CORE.RISCV_CORE/if_stage_i/prefetch_32.prefetch_buffer_i/fifo_i/addr_Q_reg[0][0],DFCNQ_x1_0,True,"[128, 112, 129, 112]",583800,510300,FS,STD_CELL_LEGAL
RISCY-a-2-c2,core_region_i/CORE.RISCV_CORE/if_stage_i/prefetch_32.prefetch_buffer_i/fifo_i/addr_Q_reg[0][2],DFCNQ_x1_0,True,"[126, 114, 127, 114]",574560,518700,FS,STD_CELL_LEGAL
RISCY-a-2-c2,core_region_i/CORE.RISCV_CORE/if_stage_i/prefetch_32.prefetch_buffer_i/fifo_i/addr_Q_reg[0][3],DFCNQ_x1_0,True,"[126, 115, 127, 115]",574560,522900,FS,STD_CELL_LEGAL
RISCY-a-2-c2,core_region_i/CORE.RISCV_CORE/if_stage_i/prefetch_32.prefetch_buffer_i/fifo_i/addr_Q_reg[0][4],DFCNQ_x1_0,True,"[126, 116, 127, 117]",574560,529200,N,STD_CELL_LEGAL
RISCY-a-2-c2,core_region_i/CORE.RISCV_CORE/if_stage_i/prefetch_32.prefetch_buffer_i/fifo_i/addr_Q_reg[0][5],DFCNQ_x1_0,True,"[126, 119, 128, 119]",574560,541800,N,STD_CELL_LEGAL
RISCY-a-2-c2,core_region_i/CORE.RISCV_CORE/if_stage_i/prefetch_32.prefetch_buffer_i/fifo_i/addr_Q_reg[0][6],DFCNQ_x1_0,True,"[126, 120, 128, 120]",574560,546000,N,STD_CELL_LEGAL
RISCY-a-2-c2,core_region_i/CORE.RISCV_CORE/if_stage_i/prefetch_32.prefetch_buffer_i/fifo_i/addr_Q_reg[0][7],DFCNQ_x1_0,True,"[126, 122, 127, 123]",574560,556500,FS,STD_CELL_LEGAL
RISCY-a-2-c2,core_region_i/CORE.RISCV_CORE/if_stage_i/prefetch_32.prefetch_buffer_i/fifo_i/addr_Q_reg[0][8],DFCNQ_x1_0,True,"[126, 126, 127, 126]",574560,573300,FS,STD_CELL_LEGAL
RISCY-a-2-c2,core_region_i/CORE.RISCV_CORE/if_stage_i/prefetch_32.prefetch_buffer_i/fifo_i/addr_Q_reg[0][9],DFCNQ_x1_0,True,"[126, 132, 128, 133]",574560,600600,N,STD_CELL_LEGAL
RISCY-a-2-c2,core_region_i/CORE.RISCV_CORE/if_stage_i/prefetch_32.prefetch_buffer_i/fifo_i/addr_Q_reg[0][10],DFCNQ_x1_0,True,"[126, 138, 127, 138]",574560,627900,FS,STD_CELL_LEGAL
RISCY-a-2-c2,core_region_i/CORE.RISCV_CORE/if_stage_i/prefetch_32.prefetch_buffer_i/fifo_i/addr_Q_reg[0][11],DFCNQ_x1_0,True,"[126, 141, 127, 141]",574560,642600,N,STD_CELL_LEGAL
RISCY-a-2-c2,core_region_i/CORE.RISCV_CORE/if_stage_i/prefetch_32.prefetch_buffer_i/fifo_i/addr_Q_reg[0][12],DFCNQ_x1_0,True,"[113, 151, 114, 151]",515340,686700,FS,STD_CELL_LEGAL
RISCY-a-2-c2,core_region_i/CORE.RISCV_CORE/if_stage_i/prefetch_32.prefetch_buffer_i/fifo_i/addr_Q_reg[0][13],DFCNQ_x1_0,True,"[111, 152, 113, 152]",506100,693000,N,STD_CELL_LEGAL
RISCY-a-2-c2,core_region_i/CORE.RISCV_CORE/if_stage_i/prefetch_32.prefetch_buffer_i/fifo_i/addr_Q_reg[0][14],DFCNQ_x1_0,True,"[108, 151, 110, 151]",492660,686700,FS,STD_CELL_LEGAL
RISCY-a-2-c2,core_region_i/CORE.RISCV_CORE/if_stage_i/prefetch_32.prefetch_buffer_i/fifo_i/addr_Q_reg[0][15],DFCNQ_x1_0,True,"[108, 151, 110, 152]",492660,686700,FS,STD_CELL_LEGAL
RISCY-a-2-c2,core_region_i/CORE.RISCV_CORE/if_stage_i/prefetch_32.prefetch_buffer_i/fifo_i/addr_Q_reg[0][16],DFCNQ_x1_0,True,"[106, 153, 108, 154]",483420,697200,N,STD_CELL_LEGAL
RISCY-a-2-c2,core_region_i/CORE.RISCV_CORE/if_stage_i/prefetch_32.prefetch_buffer_i/fifo_i/addr_Q_reg[0][17],DFCNQ_x1_0,True,"[107, 156, 109, 157]",488040,709800,N,STD_CELL_LEGAL
RISCY-a-2-c2,core_region_i/CORE.RISCV_CORE/if_stage_i/prefetch_32.prefetch_buffer_i/fifo_i/addr_Q_reg[0][18],DFCNQ_x1_0,True,"[109, 158, 110, 159]",497280,720300,FS,STD_CELL_LEGAL
RISCY-a-2-c2,core_region_i/CORE.RISCV_CORE/if_stage_i/prefetch_32.prefetch_buffer_i/fifo_i/addr_Q_reg[0][19],DFCNQ_x1_0,True,"[110, 162, 111, 163]",501900,737100,FS,STD_CELL_LEGAL
RISCY-a-2-c2,core_region_i/CORE.RISCV_CORE/if_stage_i/prefetch_32.prefetch_buffer_i/fifo_i/addr_Q_reg[0][20],DFCNQ_x1_0,True,"[110, 164, 112, 164]",501900,747600,N,STD_CELL_LEGAL
RISCY-a-2-c2,core_region_i/CORE.RISCV_CORE/if_stage_i/prefetch_32.prefetch_buffer_i/fifo_i/addr_Q_reg[0][21],DFCNQ_x1_0,True,"[116, 166, 117, 166]",529200,756000,N,STD_CELL_LEGAL
RISCY-a-2-c2,core_region_i/CORE.RISCV_CORE/if_stage_i/prefetch_32.prefetch_buffer_i/fifo_i/addr_Q_reg[0][22],DFCNQ_x1_0,True,"[118, 165, 120, 165]",538020,751800,N,STD_CELL_LEGAL
RISCY-a-2-c2,core_region_i/CORE.RISCV_CORE/if_stage_i/prefetch_32.prefetch_buffer_i/fifo_i/addr_Q_reg[0][23],DFCNQ_x1_0,True,"[117, 165, 119, 166]",533820,751800,N,STD_CELL_LEGAL
RISCY-a-2-c2,core_region_i/CORE.RISCV_CORE/if_stage_i/prefetch_32.prefetch_buffer_i/fifo_i/addr_Q_reg[0][24],DFCNQ_x1_0,True,"[114, 166, 116, 166]",519960,756000,N,STD_CELL_LEGAL
RISCY-a-2-c2,core_region_i/CORE.RISCV_CORE/if_stage_i/prefetch_32.prefetch_buffer_i/fifo_i/addr_Q_reg[0][25],DFCNQ_x1_0,True,"[114, 165, 116, 165]",519960,751800,N,STD_CELL_LEGAL
RISCY-a-2-c2,core_region_i/CORE.RISCV_CORE/if_stage_i/prefetch_32.prefetch_buffer_i/fifo_i/addr_Q_reg[0][26],DFCNQ_x1_0,True,"[112, 165, 114, 165]",510720,751800,N,STD_CELL_LEGAL
RISCY-a-2-c2,core_region_i/CORE.RISCV_CORE/if_stage_i/prefetch_32.prefetch_buffer_i/fifo_i/addr_Q_reg[0][27],DFCNQ_x1_0,True,"[108, 161, 109, 161]",492660,732900,FS,STD_CELL_LEGAL
RISCY-a-2-c2,core_region_i/CORE.RISCV_CORE/if_stage_i/prefetch_32.prefetch_buffer_i/fifo_i/addr_Q_reg[0][28],DFCNQ_x1_0,True,"[108, 160, 109, 161]",492660,728700,FS,STD_CELL_LEGAL
RISCY-a-2-c2,core_region_i/CORE.RISCV_CORE/if_stage_i/prefetch_32.prefetch_buffer_i/fifo_i/addr_Q_reg[0][29],DFCNQ_x1_0,True,"[107, 158, 109, 158]",488040,720300,FS,STD_CELL_LEGAL
RISCY-a-2-c2,core_region_i/CORE.RISCV_CORE/if_stage_i/prefetch_32.prefetch_buffer_i/fifo_i/addr_Q_reg[0][30],DFCNQ_x1_0,True,"[107, 155, 108, 156]",488040,705600,N,STD_CELL_LEGAL
RISCY-a-2-c2,core_region_i/CORE.RISCV_CORE/if_stage_i/prefetch_32.prefetch_buffer_i/fifo_i/addr_Q_reg[0][31],DFCNQ_x1_0,True,"[107, 154, 109, 155]",488040,701400,N,STD_CELL_LEGAL
RISCY-a-2-c2,core_region_i/CORE.RISCV_CORE/if_stage_i/prefetch_32.prefetch_buffer_i/fifo_i/addr_Q_reg[0][1],DFCNQ_x1_0,True,"[128, 109, 129, 110]",583800,495600,N,STD_CELL_LEGAL
RISCY-a-2-c2,core_region_i/CORE.RISCV_CORE/if_stage_i/prefetch_32.prefetch_buffer_i/fifo_i/rdata_Q_reg[0][1],DFCNQ_x1_0,True,"[130, 104, 131, 105]",593040,474600,N,STD_CELL_LEGAL
RISCY-a-2-c2,core_region_i/CORE.RISCV_CORE/if_stage_i/prefetch_32.prefetch_buffer_i/fifo_i/rdata_Q_reg[0][16],DFCNQ_x1_0,True,"[129, 105, 131, 106]",588420,478800,N,STD_CELL_LEGAL
RISCY-a-2-c2,core_region_i/CORE.RISCV_CORE/if_stage_i/prefetch_32.prefetch_buffer_i/fifo_i/rdata_Q_reg[0][0],DFCNQ_x1_0,True,"[132, 104, 134, 105]",601860,474600,N,STD_CELL_LEGAL
RISCY-a-2-c2,core_region_i/CORE.RISCV_CORE/if_stage_i/prefetch_32.prefetch_buffer_i/fifo_i/rdata_Q_reg[0][18],DFCNQ_x1_0,True,"[130, 92, 132, 93]",593040,420000,N,STD_CELL_LEGAL
RISCY-a-2-c2,core_region_i/CORE.RISCV_CORE/if_stage_i/prefetch_32.prefetch_buffer_i/fifo_i/rdata_Q_reg[0][2],DFCNQ_x1_0,True,"[130, 94, 132, 94]",593040,428400,N,STD_CELL_LEGAL
RISCY-a-2-c2,core_region_i/CORE.RISCV_CORE/if_stage_i/prefetch_32.prefetch_buffer_i/fifo_i/rdata_Q_reg[0][19],DFCNQ_x1_0,True,"[130, 95, 131, 95]",593040,432600,N,STD_CELL_LEGAL
RISCY-a-2-c2,core_region_i/CORE.RISCV_CORE/if_stage_i/prefetch_32.prefetch_buffer_i/fifo_i/rdata_Q_reg[0][3],DFCNQ_x1_0,True,"[130, 95, 132, 95]",593040,432600,N,STD_CELL_LEGAL
RISCY-a-2-c2,core_region_i/CORE.RISCV_CORE/if_stage_i/prefetch_32.prefetch_buffer_i/fifo_i/rdata_Q_reg[0][20],DFCNQ_x1_0,True,"[130, 95, 132, 96]",593040,432600,N,STD_CELL_LEGAL
RISCY-a-2-c2,core_region_i/CORE.RISCV_CORE/if_stage_i/prefetch_32.prefetch_buffer_i/fifo_i/rdata_Q_reg[0][4],DFCNQ_x1_0,True,"[130, 96, 132, 97]",593040,436800,N,STD_CELL_LEGAL
RISCY-a-2-c2,core_region_i/CORE.RISCV_CORE/if_stage_i/prefetch_32.prefetch_buffer_i/fifo_i/rdata_Q_reg[0][21],DFCNQ_x1_0,True,"[134, 103, 136, 104]",611100,468300,FS,STD_CELL_LEGAL
RISCY-a-2-c2,core_region_i/CORE.RISCV_CORE/if_stage_i/prefetch_32.prefetch_buffer_i/fifo_i/rdata_Q_reg[0][5],DFCNQ_x1_0,True,"[136, 102, 138, 102]",620340,464100,FS,STD_CELL_LEGAL
RISCY-a-2-c2,core_region_i/CORE.RISCV_CORE/if_stage_i/prefetch_32.prefetch_buffer_i/fifo_i/rdata_Q_reg[0][22],DFCNQ_x1_0,True,"[130, 99, 132, 99]",593040,451500,FS,STD_CELL_LEGAL
RISCY-a-2-c2,core_region_i/CORE.RISCV_CORE/if_stage_i/prefetch_32.prefetch_buffer_i/fifo_i/rdata_Q_reg[0][6],DFCNQ_x1_0,True,"[130, 98, 132, 99]",593040,447300,FS,STD_CELL_LEGAL
RISCY-a-2-c2,core_region_i/CORE.RISCV_CORE/if_stage_i/prefetch_32.prefetch_buffer_i/fifo_i/rdata_Q_reg[0][23],DFCNQ_x1_0,True,"[131, 101, 132, 102]",597660,459900,FS,STD_CELL_LEGAL
RISCY-a-2-c2,core_region_i/CORE.RISCV_CORE/if_stage_i/prefetch_32.prefetch_buffer_i/fifo_i/rdata_Q_reg[0][7],DFCNQ_x1_0,True,"[131, 101, 133, 101]",597660,459900,FS,STD_CELL_LEGAL
RISCY-a-2-c2,core_region_i/CORE.RISCV_CORE/if_stage_i/prefetch_32.prefetch_buffer_i/fifo_i/rdata_Q_reg[0][24],DFCNQ_x1_0,True,"[130, 97, 132, 98]",593040,441000,N,STD_CELL_LEGAL
RISCY-a-2-c2,core_region_i/CORE.RISCV_CORE/if_stage_i/prefetch_32.prefetch_buffer_i/fifo_i/rdata_Q_reg[0][8],DFCNQ_x1_0,True,"[133, 98, 135, 99]",606480,447300,FS,STD_CELL_LEGAL
RISCY-a-2-c2,core_region_i/CORE.RISCV_CORE/if_stage_i/prefetch_32.prefetch_buffer_i/fifo_i/rdata_Q_reg[0][25],DFCNQ_x1_0,True,"[130, 100, 132, 100]",593040,455700,FS,STD_CELL_LEGAL
RISCY-a-2-c2,core_region_i/CORE.RISCV_CORE/if_stage_i/prefetch_32.prefetch_buffer_i/fifo_i/rdata_Q_reg[0][9],DFCNQ_x1_0,True,"[136, 100, 138, 101]",620340,455700,FS,STD_CELL_LEGAL
RISCY-a-2-c2,core_region_i/CORE.RISCV_CORE/if_stage_i/prefetch_32.prefetch_buffer_i/fifo_i/rdata_Q_reg[0][26],DFCNQ_x1_0,True,"[132, 92, 134, 93]",601860,420000,N,STD_CELL_LEGAL
RISCY-a-2-c2,core_region_i/CORE.RISCV_CORE/if_stage_i/prefetch_32.prefetch_buffer_i/fifo_i/rdata_Q_reg[0][10],DFCNQ_x1_0,True,"[135, 94, 137, 95]",615720,428400,N,STD_CELL_LEGAL
RISCY-a-2-c2,core_region_i/CORE.RISCV_CORE/if_stage_i/prefetch_32.prefetch_buffer_i/fifo_i/rdata_Q_reg[0][27],DFCNQ_x1_0,True,"[130, 100, 132, 101]",593040,455700,FS,STD_CELL_LEGAL
RISCY-a-2-c2,core_region_i/CORE.RISCV_CORE/if_stage_i/prefetch_32.prefetch_buffer_i/fifo_i/rdata_Q_reg[0][11],DFCNQ_x1_0,True,"[136, 98, 138, 99]",620340,447300,FS,STD_CELL_LEGAL
RISCY-a-2-c2,core_region_i/CORE.RISCV_CORE/if_stage_i/prefetch_32.prefetch_buffer_i/fifo_i/rdata_Q_reg[0][28],DFCNQ_x1_0,True,"[131, 92, 132, 92]",597660,420000,N,STD_CELL_LEGAL
RISCY-a-2-c2,core_region_i/CORE.RISCV_CORE/if_stage_i/prefetch_32.prefetch_buffer_i/fifo_i/rdata_Q_reg[0][12],DFCNQ_x1_0,True,"[134, 95, 135, 95]",611100,432600,N,STD_CELL_LEGAL
RISCY-a-2-c2,core_region_i/CORE.RISCV_CORE/if_stage_i/prefetch_32.prefetch_buffer_i/fifo_i/rdata_Q_reg[0][29],DFCNQ_x1_0,True,"[133, 95, 135, 96]",606480,432600,N,STD_CELL_LEGAL
RISCY-a-2-c2,core_region_i/CORE.RISCV_CORE/if_stage_i/prefetch_32.prefetch_buffer_i/fifo_i/rdata_Q_reg[0][13],DFCNQ_x1_0,True,"[136, 95, 138, 96]",620340,432600,N,STD_CELL_LEGAL
RISCY-a-2-c2,core_region_i/CORE.RISCV_CORE/if_stage_i/prefetch_32.prefetch_buffer_i/fifo_i/rdata_Q_reg[0][30],DFCNQ_x1_0,True,"[133, 104, 135, 104]",606480,474600,N,STD_CELL_LEGAL
RISCY-a-2-c2,core_region_i/CORE.RISCV_CORE/if_stage_i/prefetch_32.prefetch_buffer_i/fifo_i/rdata_Q_reg[0][14],DFCNQ_x1_0,True,"[135, 103, 137, 103]",615720,468300,FS,STD_CELL_LEGAL
RISCY-a-2-c2,core_region_i/CORE.RISCV_CORE/if_stage_i/prefetch_32.prefetch_buffer_i/fifo_i/rdata_Q_reg[0][31],DFCNQ_x1_0,True,"[130, 97, 132, 97]",593040,441000,N,STD_CELL_LEGAL
RISCY-a-2-c2,core_region_i/CORE.RISCV_CORE/if_stage_i/prefetch_32.prefetch_buffer_i/fifo_i/rdata_Q_reg[0][15],DFCNQ_x1_0,True,"[136, 98, 138, 98]",620340,447300,FS,STD_CELL_LEGAL
RISCY-a-2-c2,core_region_i/CORE.RISCV_CORE/if_stage_i/prefetch_32.prefetch_buffer_i/fifo_i/valid_Q_reg[0],DFCNQ_x1_0,True,"[132, 109, 134, 109]",601860,495600,N,STD_CELL_LEGAL
RISCY-a-2-c2,core_region_i/CORE.RISCV_CORE/if_stage_i/prefetch_32.prefetch_buffer_i/fifo_i/U3,NR2_x1_0,True,"[128, 107, 129, 107]",583800,487200,N,STD_CELL_LEGAL
RISCY-a-2-c2,core_region_i/CORE.RISCV_CORE/if_stage_i/prefetch_32.prefetch_buffer_i/fifo_i/U4,IND2_x2_0,True,"[129, 109, 129, 109]",588420,495600,N,STD_CELL_LEGAL
RISCY-a-2-c2,core_region_i/CORE.RISCV_CORE/if_stage_i/prefetch_32.prefetch_buffer_i/fifo_i/U5,NR2_x1_0,True,"[130, 109, 130, 109]",593040,495600,N,STD_CELL_LEGAL
RISCY-a-2-c2,core_region_i/CORE.RISCV_CORE/if_stage_i/prefetch_32.prefetch_buffer_i/fifo_i/U6,IND2_x1_0,True,"[128, 109, 128, 109]",583800,495600,N,STD_CELL_LEGAL
RISCY-a-2-c2,core_region_i/CORE.RISCV_CORE/if_stage_i/prefetch_32.prefetch_buffer_i/fifo_i/U7,NR2_x1_0,True,"[129, 109, 129, 109]",588420,495600,N,STD_CELL_LEGAL
RISCY-a-2-c2,core_region_i/CORE.RISCV_CORE/if_stage_i/prefetch_32.prefetch_buffer_i/fifo_i/U8,INV_x1_0,False,"[128, 128, 128, 128]",583800,583800,N,STD_CELL_LEGAL
RISCY-a-2-c2,core_region_i/CORE.RISCV_CORE/if_stage_i/prefetch_32.prefetch_buffer_i/fifo_i/U9,ND2_x1_0,True,"[128, 111, 129, 111]",583800,506100,FS,STD_CELL_LEGAL
RISCY-a-2-c2,core_region_i/CORE.RISCV_CORE/if_stage_i/prefetch_32.prefetch_buffer_i/fifo_i/U10,ND2_x1_0,True,"[131, 106, 131, 106]",597660,483000,N,STD_CELL_LEGAL
RISCY-a-2-c2,core_region_i/CORE.RISCV_CORE/if_stage_i/prefetch_32.prefetch_buffer_i/fifo_i/U11,OAI22_x1_0,True,"[131, 110, 132, 111]",597660,501900,FS,STD_CELL_LEGAL
RISCY-a-2-c2,core_region_i/CORE.RISCV_CORE/if_stage_i/prefetch_32.prefetch_buffer_i/fifo_i/U12,NR2_x1_0,True,"[131, 110, 132, 110]",597660,501900,FS,STD_CELL_LEGAL
RISCY-a-2-c2,core_region_i/CORE.RISCV_CORE/if_stage_i/prefetch_32.prefetch_buffer_i/fifo_i/U13,HA1_x1_0,True,"[110, 155, 112, 156]",501900,705600,N,STD_CELL_LEGAL
RISCY-a-2-c2,core_region_i/CORE.RISCV_CORE/if_stage_i/prefetch_32.prefetch_buffer_i/fifo_i/U14,HA1_x1_0,True,"[114, 163, 115, 164]",519960,741300,FS,STD_CELL_LEGAL
RISCY-a-2-c2,core_region_i/CORE.RISCV_CORE/if_stage_i/prefetch_32.prefetch_buffer_i/fifo_i/U15,HA1_x1_0,True,"[117, 163, 118, 164]",533820,741300,FS,STD_CELL_LEGAL
RISCY-a-2-c2,core_region_i/CORE.RISCV_CORE/if_stage_i/prefetch_32.prefetch_buffer_i/fifo_i/U16,HA1_x1_0,True,"[116, 163, 117, 164]",529200,741300,FS,STD_CELL_LEGAL
RISCY-a-2-c2,core_region_i/CORE.RISCV_CORE/if_stage_i/prefetch_32.prefetch_buffer_i/fifo_i/U17,HA1_x1_0,True,"[111, 161, 112, 162]",506100,732900,FS,STD_CELL_LEGAL
RISCY-a-2-c2,core_region_i/CORE.RISCV_CORE/if_stage_i/prefetch_32.prefetch_buffer_i/fifo_i/U18,HA1_x1_0,True,"[112, 151, 113, 152]",510720,686700,FS,STD_CELL_LEGAL
RISCY-a-2-c2,core_region_i/CORE.RISCV_CORE/if_stage_i/prefetch_32.prefetch_buffer_i/fifo_i/U19,HA1_x1_0,True,"[126, 134, 127, 134]",574560,611100,FS,STD_CELL_LEGAL
RISCY-a-2-c2,core_region_i/CORE.RISCV_CORE/if_stage_i/prefetch_32.prefetch_buffer_i/fifo_i/U20,HA1_x1_0,True,"[126, 123, 127, 124]",574560,560700,FS,STD_CELL_LEGAL
RISCY-a-2-c2,core_region_i/CORE.RISCV_CORE/if_stage_i/prefetch_32.prefetch_buffer_i/fifo_i/U21,HA1_x1_0,True,"[126, 119, 127, 120]",574560,541800,N,STD_CELL_LEGAL
RISCY-a-2-c2,core_region_i/CORE.RISCV_CORE/if_stage_i/prefetch_32.prefetch_buffer_i/fifo_i/U22,NR2_x1_0,True,"[128, 109, 128, 109]",583800,495600,N,STD_CELL_LEGAL
RISCY-a-2-c2,core_region_i/CORE.RISCV_CORE/if_stage_i/prefetch_32.prefetch_buffer_i/fifo_i/U23,INR2_x1_0,True,"[127, 109, 128, 109]",579180,495600,N,STD_CELL_LEGAL
RISCY-a-2-c2,core_region_i/CORE.RISCV_CORE/if_stage_i/prefetch_32.prefetch_buffer_i/fifo_i/U24,OAI211_x0_0,True,"[134, 94, 134, 95]",611100,428400,N,STD_CELL_LEGAL
RISCY-a-2-c2,core_region_i/CORE.RISCV_CORE/if_stage_i/prefetch_32.prefetch_buffer_i/fifo_i/U25,INR2_x1_0,True,"[130, 108, 130, 109]",593040,491400,N,STD_CELL_LEGAL
RISCY-a-2-c2,core_region_i/CORE.RISCV_CORE/if_stage_i/prefetch_32.prefetch_buffer_i/fifo_i/U26,IND2_x1_0,True,"[131, 111, 131, 111]",597660,506100,FS,STD_CELL_LEGAL
RISCY-a-2-c2,core_region_i/CORE.RISCV_CORE/if_stage_i/prefetch_32.prefetch_buffer_i/fifo_i/U27,ND2_x1_0,True,"[132, 106, 132, 107]",601860,483000,N,STD_CELL_LEGAL
RISCY-a-2-c2,core_region_i/CORE.RISCV_CORE/if_stage_i/prefetch_32.prefetch_buffer_i/fifo_i/U28,INV_x1_0,False,"[128, 128, 128, 128]",583800,583800,N,STD_CELL_LEGAL
RISCY-a-2-c2,core_region_i/CORE.RISCV_CORE/if_stage_i/prefetch_32.prefetch_buffer_i/fifo_i/U29,HA1_x1_0,True,"[112, 163, 114, 164]",510720,741300,FS,STD_CELL_LEGAL
RISCY-a-2-c2,core_region_i/CORE.RISCV_CORE/if_stage_i/prefetch_32.prefetch_buffer_i/fifo_i/U30,HA1_x1_0,True,"[115, 164, 116, 164]",524580,747600,N,STD_CELL_LEGAL
RISCY-a-2-c2,core_region_i/CORE.RISCV_CORE/if_stage_i/prefetch_32.prefetch_buffer_i/fifo_i/U31,HA1_x1_0,True,"[118, 164, 119, 164]",538020,747600,N,STD_CELL_LEGAL
RISCY-a-2-c2,core_region_i/CORE.RISCV_CORE/if_stage_i/prefetch_32.prefetch_buffer_i/fifo_i/U32,HA1_x1_0,True,"[111, 162, 113, 163]",506100,737100,FS,STD_CELL_LEGAL
RISCY-a-2-c2,core_region_i/CORE.RISCV_CORE/if_stage_i/prefetch_32.prefetch_buffer_i/fifo_i/U33,HA1_x1_0,True,"[111, 158, 112, 158]",506100,720300,FS,STD_CELL_LEGAL
RISCY-a-2-c2,core_region_i/CORE.RISCV_CORE/if_stage_i/prefetch_32.prefetch_buffer_i/fifo_i/U34,HA1_x1_0,True,"[110, 154, 112, 154]",501900,701400,N,STD_CELL_LEGAL
RISCY-a-2-c2,core_region_i/CORE.RISCV_CORE/if_stage_i/prefetch_32.prefetch_buffer_i/fifo_i/U35,HA1_x1_0,True,"[110, 151, 111, 152]",501900,686700,FS,STD_CELL_LEGAL
RISCY-a-2-c2,core_region_i/CORE.RISCV_CORE/if_stage_i/prefetch_32.prefetch_buffer_i/fifo_i/U36,HA1_x1_0,True,"[116, 151, 117, 151]",529200,686700,FS,STD_CELL_LEGAL
RISCY-a-2-c2,core_region_i/CORE.RISCV_CORE/if_stage_i/prefetch_32.prefetch_buffer_i/fifo_i/U37,HA1_x1_0,True,"[126, 137, 127, 137]",574560,623700,FS,STD_CELL_LEGAL
RISCY-a-2-c2,core_region_i/CORE.RISCV_CORE/if_stage_i/prefetch_32.prefetch_buffer_i/fifo_i/U38,HA1_x1_0,True,"[126, 127, 127, 128]",574560,577500,FS,STD_CELL_LEGAL
RISCY-a-2-c2,core_region_i/CORE.RISCV_CORE/if_stage_i/prefetch_32.prefetch_buffer_i/fifo_i/U39,HA1_x1_0,True,"[126, 121, 127, 122]",574560,550200,N,STD_CELL_LEGAL
RISCY-a-2-c2,core_region_i/CORE.RISCV_CORE/if_stage_i/prefetch_32.prefetch_buffer_i/fifo_i/U40,HA1_x1_0,True,"[127, 117, 128, 117]",579180,533400,N,STD_CELL_LEGAL
RISCY-a-2-c2,core_region_i/CORE.RISCV_CORE/if_stage_i/prefetch_32.prefetch_buffer_i/fifo_i/U41,NR2_x1_0,True,"[127, 109, 128, 110]",579180,495600,N,STD_CELL_LEGAL
RISCY-a-2-c2,core_region_i/CORE.RISCV_CORE/if_stage_i/prefetch_32.prefetch_buffer_i/fifo_i/U42,OAI22_1001_x1_0,True,"[129, 107, 129, 108]",588420,487200,N,STD_CELL_LEGAL
RISCY-a-2-c2,core_region_i/CORE.RISCV_CORE/if_stage_i/prefetch_32.prefetch_buffer_i/fifo_i/U43,OAI21_x1_0,True,"[128, 108, 129, 108]",583800,491400,N,STD_CELL_LEGAL
RISCY-a-2-c2,core_region_i/CORE.RISCV_CORE/if_stage_i/prefetch_32.prefetch_buffer_i/fifo_i/U44,NR2_x1_0,True,"[129, 107, 129, 107]",588420,487200,N,STD_CELL_LEGAL
RISCY-a-2-c2,core_region_i/CORE.RISCV_CORE/if_stage_i/prefetch_32.prefetch_buffer_i/fifo_i/U45,NR2_x1_0,True,"[131, 107, 131, 108]",597660,487200,N,STD_CELL_LEGAL
RISCY-a-2-c2,core_region_i/CORE.RISCV_CORE/if_stage_i/prefetch_32.prefetch_buffer_i/fifo_i/U46,OA21_x1_0,True,"[129, 108, 129, 108]",588420,491400,N,STD_CELL_LEGAL
RISCY-a-2-c2,core_region_i/CORE.RISCV_CORE/if_stage_i/prefetch_32.prefetch_buffer_i/fifo_i/U47,MUX2N_x1_0,True,"[131, 109, 131, 110]",597660,495600,N,STD_CELL_LEGAL
RISCY-a-2-c2,core_region_i/CORE.RISCV_CORE/if_stage_i/prefetch_32.prefetch_buffer_i/fifo_i/U48,INV_x1_0,False,"[128, 128, 128, 128]",583800,583800,N,STD_CELL_LEGAL
RISCY-a-2-c2,core_region_i/CORE.RISCV_CORE/if_stage_i/prefetch_32.prefetch_buffer_i/fifo_i/U49,OAI211_x0_0,True,"[136, 97, 136, 98]",620340,441000,N,STD_CELL_LEGAL
RISCY-a-2-c2,core_region_i/CORE.RISCV_CORE/if_stage_i/prefetch_32.prefetch_buffer_i/fifo_i/U50,OAI211_x0_0,True,"[130, 96, 130, 97]",593040,436800,N,STD_CELL_LEGAL
RISCY-a-2-c2,core_region_i/CORE.RISCV_CORE/if_stage_i/prefetch_32.prefetch_buffer_i/fifo_i/U51,OAI211_x0_0,True,"[136, 102, 137, 103]",620340,464100,FS,STD_CELL_LEGAL
RISCY-a-2-c2,core_region_i/CORE.RISCV_CORE/if_stage_i/prefetch_32.prefetch_buffer_i/fifo_i/U52,OAI211_x0_0,True,"[133, 103, 134, 104]",606480,468300,FS,STD_CELL_LEGAL
RISCY-a-2-c2,core_region_i/CORE.RISCV_CORE/if_stage_i/prefetch_32.prefetch_buffer_i/fifo_i/U53,OAI211_x0_0,True,"[136, 96, 136, 96]",620340,436800,N,STD_CELL_LEGAL
RISCY-a-2-c2,core_region_i/CORE.RISCV_CORE/if_stage_i/prefetch_32.prefetch_buffer_i/fifo_i/U54,OAI211_x0_0,True,"[133, 95, 134, 95]",606480,432600,N,STD_CELL_LEGAL
RISCY-a-2-c2,core_region_i/CORE.RISCV_CORE/if_stage_i/prefetch_32.prefetch_buffer_i/fifo_i/U55,OAI211_x0_0,True,"[134, 94, 135, 95]",611100,428400,N,STD_CELL_LEGAL
RISCY-a-2-c2,core_region_i/CORE.RISCV_CORE/if_stage_i/prefetch_32.prefetch_buffer_i/fifo_i/U56,OAI211_x0_0,True,"[130, 92, 131, 92]",593040,420000,N,STD_CELL_LEGAL
RISCY-a-2-c2,core_region_i/CORE.RISCV_CORE/if_stage_i/prefetch_32.prefetch_buffer_i/fifo_i/U57,OAI211_x0_0,True,"[136, 99, 137, 99]",620340,451500,FS,STD_CELL_LEGAL
RISCY-a-2-c2,core_region_i/CORE.RISCV_CORE/if_stage_i/prefetch_32.prefetch_buffer_i/fifo_i/U58,OAI211_x0_0,True,"[130, 101, 131, 101]",593040,459900,FS,STD_CELL_LEGAL
RISCY-a-2-c2,core_region_i/CORE.RISCV_CORE/if_stage_i/prefetch_32.prefetch_buffer_i/fifo_i/U59,OAI211_x0_0,True,"[135, 94, 136, 94]",615720,428400,N,STD_CELL_LEGAL
RISCY-a-2-c2,core_region_i/CORE.RISCV_CORE/if_stage_i/prefetch_32.prefetch_buffer_i/fifo_i/U60,OAI211_x0_0,True,"[131, 93, 131, 93]",597660,424200,N,STD_CELL_LEGAL
RISCY-a-2-c2,core_region_i/CORE.RISCV_CORE/if_stage_i/prefetch_32.prefetch_buffer_i/fifo_i/U61,OAI211_x0_0,True,"[130, 99, 131, 100]",593040,451500,FS,STD_CELL_LEGAL
RISCY-a-2-c2,core_region_i/CORE.RISCV_CORE/if_stage_i/prefetch_32.prefetch_buffer_i/fifo_i/U62,OAI211_x0_0,True,"[133, 98, 133, 98]",606480,447300,FS,STD_CELL_LEGAL
RISCY-a-2-c2,core_region_i/CORE.RISCV_CORE/if_stage_i/prefetch_32.prefetch_buffer_i/fifo_i/U63,OAI211_x0_0,True,"[130, 98, 131, 98]",593040,447300,FS,STD_CELL_LEGAL
RISCY-a-2-c2,core_region_i/CORE.RISCV_CORE/if_stage_i/prefetch_32.prefetch_buffer_i/fifo_i/U64,OAI211_x0_0,True,"[132, 100, 132, 100]",601860,455700,FS,STD_CELL_LEGAL
RISCY-a-2-c2,core_region_i/CORE.RISCV_CORE/if_stage_i/prefetch_32.prefetch_buffer_i/fifo_i/U65,OAI211_x0_0,True,"[130, 101, 131, 102]",593040,459900,FS,STD_CELL_LEGAL
RISCY-a-2-c2,core_region_i/CORE.RISCV_CORE/if_stage_i/prefetch_32.prefetch_buffer_i/fifo_i/U66,OAI211_x0_0,True,"[131, 98, 132, 98]",597660,447300,FS,STD_CELL_LEGAL
RISCY-a-2-c2,core_region_i/CORE.RISCV_CORE/if_stage_i/prefetch_32.prefetch_buffer_i/fifo_i/U67,OAI211_x0_0,True,"[131, 99, 131, 100]",597660,451500,FS,STD_CELL_LEGAL
RISCY-a-2-c2,core_region_i/CORE.RISCV_CORE/if_stage_i/prefetch_32.prefetch_buffer_i/fifo_i/U68,OAI211_x0_0,True,"[136, 101, 137, 101]",620340,459900,FS,STD_CELL_LEGAL
RISCY-a-2-c2,core_region_i/CORE.RISCV_CORE/if_stage_i/prefetch_32.prefetch_buffer_i/fifo_i/U69,OAI211_x0_0,True,"[134, 102, 135, 103]",611100,464100,FS,STD_CELL_LEGAL
RISCY-a-2-c2,core_region_i/CORE.RISCV_CORE/if_stage_i/prefetch_32.prefetch_buffer_i/fifo_i/U70,OAI211_x0_0,True,"[131, 96, 131, 96]",597660,436800,N,STD_CELL_LEGAL
RISCY-a-2-c2,core_region_i/CORE.RISCV_CORE/if_stage_i/prefetch_32.prefetch_buffer_i/fifo_i/U71,OAI211_x0_0,True,"[130, 96, 131, 96]",593040,436800,N,STD_CELL_LEGAL
RISCY-a-2-c2,core_region_i/CORE.RISCV_CORE/if_stage_i/prefetch_32.prefetch_buffer_i/fifo_i/U72,OAI211_x0_0,True,"[131, 95, 132, 95]",597660,432600,N,STD_CELL_LEGAL
RISCY-a-2-c2,core_region_i/CORE.RISCV_CORE/if_stage_i/prefetch_32.prefetch_buffer_i/fifo_i/U73,OAI211_x0_0,True,"[130, 94, 130, 94]",593040,428400,N,STD_CELL_LEGAL
RISCY-a-2-c2,core_region_i/CORE.RISCV_CORE/if_stage_i/prefetch_32.prefetch_buffer_i/fifo_i/U74,OAI211_x0_0,True,"[130, 93, 131, 94]",593040,424200,N,STD_CELL_LEGAL
RISCY-a-2-c2,core_region_i/CORE.RISCV_CORE/if_stage_i/prefetch_32.prefetch_buffer_i/fifo_i/U75,OAI211_x0_0,True,"[131, 104, 132, 104]",597660,474600,N,STD_CELL_LEGAL
RISCY-a-2-c2,core_region_i/CORE.RISCV_CORE/if_stage_i/prefetch_32.prefetch_buffer_i/fifo_i/U76,OAI211_x0_0,True,"[129, 105, 130, 105]",588420,478800,N,STD_CELL_LEGAL
RISCY-a-2-c2,core_region_i/CORE.RISCV_CORE/if_stage_i/prefetch_32.prefetch_buffer_i/fifo_i/U77,OAI211_x0_0,True,"[130, 103, 131, 104]",593040,468300,FS,STD_CELL_LEGAL
RISCY-a-2-c2,core_region_i/CORE.RISCV_CORE/if_stage_i/prefetch_32.prefetch_buffer_i/fifo_i/U78,OAI211_x0_0,True,"[128, 110, 128, 110]",583800,501900,FS,STD_CELL_LEGAL
RISCY-a-2-c2,core_region_i/CORE.RISCV_CORE/if_stage_i/prefetch_32.prefetch_buffer_i/fifo_i/U79,OAI211_x0_0,True,"[109, 154, 110, 155]",497280,701400,N,STD_CELL_LEGAL
RISCY-a-2-c2,core_region_i/CORE.RISCV_CORE/if_stage_i/prefetch_32.prefetch_buffer_i/fifo_i/U80,OAI211_x0_0,True,"[109, 155, 110, 156]",497280,705600,N,STD_CELL_LEGAL
RISCY-a-2-c2,core_region_i/CORE.RISCV_CORE/if_stage_i/prefetch_32.prefetch_buffer_i/fifo_i/U81,OAI211_x0_0,True,"[110, 157, 110, 157]",501900,714000,N,STD_CELL_LEGAL
RISCY-a-2-c2,core_region_i/CORE.RISCV_CORE/if_stage_i/prefetch_32.prefetch_buffer_i/fifo_i/U82,OAI211_x0_0,True,"[110, 159, 110, 160]",501900,724500,FS,STD_CELL_LEGAL
RISCY-a-2-c2,core_region_i/CORE.RISCV_CORE/if_stage_i/prefetch_32.prefetch_buffer_i/fifo_i/U83,OAI211_x0_0,True,"[109, 160, 110, 160]",497280,728700,FS,STD_CELL_LEGAL
RISCY-a-2-c2,core_region_i/CORE.RISCV_CORE/if_stage_i/prefetch_32.prefetch_buffer_i/fifo_i/U84,OAI211_x0_0,True,"[113, 164, 113, 165]",515340,747600,N,STD_CELL_LEGAL
RISCY-a-2-c2,core_region_i/CORE.RISCV_CORE/if_stage_i/prefetch_32.prefetch_buffer_i/fifo_i/U85,OAI211_x0_0,True,"[114, 164, 115, 165]",519960,747600,N,STD_CELL_LEGAL
RISCY-a-2-c2,core_region_i/CORE.RISCV_CORE/if_stage_i/prefetch_32.prefetch_buffer_i/fifo_i/U86,OAI211_x0_0,True,"[115, 164, 115, 165]",524580,747600,N,STD_CELL_LEGAL
RISCY-a-2-c2,core_region_i/CORE.RISCV_CORE/if_stage_i/prefetch_32.prefetch_buffer_i/fifo_i/U87,OAI211_x0_0,True,"[117, 164, 118, 165]",533820,747600,N,STD_CELL_LEGAL
RISCY-a-2-c2,core_region_i/CORE.RISCV_CORE/if_stage_i/prefetch_32.prefetch_buffer_i/fifo_i/U88,OAI211_x0_0,True,"[116, 164, 117, 165]",529200,747600,N,STD_CELL_LEGAL
RISCY-a-2-c2,core_region_i/CORE.RISCV_CORE/if_stage_i/prefetch_32.prefetch_buffer_i/fifo_i/U89,OAI211_x0_0,True,"[112, 164, 113, 164]",510720,747600,N,STD_CELL_LEGAL
RISCY-a-2-c2,core_region_i/CORE.RISCV_CORE/if_stage_i/prefetch_32.prefetch_buffer_i/fifo_i/U90,OAI211_x0_0,True,"[110, 162, 110, 162]",501900,737100,FS,STD_CELL_LEGAL
RISCY-a-2-c2,core_region_i/CORE.RISCV_CORE/if_stage_i/prefetch_32.prefetch_buffer_i/fifo_i/U91,OAI211_x0_0,True,"[109, 158, 110, 158]",497280,720300,FS,STD_CELL_LEGAL
RISCY-a-2-c2,core_region_i/CORE.RISCV_CORE/if_stage_i/prefetch_32.prefetch_buffer_i/fifo_i/U92,OAI211_x0_0,True,"[110, 156, 110, 156]",501900,709800,N,STD_CELL_LEGAL
RISCY-a-2-c2,core_region_i/CORE.RISCV_CORE/if_stage_i/prefetch_32.prefetch_buffer_i/fifo_i/U93,OAI211_x0_0,True,"[109, 153, 110, 154]",497280,697200,N,STD_CELL_LEGAL
RISCY-a-2-c2,core_region_i/CORE.RISCV_CORE/if_stage_i/prefetch_32.prefetch_buffer_i/fifo_i/U94,OAI211_x0_0,True,"[109, 152, 110, 152]",497280,693000,N,STD_CELL_LEGAL
RISCY-a-2-c2,core_region_i/CORE.RISCV_CORE/if_stage_i/prefetch_32.prefetch_buffer_i/fifo_i/U95,OAI211_x0_0,True,"[109, 151, 110, 151]",497280,686700,FS,STD_CELL_LEGAL
RISCY-a-2-c2,core_region_i/CORE.RISCV_CORE/if_stage_i/prefetch_32.prefetch_buffer_i/fifo_i/U96,OAI211_x0_0,True,"[112, 151, 112, 152]",510720,686700,FS,STD_CELL_LEGAL
RISCY-a-2-c2,core_region_i/CORE.RISCV_CORE/if_stage_i/prefetch_32.prefetch_buffer_i/fifo_i/U97,OAI211_x0_0,True,"[114, 151, 115, 151]",519960,686700,FS,STD_CELL_LEGAL
RISCY-a-2-c2,core_region_i/CORE.RISCV_CORE/if_stage_i/prefetch_32.prefetch_buffer_i/fifo_i/U98,OAI211_x0_0,True,"[126, 140, 126, 141]",574560,638400,N,STD_CELL_LEGAL
RISCY-a-2-c2,core_region_i/CORE.RISCV_CORE/if_stage_i/prefetch_32.prefetch_buffer_i/fifo_i/U99,OAI211_x0_0,True,"[126, 137, 126, 137]",574560,623700,FS,STD_CELL_LEGAL
RISCY-a-2-c2,core_region_i/CORE.RISCV_CORE/if_stage_i/prefetch_32.prefetch_buffer_i/fifo_i/U100,OAI211_x0_0,True,"[126, 133, 126, 133]",574560,604800,N,STD_CELL_LEGAL
RISCY-a-2-c2,core_region_i/CORE.RISCV_CORE/if_stage_i/prefetch_32.prefetch_buffer_i/fifo_i/U101,OAI211_x0_0,True,"[126, 123, 126, 123]",574560,560700,FS,STD_CELL_LEGAL
RISCY-a-2-c2,core_region_i/CORE.RISCV_CORE/if_stage_i/prefetch_32.prefetch_buffer_i/fifo_i/U102,OAI211_x0_0,True,"[126, 121, 126, 121]",574560,550200,N,STD_CELL_LEGAL
RISCY-a-2-c2,core_region_i/CORE.RISCV_CORE/if_stage_i/prefetch_32.prefetch_buffer_i/fifo_i/U103,OAI211_x0_0,True,"[126, 119, 126, 119]",574560,541800,N,STD_CELL_LEGAL
RISCY-a-2-c2,core_region_i/CORE.RISCV_CORE/if_stage_i/prefetch_32.prefetch_buffer_i/fifo_i/U104,OAI211_x0_0,True,"[126, 118, 127, 118]",574560,537600,N,STD_CELL_LEGAL
RISCY-a-2-c2,core_region_i/CORE.RISCV_CORE/if_stage_i/prefetch_32.prefetch_buffer_i/fifo_i/U105,OAI211_x0_0,True,"[126, 115, 127, 116]",574560,522900,FS,STD_CELL_LEGAL
RISCY-a-2-c2,core_region_i/CORE.RISCV_CORE/if_stage_i/prefetch_32.prefetch_buffer_i/fifo_i/U106,OAI211_x0_0,True,"[127, 113, 128, 114]",579180,514500,FS,STD_CELL_LEGAL
RISCY-a-2-c2,core_region_i/CORE.RISCV_CORE/if_stage_i/prefetch_32.prefetch_buffer_i/fifo_i/U107,MOAI22_x0_0,True,"[129, 95, 130, 96]",588420,432600,N,STD_CELL_LEGAL
RISCY-a-2-c2,core_region_i/CORE.RISCV_CORE/if_stage_i/prefetch_32.prefetch_buffer_i/fifo_i/U108,MOAI22_x0_0,True,"[132, 103, 133, 103]",601860,468300,FS,STD_CELL_LEGAL
RISCY-a-2-c2,core_region_i/CORE.RISCV_CORE/if_stage_i/prefetch_32.prefetch_buffer_i/fifo_i/U109,MOAI22_x0_0,True,"[128, 94, 128, 95]",583800,428400,N,STD_CELL_LEGAL
RISCY-a-2-c2,core_region_i/CORE.RISCV_CORE/if_stage_i/prefetch_32.prefetch_buffer_i/fifo_i/U110,MOAI22_x0_0,True,"[128, 91, 128, 92]",583800,413700,FS,STD_CELL_LEGAL
RISCY-a-2-c2,core_region_i/CORE.RISCV_CORE/if_stage_i/prefetch_32.prefetch_buffer_i/fifo_i/U111,MOAI22_x0_0,True,"[129, 100, 129, 100]",588420,455700,FS,STD_CELL_LEGAL
RISCY-a-2-c2,core_region_i/CORE.RISCV_CORE/if_stage_i/prefetch_32.prefetch_buffer_i/fifo_i/U112,MOAI22_x0_0,True,"[129, 94, 129, 94]",588420,428400,N,STD_CELL_LEGAL
RISCY-a-2-c2,core_region_i/CORE.RISCV_CORE/if_stage_i/prefetch_32.prefetch_buffer_i/fifo_i/U113,MOAI22_x0_0,True,"[129, 99, 130, 99]",588420,451500,FS,STD_CELL_LEGAL
RISCY-a-2-c2,core_region_i/CORE.RISCV_CORE/if_stage_i/prefetch_32.prefetch_buffer_i/fifo_i/U114,MOAI22_x0_0,True,"[129, 97, 130, 98]",588420,441000,N,STD_CELL_LEGAL
RISCY-a-2-c2,core_region_i/CORE.RISCV_CORE/if_stage_i/prefetch_32.prefetch_buffer_i/fifo_i/U115,MOAI22_x0_0,True,"[128, 102, 129, 102]",583800,464100,FS,STD_CELL_LEGAL
RISCY-a-2-c2,core_region_i/CORE.RISCV_CORE/if_stage_i/prefetch_32.prefetch_buffer_i/fifo_i/U116,MOAI22_x0_0,True,"[129, 100, 130, 100]",588420,455700,FS,STD_CELL_LEGAL
RISCY-a-2-c2,core_region_i/CORE.RISCV_CORE/if_stage_i/prefetch_32.prefetch_buffer_i/fifo_i/U117,MOAI22_x0_0,True,"[133, 102, 134, 103]",606480,464100,FS,STD_CELL_LEGAL
RISCY-a-2-c2,core_region_i/CORE.RISCV_CORE/if_stage_i/prefetch_32.prefetch_buffer_i/fifo_i/U118,MOAI22_x0_0,True,"[128, 95, 129, 96]",583800,432600,N,STD_CELL_LEGAL
RISCY-a-2-c2,core_region_i/CORE.RISCV_CORE/if_stage_i/prefetch_32.prefetch_buffer_i/fifo_i/U119,MOAI22_x0_0,True,"[128, 94, 128, 94]",583800,428400,N,STD_CELL_LEGAL
RISCY-a-2-c2,core_region_i/CORE.RISCV_CORE/if_stage_i/prefetch_32.prefetch_buffer_i/fifo_i/U120,MOAI22_x0_0,True,"[128, 89, 128, 90]",583800,405300,FS,STD_CELL_LEGAL
RISCY-a-2-c2,core_region_i/CORE.RISCV_CORE/if_stage_i/prefetch_32.prefetch_buffer_i/fifo_i/U121,MOAI22_x0_0,True,"[127, 105, 128, 106]",579180,478800,N,STD_CELL_LEGAL
RISCY-a-2-c2,core_region_i/CORE.RISCV_CORE/if_stage_i/prefetch_32.prefetch_buffer_i/fifo_i/U122,MOAI22_x0_0,True,"[127, 105, 128, 105]",579180,478800,N,STD_CELL_LEGAL
RISCY-a-2-c2,core_region_i/CORE.RISCV_CORE/if_stage_i/prefetch_32.prefetch_buffer_i/fifo_i/U123,MOAI22_x0_0,True,"[138, 98, 139, 99]",629580,447300,FS,STD_CELL_LEGAL
RISCY-a-2-c2,core_region_i/CORE.RISCV_CORE/if_stage_i/prefetch_32.prefetch_buffer_i/fifo_i/U124,MOAI22_x0_0,True,"[138, 102, 138, 102]",629580,464100,FS,STD_CELL_LEGAL
RISCY-a-2-c2,core_region_i/CORE.RISCV_CORE/if_stage_i/prefetch_32.prefetch_buffer_i/fifo_i/U125,MOAI22_x0_0,True,"[138, 95, 138, 96]",629580,432600,N,STD_CELL_LEGAL
RISCY-a-2-c2,core_region_i/CORE.RISCV_CORE/if_stage_i/prefetch_32.prefetch_buffer_i/fifo_i/U126,MOAI22_x0_0,True,"[134, 91, 135, 92]",611100,413700,FS,STD_CELL_LEGAL
RISCY-a-2-c2,core_region_i/CORE.RISCV_CORE/if_stage_i/prefetch_32.prefetch_buffer_i/fifo_i/U127,MOAI22_x0_0,True,"[138, 97, 138, 98]",629580,441000,N,STD_CELL_LEGAL
RISCY-a-2-c2,core_region_i/CORE.RISCV_CORE/if_stage_i/prefetch_32.prefetch_buffer_i/fifo_i/U128,MOAI22_x0_0,True,"[135, 92, 136, 92]",615720,420000,N,STD_CELL_LEGAL
RISCY-a-2-c2,core_region_i/CORE.RISCV_CORE/if_stage_i/prefetch_32.prefetch_buffer_i/fifo_i/U129,MOAI22_x0_0,True,"[138, 100, 138, 100]",629580,455700,FS,STD_CELL_LEGAL
RISCY-a-2-c2,core_region_i/CORE.RISCV_CORE/if_stage_i/prefetch_32.prefetch_buffer_i/fifo_i/U130,MOAI22_x0_0,True,"[134, 90, 134, 91]",611100,409500,FS,STD_CELL_LEGAL
RISCY-a-2-c2,core_region_i/CORE.RISCV_CORE/if_stage_i/prefetch_32.prefetch_buffer_i/fifo_i/U131,MOAI22_x0_0,True,"[133, 90, 133, 90]",606480,409500,FS,STD_CELL_LEGAL
RISCY-a-2-c2,core_region_i/CORE.RISCV_CORE/if_stage_i/prefetch_32.prefetch_buffer_i/fifo_i/U132,MOAI22_x0_0,True,"[131, 89, 132, 89]",597660,405300,FS,STD_CELL_LEGAL
RISCY-a-2-c2,core_region_i/CORE.RISCV_CORE/if_stage_i/prefetch_32.prefetch_buffer_i/fifo_i/U133,MOAI22_x0_0,True,"[138, 94, 139, 94]",629580,428400,N,STD_CELL_LEGAL
RISCY-a-2-c2,core_region_i/CORE.RISCV_CORE/if_stage_i/prefetch_32.prefetch_buffer_i/fifo_i/U134,MOAI22_x0_0,True,"[131, 90, 131, 90]",597660,409500,FS,STD_CELL_LEGAL
RISCY-a-2-c2,core_region_i/CORE.RISCV_CORE/if_stage_i/prefetch_32.prefetch_buffer_i/fifo_i/U135,MOAI22_x0_0,True,"[129, 89, 130, 89]",588420,405300,FS,STD_CELL_LEGAL
RISCY-a-2-c2,core_region_i/CORE.RISCV_CORE/if_stage_i/prefetch_32.prefetch_buffer_i/fifo_i/U136,MOAI22_x0_0,True,"[128, 89, 129, 89]",583800,405300,FS,STD_CELL_LEGAL
RISCY-a-2-c2,core_region_i/CORE.RISCV_CORE/if_stage_i/prefetch_32.prefetch_buffer_i/fifo_i/U137,MOAI22_x0_0,True,"[128, 103, 129, 103]",583800,468300,FS,STD_CELL_LEGAL
RISCY-a-2-c2,core_region_i/CORE.RISCV_CORE/if_stage_i/prefetch_32.prefetch_buffer_i/fifo_i/U138,MOAI22_x0_0,True,"[129, 102, 130, 102]",588420,464100,FS,STD_CELL_LEGAL
RISCY-a-2-c2,core_region_i/CORE.RISCV_CORE/if_stage_i/prefetch_32.prefetch_buffer_i/fifo_i/U139,AOI211_x0_0,True,"[130, 110, 130, 111]",593040,501900,FS,STD_CELL_LEGAL
RISCY-a-2-c2,core_region_i/CORE.RISCV_CORE/if_stage_i/prefetch_32.prefetch_buffer_i/fifo_i/U140,OAI21_x1_0,True,"[128, 107, 128, 108]",583800,487200,N,STD_CELL_LEGAL
RISCY-a-2-c2,core_region_i/CORE.RISCV_CORE/if_stage_i/prefetch_32.prefetch_buffer_i/fifo_i/U141,INV_x1_0,False,"[128, 128, 128, 128]",583800,583800,N,STD_CELL_LEGAL
RISCY-a-2-c2,core_region_i/CORE.RISCV_CORE/if_stage_i/prefetch_32.prefetch_buffer_i/fifo_i/U142,NR3_x0_0,True,"[129, 110, 129, 110]",588420,501900,FS,STD_CELL_LEGAL
RISCY-a-2-c2,core_region_i/CORE.RISCV_CORE/if_stage_i/prefetch_32.prefetch_buffer_i/fifo_i/U143,OAI21_x1_0,True,"[128, 107, 129, 108]",583800,487200,N,STD_CELL_LEGAL
RISCY-a-2-c2,core_region_i/CORE.RISCV_CORE/if_stage_i/prefetch_32.prefetch_buffer_i/fifo_i/U144,ND2_x1_0,True,"[128, 107, 128, 107]",583800,487200,N,STD_CELL_LEGAL
RISCY-a-2-c2,core_region_i/CORE.RISCV_CORE/if_stage_i/prefetch_32.prefetch_buffer_i/fifo_i/U145,NR2_x1_0,True,"[127, 109, 128, 109]",579180,495600,N,STD_CELL_LEGAL
RISCY-a-2-c2,core_region_i/CORE.RISCV_CORE/if_stage_i/prefetch_32.prefetch_buffer_i/fifo_i/U146,AO31_x1_0,True,"[130, 109, 131, 109]",593040,495600,N,STD_CELL_LEGAL
RISCY-a-2-c2,core_region_i/CORE.RISCV_CORE/if_stage_i/prefetch_32.prefetch_buffer_i/fifo_i/U147,NR2_x1_0,True,"[129, 108, 130, 108]",588420,491400,N,STD_CELL_LEGAL
RISCY-a-2-c2,core_region_i/CORE.RISCV_CORE/if_stage_i/prefetch_32.prefetch_buffer_i/fifo_i/U148,OAI211_x0_0,True,"[133, 106, 133, 107]",606480,483000,N,STD_CELL_LEGAL
RISCY-a-2-c2,core_region_i/CORE.RISCV_CORE/if_stage_i/prefetch_32.prefetch_buffer_i/fifo_i/U149,ND2_x1_0,True,"[132, 106, 132, 106]",601860,483000,N,STD_CELL_LEGAL
RISCY-a-2-c2,core_region_i/CORE.RISCV_CORE/if_stage_i/prefetch_32.prefetch_buffer_i/fifo_i/U150,MUX2N_x1_0,True,"[111, 160, 111, 160]",506100,728700,FS,STD_CELL_LEGAL
RISCY-a-2-c2,core_region_i/CORE.RISCV_CORE/if_stage_i/prefetch_32.prefetch_buffer_i/fifo_i/U151,MUX2N_x1_0,True,"[117, 151, 118, 151]",533820,686700,FS,STD_CELL_LEGAL
RISCY-a-2-c2,core_region_i/CORE.RISCV_CORE/if_stage_i/prefetch_32.prefetch_buffer_i/fifo_i/U152,ND2_x1_0,True,"[132, 110, 132, 111]",601860,501900,FS,STD_CELL_LEGAL
RISCY-a-2-c2,core_region_i/CORE.RISCV_CORE/if_stage_i/prefetch_32.prefetch_buffer_i/fifo_i/U153,OAI211_x0_0,True,"[135, 102, 136, 102]",615720,464100,FS,STD_CELL_LEGAL
RISCY-a-2-c2,core_region_i/CORE.RISCV_CORE/if_stage_i/prefetch_32.prefetch_buffer_i/fifo_i/U154,HA1_x1_0,True,"[111, 157, 112, 158]",506100,714000,N,STD_CELL_LEGAL
RISCY-a-2-c2,core_region_i/CORE.RISCV_CORE/if_stage_i/prefetch_32.prefetch_buffer_i/fifo_i/U155,HA1_x1_0,True,"[110, 153, 111, 153]",501900,697200,N,STD_CELL_LEGAL
RISCY-a-2-c2,core_region_i/CORE.RISCV_CORE/if_stage_i/prefetch_32.prefetch_buffer_i/fifo_i/U156,HA1_x1_0,True,"[127, 115, 128, 116]",579180,522900,FS,STD_CELL_LEGAL
RISCY-a-2-c2,core_region_i/CORE.RISCV_CORE/if_stage_i/prefetch_32.prefetch_buffer_i/fifo_i/U157,NR2_x1_0,True,"[131, 108, 131, 108]",597660,491400,N,STD_CELL_LEGAL
RISCY-a-2-c2,core_region_i/CORE.RISCV_CORE/if_stage_i/prefetch_32.prefetch_buffer_i/fifo_i/U158,INV_x1_0,False,"[114, 164, 114, 164]",519960,747600,N,STD_CELL_LEGAL
RISCY-a-2-c2,core_region_i/CORE.RISCV_CORE/if_stage_i/prefetch_32.prefetch_buffer_i/fifo_i/U159,INV_x1_0,False,"[126, 139, 126, 140]",574560,632100,FS,STD_CELL_LEGAL
RISCY-a-2-c2,core_region_i/CORE.RISCV_CORE/if_stage_i/prefetch_32.prefetch_buffer_i/fifo_i/U160,OAI211_x0_0,True,"[134, 101, 135, 101]",611100,459900,FS,STD_CELL_LEGAL
RISCY-a-2-c2,core_region_i/CORE.RISCV_CORE/if_stage_i/prefetch_32.prefetch_buffer_i/fifo_i/U161,OAI211_x0_0,True,"[133, 96, 133, 97]",606480,436800,N,STD_CELL_LEGAL
RISCY-a-2-c2,core_region_i/CORE.RISCV_CORE/if_stage_i/prefetch_32.prefetch_buffer_i/fifo_i/U162,ND2_x1_0,True,"[136, 102, 136, 102]",620340,464100,FS,STD_CELL_LEGAL
RISCY-a-2-c2,core_region_i/CORE.RISCV_CORE/if_stage_i/prefetch_32.prefetch_buffer_i/fifo_i/U163,ND2_x1_0,True,"[130, 101, 130, 101]",593040,459900,FS,STD_CELL_LEGAL
RISCY-a-2-c2,core_region_i/CORE.RISCV_CORE/if_stage_i/prefetch_32.prefetch_buffer_i/fifo_i/U164,ND2_x1_0,True,"[130, 101, 130, 102]",593040,459900,FS,STD_CELL_LEGAL
RISCY-a-2-c2,core_region_i/CORE.RISCV_CORE/if_stage_i/prefetch_32.prefetch_buffer_i/fifo_i/U165,ND2_x1_0,True,"[131, 94, 131, 95]",597660,428400,N,STD_CELL_LEGAL
RISCY-a-2-c2,core_region_i/CORE.RISCV_CORE/if_stage_i/prefetch_32.prefetch_buffer_i/fifo_i/U166,ND2_x1_0,True,"[109, 154, 109, 154]",497280,701400,N,STD_CELL_LEGAL
RISCY-a-2-c2,core_region_i/CORE.RISCV_CORE/if_stage_i/prefetch_32.prefetch_buffer_i/fifo_i/U167,INR2_x1_0,True,"[127, 112, 128, 113]",579180,510300,FS,STD_CELL_LEGAL
RISCY-a-2-c2,core_region_i/CORE.RISCV_CORE/if_stage_i/prefetch_32.prefetch_buffer_i/fifo_i/U168,ND2_x1_0,True,"[120, 164, 120, 165]",547260,747600,N,STD_CELL_LEGAL
RISCY-a-2-c2,core_region_i/CORE.RISCV_CORE/if_stage_i/prefetch_32.prefetch_buffer_i/fifo_i/U169,ND2_x1_0,True,"[109, 156, 109, 157]",497280,709800,N,STD_CELL_LEGAL
RISCY-a-2-c2,core_region_i/CORE.RISCV_CORE/if_stage_i/prefetch_32.prefetch_buffer_i/fifo_i/U170,ND2_x1_0,True,"[113, 151, 113, 151]",515340,686700,FS,STD_CELL_LEGAL
RISCY-a-2-c2,core_region_i/CORE.RISCV_CORE/if_stage_i/prefetch_32.prefetch_buffer_i/fifo_i/U171,ND2_x1_0,True,"[126, 123, 126, 123]",574560,560700,FS,STD_CELL_LEGAL
RISCY-a-2-c2,core_region_i/CORE.RISCV_CORE/if_stage_i/prefetch_32.prefetch_buffer_i/fifo_i/U172,OAI22_1001_x1_0,True,"[130, 107, 130, 108]",593040,487200,N,STD_CELL_LEGAL
RISCY-a-2-c2,core_region_i/CORE.RISCV_CORE/if_stage_i/prefetch_32.prefetch_buffer_i/fifo_i/U173,INV_x1_0,False,"[130, 91, 130, 91]",593040,413700,FS,STD_CELL_LEGAL
RISCY-a-2-c2,core_region_i/CORE.RISCV_CORE/if_stage_i/prefetch_32.prefetch_buffer_i/fifo_i/U174,INV_x1_0,False,"[131, 90, 131, 90]",597660,409500,FS,STD_CELL_LEGAL
RISCY-a-2-c2,core_region_i/CORE.RISCV_CORE/if_stage_i/prefetch_32.prefetch_buffer_i/fifo_i/U175,INV_x1_0,False,"[129, 110, 130, 110]",588420,501900,FS,STD_CELL_LEGAL
RISCY-a-2-c2,core_region_i/CORE.RISCV_CORE/if_stage_i/prefetch_32.prefetch_buffer_i/fifo_i/U176,MUX2N_x1_0,True,"[112, 160, 113, 161]",510720,728700,FS,STD_CELL_LEGAL
RISCY-a-2-c2,core_region_i/CORE.RISCV_CORE/if_stage_i/prefetch_32.prefetch_buffer_i/fifo_i/U177,MUX2N_x1_0,True,"[128, 118, 128, 118]",583800,537600,N,STD_CELL_LEGAL
RISCY-a-2-c2,core_region_i/CORE.RISCV_CORE/if_stage_i/prefetch_32.prefetch_buffer_i/fifo_i/U178,OAI211_x0_0,True,"[137, 100, 137, 100]",624960,455700,FS,STD_CELL_LEGAL
RISCY-a-2-c2,core_region_i/CORE.RISCV_CORE/if_stage_i/prefetch_32.prefetch_buffer_i/fifo_i/U179,OAI211_x0_0,True,"[130, 92, 130, 93]",593040,420000,N,STD_CELL_LEGAL
RISCY-a-2-c2,core_region_i/CORE.RISCV_CORE/if_stage_i/prefetch_32.prefetch_buffer_i/fifo_i/U180,OAI211_x0_0,True,"[118, 164, 119, 165]",538020,747600,N,STD_CELL_LEGAL
RISCY-a-2-c2,core_region_i/CORE.RISCV_CORE/if_stage_i/prefetch_32.prefetch_buffer_i/fifo_i/U181,OAI211_x0_0,True,"[126, 125, 126, 126]",574560,569100,FS,STD_CELL_LEGAL
RISCY-a-2-c2,core_region_i/CORE.RISCV_CORE/if_stage_i/prefetch_32.prefetch_buffer_i/fifo_i/U182,OAI211_x0_0,True,"[129, 106, 129, 106]",588420,483000,N,STD_CELL_LEGAL
RISCY-a-2-c2,core_region_i/CORE.RISCV_CORE/if_stage_i/prefetch_32.prefetch_buffer_i/fifo_i/U183,ND2_x1_0,True,"[131, 106, 132, 106]",597660,483000,N,STD_CELL_LEGAL
RISCY-a-2-c2,core_region_i/CORE.RISCV_CORE/if_stage_i/prefetch_32.prefetch_buffer_i/fifo_i/U184,ND2_x1_0,True,"[131, 106, 132, 107]",597660,483000,N,STD_CELL_LEGAL
RISCY-a-2-c2,core_region_i/CORE.RISCV_CORE/if_stage_i/prefetch_32.prefetch_buffer_i/fifo_i/U185,ND2_x1_0,True,"[131, 106, 131, 106]",597660,483000,N,STD_CELL_LEGAL
RISCY-a-2-c2,core_region_i/CORE.RISCV_CORE/if_stage_i/prefetch_32.prefetch_buffer_i/fifo_i/U186,ND2_x1_0,True,"[131, 106, 131, 107]",597660,483000,N,STD_CELL_LEGAL
RISCY-a-2-c2,core_region_i/CORE.RISCV_CORE/if_stage_i/prefetch_32.prefetch_buffer_i/fifo_i/U187,INV_x1_0,False,"[131, 110, 131, 110]",597660,501900,FS,STD_CELL_LEGAL
RISCY-a-2-c2,core_region_i/CORE.RISCV_CORE/if_stage_i/prefetch_32.prefetch_buffer_i/fifo_i/U188,INV_x1_0,False,"[130, 110, 131, 111]",593040,501900,FS,STD_CELL_LEGAL
RISCY-a-2-c2,core_region_i/CORE.RISCV_CORE/if_stage_i/prefetch_32.prefetch_buffer_i/fifo_i/U189,MUX2N_x1_0,True,"[131, 110, 131, 111]",597660,501900,FS,STD_CELL_LEGAL
RISCY-a-2-c2,core_region_i/CORE.RISCV_CORE/if_stage_i/prefetch_32.prefetch_buffer_i/fifo_i/U190,INV_x1_0,False,"[133, 110, 133, 110]",606480,501900,FS,STD_CELL_LEGAL
RISCY-a-2-c2,core_region_i/CORE.RISCV_CORE/if_stage_i/prefetch_32.prefetch_buffer_i/fifo_i/U191,IND2_x1_0,True,"[131, 109, 132, 110]",597660,495600,N,STD_CELL_LEGAL
RISCY-a-2-c2,core_region_i/CORE.RISCV_CORE/if_stage_i/prefetch_32.prefetch_buffer_i/fifo_i/U192,NR2_x1_0,True,"[132, 110, 132, 110]",601860,501900,FS,STD_CELL_LEGAL
RISCY-a-2-c2,core_region_i/CORE.RISCV_CORE/if_stage_i/prefetch_32.prefetch_buffer_i/fifo_i/U193,IND2_x1_0,True,"[131, 108, 132, 109]",597660,491400,N,STD_CELL_LEGAL
RISCY-a-2-c2,core_region_i/CORE.RISCV_CORE/if_stage_i/prefetch_32.prefetch_buffer_i/fifo_i/U194,IND2_x1_0,True,"[133, 106, 133, 107]",606480,483000,N,STD_CELL_LEGAL
RISCY-a-2-c2,core_region_i/CORE.RISCV_CORE/if_stage_i/prefetch_32.prefetch_buffer_i/fifo_i/U195,INV_x1_0,False,"[134, 107, 134, 107]",611100,487200,N,STD_CELL_LEGAL
RISCY-a-2-c2,core_region_i/CORE.RISCV_CORE/if_stage_i/prefetch_32.prefetch_buffer_i/fifo_i/U196,INR2_x1_0,True,"[131, 107, 132, 108]",597660,487200,N,STD_CELL_LEGAL
RISCY-a-2-c2,core_region_i/CORE.RISCV_CORE/if_stage_i/prefetch_32.prefetch_buffer_i/fifo_i/U197,ND2_0011_x2_0,True,"[131, 112, 131, 112]",597660,510300,FS,STD_CELL_LEGAL
RISCY-a-2-c2,core_region_i/CORE.RISCV_CORE/if_stage_i/prefetch_32.prefetch_buffer_i/fifo_i/U198,ND2_x1_0,True,"[131, 109, 131, 109]",597660,495600,N,STD_CELL_LEGAL
RISCY-a-2-c2,core_region_i/CORE.RISCV_CORE/if_stage_i/prefetch_32.prefetch_buffer_i/fifo_i/U199,IND2_x1_0,True,"[131, 109, 132, 109]",597660,495600,N,STD_CELL_LEGAL
RISCY-a-2-c2,core_region_i/CORE.RISCV_CORE/if_stage_i/prefetch_32.prefetch_buffer_i/fifo_i/U200,IND2_x1_0,True,"[130, 108, 131, 109]",593040,491400,N,STD_CELL_LEGAL
RISCY-a-2-c2,core_region_i/CORE.RISCV_CORE/if_stage_i/prefetch_32.prefetch_buffer_i/fifo_i/U201,AOI22_x1_0,True,"[127, 111, 128, 112]",579180,506100,FS,STD_CELL_LEGAL
RISCY-a-2-c2,core_region_i/CORE.RISCV_CORE/if_stage_i/prefetch_32.prefetch_buffer_i/fifo_i/U202,INV_x1_0,False,"[129, 111, 129, 111]",588420,506100,FS,STD_CELL_LEGAL
RISCY-a-2-c2,core_region_i/CORE.RISCV_CORE/if_stage_i/prefetch_32.prefetch_buffer_i/fifo_i/U203,AO21_x1_0,True,"[129, 111, 129, 111]",588420,506100,FS,STD_CELL_LEGAL
RISCY-a-2-c2,core_region_i/CORE.RISCV_CORE/if_stage_i/prefetch_32.prefetch_buffer_i/fifo_i/U204,OAI211_x0_0,True,"[129, 111, 130, 112]",588420,506100,FS,STD_CELL_LEGAL
RISCY-a-2-c2,core_region_i/CORE.RISCV_CORE/if_stage_i/prefetch_32.prefetch_buffer_i/fifo_i/U205,ND2_x1_0,True,"[129, 111, 129, 112]",588420,506100,FS,STD_CELL_LEGAL
RISCY-a-2-c2,core_region_i/CORE.RISCV_CORE/if_stage_i/prefetch_32.prefetch_buffer_i/fifo_i/U206,ND3_x1_0,True,"[128, 111, 128, 112]",583800,506100,FS,STD_CELL_LEGAL
RISCY-a-2-c2,core_region_i/CORE.RISCV_CORE/if_stage_i/prefetch_32.prefetch_buffer_i/fifo_i/U207,INV_x1_0,False,"[133, 106, 133, 106]",606480,483000,N,STD_CELL_LEGAL
RISCY-a-2-c2,core_region_i/CORE.RISCV_CORE/if_stage_i/prefetch_32.prefetch_buffer_i/fifo_i/U208,ND3_x1_0,True,"[132, 110, 133, 110]",601860,501900,FS,STD_CELL_LEGAL
RISCY-a-2-c2,core_region_i/CORE.RISCV_CORE/if_stage_i/prefetch_32.prefetch_buffer_i/fifo_i/U209,ND2_x1_0,True,"[132, 106, 133, 107]",601860,483000,N,STD_CELL_LEGAL
RISCY-a-2-c2,core_region_i/CORE.RISCV_CORE/if_stage_i/prefetch_32.prefetch_buffer_i/fifo_i/U210,INV_x1_0,False,"[133, 106, 133, 106]",606480,483000,N,STD_CELL_LEGAL
RISCY-a-2-c2,core_region_i/CORE.RISCV_CORE/if_stage_i/prefetch_32.prefetch_buffer_i/fifo_i/U211,INR2_x1_0,True,"[132, 109, 132, 110]",601860,495600,N,STD_CELL_LEGAL
RISCY-a-2-c2,core_region_i/CORE.RISCV_CORE/if_stage_i/prefetch_32.prefetch_buffer_i/fifo_i/U212,NR2_x1_0,True,"[133, 106, 133, 106]",606480,483000,N,STD_CELL_LEGAL
RISCY-a-2-c2,core_region_i/CORE.RISCV_CORE/if_stage_i/prefetch_32.prefetch_buffer_i/fifo_i/U213,AO222_x1_0,True,"[133, 105, 133, 105]",606480,478800,N,STD_CELL_LEGAL
RISCY-a-2-c2,core_region_i/CORE.RISCV_CORE/if_stage_i/prefetch_32.prefetch_buffer_i/fifo_i/U214,DEL025_x1_0,True,"[128, 128, 128, 128]",583800,583800,N,STD_CELL_LEGAL
RISCY-a-2-c2,core_region_i/CORE.RISCV_CORE/if_stage_i/prefetch_32.prefetch_buffer_i/fifo_i/U215,DEL025_x1_0,True,"[128, 128, 128, 128]",583800,583800,N,STD_CELL_LEGAL
RISCY-a-2-c2,core_region_i/CORE.RISCV_CORE/if_stage_i/prefetch_32.prefetch_buffer_i/fifo_i/U216,DEL025_x1_0,True,"[128, 128, 128, 128]",583800,583800,N,STD_CELL_LEGAL
RISCY-a-2-c2,core_region_i/CORE.RISCV_CORE/if_stage_i/prefetch_32.prefetch_buffer_i/fifo_i/U217,ND2_x1_0,True,"[129, 111, 130, 111]",588420,506100,FS,STD_CELL_LEGAL
RISCY-a-2-c2,core_region_i/CORE.RISCV_CORE/if_stage_i/prefetch_32.prefetch_buffer_i/fifo_i/U218,MUX2N_x1_0,True,"[130, 111, 130, 111]",593040,506100,FS,STD_CELL_LEGAL
RISCY-a-2-c2,core_region_i/CORE.RISCV_CORE/if_stage_i/prefetch_32.prefetch_buffer_i/fifo_i/U219,INV_x1_0,False,"[129, 109, 130, 109]",588420,495600,N,STD_CELL_LEGAL
RISCY-a-2-c2,core_region_i/CORE.RISCV_CORE/if_stage_i/prefetch_32.prefetch_buffer_i/fifo_i/U220,ND2_x1_0,True,"[129, 109, 130, 110]",588420,495600,N,STD_CELL_LEGAL
RISCY-a-2-c2,core_region_i/CORE.RISCV_CORE/if_stage_i/prefetch_32.prefetch_buffer_i/fifo_i/U221,ND3_x1_0,True,"[130, 106, 130, 106]",593040,483000,N,STD_CELL_LEGAL
RISCY-a-2-c2,core_region_i/CORE.RISCV_CORE/if_stage_i/prefetch_32.prefetch_buffer_i/fifo_i/U222,ND3_x1_0,True,"[132, 106, 133, 106]",601860,483000,N,STD_CELL_LEGAL
RISCY-a-2-c2,core_region_i/CORE.RISCV_CORE/if_stage_i/prefetch_32.prefetch_buffer_i/fifo_i/U223,MUX2N_x1_0,True,"[130, 110, 131, 110]",593040,501900,FS,STD_CELL_LEGAL
RISCY-a-2-c2,core_region_i/CORE.RISCV_CORE/if_stage_i/prefetch_32.prefetch_buffer_i/fifo_i/U224,INR2_x1_0,True,"[130, 107, 130, 107]",593040,487200,N,STD_CELL_LEGAL
RISCY-a-2-c2,core_region_i/CORE.RISCV_CORE/if_stage_i/prefetch_32.prefetch_buffer_i/fifo_i/U225,ND2_x1_0,True,"[130, 107, 130, 107]",593040,487200,N,STD_CELL_LEGAL
RISCY-a-2-c2,core_region_i/CORE.RISCV_CORE/if_stage_i/prefetch_32.prefetch_buffer_i/fifo_i/U226,INV_x1_0,False,"[130, 109, 130, 109]",593040,495600,N,STD_CELL_LEGAL
RISCY-a-2-c2,core_region_i/CORE.RISCV_CORE/if_stage_i/prefetch_32.prefetch_buffer_i/fifo_i/U227,NR2_x4_0,True,"[129, 109, 129, 109]",588420,495600,N,STD_CELL_LEGAL
RISCY-a-2-c2,core_region_i/CORE.RISCV_CORE/if_stage_i/prefetch_32.prefetch_buffer_i/fifo_i/U228,ND2_x1_0,True,"[131, 108, 131, 108]",597660,491400,N,STD_CELL_LEGAL
RISCY-a-2-c2,core_region_i/CORE.RISCV_CORE/if_stage_i/prefetch_32.prefetch_buffer_i/fifo_i/U229,OAI21_x1_0,True,"[131, 108, 132, 108]",597660,491400,N,STD_CELL_LEGAL
RISCY-a-2-c2,core_region_i/CORE.RISCV_CORE/if_stage_i/prefetch_32.prefetch_buffer_i/fifo_i/U230,NR2_x1_0,True,"[132, 108, 132, 108]",601860,491400,N,STD_CELL_LEGAL
RISCY-a-2-c2,core_region_i/CORE.RISCV_CORE/if_stage_i/prefetch_32.prefetch_buffer_i/fifo_i/U231,INV_x1_0,False,"[129, 109, 130, 109]",588420,495600,N,STD_CELL_LEGAL
RISCY-a-2-c2,core_region_i/CORE.RISCV_CORE/if_stage_i/prefetch_32.prefetch_buffer_i/fifo_i/U232,OAI21_x1_0,True,"[130, 109, 130, 110]",593040,495600,N,STD_CELL_LEGAL
RISCY-a-2-c2,core_region_i/CORE.RISCV_CORE/if_stage_i/prefetch_32.prefetch_buffer_i/fifo_i/U233,AOI22_x1_0,True,"[130, 110, 130, 110]",593040,501900,FS,STD_CELL_LEGAL
RISCY-a-2-c2,core_region_i/CORE.RISCV_CORE/if_stage_i/prefetch_32.prefetch_buffer_i/fifo_i/U234,AOI22_x1_0,True,"[127, 110, 128, 110]",579180,501900,FS,STD_CELL_LEGAL
RISCY-a-2-c2,core_region_i/CORE.RISCV_CORE/if_stage_i/prefetch_32.prefetch_buffer_i/fifo_i/U235,ND2_x1_0,True,"[129, 110, 129, 110]",588420,501900,FS,STD_CELL_LEGAL
RISCY-a-2-c2,core_region_i/CORE.RISCV_CORE/if_stage_i/prefetch_32.prefetch_buffer_i/fifo_i/U236,INV_x1_0,False,"[128, 128, 128, 128]",583800,583800,N,STD_CELL_LEGAL
RISCY-a-2-c2,core_region_i/CORE.RISCV_CORE/if_stage_i/prefetch_32.prefetch_buffer_i/fifo_i/U237,INV_x1_0,False,"[128, 115, 128, 116]",583800,522900,FS,STD_CELL_LEGAL
RISCY-a-2-c2,core_region_i/CORE.RISCV_CORE/if_stage_i/prefetch_32.prefetch_buffer_i/fifo_i/U238,MUX2N_x1_0,True,"[128, 116, 129, 116]",583800,529200,N,STD_CELL_LEGAL
RISCY-a-2-c2,core_region_i/CORE.RISCV_CORE/if_stage_i/prefetch_32.prefetch_buffer_i/fifo_i/U239,AOI22_x1_0,True,"[127, 113, 127, 113]",579180,514500,FS,STD_CELL_LEGAL
RISCY-a-2-c2,core_region_i/CORE.RISCV_CORE/if_stage_i/prefetch_32.prefetch_buffer_i/fifo_i/U240,AOI22_x1_0,True,"[128, 113, 128, 114]",583800,514500,FS,STD_CELL_LEGAL
RISCY-a-2-c2,core_region_i/CORE.RISCV_CORE/if_stage_i/prefetch_32.prefetch_buffer_i/fifo_i/U241,INV_x1_0,False,"[128, 128, 128, 128]",583800,583800,N,STD_CELL_LEGAL
RISCY-a-2-c2,core_region_i/CORE.RISCV_CORE/if_stage_i/prefetch_32.prefetch_buffer_i/fifo_i/U242,OAI21_x1_0,True,"[128, 111, 128, 111]",583800,506100,FS,STD_CELL_LEGAL
RISCY-a-2-c2,core_region_i/CORE.RISCV_CORE/if_stage_i/prefetch_32.prefetch_buffer_i/fifo_i/U243,INV_x1_0,False,"[111, 157, 111, 157]",506100,714000,N,STD_CELL_LEGAL
RISCY-a-2-c2,core_region_i/CORE.RISCV_CORE/if_stage_i/prefetch_32.prefetch_buffer_i/fifo_i/U244,MUX2N_x1_0,True,"[111, 157, 112, 157]",506100,714000,N,STD_CELL_LEGAL
RISCY-a-2-c2,core_region_i/CORE.RISCV_CORE/if_stage_i/prefetch_32.prefetch_buffer_i/fifo_i/U245,INV_x1_0,False,"[128, 128, 128, 128]",583800,583800,N,STD_CELL_LEGAL
RISCY-a-2-c2,core_region_i/CORE.RISCV_CORE/if_stage_i/prefetch_32.prefetch_buffer_i/fifo_i/U246,INV_x1_0,False,"[110, 158, 111, 159]",501900,720300,FS,STD_CELL_LEGAL
RISCY-a-2-c2,core_region_i/CORE.RISCV_CORE/if_stage_i/prefetch_32.prefetch_buffer_i/fifo_i/U247,MUX2N_x1_0,True,"[111, 158, 111, 159]",506100,720300,FS,STD_CELL_LEGAL
RISCY-a-2-c2,core_region_i/CORE.RISCV_CORE/if_stage_i/prefetch_32.prefetch_buffer_i/fifo_i/U248,INV_x1_0,False,"[128, 128, 128, 128]",583800,583800,N,STD_CELL_LEGAL
RISCY-a-2-c2,core_region_i/CORE.RISCV_CORE/if_stage_i/prefetch_32.prefetch_buffer_i/fifo_i/U249,INV_x1_0,False,"[110, 160, 110, 160]",501900,728700,FS,STD_CELL_LEGAL
RISCY-a-2-c2,core_region_i/CORE.RISCV_CORE/if_stage_i/prefetch_32.prefetch_buffer_i/fifo_i/U250,INV_x1_0,False,"[128, 128, 128, 128]",583800,583800,N,STD_CELL_LEGAL
RISCY-a-2-c2,core_region_i/CORE.RISCV_CORE/if_stage_i/prefetch_32.prefetch_buffer_i/fifo_i/U251,MUX2N_x1_0,True,"[113, 163, 114, 163]",515340,741300,FS,STD_CELL_LEGAL
RISCY-a-2-c2,core_region_i/CORE.RISCV_CORE/if_stage_i/prefetch_32.prefetch_buffer_i/fifo_i/U252,INV_x1_0,False,"[128, 128, 128, 128]",583800,583800,N,STD_CELL_LEGAL
RISCY-a-2-c2,core_region_i/CORE.RISCV_CORE/if_stage_i/prefetch_32.prefetch_buffer_i/fifo_i/U253,INV_x1_0,False,"[114, 164, 114, 164]",519960,747600,N,STD_CELL_LEGAL
RISCY-a-2-c2,core_region_i/CORE.RISCV_CORE/if_stage_i/prefetch_32.prefetch_buffer_i/fifo_i/U254,MUX2N_x1_0,True,"[114, 163, 115, 163]",519960,741300,FS,STD_CELL_LEGAL
RISCY-a-2-c2,core_region_i/CORE.RISCV_CORE/if_stage_i/prefetch_32.prefetch_buffer_i/fifo_i/U255,INV_x1_0,False,"[128, 128, 128, 128]",583800,583800,N,STD_CELL_LEGAL
RISCY-a-2-c2,core_region_i/CORE.RISCV_CORE/if_stage_i/prefetch_32.prefetch_buffer_i/fifo_i/U256,INV_x1_0,False,"[116, 164, 116, 165]",529200,747600,N,STD_CELL_LEGAL
RISCY-a-2-c2,core_region_i/CORE.RISCV_CORE/if_stage_i/prefetch_32.prefetch_buffer_i/fifo_i/U257,MUX2N_x1_0,True,"[115, 163, 116, 163]",524580,741300,FS,STD_CELL_LEGAL
RISCY-a-2-c2,core_region_i/CORE.RISCV_CORE/if_stage_i/prefetch_32.prefetch_buffer_i/fifo_i/U258,INV_x1_0,False,"[128, 128, 128, 128]",583800,583800,N,STD_CELL_LEGAL
RISCY-a-2-c2,core_region_i/CORE.RISCV_CORE/if_stage_i/prefetch_32.prefetch_buffer_i/fifo_i/U259,INV_x1_0,False,"[119, 164, 119, 164]",542640,747600,N,STD_CELL_LEGAL
RISCY-a-2-c2,core_region_i/CORE.RISCV_CORE/if_stage_i/prefetch_32.prefetch_buffer_i/fifo_i/U260,MUX2N_x1_0,True,"[117, 163, 118, 163]",533820,741300,FS,STD_CELL_LEGAL
RISCY-a-2-c2,core_region_i/CORE.RISCV_CORE/if_stage_i/prefetch_32.prefetch_buffer_i/fifo_i/U261,INV_x1_0,False,"[128, 128, 128, 128]",583800,583800,N,STD_CELL_LEGAL
RISCY-a-2-c2,core_region_i/CORE.RISCV_CORE/if_stage_i/prefetch_32.prefetch_buffer_i/fifo_i/U262,INV_x1_0,False,"[119, 164, 119, 164]",542640,747600,N,STD_CELL_LEGAL
RISCY-a-2-c2,core_region_i/CORE.RISCV_CORE/if_stage_i/prefetch_32.prefetch_buffer_i/fifo_i/U263,MUX2N_x1_0,True,"[118, 163, 119, 163]",538020,741300,FS,STD_CELL_LEGAL
RISCY-a-2-c2,core_region_i/CORE.RISCV_CORE/if_stage_i/prefetch_32.prefetch_buffer_i/fifo_i/U264,INV_x1_0,False,"[128, 128, 128, 128]",583800,583800,N,STD_CELL_LEGAL
RISCY-a-2-c2,core_region_i/CORE.RISCV_CORE/if_stage_i/prefetch_32.prefetch_buffer_i/fifo_i/U265,INV_x1_0,False,"[117, 164, 117, 164]",533820,747600,N,STD_CELL_LEGAL
RISCY-a-2-c2,core_region_i/CORE.RISCV_CORE/if_stage_i/prefetch_32.prefetch_buffer_i/fifo_i/U266,MUX2N_x1_0,True,"[117, 163, 117, 163]",533820,741300,FS,STD_CELL_LEGAL
RISCY-a-2-c2,core_region_i/CORE.RISCV_CORE/if_stage_i/prefetch_32.prefetch_buffer_i/fifo_i/U267,INV_x1_0,False,"[128, 128, 128, 128]",583800,583800,N,STD_CELL_LEGAL
RISCY-a-2-c2,core_region_i/CORE.RISCV_CORE/if_stage_i/prefetch_32.prefetch_buffer_i/fifo_i/U268,INV_x1_0,False,"[112, 162, 112, 162]",510720,737100,FS,STD_CELL_LEGAL
RISCY-a-2-c2,core_region_i/CORE.RISCV_CORE/if_stage_i/prefetch_32.prefetch_buffer_i/fifo_i/U269,MUX2N_x1_0,True,"[112, 162, 112, 162]",510720,737100,FS,STD_CELL_LEGAL
RISCY-a-2-c2,core_region_i/CORE.RISCV_CORE/if_stage_i/prefetch_32.prefetch_buffer_i/fifo_i/U270,INV_x1_0,False,"[128, 128, 128, 128]",583800,583800,N,STD_CELL_LEGAL
RISCY-a-2-c2,core_region_i/CORE.RISCV_CORE/if_stage_i/prefetch_32.prefetch_buffer_i/fifo_i/U271,INV_x1_0,False,"[110, 161, 110, 161]",501900,732900,FS,STD_CELL_LEGAL
RISCY-a-2-c2,core_region_i/CORE.RISCV_CORE/if_stage_i/prefetch_32.prefetch_buffer_i/fifo_i/U272,MUX2N_x1_0,True,"[111, 161, 112, 161]",506100,732900,FS,STD_CELL_LEGAL
RISCY-a-2-c2,core_region_i/CORE.RISCV_CORE/if_stage_i/prefetch_32.prefetch_buffer_i/fifo_i/U273,INV_x1_0,False,"[128, 128, 128, 128]",583800,583800,N,STD_CELL_LEGAL
RISCY-a-2-c2,core_region_i/CORE.RISCV_CORE/if_stage_i/prefetch_32.prefetch_buffer_i/fifo_i/U274,INV_x1_0,False,"[111, 158, 111, 158]",506100,720300,FS,STD_CELL_LEGAL
RISCY-a-2-c2,core_region_i/CORE.RISCV_CORE/if_stage_i/prefetch_32.prefetch_buffer_i/fifo_i/U275,MUX2N_x1_0,True,"[111, 158, 112, 158]",506100,720300,FS,STD_CELL_LEGAL
RISCY-a-2-c2,core_region_i/CORE.RISCV_CORE/if_stage_i/prefetch_32.prefetch_buffer_i/fifo_i/U276,INV_x1_0,False,"[128, 128, 128, 128]",583800,583800,N,STD_CELL_LEGAL
RISCY-a-2-c2,core_region_i/CORE.RISCV_CORE/if_stage_i/prefetch_32.prefetch_buffer_i/fifo_i/U277,INV_x1_0,False,"[111, 156, 111, 156]",506100,709800,N,STD_CELL_LEGAL
RISCY-a-2-c2,core_region_i/CORE.RISCV_CORE/if_stage_i/prefetch_32.prefetch_buffer_i/fifo_i/U278,MUX2N_x1_0,True,"[111, 156, 112, 156]",506100,709800,N,STD_CELL_LEGAL
RISCY-a-2-c2,core_region_i/CORE.RISCV_CORE/if_stage_i/prefetch_32.prefetch_buffer_i/fifo_i/U279,INV_x1_0,False,"[128, 128, 128, 128]",583800,583800,N,STD_CELL_LEGAL
RISCY-a-2-c2,core_region_i/CORE.RISCV_CORE/if_stage_i/prefetch_32.prefetch_buffer_i/fifo_i/U280,INV_x1_0,False,"[110, 153, 110, 154]",501900,697200,N,STD_CELL_LEGAL
RISCY-a-2-c2,core_region_i/CORE.RISCV_CORE/if_stage_i/prefetch_32.prefetch_buffer_i/fifo_i/U281,MUX2N_x1_0,True,"[111, 153, 111, 154]",506100,697200,N,STD_CELL_LEGAL
RISCY-a-2-c2,core_region_i/CORE.RISCV_CORE/if_stage_i/prefetch_32.prefetch_buffer_i/fifo_i/U282,INV_x1_0,False,"[128, 128, 128, 128]",583800,583800,N,STD_CELL_LEGAL
RISCY-a-2-c2,core_region_i/CORE.RISCV_CORE/if_stage_i/prefetch_32.prefetch_buffer_i/fifo_i/U283,INV_x1_0,False,"[110, 152, 110, 152]",501900,693000,N,STD_CELL_LEGAL
RISCY-a-2-c2,core_region_i/CORE.RISCV_CORE/if_stage_i/prefetch_32.prefetch_buffer_i/fifo_i/U284,MUX2N_x1_0,True,"[110, 152, 111, 152]",501900,693000,N,STD_CELL_LEGAL
RISCY-a-2-c2,core_region_i/CORE.RISCV_CORE/if_stage_i/prefetch_32.prefetch_buffer_i/fifo_i/U285,INV_x1_0,False,"[128, 128, 128, 128]",583800,583800,N,STD_CELL_LEGAL
RISCY-a-2-c2,core_region_i/CORE.RISCV_CORE/if_stage_i/prefetch_32.prefetch_buffer_i/fifo_i/U286,INV_x1_0,False,"[110, 151, 110, 151]",501900,686700,FS,STD_CELL_LEGAL
RISCY-a-2-c2,core_region_i/CORE.RISCV_CORE/if_stage_i/prefetch_32.prefetch_buffer_i/fifo_i/U287,MUX2N_x1_0,True,"[111, 151, 111, 151]",506100,686700,FS,STD_CELL_LEGAL
RISCY-a-2-c2,core_region_i/CORE.RISCV_CORE/if_stage_i/prefetch_32.prefetch_buffer_i/fifo_i/U288,INV_x1_0,False,"[128, 128, 128, 128]",583800,583800,N,STD_CELL_LEGAL
RISCY-a-2-c2,core_region_i/CORE.RISCV_CORE/if_stage_i/prefetch_32.prefetch_buffer_i/fifo_i/U289,INV_x1_0,False,"[113, 151, 113, 151]",515340,686700,FS,STD_CELL_LEGAL
RISCY-a-2-c2,core_region_i/CORE.RISCV_CORE/if_stage_i/prefetch_32.prefetch_buffer_i/fifo_i/U290,MUX2N_x1_0,True,"[112, 151, 113, 151]",510720,686700,FS,STD_CELL_LEGAL
RISCY-a-2-c2,core_region_i/CORE.RISCV_CORE/if_stage_i/prefetch_32.prefetch_buffer_i/fifo_i/U291,INV_x1_0,False,"[128, 128, 128, 128]",583800,583800,N,STD_CELL_LEGAL
RISCY-a-2-c2,core_region_i/CORE.RISCV_CORE/if_stage_i/prefetch_32.prefetch_buffer_i/fifo_i/U292,INV_x1_0,False,"[117, 151, 117, 151]",533820,686700,FS,STD_CELL_LEGAL
RISCY-a-2-c2,core_region_i/CORE.RISCV_CORE/if_stage_i/prefetch_32.prefetch_buffer_i/fifo_i/U293,INV_x1_0,False,"[128, 128, 128, 128]",583800,583800,N,STD_CELL_LEGAL
RISCY-a-2-c2,core_region_i/CORE.RISCV_CORE/if_stage_i/prefetch_32.prefetch_buffer_i/fifo_i/U294,MUX2N_x1_0,True,"[126, 139, 126, 139]",574560,632100,FS,STD_CELL_LEGAL
RISCY-a-2-c2,core_region_i/CORE.RISCV_CORE/if_stage_i/prefetch_32.prefetch_buffer_i/fifo_i/U295,INV_x1_0,False,"[128, 128, 128, 128]",583800,583800,N,STD_CELL_LEGAL
RISCY-a-2-c2,core_region_i/CORE.RISCV_CORE/if_stage_i/prefetch_32.prefetch_buffer_i/fifo_i/U296,INV_x1_0,False,"[126, 137, 126, 138]",574560,623700,FS,STD_CELL_LEGAL
RISCY-a-2-c2,core_region_i/CORE.RISCV_CORE/if_stage_i/prefetch_32.prefetch_buffer_i/fifo_i/U297,MUX2N_x1_0,True,"[126, 137, 126, 138]",574560,623700,FS,STD_CELL_LEGAL
RISCY-a-2-c2,core_region_i/CORE.RISCV_CORE/if_stage_i/prefetch_32.prefetch_buffer_i/fifo_i/U298,INV_x1_0,False,"[128, 128, 128, 128]",583800,583800,N,STD_CELL_LEGAL
RISCY-a-2-c2,core_region_i/CORE.RISCV_CORE/if_stage_i/prefetch_32.prefetch_buffer_i/fifo_i/U299,INV_x1_0,False,"[126, 133, 126, 134]",574560,604800,N,STD_CELL_LEGAL
RISCY-a-2-c2,core_region_i/CORE.RISCV_CORE/if_stage_i/prefetch_32.prefetch_buffer_i/fifo_i/U300,MUX2N_x1_0,True,"[126, 134, 126, 135]",574560,611100,FS,STD_CELL_LEGAL
RISCY-a-2-c2,core_region_i/CORE.RISCV_CORE/if_stage_i/prefetch_32.prefetch_buffer_i/fifo_i/U301,INV_x1_0,False,"[128, 128, 128, 128]",583800,583800,N,STD_CELL_LEGAL
RISCY-a-2-c2,core_region_i/CORE.RISCV_CORE/if_stage_i/prefetch_32.prefetch_buffer_i/fifo_i/U302,INV_x1_0,False,"[126, 126, 127, 127]",574560,573300,FS,STD_CELL_LEGAL
RISCY-a-2-c2,core_region_i/CORE.RISCV_CORE/if_stage_i/prefetch_32.prefetch_buffer_i/fifo_i/U303,MUX2N_x1_0,True,"[126, 127, 127, 127]",574560,577500,FS,STD_CELL_LEGAL
RISCY-a-2-c2,core_region_i/CORE.RISCV_CORE/if_stage_i/prefetch_32.prefetch_buffer_i/fifo_i/U304,INV_x1_0,False,"[128, 128, 128, 128]",583800,583800,N,STD_CELL_LEGAL
RISCY-a-2-c2,core_region_i/CORE.RISCV_CORE/if_stage_i/prefetch_32.prefetch_buffer_i/fifo_i/U305,INV_x1_0,False,"[127, 123, 127, 123]",579180,560700,FS,STD_CELL_LEGAL
RISCY-a-2-c2,core_region_i/CORE.RISCV_CORE/if_stage_i/prefetch_32.prefetch_buffer_i/fifo_i/U306,MUX2N_x1_0,True,"[127, 123, 127, 124]",579180,560700,FS,STD_CELL_LEGAL
RISCY-a-2-c2,core_region_i/CORE.RISCV_CORE/if_stage_i/prefetch_32.prefetch_buffer_i/fifo_i/U307,INV_x1_0,False,"[128, 128, 128, 128]",583800,583800,N,STD_CELL_LEGAL
RISCY-a-2-c2,core_region_i/CORE.RISCV_CORE/if_stage_i/prefetch_32.prefetch_buffer_i/fifo_i/U308,INV_x1_0,False,"[127, 121, 127, 121]",579180,550200,N,STD_CELL_LEGAL
RISCY-a-2-c2,core_region_i/CORE.RISCV_CORE/if_stage_i/prefetch_32.prefetch_buffer_i/fifo_i/U309,MUX2N_x1_0,True,"[127, 121, 127, 122]",579180,550200,N,STD_CELL_LEGAL
RISCY-a-2-c2,core_region_i/CORE.RISCV_CORE/if_stage_i/prefetch_32.prefetch_buffer_i/fifo_i/U310,INV_x1_0,False,"[128, 128, 128, 128]",583800,583800,N,STD_CELL_LEGAL
RISCY-a-2-c2,core_region_i/CORE.RISCV_CORE/if_stage_i/prefetch_32.prefetch_buffer_i/fifo_i/U311,INV_x1_0,False,"[128, 119, 128, 120]",583800,541800,N,STD_CELL_LEGAL
RISCY-a-2-c2,core_region_i/CORE.RISCV_CORE/if_stage_i/prefetch_32.prefetch_buffer_i/fifo_i/U312,MUX2N_x1_0,True,"[128, 120, 128, 120]",583800,546000,N,STD_CELL_LEGAL
RISCY-a-2-c2,core_region_i/CORE.RISCV_CORE/if_stage_i/prefetch_32.prefetch_buffer_i/fifo_i/U313,INV_x1_0,False,"[128, 128, 128, 128]",583800,583800,N,STD_CELL_LEGAL
RISCY-a-2-c2,core_region_i/CORE.RISCV_CORE/if_stage_i/prefetch_32.prefetch_buffer_i/fifo_i/U314,INV_x1_0,False,"[127, 118, 127, 118]",579180,537600,N,STD_CELL_LEGAL
RISCY-a-2-c2,core_region_i/CORE.RISCV_CORE/if_stage_i/prefetch_32.prefetch_buffer_i/fifo_i/U315,MUX2N_x1_0,True,"[127, 117, 127, 118]",579180,533400,N,STD_CELL_LEGAL
RISCY-a-2-c2,core_region_i/CORE.RISCV_CORE/if_stage_i/prefetch_32.prefetch_buffer_i/fifo_i/U316,INV_x1_0,False,"[127, 116, 127, 116]",579180,529200,N,STD_CELL_LEGAL
RISCY-a-2-c2,core_region_i/CORE.RISCV_CORE/if_stage_i/prefetch_32.prefetch_buffer_i/fifo_i/U317,INV_x1_0,False,"[128, 115, 128, 115]",583800,522900,FS,STD_CELL_LEGAL
RISCY-a-2-c2,core_region_i/CORE.RISCV_CORE/if_stage_i/prefetch_32.prefetch_buffer_i/fifo_i/U318,MUX2N_x1_0,True,"[127, 116, 128, 116]",579180,529200,N,STD_CELL_LEGAL
RISCY-a-2-c2,core_region_i/CORE.RISCV_CORE/if_stage_i/prefetch_32.prefetch_buffer_i/fifo_i/U319,AOI22_x1_0,True,"[110, 157, 110, 158]",501900,714000,N,STD_CELL_LEGAL
RISCY-a-2-c2,core_region_i/CORE.RISCV_CORE/if_stage_i/prefetch_32.prefetch_buffer_i/fifo_i/U320,ND2_x1_0,True,"[109, 157, 109, 158]",497280,714000,N,STD_CELL_LEGAL
RISCY-a-2-c2,core_region_i/CORE.RISCV_CORE/if_stage_i/prefetch_32.prefetch_buffer_i/fifo_i/U321,INV_x1_0,False,"[128, 128, 128, 128]",583800,583800,N,STD_CELL_LEGAL
RISCY-a-2-c2,core_region_i/CORE.RISCV_CORE/if_stage_i/prefetch_32.prefetch_buffer_i/fifo_i/U322,INV_x1_0,False,"[110, 155, 110, 156]",501900,705600,N,STD_CELL_LEGAL
RISCY-a-2-c2,core_region_i/CORE.RISCV_CORE/if_stage_i/prefetch_32.prefetch_buffer_i/fifo_i/U323,MUX2N_x1_0,True,"[111, 155, 112, 155]",506100,705600,N,STD_CELL_LEGAL
RISCY-a-2-c2,core_region_i/CORE.RISCV_CORE/if_stage_i/prefetch_32.prefetch_buffer_i/fifo_i/U324,AOI22_x1_0,True,"[110, 155, 110, 156]",501900,705600,N,STD_CELL_LEGAL
RISCY-a-2-c2,core_region_i/CORE.RISCV_CORE/if_stage_i/prefetch_32.prefetch_buffer_i/fifo_i/U325,ND2_x1_0,True,"[109, 155, 109, 155]",497280,705600,N,STD_CELL_LEGAL
RISCY-a-2-c2,core_region_i/CORE.RISCV_CORE/if_stage_i/prefetch_32.prefetch_buffer_i/fifo_i/U326,INV_x1_0,False,"[128, 128, 128, 128]",583800,583800,N,STD_CELL_LEGAL
RISCY-a-2-c2,core_region_i/CORE.RISCV_CORE/if_stage_i/prefetch_32.prefetch_buffer_i/fifo_i/U327,INV_x1_0,False,"[110, 154, 110, 155]",501900,701400,N,STD_CELL_LEGAL
RISCY-a-2-c2,core_region_i/CORE.RISCV_CORE/if_stage_i/prefetch_32.prefetch_buffer_i/fifo_i/U328,MUX2N_x1_0,True,"[111, 154, 111, 155]",506100,701400,N,STD_CELL_LEGAL
RISCY-a-2-c2,core_region_i/CORE.RISCV_CORE/if_stage_i/prefetch_32.prefetch_buffer_i/fifo_i/U329,XOR2_x0_0,True,"[110, 155, 111, 155]",501900,705600,N,STD_CELL_LEGAL
RISCY-a-2-c2,core_region_i/CORE.RISCV_CORE/if_stage_i/prefetch_32.prefetch_buffer_i/fifo_i/U330,AOI22_x1_0,True,"[110, 155, 110, 155]",501900,705600,N,STD_CELL_LEGAL
RISCY-a-2-c2,core_region_i/CORE.RISCV_CORE/if_stage_i/prefetch_32.prefetch_buffer_i/fifo_i/U331,HA1_x1_0,True,"[111, 159, 112, 159]",506100,724500,FS,STD_CELL_LEGAL
RISCY-a-2-c2,core_region_i/CORE.RISCV_CORE/if_stage_i/prefetch_32.prefetch_buffer_i/fifo_i/U332,AOI22_x1_0,True,"[110, 159, 110, 159]",501900,724500,FS,STD_CELL_LEGAL
RISCY-a-2-c2,core_region_i/CORE.RISCV_CORE/if_stage_i/prefetch_32.prefetch_buffer_i/fifo_i/U333,ND2_x1_0,True,"[109, 159, 109, 159]",497280,724500,FS,STD_CELL_LEGAL
RISCY-a-2-c2,core_region_i/CORE.RISCV_CORE/if_stage_i/prefetch_32.prefetch_buffer_i/fifo_i/U334,AOI22_x1_0,True,"[116, 164, 117, 164]",529200,747600,N,STD_CELL_LEGAL
RISCY-a-2-c2,core_region_i/CORE.RISCV_CORE/if_stage_i/prefetch_32.prefetch_buffer_i/fifo_i/U335,ND2_x1_0,True,"[116, 165, 117, 165]",529200,751800,N,STD_CELL_LEGAL
RISCY-a-2-c2,core_region_i/CORE.RISCV_CORE/if_stage_i/prefetch_32.prefetch_buffer_i/fifo_i/U336,AOI22_x1_0,True,"[113, 164, 113, 164]",515340,747600,N,STD_CELL_LEGAL
RISCY-a-2-c2,core_region_i/CORE.RISCV_CORE/if_stage_i/prefetch_32.prefetch_buffer_i/fifo_i/U337,ND2_x1_0,True,"[114, 165, 114, 165]",519960,751800,N,STD_CELL_LEGAL
RISCY-a-2-c2,core_region_i/CORE.RISCV_CORE/if_stage_i/prefetch_32.prefetch_buffer_i/fifo_i/U338,AOI22_x1_0,True,"[110, 158, 110, 158]",501900,720300,FS,STD_CELL_LEGAL
RISCY-a-2-c2,core_region_i/CORE.RISCV_CORE/if_stage_i/prefetch_32.prefetch_buffer_i/fifo_i/U339,ND2_x1_0,True,"[109, 158, 109, 158]",497280,720300,FS,STD_CELL_LEGAL
RISCY-a-2-c2,core_region_i/CORE.RISCV_CORE/if_stage_i/prefetch_32.prefetch_buffer_i/fifo_i/U340,AOI22_x1_0,True,"[127, 119, 128, 120]",579180,541800,N,STD_CELL_LEGAL
RISCY-a-2-c2,core_region_i/CORE.RISCV_CORE/if_stage_i/prefetch_32.prefetch_buffer_i/fifo_i/U341,ND2_x1_0,True,"[126, 120, 126, 120]",574560,546000,N,STD_CELL_LEGAL
RISCY-a-2-c2,core_region_i/CORE.RISCV_CORE/if_stage_i/prefetch_32.prefetch_buffer_i/fifo_i/U342,AOI22_x1_0,True,"[127, 117, 128, 118]",579180,533400,N,STD_CELL_LEGAL
RISCY-a-2-c2,core_region_i/CORE.RISCV_CORE/if_stage_i/prefetch_32.prefetch_buffer_i/fifo_i/U343,ND2_x1_0,True,"[126, 118, 126, 118]",574560,537600,N,STD_CELL_LEGAL
RISCY-a-2-c2,core_region_i/CORE.RISCV_CORE/if_stage_i/prefetch_32.prefetch_buffer_i/fifo_i/U344,AOI22_x1_0,True,"[114, 164, 115, 164]",519960,747600,N,STD_CELL_LEGAL
RISCY-a-2-c2,core_region_i/CORE.RISCV_CORE/if_stage_i/prefetch_32.prefetch_buffer_i/fifo_i/U345,ND2_x1_0,True,"[115, 165, 115, 165]",524580,751800,N,STD_CELL_LEGAL
RISCY-a-2-c2,core_region_i/CORE.RISCV_CORE/if_stage_i/prefetch_32.prefetch_buffer_i/fifo_i/U346,AOI22_x1_0,True,"[112, 163, 112, 164]",510720,741300,FS,STD_CELL_LEGAL
RISCY-a-2-c2,core_region_i/CORE.RISCV_CORE/if_stage_i/prefetch_32.prefetch_buffer_i/fifo_i/U347,ND2_x1_0,True,"[112, 164, 112, 165]",510720,747600,N,STD_CELL_LEGAL
RISCY-a-2-c2,core_region_i/CORE.RISCV_CORE/if_stage_i/prefetch_32.prefetch_buffer_i/fifo_i/U348,AOI22_x1_0,True,"[126, 133, 126, 134]",574560,604800,N,STD_CELL_LEGAL
RISCY-a-2-c2,core_region_i/CORE.RISCV_CORE/if_stage_i/prefetch_32.prefetch_buffer_i/fifo_i/U349,ND2_x1_0,True,"[126, 132, 126, 133]",574560,600600,N,STD_CELL_LEGAL
RISCY-a-2-c2,core_region_i/CORE.RISCV_CORE/if_stage_i/prefetch_32.prefetch_buffer_i/fifo_i/U350,AOI22_x1_0,True,"[126, 137, 127, 137]",574560,623700,FS,STD_CELL_LEGAL
RISCY-a-2-c2,core_region_i/CORE.RISCV_CORE/if_stage_i/prefetch_32.prefetch_buffer_i/fifo_i/U351,ND2_x1_0,True,"[126, 136, 126, 137]",574560,619500,FS,STD_CELL_LEGAL
RISCY-a-2-c2,core_region_i/CORE.RISCV_CORE/if_stage_i/prefetch_32.prefetch_buffer_i/fifo_i/U352,AOI22_x1_0,True,"[110, 154, 110, 154]",501900,701400,N,STD_CELL_LEGAL
RISCY-a-2-c2,core_region_i/CORE.RISCV_CORE/if_stage_i/prefetch_32.prefetch_buffer_i/fifo_i/U353,ND2_x1_0,True,"[109, 153, 109, 153]",497280,697200,N,STD_CELL_LEGAL
RISCY-a-2-c2,core_region_i/CORE.RISCV_CORE/if_stage_i/prefetch_32.prefetch_buffer_i/fifo_i/U354,AOI22_x1_0,True,"[126, 126, 126, 127]",574560,573300,FS,STD_CELL_LEGAL
RISCY-a-2-c2,core_region_i/CORE.RISCV_CORE/if_stage_i/prefetch_32.prefetch_buffer_i/fifo_i/U355,ND2_x1_0,True,"[126, 124, 126, 125]",574560,564900,FS,STD_CELL_LEGAL
RISCY-a-2-c2,core_region_i/CORE.RISCV_CORE/if_stage_i/prefetch_32.prefetch_buffer_i/fifo_i/U356,AOI22_x1_0,True,"[119, 164, 119, 165]",542640,747600,N,STD_CELL_LEGAL
RISCY-a-2-c2,core_region_i/CORE.RISCV_CORE/if_stage_i/prefetch_32.prefetch_buffer_i/fifo_i/U357,AOI22_x1_0,True,"[127, 121, 127, 121]",579180,550200,N,STD_CELL_LEGAL
RISCY-a-2-c2,core_region_i/CORE.RISCV_CORE/if_stage_i/prefetch_32.prefetch_buffer_i/fifo_i/U358,ND2_x1_0,True,"[126, 120, 126, 121]",574560,546000,N,STD_CELL_LEGAL
RISCY-a-2-c2,core_region_i/CORE.RISCV_CORE/if_stage_i/prefetch_32.prefetch_buffer_i/fifo_i/U359,AOI22_x1_0,True,"[115, 151, 115, 151]",524580,686700,FS,STD_CELL_LEGAL
RISCY-a-2-c2,core_region_i/CORE.RISCV_CORE/if_stage_i/prefetch_32.prefetch_buffer_i/fifo_i/U360,AOI22_x1_0,True,"[112, 151, 112, 151]",510720,686700,FS,STD_CELL_LEGAL
RISCY-a-2-c2,core_region_i/CORE.RISCV_CORE/if_stage_i/prefetch_32.prefetch_buffer_i/fifo_i/U361,ND2_x1_0,True,"[112, 152, 112, 153]",510720,693000,N,STD_CELL_LEGAL
RISCY-a-2-c2,core_region_i/CORE.RISCV_CORE/if_stage_i/prefetch_32.prefetch_buffer_i/fifo_i/U362,AOI22_x1_0,True,"[116, 164, 116, 165]",529200,747600,N,STD_CELL_LEGAL
RISCY-a-2-c2,core_region_i/CORE.RISCV_CORE/if_stage_i/prefetch_32.prefetch_buffer_i/fifo_i/U363,ND2_x1_0,True,"[115, 164, 116, 165]",524580,747600,N,STD_CELL_LEGAL
RISCY-a-2-c2,core_region_i/CORE.RISCV_CORE/if_stage_i/prefetch_32.prefetch_buffer_i/fifo_i/U364,AOI22_x1_0,True,"[127, 115, 128, 115]",579180,522900,FS,STD_CELL_LEGAL
RISCY-a-2-c2,core_region_i/CORE.RISCV_CORE/if_stage_i/prefetch_32.prefetch_buffer_i/fifo_i/U365,ND2_x1_0,True,"[126, 115, 126, 116]",574560,522900,FS,STD_CELL_LEGAL
RISCY-a-2-c2,core_region_i/CORE.RISCV_CORE/if_stage_i/prefetch_32.prefetch_buffer_i/fifo_i/U366,AOI22_x1_0,True,"[110, 152, 110, 153]",501900,693000,N,STD_CELL_LEGAL
RISCY-a-2-c2,core_region_i/CORE.RISCV_CORE/if_stage_i/prefetch_32.prefetch_buffer_i/fifo_i/U367,ND2_x1_0,True,"[108, 152, 109, 153]",492660,693000,N,STD_CELL_LEGAL
RISCY-a-2-c2,core_region_i/CORE.RISCV_CORE/if_stage_i/prefetch_32.prefetch_buffer_i/fifo_i/U368,AOI22_x1_0,True,"[126, 123, 127, 123]",574560,560700,FS,STD_CELL_LEGAL
RISCY-a-2-c2,core_region_i/CORE.RISCV_CORE/if_stage_i/prefetch_32.prefetch_buffer_i/fifo_i/U369,AOI22_x1_0,True,"[117, 164, 118, 164]",533820,747600,N,STD_CELL_LEGAL
RISCY-a-2-c2,core_region_i/CORE.RISCV_CORE/if_stage_i/prefetch_32.prefetch_buffer_i/fifo_i/U370,ND2_x1_0,True,"[118, 164, 118, 165]",538020,747600,N,STD_CELL_LEGAL
RISCY-a-2-c2,core_region_i/CORE.RISCV_CORE/if_stage_i/prefetch_32.prefetch_buffer_i/fifo_i/U371,AOI22_x1_0,True,"[110, 161, 111, 162]",501900,732900,FS,STD_CELL_LEGAL
RISCY-a-2-c2,core_region_i/CORE.RISCV_CORE/if_stage_i/prefetch_32.prefetch_buffer_i/fifo_i/U372,ND2_x1_0,True,"[110, 163, 110, 163]",501900,741300,FS,STD_CELL_LEGAL
RISCY-a-2-c2,core_region_i/CORE.RISCV_CORE/if_stage_i/prefetch_32.prefetch_buffer_i/fifo_i/U373,HA1_x1_0,True,"[111, 160, 112, 161]",506100,728700,FS,STD_CELL_LEGAL
RISCY-a-2-c2,core_region_i/CORE.RISCV_CORE/if_stage_i/prefetch_32.prefetch_buffer_i/fifo_i/U374,AOI22_x1_0,True,"[110, 160, 110, 161]",501900,728700,FS,STD_CELL_LEGAL
RISCY-a-2-c2,core_region_i/CORE.RISCV_CORE/if_stage_i/prefetch_32.prefetch_buffer_i/fifo_i/U375,ND2_x1_0,True,"[109, 161, 109, 162]",497280,732900,FS,STD_CELL_LEGAL
RISCY-a-2-c2,core_region_i/CORE.RISCV_CORE/if_stage_i/prefetch_32.prefetch_buffer_i/fifo_i/U376,AOI22_x1_0,True,"[110, 151, 110, 151]",501900,686700,FS,STD_CELL_LEGAL
RISCY-a-2-c2,core_region_i/CORE.RISCV_CORE/if_stage_i/prefetch_32.prefetch_buffer_i/fifo_i/U377,ND2_x1_0,True,"[109, 151, 109, 151]",497280,686700,FS,STD_CELL_LEGAL
RISCY-a-2-c2,core_region_i/CORE.RISCV_CORE/if_stage_i/prefetch_32.prefetch_buffer_i/fifo_i/U378,HA1_x1_0,True,"[111, 156, 112, 157]",506100,709800,N,STD_CELL_LEGAL
RISCY-a-2-c2,core_region_i/CORE.RISCV_CORE/if_stage_i/prefetch_32.prefetch_buffer_i/fifo_i/U379,AOI22_x1_0,True,"[110, 156, 110, 157]",501900,709800,N,STD_CELL_LEGAL
RISCY-a-2-c2,core_region_i/CORE.RISCV_CORE/if_stage_i/prefetch_32.prefetch_buffer_i/fifo_i/U380,HA1_x1_0,True,"[126, 138, 127, 139]",574560,627900,FS,STD_CELL_LEGAL
RISCY-a-2-c2,core_region_i/CORE.RISCV_CORE/if_stage_i/prefetch_32.prefetch_buffer_i/fifo_i/U381,AOI22_x1_0,True,"[126, 140, 126, 140]",574560,638400,N,STD_CELL_LEGAL
RISCY-a-2-c2,core_region_i/CORE.RISCV_CORE/if_stage_i/prefetch_32.prefetch_buffer_i/fifo_i/U382,ND2_x1_0,True,"[126, 141, 126, 142]",574560,642600,N,STD_CELL_LEGAL
RISCY-a-2-c2,core_region_i/CORE.RISCV_CORE/if_stage_i/prefetch_32.prefetch_buffer_i/fifo_i/U383,NR2_x1_0,True,"[132, 106, 132, 107]",601860,483000,N,STD_CELL_LEGAL
RISCY-a-2-c2,core_region_i/CORE.RISCV_CORE/if_stage_i/prefetch_32.prefetch_buffer_i/fifo_i/U384,AO222_x1_0,True,"[132, 105, 132, 105]",601860,478800,N,STD_CELL_LEGAL
RISCY-a-2-c2,core_region_i/CORE.RISCV_CORE/if_stage_i/prefetch_32.prefetch_buffer_i/fifo_i/U385,INV_x1_0,False,"[129, 105, 129, 106]",588420,478800,N,STD_CELL_LEGAL
RISCY-a-2-c2,core_region_i/CORE.RISCV_CORE/if_stage_i/prefetch_32.prefetch_buffer_i/fifo_i/U386,INV_x1_0,False,"[128, 108, 128, 109]",583800,491400,N,STD_CELL_LEGAL
RISCY-a-2-c2,core_region_i/CORE.RISCV_CORE/if_stage_i/prefetch_32.prefetch_buffer_i/fifo_i/U387,INV_x1_0,False,"[130, 109, 130, 109]",593040,495600,N,STD_CELL_LEGAL
RISCY-a-2-c2,core_region_i/CORE.RISCV_CORE/if_stage_i/prefetch_32.prefetch_buffer_i/fifo_i/U388,AOI22_x1_0,True,"[131, 105, 131, 105]",597660,478800,N,STD_CELL_LEGAL
RISCY-a-2-c2,core_region_i/CORE.RISCV_CORE/if_stage_i/prefetch_32.prefetch_buffer_i/fifo_i/U389,ND2_x1_0,True,"[129, 104, 129, 105]",588420,474600,N,STD_CELL_LEGAL
RISCY-a-2-c2,core_region_i/CORE.RISCV_CORE/if_stage_i/prefetch_32.prefetch_buffer_i/fifo_i/U390,AO222_x1_0,True,"[133, 105, 133, 106]",606480,478800,N,STD_CELL_LEGAL
RISCY-a-2-c2,core_region_i/CORE.RISCV_CORE/if_stage_i/prefetch_32.prefetch_buffer_i/fifo_i/U391,INV_x1_0,False,"[131, 103, 131, 103]",597660,468300,FS,STD_CELL_LEGAL
RISCY-a-2-c2,core_region_i/CORE.RISCV_CORE/if_stage_i/prefetch_32.prefetch_buffer_i/fifo_i/U392,AOI22_x1_0,True,"[132, 104, 133, 104]",601860,474600,N,STD_CELL_LEGAL
RISCY-a-2-c2,core_region_i/CORE.RISCV_CORE/if_stage_i/prefetch_32.prefetch_buffer_i/fifo_i/U393,ND2_x1_0,True,"[132, 104, 132, 104]",601860,474600,N,STD_CELL_LEGAL
RISCY-a-2-c2,core_region_i/CORE.RISCV_CORE/if_stage_i/prefetch_32.prefetch_buffer_i/fifo_i/U394,INV_x1_0,False,"[130, 103, 130, 104]",593040,468300,FS,STD_CELL_LEGAL
RISCY-a-2-c2,core_region_i/CORE.RISCV_CORE/if_stage_i/prefetch_32.prefetch_buffer_i/fifo_i/U395,AOI22_x1_0,True,"[131, 104, 132, 105]",597660,474600,N,STD_CELL_LEGAL
RISCY-a-2-c2,core_region_i/CORE.RISCV_CORE/if_stage_i/prefetch_32.prefetch_buffer_i/fifo_i/U396,ND2_x1_0,True,"[131, 104, 131, 104]",597660,474600,N,STD_CELL_LEGAL
RISCY-a-2-c2,core_region_i/CORE.RISCV_CORE/if_stage_i/prefetch_32.prefetch_buffer_i/fifo_i/U397,AO222_x1_0,True,"[131, 105, 132, 106]",597660,478800,N,STD_CELL_LEGAL
RISCY-a-2-c2,core_region_i/CORE.RISCV_CORE/if_stage_i/prefetch_32.prefetch_buffer_i/fifo_i/U398,INV_x1_0,False,"[128, 106, 128, 106]",583800,483000,N,STD_CELL_LEGAL
RISCY-a-2-c2,core_region_i/CORE.RISCV_CORE/if_stage_i/prefetch_32.prefetch_buffer_i/fifo_i/U399,AOI22_x1_0,True,"[130, 106, 131, 106]",593040,483000,N,STD_CELL_LEGAL
RISCY-a-2-c2,core_region_i/CORE.RISCV_CORE/if_stage_i/prefetch_32.prefetch_buffer_i/fifo_i/U400,ND2_x1_0,True,"[129, 104, 129, 105]",588420,474600,N,STD_CELL_LEGAL
RISCY-a-2-c2,core_region_i/CORE.RISCV_CORE/if_stage_i/prefetch_32.prefetch_buffer_i/fifo_i/U401,INV_x1_0,False,"[133, 102, 133, 102]",606480,464100,FS,STD_CELL_LEGAL
RISCY-a-2-c2,core_region_i/CORE.RISCV_CORE/if_stage_i/prefetch_32.prefetch_buffer_i/fifo_i/U402,INV_x1_0,False,"[135, 97, 135, 97]",615720,441000,N,STD_CELL_LEGAL
RISCY-a-2-c2,core_region_i/CORE.RISCV_CORE/if_stage_i/prefetch_32.prefetch_buffer_i/fifo_i/U403,AOI22_x1_0,True,"[135, 98, 135, 99]",615720,447300,FS,STD_CELL_LEGAL
RISCY-a-2-c2,core_region_i/CORE.RISCV_CORE/if_stage_i/prefetch_32.prefetch_buffer_i/fifo_i/U404,ND2_x1_0,True,"[134, 99, 134, 99]",611100,451500,FS,STD_CELL_LEGAL
RISCY-a-2-c2,core_region_i/CORE.RISCV_CORE/if_stage_i/prefetch_32.prefetch_buffer_i/fifo_i/U405,OAI211_x0_0,True,"[134, 99, 135, 99]",611100,451500,FS,STD_CELL_LEGAL
RISCY-a-2-c2,core_region_i/CORE.RISCV_CORE/if_stage_i/prefetch_32.prefetch_buffer_i/fifo_i/U406,INV_x1_0,False,"[130, 100, 130, 101]",593040,455700,FS,STD_CELL_LEGAL
RISCY-a-2-c2,core_region_i/CORE.RISCV_CORE/if_stage_i/prefetch_32.prefetch_buffer_i/fifo_i/U407,AOI22_x1_0,True,"[134, 100, 134, 101]",611100,455700,FS,STD_CELL_LEGAL
RISCY-a-2-c2,core_region_i/CORE.RISCV_CORE/if_stage_i/prefetch_32.prefetch_buffer_i/fifo_i/U408,INV_x1_0,False,"[128, 128, 128, 128]",583800,583800,N,STD_CELL_LEGAL
RISCY-a-2-c2,core_region_i/CORE.RISCV_CORE/if_stage_i/prefetch_32.prefetch_buffer_i/fifo_i/U409,AOI22_x1_0,True,"[134, 100, 135, 100]",611100,455700,FS,STD_CELL_LEGAL
RISCY-a-2-c2,core_region_i/CORE.RISCV_CORE/if_stage_i/prefetch_32.prefetch_buffer_i/fifo_i/U410,ND2_x1_0,True,"[134, 99, 134, 100]",611100,451500,FS,STD_CELL_LEGAL
RISCY-a-2-c2,core_region_i/CORE.RISCV_CORE/if_stage_i/prefetch_32.prefetch_buffer_i/fifo_i/U411,OAI211_x0_0,True,"[135, 100, 135, 100]",615720,455700,FS,STD_CELL_LEGAL
RISCY-a-2-c2,core_region_i/CORE.RISCV_CORE/if_stage_i/prefetch_32.prefetch_buffer_i/fifo_i/U412,INV_x1_0,False,"[130, 99, 130, 99]",593040,451500,FS,STD_CELL_LEGAL
RISCY-a-2-c2,core_region_i/CORE.RISCV_CORE/if_stage_i/prefetch_32.prefetch_buffer_i/fifo_i/U413,AOI22_x1_0,True,"[134, 99, 134, 100]",611100,451500,FS,STD_CELL_LEGAL
RISCY-a-2-c2,core_region_i/CORE.RISCV_CORE/if_stage_i/prefetch_32.prefetch_buffer_i/fifo_i/U414,ND2_x1_0,True,"[129, 99, 129, 99]",588420,451500,FS,STD_CELL_LEGAL
RISCY-a-2-c2,core_region_i/CORE.RISCV_CORE/if_stage_i/prefetch_32.prefetch_buffer_i/fifo_i/U415,AOI22_x1_0,True,"[132, 95, 133, 96]",601860,432600,N,STD_CELL_LEGAL
RISCY-a-2-c2,core_region_i/CORE.RISCV_CORE/if_stage_i/prefetch_32.prefetch_buffer_i/fifo_i/U416,ND2_x1_0,True,"[133, 96, 133, 96]",606480,436800,N,STD_CELL_LEGAL
RISCY-a-2-c2,core_region_i/CORE.RISCV_CORE/if_stage_i/prefetch_32.prefetch_buffer_i/fifo_i/U417,OAI211_x0_0,True,"[133, 96, 133, 96]",606480,436800,N,STD_CELL_LEGAL
RISCY-a-2-c2,core_region_i/CORE.RISCV_CORE/if_stage_i/prefetch_32.prefetch_buffer_i/fifo_i/U418,INV_x1_0,False,"[129, 95, 130, 95]",588420,432600,N,STD_CELL_LEGAL
RISCY-a-2-c2,core_region_i/CORE.RISCV_CORE/if_stage_i/prefetch_32.prefetch_buffer_i/fifo_i/U419,AOI22_x1_0,True,"[132, 95, 132, 96]",601860,432600,N,STD_CELL_LEGAL
RISCY-a-2-c2,core_region_i/CORE.RISCV_CORE/if_stage_i/prefetch_32.prefetch_buffer_i/fifo_i/U420,ND2_x1_0,True,"[130, 95, 130, 96]",593040,432600,N,STD_CELL_LEGAL
RISCY-a-2-c2,core_region_i/CORE.RISCV_CORE/if_stage_i/prefetch_32.prefetch_buffer_i/fifo_i/U421,INV_x1_0,False,"[128, 128, 128, 128]",583800,583800,N,STD_CELL_LEGAL
RISCY-a-2-c2,core_region_i/CORE.RISCV_CORE/if_stage_i/prefetch_32.prefetch_buffer_i/fifo_i/U422,AOI22_x1_0,True,"[135, 93, 135, 93]",615720,424200,N,STD_CELL_LEGAL
RISCY-a-2-c2,core_region_i/CORE.RISCV_CORE/if_stage_i/prefetch_32.prefetch_buffer_i/fifo_i/U423,ND2_x1_0,True,"[134, 93, 135, 94]",611100,424200,N,STD_CELL_LEGAL
RISCY-a-2-c2,core_region_i/CORE.RISCV_CORE/if_stage_i/prefetch_32.prefetch_buffer_i/fifo_i/U424,OAI211_x0_0,True,"[135, 93, 135, 94]",615720,424200,N,STD_CELL_LEGAL
RISCY-a-2-c2,core_region_i/CORE.RISCV_CORE/if_stage_i/prefetch_32.prefetch_buffer_i/fifo_i/U425,INV_x1_0,False,"[130, 93, 130, 94]",593040,424200,N,STD_CELL_LEGAL
RISCY-a-2-c2,core_region_i/CORE.RISCV_CORE/if_stage_i/prefetch_32.prefetch_buffer_i/fifo_i/U426,AOI22_x1_0,True,"[133, 93, 134, 93]",606480,424200,N,STD_CELL_LEGAL
RISCY-a-2-c2,core_region_i/CORE.RISCV_CORE/if_stage_i/prefetch_32.prefetch_buffer_i/fifo_i/U427,ND2_x1_0,True,"[130, 93, 131, 93]",593040,424200,N,STD_CELL_LEGAL
RISCY-a-2-c2,core_region_i/CORE.RISCV_CORE/if_stage_i/prefetch_32.prefetch_buffer_i/fifo_i/U428,INV_x1_0,False,"[132, 90, 132, 90]",601860,409500,FS,STD_CELL_LEGAL
RISCY-a-2-c2,core_region_i/CORE.RISCV_CORE/if_stage_i/prefetch_32.prefetch_buffer_i/fifo_i/U429,AOI22_x1_0,True,"[132, 97, 132, 97]",601860,441000,N,STD_CELL_LEGAL
RISCY-a-2-c2,core_region_i/CORE.RISCV_CORE/if_stage_i/prefetch_32.prefetch_buffer_i/fifo_i/U430,ND2_x1_0,True,"[133, 97, 133, 97]",606480,441000,N,STD_CELL_LEGAL
RISCY-a-2-c2,core_region_i/CORE.RISCV_CORE/if_stage_i/prefetch_32.prefetch_buffer_i/fifo_i/U431,OAI211_x0_0,True,"[133, 97, 133, 97]",606480,441000,N,STD_CELL_LEGAL
RISCY-a-2-c2,core_region_i/CORE.RISCV_CORE/if_stage_i/prefetch_32.prefetch_buffer_i/fifo_i/U432,INV_x1_0,False,"[130, 99, 130, 100]",593040,451500,FS,STD_CELL_LEGAL
RISCY-a-2-c2,core_region_i/CORE.RISCV_CORE/if_stage_i/prefetch_32.prefetch_buffer_i/fifo_i/U433,AOI22_x1_0,True,"[132, 99, 133, 99]",601860,451500,FS,STD_CELL_LEGAL
RISCY-a-2-c2,core_region_i/CORE.RISCV_CORE/if_stage_i/prefetch_32.prefetch_buffer_i/fifo_i/U434,ND2_x1_0,True,"[131, 99, 132, 100]",597660,451500,FS,STD_CELL_LEGAL
RISCY-a-2-c2,core_region_i/CORE.RISCV_CORE/if_stage_i/prefetch_32.prefetch_buffer_i/fifo_i/U435,INV_x1_0,False,"[134, 92, 134, 92]",611100,420000,N,STD_CELL_LEGAL
RISCY-a-2-c2,core_region_i/CORE.RISCV_CORE/if_stage_i/prefetch_32.prefetch_buffer_i/fifo_i/U436,AOI22_x1_0,True,"[134, 93, 134, 93]",611100,424200,N,STD_CELL_LEGAL
RISCY-a-2-c2,core_region_i/CORE.RISCV_CORE/if_stage_i/prefetch_32.prefetch_buffer_i/fifo_i/U437,ND2_x1_0,True,"[134, 93, 134, 94]",611100,424200,N,STD_CELL_LEGAL
RISCY-a-2-c2,core_region_i/CORE.RISCV_CORE/if_stage_i/prefetch_32.prefetch_buffer_i/fifo_i/U438,OAI211_x0_0,True,"[134, 93, 134, 94]",611100,424200,N,STD_CELL_LEGAL
RISCY-a-2-c2,core_region_i/CORE.RISCV_CORE/if_stage_i/prefetch_32.prefetch_buffer_i/fifo_i/U439,INV_x1_0,False,"[129, 92, 129, 92]",588420,420000,N,STD_CELL_LEGAL
RISCY-a-2-c2,core_region_i/CORE.RISCV_CORE/if_stage_i/prefetch_32.prefetch_buffer_i/fifo_i/U440,AOI22_x1_0,True,"[133, 93, 133, 93]",606480,424200,N,STD_CELL_LEGAL
RISCY-a-2-c2,core_region_i/CORE.RISCV_CORE/if_stage_i/prefetch_32.prefetch_buffer_i/fifo_i/U441,ND2_x1_0,True,"[130, 92, 130, 92]",593040,420000,N,STD_CELL_LEGAL
RISCY-a-2-c2,core_region_i/CORE.RISCV_CORE/if_stage_i/prefetch_32.prefetch_buffer_i/fifo_i/U442,INV_x1_0,False,"[138, 98, 138, 99]",629580,447300,FS,STD_CELL_LEGAL
RISCY-a-2-c2,core_region_i/CORE.RISCV_CORE/if_stage_i/prefetch_32.prefetch_buffer_i/fifo_i/U443,AOI22_x1_0,True,"[135, 97, 135, 97]",615720,441000,N,STD_CELL_LEGAL
RISCY-a-2-c2,core_region_i/CORE.RISCV_CORE/if_stage_i/prefetch_32.prefetch_buffer_i/fifo_i/U444,ND2_x1_0,True,"[134, 97, 134, 97]",611100,441000,N,STD_CELL_LEGAL
RISCY-a-2-c2,core_region_i/CORE.RISCV_CORE/if_stage_i/prefetch_32.prefetch_buffer_i/fifo_i/U445,OAI211_x0_0,True,"[134, 97, 135, 97]",611100,441000,N,STD_CELL_LEGAL
RISCY-a-2-c2,core_region_i/CORE.RISCV_CORE/if_stage_i/prefetch_32.prefetch_buffer_i/fifo_i/U446,INV_x1_0,False,"[129, 96, 130, 97]",588420,436800,N,STD_CELL_LEGAL
RISCY-a-2-c2,core_region_i/CORE.RISCV_CORE/if_stage_i/prefetch_32.prefetch_buffer_i/fifo_i/U447,AOI22_x1_0,True,"[134, 97, 134, 97]",611100,441000,N,STD_CELL_LEGAL
RISCY-a-2-c2,core_region_i/CORE.RISCV_CORE/if_stage_i/prefetch_32.prefetch_buffer_i/fifo_i/U448,ND2_x1_0,True,"[130, 97, 130, 97]",593040,441000,N,STD_CELL_LEGAL
RISCY-a-2-c2,core_region_i/CORE.RISCV_CORE/if_stage_i/prefetch_32.prefetch_buffer_i/fifo_i/U449,INV_x1_0,False,"[129, 89, 129, 90]",588420,405300,FS,STD_CELL_LEGAL
RISCY-a-2-c2,core_region_i/CORE.RISCV_CORE/if_stage_i/prefetch_32.prefetch_buffer_i/fifo_i/U450,AOI22_x1_0,True,"[132, 93, 132, 94]",601860,424200,N,STD_CELL_LEGAL
RISCY-a-2-c2,core_region_i/CORE.RISCV_CORE/if_stage_i/prefetch_32.prefetch_buffer_i/fifo_i/U451,ND2_x1_0,True,"[133, 93, 133, 94]",606480,424200,N,STD_CELL_LEGAL
RISCY-a-2-c2,core_region_i/CORE.RISCV_CORE/if_stage_i/prefetch_32.prefetch_buffer_i/fifo_i/U452,OAI211_x0_0,True,"[133, 93, 133, 94]",606480,424200,N,STD_CELL_LEGAL
RISCY-a-2-c2,core_region_i/CORE.RISCV_CORE/if_stage_i/prefetch_32.prefetch_buffer_i/fifo_i/U453,AOI22_x1_0,True,"[132, 93, 133, 93]",601860,424200,N,STD_CELL_LEGAL
RISCY-a-2-c2,core_region_i/CORE.RISCV_CORE/if_stage_i/prefetch_32.prefetch_buffer_i/fifo_i/U454,ND2_x1_0,True,"[129, 92, 129, 92]",588420,420000,N,STD_CELL_LEGAL
RISCY-a-2-c2,core_region_i/CORE.RISCV_CORE/if_stage_i/prefetch_32.prefetch_buffer_i/fifo_i/U455,INV_x1_0,False,"[132, 91, 132, 91]",601860,413700,FS,STD_CELL_LEGAL
RISCY-a-2-c2,core_region_i/CORE.RISCV_CORE/if_stage_i/prefetch_32.prefetch_buffer_i/fifo_i/U456,AOI22_x1_0,True,"[132, 99, 133, 100]",601860,451500,FS,STD_CELL_LEGAL
RISCY-a-2-c2,core_region_i/CORE.RISCV_CORE/if_stage_i/prefetch_32.prefetch_buffer_i/fifo_i/U457,ND2_x1_0,True,"[133, 100, 134, 101]",606480,455700,FS,STD_CELL_LEGAL
RISCY-a-2-c2,core_region_i/CORE.RISCV_CORE/if_stage_i/prefetch_32.prefetch_buffer_i/fifo_i/U458,OAI211_x0_0,True,"[133, 100, 133, 101]",606480,455700,FS,STD_CELL_LEGAL
RISCY-a-2-c2,core_region_i/CORE.RISCV_CORE/if_stage_i/prefetch_32.prefetch_buffer_i/fifo_i/U459,INV_x1_0,False,"[129, 102, 129, 102]",588420,464100,FS,STD_CELL_LEGAL
RISCY-a-2-c2,core_region_i/CORE.RISCV_CORE/if_stage_i/prefetch_32.prefetch_buffer_i/fifo_i/U460,AOI22_x1_0,True,"[133, 101, 133, 102]",606480,459900,FS,STD_CELL_LEGAL
RISCY-a-2-c2,core_region_i/CORE.RISCV_CORE/if_stage_i/prefetch_32.prefetch_buffer_i/fifo_i/U461,INV_x1_0,False,"[128, 128, 128, 128]",583800,583800,N,STD_CELL_LEGAL
RISCY-a-2-c2,core_region_i/CORE.RISCV_CORE/if_stage_i/prefetch_32.prefetch_buffer_i/fifo_i/U462,AOI22_x1_0,True,"[132, 97, 133, 98]",601860,441000,N,STD_CELL_LEGAL
RISCY-a-2-c2,core_region_i/CORE.RISCV_CORE/if_stage_i/prefetch_32.prefetch_buffer_i/fifo_i/U463,ND2_x1_0,True,"[134, 96, 134, 97]",611100,436800,N,STD_CELL_LEGAL
RISCY-a-2-c2,core_region_i/CORE.RISCV_CORE/if_stage_i/prefetch_32.prefetch_buffer_i/fifo_i/U464,OAI211_x0_0,True,"[133, 97, 133, 98]",606480,441000,N,STD_CELL_LEGAL
RISCY-a-2-c2,core_region_i/CORE.RISCV_CORE/if_stage_i/prefetch_32.prefetch_buffer_i/fifo_i/U465,INV_x1_0,False,"[130, 97, 130, 98]",593040,441000,N,STD_CELL_LEGAL
RISCY-a-2-c2,core_region_i/CORE.RISCV_CORE/if_stage_i/prefetch_32.prefetch_buffer_i/fifo_i/U466,AOI22_x1_0,True,"[132, 98, 132, 98]",601860,447300,FS,STD_CELL_LEGAL
RISCY-a-2-c2,core_region_i/CORE.RISCV_CORE/if_stage_i/prefetch_32.prefetch_buffer_i/fifo_i/U467,ND2_x1_0,True,"[129, 97, 129, 98]",588420,441000,N,STD_CELL_LEGAL
RISCY-a-2-c2,core_region_i/CORE.RISCV_CORE/if_stage_i/prefetch_32.prefetch_buffer_i/fifo_i/U468,INV_x1_0,False,"[139, 95, 139, 96]",633780,432600,N,STD_CELL_LEGAL
RISCY-a-2-c2,core_region_i/CORE.RISCV_CORE/if_stage_i/prefetch_32.prefetch_buffer_i/fifo_i/U469,AOI22_x1_0,True,"[135, 95, 135, 96]",615720,432600,N,STD_CELL_LEGAL
RISCY-a-2-c2,core_region_i/CORE.RISCV_CORE/if_stage_i/prefetch_32.prefetch_buffer_i/fifo_i/U470,ND2_x1_0,True,"[134, 96, 134, 96]",611100,436800,N,STD_CELL_LEGAL
RISCY-a-2-c2,core_region_i/CORE.RISCV_CORE/if_stage_i/prefetch_32.prefetch_buffer_i/fifo_i/U471,OAI211_x0_0,True,"[135, 96, 135, 96]",615720,436800,N,STD_CELL_LEGAL
RISCY-a-2-c2,core_region_i/CORE.RISCV_CORE/if_stage_i/prefetch_32.prefetch_buffer_i/fifo_i/U472,INV_x1_0,False,"[132, 95, 132, 95]",601860,432600,N,STD_CELL_LEGAL
RISCY-a-2-c2,core_region_i/CORE.RISCV_CORE/if_stage_i/prefetch_32.prefetch_buffer_i/fifo_i/U473,AOI22_x1_0,True,"[134, 96, 134, 96]",611100,436800,N,STD_CELL_LEGAL
RISCY-a-2-c2,core_region_i/CORE.RISCV_CORE/if_stage_i/prefetch_32.prefetch_buffer_i/fifo_i/U474,ND2_x1_0,True,"[130, 95, 130, 95]",593040,432600,N,STD_CELL_LEGAL
RISCY-a-2-c2,core_region_i/CORE.RISCV_CORE/if_stage_i/prefetch_32.prefetch_buffer_i/fifo_i/U475,INV_x1_0,False,"[129, 89, 130, 90]",588420,405300,FS,STD_CELL_LEGAL
RISCY-a-2-c2,core_region_i/CORE.RISCV_CORE/if_stage_i/prefetch_32.prefetch_buffer_i/fifo_i/U476,AOI22_x1_0,True,"[132, 94, 133, 95]",601860,428400,N,STD_CELL_LEGAL
RISCY-a-2-c2,core_region_i/CORE.RISCV_CORE/if_stage_i/prefetch_32.prefetch_buffer_i/fifo_i/U477,ND2_x1_0,True,"[133, 94, 134, 95]",606480,428400,N,STD_CELL_LEGAL
RISCY-a-2-c2,core_region_i/CORE.RISCV_CORE/if_stage_i/prefetch_32.prefetch_buffer_i/fifo_i/U478,OAI211_x0_0,True,"[133, 94, 133, 95]",606480,428400,N,STD_CELL_LEGAL
RISCY-a-2-c2,core_region_i/CORE.RISCV_CORE/if_stage_i/prefetch_32.prefetch_buffer_i/fifo_i/U479,INV_x1_0,False,"[129, 94, 130, 94]",588420,428400,N,STD_CELL_LEGAL
RISCY-a-2-c2,core_region_i/CORE.RISCV_CORE/if_stage_i/prefetch_32.prefetch_buffer_i/fifo_i/U480,AOI22_x1_0,True,"[131, 94, 132, 95]",597660,428400,N,STD_CELL_LEGAL
RISCY-a-2-c2,core_region_i/CORE.RISCV_CORE/if_stage_i/prefetch_32.prefetch_buffer_i/fifo_i/U481,ND2_x1_0,True,"[130, 93, 130, 93]",593040,424200,N,STD_CELL_LEGAL
RISCY-a-2-c2,core_region_i/CORE.RISCV_CORE/if_stage_i/prefetch_32.prefetch_buffer_i/fifo_i/U482,INV_x1_0,False,"[134, 96, 134, 97]",611100,436800,N,STD_CELL_LEGAL
RISCY-a-2-c2,core_region_i/CORE.RISCV_CORE/if_stage_i/prefetch_32.prefetch_buffer_i/fifo_i/U483,ND2_x1_0,True,"[133, 94, 133, 94]",606480,428400,N,STD_CELL_LEGAL
RISCY-a-2-c2,core_region_i/CORE.RISCV_CORE/if_stage_i/prefetch_32.prefetch_buffer_i/fifo_i/U484,INV_x1_0,False,"[133, 102, 133, 102]",606480,464100,FS,STD_CELL_LEGAL
RISCY-a-2-c2,core_region_i/CORE.RISCV_CORE/if_stage_i/prefetch_32.prefetch_buffer_i/fifo_i/U485,AOI22_x1_0,True,"[132, 94, 133, 94]",601860,428400,N,STD_CELL_LEGAL
RISCY-a-2-c2,core_region_i/CORE.RISCV_CORE/if_stage_i/prefetch_32.prefetch_buffer_i/fifo_i/U486,OAI211_x0_0,True,"[133, 94, 133, 94]",606480,428400,N,STD_CELL_LEGAL
RISCY-a-2-c2,core_region_i/CORE.RISCV_CORE/if_stage_i/prefetch_32.prefetch_buffer_i/fifo_i/U487,AOI22_x1_0,True,"[131, 93, 132, 94]",597660,424200,N,STD_CELL_LEGAL
RISCY-a-2-c2,core_region_i/CORE.RISCV_CORE/if_stage_i/prefetch_32.prefetch_buffer_i/fifo_i/U488,ND2_x1_0,True,"[131, 93, 131, 94]",597660,424200,N,STD_CELL_LEGAL
RISCY-a-2-c2,core_region_i/CORE.RISCV_CORE/if_stage_i/prefetch_32.prefetch_buffer_i/fifo_i/U489,AOI22_x1_0,True,"[135, 99, 135, 100]",615720,451500,FS,STD_CELL_LEGAL
RISCY-a-2-c2,core_region_i/CORE.RISCV_CORE/if_stage_i/prefetch_32.prefetch_buffer_i/fifo_i/U490,ND2_x1_0,True,"[135, 98, 136, 99]",615720,447300,FS,STD_CELL_LEGAL
RISCY-a-2-c2,core_region_i/CORE.RISCV_CORE/if_stage_i/prefetch_32.prefetch_buffer_i/fifo_i/U491,OAI211_x0_0,True,"[135, 99, 136, 99]",615720,451500,FS,STD_CELL_LEGAL
RISCY-a-2-c2,core_region_i/CORE.RISCV_CORE/if_stage_i/prefetch_32.prefetch_buffer_i/fifo_i/U492,AOI22_x1_0,True,"[136, 99, 136, 100]",620340,451500,FS,STD_CELL_LEGAL
RISCY-a-2-c2,core_region_i/CORE.RISCV_CORE/if_stage_i/prefetch_32.prefetch_buffer_i/fifo_i/U493,ND2_x1_0,True,"[136, 98, 136, 98]",620340,447300,FS,STD_CELL_LEGAL
RISCY-a-2-c2,core_region_i/CORE.RISCV_CORE/if_stage_i/prefetch_32.prefetch_buffer_i/fifo_i/U494,INV_x1_0,False,"[136, 93, 136, 94]",620340,424200,N,STD_CELL_LEGAL
RISCY-a-2-c2,core_region_i/CORE.RISCV_CORE/if_stage_i/prefetch_32.prefetch_buffer_i/fifo_i/U495,AOI22_x1_0,True,"[135, 101, 135, 101]",615720,459900,FS,STD_CELL_LEGAL
RISCY-a-2-c2,core_region_i/CORE.RISCV_CORE/if_stage_i/prefetch_32.prefetch_buffer_i/fifo_i/U496,ND2_x1_0,True,"[134, 100, 134, 101]",611100,455700,FS,STD_CELL_LEGAL
RISCY-a-2-c2,core_region_i/CORE.RISCV_CORE/if_stage_i/prefetch_32.prefetch_buffer_i/fifo_i/U497,INV_x1_0,False,"[134, 102, 135, 102]",611100,464100,FS,STD_CELL_LEGAL
RISCY-a-2-c2,core_region_i/CORE.RISCV_CORE/if_stage_i/prefetch_32.prefetch_buffer_i/fifo_i/U498,AOI22_x1_0,True,"[135, 102, 135, 103]",615720,464100,FS,STD_CELL_LEGAL
RISCY-a-2-c2,core_region_i/CORE.RISCV_CORE/if_stage_i/prefetch_32.prefetch_buffer_i/fifo_i/U499,ND2_x1_0,True,"[134, 102, 134, 103]",611100,464100,FS,STD_CELL_LEGAL
RISCY-a-2-c2,core_region_i/CORE.RISCV_CORE/if_stage_i/prefetch_32.prefetch_buffer_i/fifo_i/U500,INV_x1_0,False,"[137, 102, 137, 102]",624960,464100,FS,STD_CELL_LEGAL
RISCY-a-2-c2,core_region_i/CORE.RISCV_CORE/if_stage_i/prefetch_32.prefetch_buffer_i/fifo_i/U501,AOI22_x1_0,True,"[135, 102, 135, 102]",615720,464100,FS,STD_CELL_LEGAL
RISCY-a-2-c2,core_region_i/CORE.RISCV_CORE/if_stage_i/prefetch_32.prefetch_buffer_i/fifo_i/U502,ND2_x1_0,True,"[134, 101, 134, 102]",611100,459900,FS,STD_CELL_LEGAL
RISCY-a-2-c2,core_region_i/CORE.RISCV_CORE/if_stage_i/prefetch_32.prefetch_buffer_i/fifo_i/U503,OAI211_x0_0,True,"[134, 102, 135, 102]",611100,464100,FS,STD_CELL_LEGAL
RISCY-a-2-c2,core_region_i/CORE.RISCV_CORE/if_stage_i/prefetch_32.prefetch_buffer_i/fifo_i/U504,INV_x1_0,False,"[133, 102, 133, 103]",606480,464100,FS,STD_CELL_LEGAL
RISCY-a-2-c2,core_region_i/CORE.RISCV_CORE/if_stage_i/prefetch_32.prefetch_buffer_i/fifo_i/U505,AOI22_x1_0,True,"[134, 103, 134, 104]",611100,468300,FS,STD_CELL_LEGAL
RISCY-a-2-c2,core_region_i/CORE.RISCV_CORE/if_stage_i/prefetch_32.prefetch_buffer_i/fifo_i/U506,ND2_x1_0,True,"[133, 103, 133, 104]",606480,468300,FS,STD_CELL_LEGAL
RISCY-a-2-c2,core_region_i/CORE.RISCV_CORE/if_stage_i/prefetch_32.prefetch_buffer_i/fifo_i/U507,AOI22_x1_0,True,"[135, 100, 135, 101]",615720,455700,FS,STD_CELL_LEGAL
RISCY-a-2-c2,core_region_i/CORE.RISCV_CORE/if_stage_i/prefetch_32.prefetch_buffer_i/fifo_i/U508,ND2_x1_0,True,"[135, 99, 136, 100]",615720,451500,FS,STD_CELL_LEGAL
RISCY-a-2-c2,core_region_i/CORE.RISCV_CORE/if_stage_i/prefetch_32.prefetch_buffer_i/fifo_i/U509,OAI211_x0_0,True,"[135, 100, 136, 100]",615720,455700,FS,STD_CELL_LEGAL
RISCY-a-2-c2,core_region_i/CORE.RISCV_CORE/if_stage_i/prefetch_32.prefetch_buffer_i/fifo_i/U510,AOI22_x1_0,True,"[136, 100, 136, 101]",620340,455700,FS,STD_CELL_LEGAL
RISCY-a-2-c2,core_region_i/CORE.RISCV_CORE/if_stage_i/prefetch_32.prefetch_buffer_i/fifo_i/U511,ND2_x1_0,True,"[136, 100, 136, 100]",620340,455700,FS,STD_CELL_LEGAL
RISCY-a-2-c2,core_region_i/CORE.RISCV_CORE/if_stage_i/prefetch_32.prefetch_buffer_i/fifo_i/U512,AOI22_x1_0,True,"[132, 100, 133, 100]",601860,455700,FS,STD_CELL_LEGAL
RISCY-a-2-c2,core_region_i/CORE.RISCV_CORE/if_stage_i/prefetch_32.prefetch_buffer_i/fifo_i/U513,ND2_x1_0,True,"[133, 99, 134, 100]",606480,451500,FS,STD_CELL_LEGAL
RISCY-a-2-c2,core_region_i/CORE.RISCV_CORE/if_stage_i/prefetch_32.prefetch_buffer_i/fifo_i/U514,OAI211_x0_0,True,"[133, 100, 134, 100]",606480,455700,FS,STD_CELL_LEGAL
RISCY-a-2-c2,core_region_i/CORE.RISCV_CORE/if_stage_i/prefetch_32.prefetch_buffer_i/fifo_i/U515,AOI22_x1_0,True,"[132, 100, 133, 101]",601860,455700,FS,STD_CELL_LEGAL
RISCY-a-2-c2,core_region_i/CORE.RISCV_CORE/if_stage_i/prefetch_32.prefetch_buffer_i/fifo_i/U516,ND2_x1_0,True,"[132, 99, 132, 100]",601860,451500,FS,STD_CELL_LEGAL
RISCY-a-2-c2,core_region_i/CORE.RISCV_CORE/if_stage_i/prefetch_32.prefetch_buffer_i/fifo_i/U517,ND2_x1_0,True,"[134, 96, 134, 97]",611100,436800,N,STD_CELL_LEGAL
RISCY-a-2-c2,core_region_i/CORE.RISCV_CORE/if_stage_i/prefetch_32.prefetch_buffer_i/fifo_i/U518,AOI22_x1_0,True,"[135, 96, 135, 97]",615720,436800,N,STD_CELL_LEGAL
RISCY-a-2-c2,core_region_i/CORE.RISCV_CORE/if_stage_i/prefetch_32.prefetch_buffer_i/fifo_i/U519,OAI211_x0_0,True,"[134, 96, 135, 97]",611100,436800,N,STD_CELL_LEGAL
RISCY-a-2-c2,core_region_i/CORE.RISCV_CORE/if_stage_i/prefetch_32.prefetch_buffer_i/fifo_i/U520,AOI22_x1_0,True,"[135, 96, 136, 97]",615720,436800,N,STD_CELL_LEGAL
RISCY-a-2-c2,core_region_i/CORE.RISCV_CORE/if_stage_i/prefetch_32.prefetch_buffer_i/fifo_i/U521,ND2_x1_0,True,"[135, 95, 136, 96]",615720,432600,N,STD_CELL_LEGAL
RISCY-a-2-c2,core_region_i/CORE.RISCV_CORE/if_stage_i/prefetch_32.prefetch_buffer_i/fifo_i/U522,ND2_x1_0,True,"[134, 94, 134, 94]",611100,428400,N,STD_CELL_LEGAL
RISCY-a-2-c2,core_region_i/CORE.RISCV_CORE/if_stage_i/prefetch_32.prefetch_buffer_i/fifo_i/U523,AOI22_x1_0,True,"[134, 94, 134, 94]",611100,428400,N,STD_CELL_LEGAL
RISCY-a-2-c2,core_region_i/CORE.RISCV_CORE/if_stage_i/prefetch_32.prefetch_buffer_i/fifo_i/U524,AOI22_x1_0,True,"[135, 95, 135, 95]",615720,432600,N,STD_CELL_LEGAL
RISCY-a-2-c2,core_region_i/CORE.RISCV_CORE/if_stage_i/prefetch_32.prefetch_buffer_i/fifo_i/U525,ND2_x1_0,True,"[134, 93, 135, 93]",611100,424200,N,STD_CELL_LEGAL
RISCY-a-2-c2,core_region_i/CORE.RISCV_CORE/if_stage_i/prefetch_32.prefetch_buffer_i/fifo_i/U526,ND2_x1_0,True,"[135, 100, 136, 101]",615720,455700,FS,STD_CELL_LEGAL
RISCY-a-2-c2,core_region_i/CORE.RISCV_CORE/if_stage_i/prefetch_32.prefetch_buffer_i/fifo_i/U527,AOI22_x1_0,True,"[135, 101, 135, 102]",615720,459900,FS,STD_CELL_LEGAL
RISCY-a-2-c2,core_region_i/CORE.RISCV_CORE/if_stage_i/prefetch_32.prefetch_buffer_i/fifo_i/U528,OAI211_x0_0,True,"[135, 101, 136, 101]",615720,459900,FS,STD_CELL_LEGAL
RISCY-a-2-c2,core_region_i/CORE.RISCV_CORE/if_stage_i/prefetch_32.prefetch_buffer_i/fifo_i/U529,AOI22_x1_0,True,"[135, 101, 136, 102]",615720,459900,FS,STD_CELL_LEGAL
RISCY-a-2-c2,core_region_i/CORE.RISCV_CORE/if_stage_i/prefetch_32.prefetch_buffer_i/fifo_i/U530,ND2_x1_0,True,"[136, 101, 136, 101]",620340,459900,FS,STD_CELL_LEGAL
RISCY-a-2-c2,core_region_i/CORE.RISCV_CORE/if_stage_i/prefetch_32.prefetch_buffer_i/fifo_i/U531,ND2_x1_0,True,"[133, 96, 134, 96]",606480,436800,N,STD_CELL_LEGAL
RISCY-a-2-c2,core_region_i/CORE.RISCV_CORE/if_stage_i/prefetch_32.prefetch_buffer_i/fifo_i/U532,AOI22_x1_0,True,"[132, 96, 133, 97]",601860,436800,N,STD_CELL_LEGAL
RISCY-a-2-c2,core_region_i/CORE.RISCV_CORE/if_stage_i/prefetch_32.prefetch_buffer_i/fifo_i/U533,AOI22_x1_0,True,"[132, 96, 132, 96]",601860,436800,N,STD_CELL_LEGAL
RISCY-a-2-c2,core_region_i/CORE.RISCV_CORE/if_stage_i/prefetch_32.prefetch_buffer_i/fifo_i/U534,ND2_x1_0,True,"[131, 96, 132, 96]",597660,436800,N,STD_CELL_LEGAL
RISCY-a-2-c2,core_region_i/CORE.RISCV_CORE/if_stage_i/prefetch_32.prefetch_buffer_i/fifo_i/U535,ND2_x1_0,True,"[133, 95, 133, 95]",606480,432600,N,STD_CELL_LEGAL
RISCY-a-2-c2,core_region_i/CORE.RISCV_CORE/if_stage_i/prefetch_32.prefetch_buffer_i/fifo_i/U536,AOI22_x1_0,True,"[132, 95, 133, 95]",601860,432600,N,STD_CELL_LEGAL
RISCY-a-2-c2,core_region_i/CORE.RISCV_CORE/if_stage_i/prefetch_32.prefetch_buffer_i/fifo_i/U537,OAI211_x0_0,True,"[133, 95, 133, 95]",606480,432600,N,STD_CELL_LEGAL
RISCY-a-2-c2,core_region_i/CORE.RISCV_CORE/if_stage_i/prefetch_32.prefetch_buffer_i/fifo_i/U538,AOI22_x1_0,True,"[132, 95, 132, 95]",601860,432600,N,STD_CELL_LEGAL
RISCY-a-2-c2,core_region_i/CORE.RISCV_CORE/if_stage_i/prefetch_32.prefetch_buffer_i/fifo_i/U539,ND2_x1_0,True,"[133, 99, 134, 99]",606480,451500,FS,STD_CELL_LEGAL
RISCY-a-2-c2,core_region_i/CORE.RISCV_CORE/if_stage_i/prefetch_32.prefetch_buffer_i/fifo_i/U540,AOI22_x1_0,True,"[132, 98, 133, 99]",601860,447300,FS,STD_CELL_LEGAL
RISCY-a-2-c2,core_region_i/CORE.RISCV_CORE/if_stage_i/prefetch_32.prefetch_buffer_i/fifo_i/U541,OAI211_x0_0,True,"[133, 99, 133, 99]",606480,451500,FS,STD_CELL_LEGAL
RISCY-a-2-c2,core_region_i/CORE.RISCV_CORE/if_stage_i/prefetch_32.prefetch_buffer_i/fifo_i/U542,AOI22_x1_0,True,"[132, 98, 132, 99]",601860,447300,FS,STD_CELL_LEGAL
RISCY-a-2-c2,core_region_i/CORE.RISCV_CORE/if_stage_i/prefetch_32.prefetch_buffer_i/fifo_i/U543,ND2_x1_0,True,"[132, 97, 132, 97]",601860,441000,N,STD_CELL_LEGAL
RISCY-a-2-c2,core_region_i/CORE.RISCV_CORE/if_stage_i/prefetch_32.prefetch_buffer_i/fifo_i/U544,ND2_x1_0,True,"[136, 102, 136, 102]",620340,464100,FS,STD_CELL_LEGAL
RISCY-a-2-c2,core_region_i/CORE.RISCV_CORE/if_stage_i/prefetch_32.prefetch_buffer_i/fifo_i/U545,AOI22_x1_0,True,"[135, 102, 135, 102]",615720,464100,FS,STD_CELL_LEGAL
RISCY-a-2-c2,core_region_i/CORE.RISCV_CORE/if_stage_i/prefetch_32.prefetch_buffer_i/fifo_i/U546,AOI22_x1_0,True,"[135, 102, 136, 103]",615720,464100,FS,STD_CELL_LEGAL
RISCY-a-2-c2,core_region_i/CORE.RISCV_CORE/if_stage_i/prefetch_32.prefetch_buffer_i/fifo_i/U547,ND2_x1_0,True,"[134, 94, 135, 94]",611100,428400,N,STD_CELL_LEGAL
RISCY-a-2-c2,core_region_i/CORE.RISCV_CORE/if_stage_i/prefetch_32.prefetch_buffer_i/fifo_i/U548,AOI22_x1_0,True,"[135, 94, 135, 95]",615720,428400,N,STD_CELL_LEGAL
RISCY-a-2-c2,core_region_i/CORE.RISCV_CORE/if_stage_i/prefetch_32.prefetch_buffer_i/fifo_i/U549,OAI211_x0_0,True,"[135, 94, 135, 94]",615720,428400,N,STD_CELL_LEGAL
RISCY-a-2-c2,core_region_i/CORE.RISCV_CORE/if_stage_i/prefetch_32.prefetch_buffer_i/fifo_i/U550,AOI22_x1_0,True,"[135, 95, 136, 95]",615720,432600,N,STD_CELL_LEGAL
RISCY-a-2-c2,core_region_i/CORE.RISCV_CORE/if_stage_i/prefetch_32.prefetch_buffer_i/fifo_i/U551,ND2_x1_0,True,"[136, 93, 136, 94]",620340,424200,N,STD_CELL_LEGAL
RISCY-a-2-c2,core_region_i/CORE.RISCV_CORE/if_stage_i/prefetch_32.prefetch_buffer_i/fifo_i/U552,ND2_x1_0,True,"[134, 97, 134, 98]",611100,441000,N,STD_CELL_LEGAL
RISCY-a-2-c2,core_region_i/CORE.RISCV_CORE/if_stage_i/prefetch_32.prefetch_buffer_i/fifo_i/U553,AOI22_x1_0,True,"[132, 98, 133, 98]",601860,447300,FS,STD_CELL_LEGAL
RISCY-a-2-c2,core_region_i/CORE.RISCV_CORE/if_stage_i/prefetch_32.prefetch_buffer_i/fifo_i/U554,OAI211_x0_0,True,"[134, 98, 135, 98]",611100,447300,FS,STD_CELL_LEGAL
RISCY-a-2-c2,core_region_i/CORE.RISCV_CORE/if_stage_i/prefetch_32.prefetch_buffer_i/fifo_i/U555,AOI22_x1_0,True,"[134, 98, 134, 98]",611100,447300,FS,STD_CELL_LEGAL
RISCY-a-2-c2,core_region_i/CORE.RISCV_CORE/if_stage_i/prefetch_32.prefetch_buffer_i/fifo_i/U556,ND2_x1_0,True,"[134, 97, 134, 98]",611100,441000,N,STD_CELL_LEGAL
RISCY-a-2-c2,core_region_i/CORE.RISCV_CORE/if_stage_i/prefetch_32.prefetch_buffer_i/fifo_i/U557,ND2_x1_0,True,"[135, 97, 135, 98]",615720,441000,N,STD_CELL_LEGAL
RISCY-a-2-c2,core_region_i/CORE.RISCV_CORE/if_stage_i/prefetch_32.prefetch_buffer_i/fifo_i/U558,AOI22_x1_0,True,"[135, 97, 135, 98]",615720,441000,N,STD_CELL_LEGAL
RISCY-a-2-c2,core_region_i/CORE.RISCV_CORE/if_stage_i/prefetch_32.prefetch_buffer_i/fifo_i/U559,OAI211_x0_0,True,"[135, 98, 135, 98]",615720,447300,FS,STD_CELL_LEGAL
RISCY-a-2-c2,core_region_i/CORE.RISCV_CORE/if_stage_i/prefetch_32.prefetch_buffer_i/fifo_i/U560,AOI22_x1_0,True,"[135, 98, 136, 98]",615720,447300,FS,STD_CELL_LEGAL
RISCY-a-2-c2,core_region_i/CORE.RISCV_CORE/if_stage_i/prefetch_32.prefetch_buffer_i/fifo_i/U561,ND2_x1_0,True,"[136, 97, 136, 97]",620340,441000,N,STD_CELL_LEGAL
RISCY-a-2-c2,core_region_i/CORE.RISCV_CORE/if_stage_i/prefetch_32.prefetch_buffer_i/fifo_i/U562,INV_x1_0,False,"[133, 110, 133, 111]",606480,501900,FS,STD_CELL_LEGAL
RISCY-a-2-c2,core_region_i/CORE.RISCV_CORE/if_stage_i/prefetch_32.prefetch_buffer_i/fifo_i/U563,AN2_x0_0,True,"[131, 107, 132, 107]",597660,487200,N,STD_CELL_LEGAL
RISCY-a-2-c2,core_region_i/CORE.RISCV_CORE/if_stage_i/prefetch_32.prefetch_buffer_i/fifo_i/U564,MUX2N_x1_0,True,"[127, 122, 128, 122]",579180,556500,FS,STD_CELL_LEGAL
RISCY-a-2-c2,core_region_i/CORE.RISCV_CORE/if_stage_i/prefetch_32.prefetch_buffer_i/fifo_i/U565,MUX2N_x1_0,True,"[127, 123, 128, 123]",579180,560700,FS,STD_CELL_LEGAL
RISCY-a-2-c2,core_region_i/CORE.RISCV_CORE/if_stage_i/prefetch_32.prefetch_buffer_i/fifo_i/U566,MUX2N_x1_0,True,"[128, 120, 128, 121]",583800,546000,N,STD_CELL_LEGAL
RISCY-a-2-c2,core_region_i/CORE.RISCV_CORE/if_stage_i/prefetch_32.prefetch_buffer_i/fifo_i/U567,MUX2N_x1_0,True,"[127, 116, 128, 116]",579180,529200,N,STD_CELL_LEGAL
RISCY-a-2-c2,core_region_i/CORE.RISCV_CORE/if_stage_i/prefetch_32.prefetch_buffer_i/fifo_i/U568,MUX2N_x1_0,True,"[129, 116, 129, 116]",588420,529200,N,STD_CELL_LEGAL
RISCY-a-2-c2,core_region_i/CORE.RISCV_CORE/if_stage_i/prefetch_32.prefetch_buffer_i/fifo_i/U569,MUX2N_x1_0,True,"[121, 151, 122, 151]",551880,686700,FS,STD_CELL_LEGAL
RISCY-a-2-c2,core_region_i/CORE.RISCV_CORE/if_stage_i/prefetch_32.prefetch_buffer_i/fifo_i/U570,MUX2N_x1_0,True,"[115, 151, 116, 151]",524580,686700,FS,STD_CELL_LEGAL
RISCY-a-2-c2,core_region_i/CORE.RISCV_CORE/if_stage_i/prefetch_32.prefetch_buffer_i/fifo_i/U571,MUX2N_x1_0,True,"[126, 139, 127, 139]",574560,632100,FS,STD_CELL_LEGAL
RISCY-a-2-c2,core_region_i/CORE.RISCV_CORE/if_stage_i/prefetch_32.prefetch_buffer_i/fifo_i/U572,MUX2N_x1_0,True,"[127, 138, 127, 139]",579180,627900,FS,STD_CELL_LEGAL
RISCY-a-2-c2,core_region_i/CORE.RISCV_CORE/if_stage_i/prefetch_32.prefetch_buffer_i/fifo_i/U573,MUX2N_x1_0,True,"[127, 127, 128, 127]",579180,577500,FS,STD_CELL_LEGAL
RISCY-a-2-c2,core_region_i/CORE.RISCV_CORE/if_stage_i/prefetch_32.prefetch_buffer_i/fifo_i/U574,MUX2N_x1_0,True,"[127, 135, 128, 135]",579180,615300,FS,STD_CELL_LEGAL
RISCY-a-2-c2,core_region_i/CORE.RISCV_CORE/if_stage_i/prefetch_32.prefetch_buffer_i/fifo_i/U575,MUX2N_x1_0,True,"[115, 151, 116, 151]",524580,686700,FS,STD_CELL_LEGAL
RISCY-a-2-c2,core_region_i/CORE.RISCV_CORE/if_stage_i/prefetch_32.prefetch_buffer_i/fifo_i/U576,MUX2N_x1_0,True,"[115, 152, 115, 152]",524580,693000,N,STD_CELL_LEGAL
RISCY-a-2-c2,core_region_i/CORE.RISCV_CORE/if_stage_i/prefetch_32.prefetch_buffer_i/fifo_i/U577,MUX2N_x1_0,True,"[112, 161, 113, 161]",510720,732900,FS,STD_CELL_LEGAL
RISCY-a-2-c2,core_region_i/CORE.RISCV_CORE/if_stage_i/prefetch_32.prefetch_buffer_i/fifo_i/U578,MUX2N_x1_0,True,"[118, 161, 119, 162]",538020,732900,FS,STD_CELL_LEGAL
RISCY-a-2-c2,core_region_i/CORE.RISCV_CORE/if_stage_i/prefetch_32.prefetch_buffer_i/fifo_i/U579,MUX2N_x1_0,True,"[119, 162, 120, 162]",542640,737100,FS,STD_CELL_LEGAL
RISCY-a-2-c2,core_region_i/CORE.RISCV_CORE/if_stage_i/prefetch_32.prefetch_buffer_i/fifo_i/U580,MUX2N_x1_0,True,"[119, 162, 119, 162]",542640,737100,FS,STD_CELL_LEGAL
RISCY-a-2-c2,core_region_i/CORE.RISCV_CORE/if_stage_i/prefetch_32.prefetch_buffer_i/fifo_i/U581,MUX2N_x1_0,True,"[114, 154, 115, 154]",519960,701400,N,STD_CELL_LEGAL
RISCY-a-2-c2,core_region_i/CORE.RISCV_CORE/if_stage_i/prefetch_32.prefetch_buffer_i/fifo_i/U582,MUX2N_x1_0,True,"[112, 156, 113, 156]",510720,709800,N,STD_CELL_LEGAL
RISCY-a-2-c2,core_region_i/CORE.RISCV_CORE/if_stage_i/prefetch_32.prefetch_buffer_i/fifo_i/U583,MUX2N_x1_0,True,"[112, 157, 113, 158]",510720,714000,N,STD_CELL_LEGAL
RISCY-a-2-c2,core_region_i/CORE.RISCV_CORE/if_stage_i/prefetch_32.prefetch_buffer_i/fifo_i/U584,MUX2N_x1_0,True,"[112, 154, 112, 155]",510720,701400,N,STD_CELL_LEGAL
RISCY-a-2-c2,core_region_i/CORE.RISCV_CORE/if_stage_i/prefetch_32.prefetch_buffer_i/fifo_i/U585,MUX2N_x1_0,True,"[112, 155, 112, 156]",510720,705600,N,STD_CELL_LEGAL
RISCY-a-2-c2,core_region_i/CORE.RISCV_CORE/if_stage_i/prefetch_32.prefetch_buffer_i/fifo_i/U586,MUX2N_x1_0,True,"[112, 158, 113, 158]",510720,720300,FS,STD_CELL_LEGAL
RISCY-a-2-c2,core_region_i/CORE.RISCV_CORE/if_stage_i/prefetch_32.prefetch_buffer_i/fifo_i/U587,MUX2N_x1_0,True,"[112, 156, 113, 157]",510720,709800,N,STD_CELL_LEGAL
RISCY-a-2-c2,core_region_i/CORE.RISCV_CORE/if_stage_i/prefetch_32.prefetch_buffer_i/fifo_i/U588,MUX2N_x1_0,True,"[114, 162, 115, 162]",519960,737100,FS,STD_CELL_LEGAL
RISCY-a-2-c2,core_region_i/CORE.RISCV_CORE/if_stage_i/prefetch_32.prefetch_buffer_i/fifo_i/U589,MUX2N_x1_0,True,"[112, 160, 112, 160]",510720,728700,FS,STD_CELL_LEGAL
RISCY-a-2-c2,core_region_i/CORE.RISCV_CORE/if_stage_i/prefetch_32.prefetch_buffer_i/fifo_i/U590,MUX2N_x1_0,True,"[116, 161, 116, 162]",529200,732900,FS,STD_CELL_LEGAL
RISCY-a-2-c2,core_region_i/CORE.RISCV_CORE/if_stage_i/prefetch_32.prefetch_buffer_i/fifo_i/U591,MUX2N_x1_0,True,"[115, 162, 115, 162]",524580,737100,FS,STD_CELL_LEGAL
RISCY-a-2-c2,core_region_i/CORE.RISCV_CORE/if_stage_i/prefetch_32.prefetch_buffer_i/fifo_i/U592,NR2_x1_0,True,"[132, 109, 132, 109]",601860,495600,N,STD_CELL_LEGAL
RISCY-a-2-c2,core_region_i/CORE.RISCV_CORE/if_stage_i/prefetch_32.prefetch_buffer_i/fifo_i/U593,INV_x1_0,False,"[132, 108, 132, 108]",601860,491400,N,STD_CELL_LEGAL
RISCY-a-2-c2,core_region_i/CORE.RISCV_CORE/if_stage_i/prefetch_32.prefetch_buffer_i/fifo_i/U594,NR2_x1_0,True,"[133, 108, 133, 108]",606480,491400,N,STD_CELL_LEGAL
RISCY-a-2-c2,core_region_i/CORE.RISCV_CORE/if_stage_i/prefetch_32.prefetch_buffer_i/fifo_i/U595,OAI22_x1_0,True,"[133, 108, 133, 109]",606480,491400,N,STD_CELL_LEGAL
RISCY-a-2-c2,core_region_i/CORE.RISCV_CORE/if_stage_i/prefetch_32.prefetch_buffer_i/fifo_i/U596,MAOI22_x1_0,True,"[131, 108, 131, 109]",597660,491400,N,STD_CELL_LEGAL
RISCY-a-2-c2,core_region_i/CORE.RISCV_CORE/if_stage_i/prefetch_32.prefetch_buffer_i/fifo_i/U597,OAI22_x1_0,True,"[132, 109, 133, 109]",601860,495600,N,STD_CELL_LEGAL
RISCY-a-2-c2,core_region_i/CORE.RISCV_CORE/if_stage_i/prefetch_32.prefetch_buffer_i/fifo_i/U598,NR2_x1_0,True,"[131, 107, 131, 108]",597660,487200,N,STD_CELL_LEGAL
RISCY-a-2-c2,core_region_i/CORE.RISCV_CORE/if_stage_i/prefetch_32.prefetch_buffer_i/fifo_i/U599,IND2_x1_0,True,"[130, 107, 130, 108]",593040,487200,N,STD_CELL_LEGAL
RISCY-a-2-c2,core_region_i/CORE.RISCV_CORE/if_stage_i/prefetch_32.prefetch_buffer_i/fifo_i/U600,INV_x1_0,False,"[129, 107, 129, 107]",588420,487200,N,STD_CELL_LEGAL
RISCY-a-2-c2,core_region_i/CORE.RISCV_CORE/if_stage_i/prefetch_32.prefetch_buffer_i/fifo_i/U601,INR2_x1_0,True,"[130, 108, 131, 108]",593040,491400,N,STD_CELL_LEGAL
RISCY-a-2-c2,core_region_i/CORE.RISCV_CORE/if_stage_i/prefetch_32.prefetch_buffer_i/fifo_i/U602,IND2_x1_0,True,"[130, 108, 130, 108]",593040,491400,N,STD_CELL_LEGAL
RISCY-a-2-c2,core_region_i/CORE.RISCV_CORE/if_stage_i/prefetch_32.prefetch_buffer_i/fifo_i/U603,INV_x1_0,False,"[129, 107, 129, 107]",588420,487200,N,STD_CELL_LEGAL
RISCY-a-2-c2,core_region_i/CORE.RISCV_CORE/if_stage_i/prefetch_32.prefetch_buffer_i/fifo_i/U604,AO222_x1_0,True,"[126, 105, 127, 105]",574560,478800,N,STD_CELL_LEGAL
RISCY-a-2-c2,core_region_i/CORE.RISCV_CORE/if_stage_i/prefetch_32.prefetch_buffer_i/fifo_i/U605,AO222_x1_0,True,"[128, 104, 129, 104]",583800,474600,N,STD_CELL_LEGAL
RISCY-a-2-c2,core_region_i/CORE.RISCV_CORE/if_stage_i/prefetch_32.prefetch_buffer_i/fifo_i/U606,NR3_x0_0,True,"[130, 109, 131, 110]",593040,495600,N,STD_CELL_LEGAL
RISCY-a-2-c2,core_region_i/CORE.RISCV_CORE/if_stage_i/prefetch_32.prefetch_buffer_i/fifo_i/U607,MUX2_x1_0,True,"[127, 110, 127, 111]",579180,501900,FS,STD_CELL_LEGAL
RISCY-a-2-c2,core_region_i/CORE.RISCV_CORE/if_stage_i/prefetch_32.prefetch_buffer_i/fifo_i/U608,AO222_x1_0,True,"[127, 102, 127, 103]",579180,464100,FS,STD_CELL_LEGAL
RISCY-a-2-c2,core_region_i/CORE.RISCV_CORE/if_stage_i/prefetch_32.prefetch_buffer_i/fifo_i/U609,AO222_x1_0,True,"[129, 104, 129, 104]",588420,474600,N,STD_CELL_LEGAL
RISCY-a-2-c2,core_region_i/CORE.RISCV_CORE/if_stage_i/prefetch_32.prefetch_buffer_i/fifo_i/U610,AO222_x1_0,True,"[130, 102, 131, 102]",593040,464100,FS,STD_CELL_LEGAL
RISCY-a-2-c2,core_region_i/CORE.RISCV_CORE/if_stage_i/prefetch_32.prefetch_buffer_i/fifo_i/U611,AO222_x1_0,True,"[130, 103, 131, 103]",593040,468300,FS,STD_CELL_LEGAL
RISCY-a-2-c2,core_region_i/CORE.RISCV_CORE/if_stage_i/prefetch_32.prefetch_buffer_i/fifo_i/U612,OAI22_x1_0,True,"[132, 108, 132, 109]",601860,491400,N,STD_CELL_LEGAL
RISCY-a-2-c2,core_region_i/CORE.RISCV_CORE/if_stage_i/prefetch_32.prefetch_buffer_i/fifo_i/U613,AO222_x1_0,True,"[126, 105, 127, 106]",574560,478800,N,STD_CELL_LEGAL
RISCY-a-2-c2,core_region_i/CORE.RISCV_CORE/if_stage_i/prefetch_32.prefetch_buffer_i/fifo_i/U614,AO222_x1_0,True,"[127, 104, 128, 105]",579180,474600,N,STD_CELL_LEGAL
RISCY-a-2-c2,core_region_i/CORE.RISCV_CORE/if_stage_i/prefetch_32.prefetch_buffer_i/fifo_i/U615,MUX2_x1_0,True,"[130, 111, 131, 111]",593040,506100,FS,STD_CELL_LEGAL
RISCY-a-2-c2,core_region_i/CORE.RISCV_CORE/if_stage_i/prefetch_32.prefetch_buffer_i/fifo_i/U616,MUX2_x1_0,True,"[126, 111, 127, 112]",574560,506100,FS,STD_CELL_LEGAL
RISCY-a-2-c2,core_region_i/CORE.RISCV_CORE/if_stage_i/prefetch_32.prefetch_buffer_i/fifo_i/U617,MUX2_x1_0,True,"[130, 111, 131, 112]",593040,506100,FS,STD_CELL_LEGAL
RISCY-a-2-c2,core_region_i/CORE.RISCV_CORE/if_stage_i/prefetch_32.prefetch_buffer_i/fifo_i/U618,MUX2_x1_0,True,"[126, 113, 127, 113]",574560,514500,FS,STD_CELL_LEGAL
RISCY-a-2-c2,core_region_i/CORE.RISCV_CORE/if_stage_i/prefetch_32.prefetch_buffer_i/fifo_i/U619,MUX2_x1_0,True,"[126, 116, 126, 116]",574560,529200,N,STD_CELL_LEGAL
RISCY-a-2-c2,core_region_i/CORE.RISCV_CORE/if_stage_i/prefetch_32.prefetch_buffer_i/fifo_i/U620,MUX2_x1_0,True,"[108, 154, 109, 154]",492660,701400,N,STD_CELL_LEGAL
RISCY-a-2-c2,core_region_i/CORE.RISCV_CORE/if_stage_i/prefetch_32.prefetch_buffer_i/fifo_i/U621,MUX2_x1_0,True,"[108, 155, 109, 155]",492660,705600,N,STD_CELL_LEGAL
RISCY-a-2-c2,core_region_i/CORE.RISCV_CORE/if_stage_i/prefetch_32.prefetch_buffer_i/fifo_i/U622,MUX2_x1_0,True,"[108, 157, 109, 157]",492660,714000,N,STD_CELL_LEGAL
RISCY-a-2-c2,core_region_i/CORE.RISCV_CORE/if_stage_i/prefetch_32.prefetch_buffer_i/fifo_i/U623,MUX2_x1_0,True,"[108, 159, 108, 159]",492660,724500,FS,STD_CELL_LEGAL
RISCY-a-2-c2,core_region_i/CORE.RISCV_CORE/if_stage_i/prefetch_32.prefetch_buffer_i/fifo_i/U624,MUX2_x1_0,True,"[108, 162, 109, 162]",492660,737100,FS,STD_CELL_LEGAL
RISCY-a-2-c2,core_region_i/CORE.RISCV_CORE/if_stage_i/prefetch_32.prefetch_buffer_i/fifo_i/U625,MUX2_x1_0,True,"[113, 165, 113, 165]",515340,751800,N,STD_CELL_LEGAL
RISCY-a-2-c2,core_region_i/CORE.RISCV_CORE/if_stage_i/prefetch_32.prefetch_buffer_i/fifo_i/U626,MUX2_x1_0,True,"[114, 165, 115, 165]",519960,751800,N,STD_CELL_LEGAL
RISCY-a-2-c2,core_region_i/CORE.RISCV_CORE/if_stage_i/prefetch_32.prefetch_buffer_i/fifo_i/U627,MUX2_x1_0,True,"[116, 165, 116, 165]",529200,751800,N,STD_CELL_LEGAL
RISCY-a-2-c2,core_region_i/CORE.RISCV_CORE/if_stage_i/prefetch_32.prefetch_buffer_i/fifo_i/U628,MUX2_x1_0,True,"[118, 165, 118, 165]",538020,751800,N,STD_CELL_LEGAL
RISCY-a-2-c2,core_region_i/CORE.RISCV_CORE/if_stage_i/prefetch_32.prefetch_buffer_i/fifo_i/U629,MUX2_x1_0,True,"[120, 164, 120, 164]",547260,747600,N,STD_CELL_LEGAL
RISCY-a-2-c2,core_region_i/CORE.RISCV_CORE/if_stage_i/prefetch_32.prefetch_buffer_i/fifo_i/U630,MUX2_x1_0,True,"[117, 165, 118, 165]",533820,751800,N,STD_CELL_LEGAL
RISCY-a-2-c2,core_region_i/CORE.RISCV_CORE/if_stage_i/prefetch_32.prefetch_buffer_i/fifo_i/U631,MUX2_x1_0,True,"[111, 164, 112, 165]",506100,747600,N,STD_CELL_LEGAL
RISCY-a-2-c2,core_region_i/CORE.RISCV_CORE/if_stage_i/prefetch_32.prefetch_buffer_i/fifo_i/U632,MUX2_x1_0,True,"[111, 163, 111, 163]",506100,741300,FS,STD_CELL_LEGAL
RISCY-a-2-c2,core_region_i/CORE.RISCV_CORE/if_stage_i/prefetch_32.prefetch_buffer_i/fifo_i/U633,MUX2_x1_0,True,"[107, 158, 108, 158]",488040,720300,FS,STD_CELL_LEGAL
RISCY-a-2-c2,core_region_i/CORE.RISCV_CORE/if_stage_i/prefetch_32.prefetch_buffer_i/fifo_i/U634,MUX2_x1_0,True,"[109, 156, 109, 156]",497280,709800,N,STD_CELL_LEGAL
RISCY-a-2-c2,core_region_i/CORE.RISCV_CORE/if_stage_i/prefetch_32.prefetch_buffer_i/fifo_i/U635,MUX2_x1_0,True,"[108, 153, 109, 153]",492660,697200,N,STD_CELL_LEGAL
RISCY-a-2-c2,core_region_i/CORE.RISCV_CORE/if_stage_i/prefetch_32.prefetch_buffer_i/fifo_i/U636,MUX2_x1_0,True,"[108, 152, 108, 153]",492660,693000,N,STD_CELL_LEGAL
RISCY-a-2-c2,core_region_i/CORE.RISCV_CORE/if_stage_i/prefetch_32.prefetch_buffer_i/fifo_i/U637,MUX2_x1_0,True,"[107, 151, 108, 151]",488040,686700,FS,STD_CELL_LEGAL
RISCY-a-2-c2,core_region_i/CORE.RISCV_CORE/if_stage_i/prefetch_32.prefetch_buffer_i/fifo_i/U638,MUX2_x1_0,True,"[111, 152, 112, 153]",506100,693000,N,STD_CELL_LEGAL
RISCY-a-2-c2,core_region_i/CORE.RISCV_CORE/if_stage_i/prefetch_32.prefetch_buffer_i/fifo_i/U639,MUX2_x1_0,True,"[112, 151, 113, 151]",510720,686700,FS,STD_CELL_LEGAL
RISCY-a-2-c2,core_region_i/CORE.RISCV_CORE/if_stage_i/prefetch_32.prefetch_buffer_i/fifo_i/U640,MUX2_x1_0,True,"[126, 142, 127, 142]",574560,646800,N,STD_CELL_LEGAL
RISCY-a-2-c2,core_region_i/CORE.RISCV_CORE/if_stage_i/prefetch_32.prefetch_buffer_i/fifo_i/U641,MUX2_x1_0,True,"[126, 136, 127, 137]",574560,619500,FS,STD_CELL_LEGAL
RISCY-a-2-c2,core_region_i/CORE.RISCV_CORE/if_stage_i/prefetch_32.prefetch_buffer_i/fifo_i/U642,MUX2_x1_0,True,"[126, 132, 126, 132]",574560,600600,N,STD_CELL_LEGAL
RISCY-a-2-c2,core_region_i/CORE.RISCV_CORE/if_stage_i/prefetch_32.prefetch_buffer_i/fifo_i/U643,MUX2_x1_0,True,"[126, 124, 126, 125]",574560,564900,FS,STD_CELL_LEGAL
RISCY-a-2-c2,core_region_i/CORE.RISCV_CORE/if_stage_i/prefetch_32.prefetch_buffer_i/fifo_i/U644,MUX2_x1_0,True,"[126, 123, 127, 123]",574560,560700,FS,STD_CELL_LEGAL
RISCY-a-2-c2,core_region_i/CORE.RISCV_CORE/if_stage_i/prefetch_32.prefetch_buffer_i/fifo_i/U645,MUX2_x1_0,True,"[126, 121, 127, 121]",574560,550200,N,STD_CELL_LEGAL
RISCY-a-2-c2,core_region_i/CORE.RISCV_CORE/if_stage_i/prefetch_32.prefetch_buffer_i/fifo_i/U646,MUX2_x1_0,True,"[126, 119, 126, 120]",574560,541800,N,STD_CELL_LEGAL
RISCY-a-2-c2,core_region_i/CORE.RISCV_CORE/if_stage_i/prefetch_32.prefetch_buffer_i/fifo_i/U647,MUX2_x1_0,True,"[126, 117, 126, 118]",574560,533400,N,STD_CELL_LEGAL
RISCY-a-2-c2,core_region_i/CORE.RISCV_CORE/if_stage_i/prefetch_32.prefetch_buffer_i/fifo_i/U648,AO222_x1_0,True,"[128, 88, 129, 89]",583800,401100,FS,STD_CELL_LEGAL
RISCY-a-2-c2,core_region_i/CORE.RISCV_CORE/if_stage_i/prefetch_32.prefetch_buffer_i/fifo_i/U649,AO222_x1_0,True,"[128, 90, 129, 90]",583800,409500,FS,STD_CELL_LEGAL
RISCY-a-2-c2,core_region_i/CORE.RISCV_CORE/if_stage_i/prefetch_32.prefetch_buffer_i/fifo_i/U650,AO222_x1_0,True,"[127, 88, 127, 89]",579180,401100,FS,STD_CELL_LEGAL
RISCY-a-2-c2,core_region_i/CORE.RISCV_CORE/if_stage_i/prefetch_32.prefetch_buffer_i/fifo_i/U651,AO222_x1_0,True,"[127, 90, 128, 90]",579180,409500,FS,STD_CELL_LEGAL
RISCY-a-2-c2,core_region_i/CORE.RISCV_CORE/if_stage_i/prefetch_32.prefetch_buffer_i/fifo_i/U652,AO222_x1_0,True,"[129, 88, 130, 89]",588420,401100,FS,STD_CELL_LEGAL
RISCY-a-2-c2,core_region_i/CORE.RISCV_CORE/if_stage_i/prefetch_32.prefetch_buffer_i/fifo_i/U653,AO222_x1_0,True,"[129, 90, 130, 90]",588420,409500,FS,STD_CELL_LEGAL
RISCY-a-2-c2,core_region_i/CORE.RISCV_CORE/if_stage_i/prefetch_32.prefetch_buffer_i/fifo_i/U654,AO222_x1_0,True,"[126, 92, 127, 92]",574560,420000,N,STD_CELL_LEGAL
RISCY-a-2-c2,core_region_i/CORE.RISCV_CORE/if_stage_i/prefetch_32.prefetch_buffer_i/fifo_i/U655,AO222_x1_0,True,"[128, 92, 128, 92]",583800,420000,N,STD_CELL_LEGAL
RISCY-a-2-c2,core_region_i/CORE.RISCV_CORE/if_stage_i/prefetch_32.prefetch_buffer_i/fifo_i/U656,AO222_x1_0,True,"[130, 89, 131, 89]",593040,405300,FS,STD_CELL_LEGAL
RISCY-a-2-c2,core_region_i/CORE.RISCV_CORE/if_stage_i/prefetch_32.prefetch_buffer_i/fifo_i/U657,AO222_x1_0,True,"[130, 90, 131, 90]",593040,409500,FS,STD_CELL_LEGAL
RISCY-a-2-c2,core_region_i/CORE.RISCV_CORE/if_stage_i/prefetch_32.prefetch_buffer_i/fifo_i/U658,AO222_x1_0,True,"[126, 96, 127, 96]",574560,436800,N,STD_CELL_LEGAL
RISCY-a-2-c2,core_region_i/CORE.RISCV_CORE/if_stage_i/prefetch_32.prefetch_buffer_i/fifo_i/U659,AO222_x1_0,True,"[127, 95, 128, 96]",579180,432600,N,STD_CELL_LEGAL
RISCY-a-2-c2,core_region_i/CORE.RISCV_CORE/if_stage_i/prefetch_32.prefetch_buffer_i/fifo_i/U660,AO222_x1_0,True,"[138, 93, 138, 93]",629580,424200,N,STD_CELL_LEGAL
RISCY-a-2-c2,core_region_i/CORE.RISCV_CORE/if_stage_i/prefetch_32.prefetch_buffer_i/fifo_i/U661,AO222_x1_0,True,"[136, 93, 137, 94]",620340,424200,N,STD_CELL_LEGAL
RISCY-a-2-c2,core_region_i/CORE.RISCV_CORE/if_stage_i/prefetch_32.prefetch_buffer_i/fifo_i/U662,AO222_x1_0,True,"[133, 101, 134, 102]",606480,459900,FS,STD_CELL_LEGAL
RISCY-a-2-c2,core_region_i/CORE.RISCV_CORE/if_stage_i/prefetch_32.prefetch_buffer_i/fifo_i/U663,AO222_x1_0,True,"[133, 102, 134, 102]",606480,464100,FS,STD_CELL_LEGAL
RISCY-a-2-c2,core_region_i/CORE.RISCV_CORE/if_stage_i/prefetch_32.prefetch_buffer_i/fifo_i/U664,AO222_x1_0,True,"[130, 88, 131, 89]",593040,401100,FS,STD_CELL_LEGAL
RISCY-a-2-c2,core_region_i/CORE.RISCV_CORE/if_stage_i/prefetch_32.prefetch_buffer_i/fifo_i/U665,AO222_x1_0,True,"[131, 90, 132, 91]",597660,409500,FS,STD_CELL_LEGAL
RISCY-a-2-c2,core_region_i/CORE.RISCV_CORE/if_stage_i/prefetch_32.prefetch_buffer_i/fifo_i/U666,AO222_x1_0,True,"[126, 100, 127, 100]",574560,455700,FS,STD_CELL_LEGAL
RISCY-a-2-c2,core_region_i/CORE.RISCV_CORE/if_stage_i/prefetch_32.prefetch_buffer_i/fifo_i/U667,AO222_x1_0,True,"[127, 99, 128, 100]",579180,451500,FS,STD_CELL_LEGAL
RISCY-a-2-c2,core_region_i/CORE.RISCV_CORE/if_stage_i/prefetch_32.prefetch_buffer_i/fifo_i/U668,AO222_x1_0,True,"[132, 89, 133, 89]",601860,405300,FS,STD_CELL_LEGAL
RISCY-a-2-c2,core_region_i/CORE.RISCV_CORE/if_stage_i/prefetch_32.prefetch_buffer_i/fifo_i/U669,AO222_x1_0,True,"[132, 90, 133, 91]",601860,409500,FS,STD_CELL_LEGAL
RISCY-a-2-c2,core_region_i/CORE.RISCV_CORE/if_stage_i/prefetch_32.prefetch_buffer_i/fifo_i/U670,AO222_x1_0,True,"[127, 101, 128, 102]",579180,459900,FS,STD_CELL_LEGAL
RISCY-a-2-c2,core_region_i/CORE.RISCV_CORE/if_stage_i/prefetch_32.prefetch_buffer_i/fifo_i/U671,AO222_x1_0,True,"[127, 102, 128, 102]",579180,464100,FS,STD_CELL_LEGAL
RISCY-a-2-c2,core_region_i/CORE.RISCV_CORE/if_stage_i/prefetch_32.prefetch_buffer_i/fifo_i/U672,AO222_x1_0,True,"[134, 88, 134, 89]",611100,401100,FS,STD_CELL_LEGAL
RISCY-a-2-c2,core_region_i/CORE.RISCV_CORE/if_stage_i/prefetch_32.prefetch_buffer_i/fifo_i/U673,AO222_x1_0,True,"[133, 91, 134, 91]",606480,413700,FS,STD_CELL_LEGAL
RISCY-a-2-c2,core_region_i/CORE.RISCV_CORE/if_stage_i/prefetch_32.prefetch_buffer_i/fifo_i/U674,AO222_x1_0,True,"[126, 97, 127, 98]",574560,441000,N,STD_CELL_LEGAL
RISCY-a-2-c2,core_region_i/CORE.RISCV_CORE/if_stage_i/prefetch_32.prefetch_buffer_i/fifo_i/U675,AO222_x1_0,True,"[128, 97, 128, 98]",583800,441000,N,STD_CELL_LEGAL
RISCY-a-2-c2,core_region_i/CORE.RISCV_CORE/if_stage_i/prefetch_32.prefetch_buffer_i/fifo_i/U676,AO222_x1_0,True,"[137, 99, 138, 99]",624960,451500,FS,STD_CELL_LEGAL
RISCY-a-2-c2,core_region_i/CORE.RISCV_CORE/if_stage_i/prefetch_32.prefetch_buffer_i/fifo_i/U677,AO222_x1_0,True,"[137, 99, 137, 99]",624960,451500,FS,STD_CELL_LEGAL
RISCY-a-2-c2,core_region_i/CORE.RISCV_CORE/if_stage_i/prefetch_32.prefetch_buffer_i/fifo_i/U678,AO222_x1_0,True,"[126, 98, 127, 99]",574560,447300,FS,STD_CELL_LEGAL
RISCY-a-2-c2,core_region_i/CORE.RISCV_CORE/if_stage_i/prefetch_32.prefetch_buffer_i/fifo_i/U679,AO222_x1_0,True,"[127, 98, 128, 99]",579180,447300,FS,STD_CELL_LEGAL
RISCY-a-2-c2,core_region_i/CORE.RISCV_CORE/if_stage_i/prefetch_32.prefetch_buffer_i/fifo_i/U680,AO222_x1_0,True,"[136, 91, 137, 91]",620340,413700,FS,STD_CELL_LEGAL
RISCY-a-2-c2,core_region_i/CORE.RISCV_CORE/if_stage_i/prefetch_32.prefetch_buffer_i/fifo_i/U681,AO222_x1_0,True,"[136, 92, 137, 93]",620340,420000,N,STD_CELL_LEGAL
RISCY-a-2-c2,core_region_i/CORE.RISCV_CORE/if_stage_i/prefetch_32.prefetch_buffer_i/fifo_i/U682,AO222_x1_0,True,"[126, 93, 127, 94]",574560,424200,N,STD_CELL_LEGAL
RISCY-a-2-c2,core_region_i/CORE.RISCV_CORE/if_stage_i/prefetch_32.prefetch_buffer_i/fifo_i/U683,AO222_x1_0,True,"[127, 93, 128, 94]",579180,424200,N,STD_CELL_LEGAL
RISCY-a-2-c2,core_region_i/CORE.RISCV_CORE/if_stage_i/prefetch_32.prefetch_buffer_i/fifo_i/U684,AO222_x1_0,True,"[138, 96, 139, 97]",629580,436800,N,STD_CELL_LEGAL
RISCY-a-2-c2,core_region_i/CORE.RISCV_CORE/if_stage_i/prefetch_32.prefetch_buffer_i/fifo_i/U685,AO222_x1_0,True,"[137, 96, 137, 96]",624960,436800,N,STD_CELL_LEGAL
RISCY-a-2-c2,core_region_i/CORE.RISCV_CORE/if_stage_i/prefetch_32.prefetch_buffer_i/fifo_i/U686,AO222_x1_0,True,"[127, 100, 127, 101]",579180,455700,FS,STD_CELL_LEGAL
RISCY-a-2-c2,core_region_i/CORE.RISCV_CORE/if_stage_i/prefetch_32.prefetch_buffer_i/fifo_i/U687,AO222_x1_0,True,"[127, 101, 128, 101]",579180,459900,FS,STD_CELL_LEGAL
RISCY-a-2-c2,core_region_i/CORE.RISCV_CORE/if_stage_i/prefetch_32.prefetch_buffer_i/fifo_i/U688,AO222_x1_0,True,"[135, 90, 135, 91]",615720,409500,FS,STD_CELL_LEGAL
RISCY-a-2-c2,core_region_i/CORE.RISCV_CORE/if_stage_i/prefetch_32.prefetch_buffer_i/fifo_i/U689,AO222_x1_0,True,"[135, 92, 135, 92]",615720,420000,N,STD_CELL_LEGAL
RISCY-a-2-c2,core_region_i/CORE.RISCV_CORE/if_stage_i/prefetch_32.prefetch_buffer_i/fifo_i/U690,AO222_x1_0,True,"[127, 91, 127, 91]",579180,413700,FS,STD_CELL_LEGAL
RISCY-a-2-c2,core_region_i/CORE.RISCV_CORE/if_stage_i/prefetch_32.prefetch_buffer_i/fifo_i/U691,AO222_x1_0,True,"[128, 90, 129, 91]",583800,409500,FS,STD_CELL_LEGAL
RISCY-a-2-c2,core_region_i/CORE.RISCV_CORE/if_stage_i/prefetch_32.prefetch_buffer_i/fifo_i/U692,AO222_x1_0,True,"[138, 95, 139, 95]",629580,432600,N,STD_CELL_LEGAL
RISCY-a-2-c2,core_region_i/CORE.RISCV_CORE/if_stage_i/prefetch_32.prefetch_buffer_i/fifo_i/U693,AO222_x1_0,True,"[136, 95, 137, 95]",620340,432600,N,STD_CELL_LEGAL
RISCY-a-2-c2,core_region_i/CORE.RISCV_CORE/if_stage_i/prefetch_32.prefetch_buffer_i/fifo_i/U694,AO222_x1_0,True,"[126, 95, 127, 95]",574560,432600,N,STD_CELL_LEGAL
RISCY-a-2-c2,core_region_i/CORE.RISCV_CORE/if_stage_i/prefetch_32.prefetch_buffer_i/fifo_i/U695,AO222_x1_0,True,"[129, 95, 130, 95]",588420,432600,N,STD_CELL_LEGAL
RISCY-a-2-c2,core_region_i/CORE.RISCV_CORE/if_stage_i/prefetch_32.prefetch_buffer_i/fifo_i/U696,AO222_x1_0,True,"[138, 101, 139, 102]",629580,459900,FS,STD_CELL_LEGAL
RISCY-a-2-c2,core_region_i/CORE.RISCV_CORE/if_stage_i/prefetch_32.prefetch_buffer_i/fifo_i/U697,AO222_x1_0,True,"[137, 101, 138, 101]",624960,459900,FS,STD_CELL_LEGAL
RISCY-a-2-c2,core_region_i/CORE.RISCV_CORE/if_stage_i/prefetch_32.prefetch_buffer_i/fifo_i/U698,AO222_x1_0,True,"[131, 102, 132, 102]",597660,464100,FS,STD_CELL_LEGAL
RISCY-a-2-c2,core_region_i/CORE.RISCV_CORE/if_stage_i/prefetch_32.prefetch_buffer_i/fifo_i/U699,AO222_x1_0,True,"[131, 103, 132, 103]",597660,468300,FS,STD_CELL_LEGAL
RISCY-a-2-c2,core_region_i/CORE.RISCV_CORE/if_stage_i/prefetch_32.prefetch_buffer_i/fifo_i/U700,AO222_x1_0,True,"[138, 98, 139, 98]",629580,447300,FS,STD_CELL_LEGAL
RISCY-a-2-c2,core_region_i/CORE.RISCV_CORE/if_stage_i/prefetch_32.prefetch_buffer_i/fifo_i/U701,AO222_x1_0,True,"[137, 97, 138, 98]",624960,441000,N,STD_CELL_LEGAL
RISCY-a-2-c2,core_region_i/CORE.RISCV_CORE/if_stage_i/prefetch_32.prefetch_buffer_i/fifo_i/U702,AO222_x1_0,True,"[126, 96, 127, 97]",574560,436800,N,STD_CELL_LEGAL
RISCY-a-2-c2,core_region_i/CORE.RISCV_CORE/if_stage_i/prefetch_32.prefetch_buffer_i/fifo_i/U703,AO222_x1_0,True,"[127, 96, 128, 96]",579180,436800,N,STD_CELL_LEGAL
RISCY-a-2-c2,core_region_i/CORE.RISCV_CORE/if_stage_i/prefetch_32.prefetch_buffer_i/hwlp_CS_reg[0],DFCNQ_x1_0,True,"[128, 113, 130, 113]",583800,514500,FS,STD_CELL_LEGAL
RISCY-a-2-c2,core_region_i/CORE.RISCV_CORE/if_stage_i/prefetch_32.prefetch_buffer_i/CS_reg[0],DFCNQ_x1_0,True,"[133, 112, 135, 112]",606480,510300,FS,STD_CELL_LEGAL
RISCY-a-2-c2,core_region_i/CORE.RISCV_CORE/if_stage_i/prefetch_32.prefetch_buffer_i/CS_reg[1],DFCNQ_x1_0,True,"[133, 111, 135, 112]",606480,506100,FS,STD_CELL_LEGAL
RISCY-a-2-c2,core_region_i/CORE.RISCV_CORE/if_stage_i/prefetch_32.prefetch_buffer_i/instr_addr_q_reg[1],DFCNQ_x1_0,True,"[130, 116, 132, 116]",593040,529200,N,STD_CELL_LEGAL
RISCY-a-2-c2,core_region_i/CORE.RISCV_CORE/if_stage_i/prefetch_32.prefetch_buffer_i/instr_addr_q_reg[2],DFCNQ_x1_0,True,"[128, 116, 130, 116]",583800,529200,N,STD_CELL_LEGAL
RISCY-a-2-c2,core_region_i/CORE.RISCV_CORE/if_stage_i/prefetch_32.prefetch_buffer_i/hwlp_CS_reg[2],DFCNQ_x1_0,True,"[128, 114, 130, 115]",583800,518700,FS,STD_CELL_LEGAL
RISCY-a-2-c2,core_region_i/CORE.RISCV_CORE/if_stage_i/prefetch_32.prefetch_buffer_i/hwlp_CS_reg[1],DFCNQ_x1_0,True,"[128, 112, 130, 113]",583800,510300,FS,STD_CELL_LEGAL
RISCY-a-2-c2,core_region_i/CORE.RISCV_CORE/if_stage_i/prefetch_32.prefetch_buffer_i/instr_addr_q_reg[31],DFCNQ_x1_0,True,"[112, 154, 113, 154]",510720,701400,N,STD_CELL_LEGAL
RISCY-a-2-c2,core_region_i/CORE.RISCV_CORE/if_stage_i/prefetch_32.prefetch_buffer_i/instr_addr_q_reg[0],DFCNQ_x1_0,True,"[128, 115, 130, 115]",583800,522900,FS,STD_CELL_LEGAL
RISCY-a-2-c2,core_region_i/CORE.RISCV_CORE/if_stage_i/prefetch_32.prefetch_buffer_i/instr_addr_q_reg[30],DFCNQ_x1_0,True,"[112, 155, 114, 155]",510720,705600,N,STD_CELL_LEGAL
RISCY-a-2-c2,core_region_i/CORE.RISCV_CORE/if_stage_i/prefetch_32.prefetch_buffer_i/instr_addr_q_reg[29],DFCNQ_x1_0,True,"[112, 157, 114, 157]",510720,714000,N,STD_CELL_LEGAL
RISCY-a-2-c2,core_region_i/CORE.RISCV_CORE/if_stage_i/prefetch_32.prefetch_buffer_i/instr_addr_q_reg[28],DFCNQ_x1_0,True,"[112, 158, 114, 159]",510720,720300,FS,STD_CELL_LEGAL
RISCY-a-2-c2,core_region_i/CORE.RISCV_CORE/if_stage_i/prefetch_32.prefetch_buffer_i/instr_addr_q_reg[27],DFCNQ_x1_0,True,"[112, 159, 114, 159]",510720,724500,FS,STD_CELL_LEGAL
RISCY-a-2-c2,core_region_i/CORE.RISCV_CORE/if_stage_i/prefetch_32.prefetch_buffer_i/instr_addr_q_reg[26],DFCNQ_x1_0,True,"[113, 162, 114, 163]",515340,737100,FS,STD_CELL_LEGAL
RISCY-a-2-c2,core_region_i/CORE.RISCV_CORE/if_stage_i/prefetch_32.prefetch_buffer_i/instr_addr_q_reg[25],DFCNQ_x1_0,True,"[114, 162, 116, 163]",519960,737100,FS,STD_CELL_LEGAL
RISCY-a-2-c2,core_region_i/CORE.RISCV_CORE/if_stage_i/prefetch_32.prefetch_buffer_i/instr_addr_q_reg[24],DFCNQ_x1_0,True,"[115, 162, 117, 162]",524580,737100,FS,STD_CELL_LEGAL
RISCY-a-2-c2,core_region_i/CORE.RISCV_CORE/if_stage_i/prefetch_32.prefetch_buffer_i/instr_addr_q_reg[23],DFCNQ_x1_0,True,"[117, 162, 119, 162]",533820,737100,FS,STD_CELL_LEGAL
RISCY-a-2-c2,core_region_i/CORE.RISCV_CORE/if_stage_i/prefetch_32.prefetch_buffer_i/instr_addr_q_reg[22],DFCNQ_x1_0,True,"[119, 163, 121, 163]",542640,741300,FS,STD_CELL_LEGAL
RISCY-a-2-c2,core_region_i/CORE.RISCV_CORE/if_stage_i/prefetch_32.prefetch_buffer_i/instr_addr_q_reg[21],DFCNQ_x1_0,True,"[118, 162, 120, 163]",538020,737100,FS,STD_CELL_LEGAL
RISCY-a-2-c2,core_region_i/CORE.RISCV_CORE/if_stage_i/prefetch_32.prefetch_buffer_i/instr_addr_q_reg[20],DFCNQ_x1_0,True,"[112, 162, 114, 162]",510720,737100,FS,STD_CELL_LEGAL
RISCY-a-2-c2,core_region_i/CORE.RISCV_CORE/if_stage_i/prefetch_32.prefetch_buffer_i/instr_addr_q_reg[19],DFCNQ_x1_0,True,"[111, 159, 113, 160]",506100,724500,FS,STD_CELL_LEGAL
RISCY-a-2-c2,core_region_i/CORE.RISCV_CORE/if_stage_i/prefetch_32.prefetch_buffer_i/instr_addr_q_reg[18],DFCNQ_x1_0,True,"[112, 158, 114, 158]",510720,720300,FS,STD_CELL_LEGAL
RISCY-a-2-c2,core_region_i/CORE.RISCV_CORE/if_stage_i/prefetch_32.prefetch_buffer_i/instr_addr_q_reg[17],DFCNQ_x1_0,True,"[112, 155, 114, 156]",510720,705600,N,STD_CELL_LEGAL
RISCY-a-2-c2,core_region_i/CORE.RISCV_CORE/if_stage_i/prefetch_32.prefetch_buffer_i/instr_addr_q_reg[16],DFCNQ_x1_0,True,"[111, 153, 113, 154]",506100,697200,N,STD_CELL_LEGAL
RISCY-a-2-c2,core_region_i/CORE.RISCV_CORE/if_stage_i/prefetch_32.prefetch_buffer_i/instr_addr_q_reg[15],DFCNQ_x1_0,True,"[112, 152, 114, 153]",510720,693000,N,STD_CELL_LEGAL
RISCY-a-2-c2,core_region_i/CORE.RISCV_CORE/if_stage_i/prefetch_32.prefetch_buffer_i/instr_addr_q_reg[14],DFCNQ_x1_0,True,"[113, 152, 114, 152]",515340,693000,N,STD_CELL_LEGAL
RISCY-a-2-c2,core_region_i/CORE.RISCV_CORE/if_stage_i/prefetch_32.prefetch_buffer_i/instr_addr_q_reg[13],DFCNQ_x1_0,True,"[115, 152, 117, 152]",524580,693000,N,STD_CELL_LEGAL
RISCY-a-2-c2,core_region_i/CORE.RISCV_CORE/if_stage_i/prefetch_32.prefetch_buffer_i/instr_addr_q_reg[12],DFCNQ_x1_0,True,"[126, 144, 127, 144]",574560,655200,N,STD_CELL_LEGAL
RISCY-a-2-c2,core_region_i/CORE.RISCV_CORE/if_stage_i/prefetch_32.prefetch_buffer_i/instr_addr_q_reg[11],DFCNQ_x1_0,True,"[126, 142, 128, 143]",574560,646800,N,STD_CELL_LEGAL
RISCY-a-2-c2,core_region_i/CORE.RISCV_CORE/if_stage_i/prefetch_32.prefetch_buffer_i/instr_addr_q_reg[10],DFCNQ_x1_0,True,"[126, 135, 127, 136]",574560,615300,FS,STD_CELL_LEGAL
RISCY-a-2-c2,core_region_i/CORE.RISCV_CORE/if_stage_i/prefetch_32.prefetch_buffer_i/instr_addr_q_reg[9],DFCNQ_x1_0,True,"[126, 132, 128, 132]",574560,600600,N,STD_CELL_LEGAL
RISCY-a-2-c2,core_region_i/CORE.RISCV_CORE/if_stage_i/prefetch_32.prefetch_buffer_i/instr_addr_q_reg[8],DFCNQ_x1_0,True,"[126, 125, 127, 125]",574560,569100,FS,STD_CELL_LEGAL
RISCY-a-2-c2,core_region_i/CORE.RISCV_CORE/if_stage_i/prefetch_32.prefetch_buffer_i/instr_addr_q_reg[7],DFCNQ_x1_0,True,"[127, 122, 129, 123]",579180,556500,FS,STD_CELL_LEGAL
RISCY-a-2-c2,core_region_i/CORE.RISCV_CORE/if_stage_i/prefetch_32.prefetch_buffer_i/instr_addr_q_reg[6],DFCNQ_x1_0,True,"[128, 121, 130, 122]",583800,550200,N,STD_CELL_LEGAL
RISCY-a-2-c2,core_region_i/CORE.RISCV_CORE/if_stage_i/prefetch_32.prefetch_buffer_i/instr_addr_q_reg[5],DFCNQ_x1_0,True,"[129, 119, 131, 120]",588420,541800,N,STD_CELL_LEGAL
RISCY-a-2-c2,core_region_i/CORE.RISCV_CORE/if_stage_i/prefetch_32.prefetch_buffer_i/instr_addr_q_reg[4],DFCNQ_x1_0,True,"[127, 118, 129, 119]",579180,537600,N,STD_CELL_LEGAL
RISCY-a-2-c2,core_region_i/CORE.RISCV_CORE/if_stage_i/prefetch_32.prefetch_buffer_i/instr_addr_q_reg[3],DFCNQ_x1_0,True,"[127, 116, 129, 117]",579180,529200,N,STD_CELL_LEGAL
RISCY-a-2-c2,core_region_i/CORE.RISCV_CORE/if_stage_i/prefetch_32.prefetch_buffer_i/U3,AO21_x2_0,True,"[131, 113, 131, 113]",597660,514500,FS,STD_CELL_LEGAL
RISCY-a-2-c2,core_region_i/CORE.RISCV_CORE/if_stage_i/prefetch_32.prefetch_buffer_i/U4,OAI211_x1_0,True,"[113, 154, 114, 154]",515340,701400,N,STD_CELL_LEGAL
RISCY-a-2-c2,core_region_i/CORE.RISCV_CORE/if_stage_i/prefetch_32.prefetch_buffer_i/U5,OAI211_x0_0,True,"[132, 113, 132, 114]",601860,514500,FS,STD_CELL_LEGAL
RISCY-a-2-c2,core_region_i/CORE.RISCV_CORE/if_stage_i/prefetch_32.prefetch_buffer_i/U6,AOI211_x0_0,True,"[133, 114, 133, 115]",606480,518700,FS,STD_CELL_LEGAL
RISCY-a-2-c2,core_region_i/CORE.RISCV_CORE/if_stage_i/prefetch_32.prefetch_buffer_i/U7,OAI221_x0_0,True,"[117, 161, 118, 161]",533820,732900,FS,STD_CELL_LEGAL
RISCY-a-2-c2,core_region_i/CORE.RISCV_CORE/if_stage_i/prefetch_32.prefetch_buffer_i/U8,OAI211_x0_0,True,"[115, 160, 116, 161]",524580,728700,FS,STD_CELL_LEGAL
RISCY-a-2-c2,core_region_i/CORE.RISCV_CORE/if_stage_i/prefetch_32.prefetch_buffer_i/U9,OAI221_x0_0,True,"[114, 159, 115, 159]",519960,724500,FS,STD_CELL_LEGAL
RISCY-a-2-c2,core_region_i/CORE.RISCV_CORE/if_stage_i/prefetch_32.prefetch_buffer_i/U10,INV_x1_0,False,"[133, 115, 133, 115]",606480,522900,FS,STD_CELL_LEGAL
RISCY-a-2-c2,core_region_i/CORE.RISCV_CORE/if_stage_i/prefetch_32.prefetch_buffer_i/U11,NR2_x1_0,True,"[131, 115, 132, 115]",597660,522900,FS,STD_CELL_LEGAL
RISCY-a-2-c2,core_region_i/CORE.RISCV_CORE/if_stage_i/prefetch_32.prefetch_buffer_i/U12,NR3_x0_0,True,"[130, 112, 131, 112]",593040,510300,FS,STD_CELL_LEGAL
RISCY-a-2-c2,core_region_i/CORE.RISCV_CORE/if_stage_i/prefetch_32.prefetch_buffer_i/U13,AOI211_x0_0,True,"[132, 113, 133, 114]",601860,514500,FS,STD_CELL_LEGAL
RISCY-a-2-c2,core_region_i/CORE.RISCV_CORE/if_stage_i/prefetch_32.prefetch_buffer_i/U14,INR2_x1_0,True,"[131, 115, 131, 116]",597660,522900,FS,STD_CELL_LEGAL
RISCY-a-2-c2,core_region_i/CORE.RISCV_CORE/if_stage_i/prefetch_32.prefetch_buffer_i/U15,AN4_x0_0,True,"[131, 111, 131, 112]",597660,506100,FS,STD_CELL_LEGAL
RISCY-a-2-c2,core_region_i/CORE.RISCV_CORE/if_stage_i/prefetch_32.prefetch_buffer_i/U16,OAI221_x0_0,True,"[128, 123, 129, 123]",583800,560700,FS,STD_CELL_LEGAL
RISCY-a-2-c2,core_region_i/CORE.RISCV_CORE/if_stage_i/prefetch_32.prefetch_buffer_i/U17,OAI221_x0_0,True,"[128, 128, 128, 128]",583800,583800,N,STD_CELL_LEGAL
RISCY-a-2-c2,core_region_i/CORE.RISCV_CORE/if_stage_i/prefetch_32.prefetch_buffer_i/U18,OAI221_x0_0,True,"[114, 160, 114, 160]",519960,728700,FS,STD_CELL_LEGAL
RISCY-a-2-c2,core_region_i/CORE.RISCV_CORE/if_stage_i/prefetch_32.prefetch_buffer_i/U19,OAI211_x0_0,True,"[116, 161, 117, 161]",529200,732900,FS,STD_CELL_LEGAL
RISCY-a-2-c2,core_region_i/CORE.RISCV_CORE/if_stage_i/prefetch_32.prefetch_buffer_i/U20,OAI211_x0_0,True,"[114, 161, 115, 161]",519960,732900,FS,STD_CELL_LEGAL
RISCY-a-2-c2,core_region_i/CORE.RISCV_CORE/if_stage_i/prefetch_32.prefetch_buffer_i/U21,OAI211_x0_0,True,"[115, 158, 116, 158]",524580,720300,FS,STD_CELL_LEGAL
RISCY-a-2-c2,core_region_i/CORE.RISCV_CORE/if_stage_i/prefetch_32.prefetch_buffer_i/U22,OAI221_x0_0,True,"[114, 156, 114, 157]",519960,709800,N,STD_CELL_LEGAL
RISCY-a-2-c2,core_region_i/CORE.RISCV_CORE/if_stage_i/prefetch_32.prefetch_buffer_i/U23,OAI211_x0_0,True,"[114, 155, 114, 155]",519960,705600,N,STD_CELL_LEGAL
RISCY-a-2-c2,core_region_i/CORE.RISCV_CORE/if_stage_i/prefetch_32.prefetch_buffer_i/U24,AOI211_0100_x1_0,True,"[131, 113, 132, 113]",597660,514500,FS,STD_CELL_LEGAL
RISCY-a-2-c2,core_region_i/CORE.RISCV_CORE/if_stage_i/prefetch_32.prefetch_buffer_i/U25,NR3_x0_0,True,"[115, 151, 115, 152]",524580,686700,FS,STD_CELL_LEGAL
RISCY-a-2-c2,core_region_i/CORE.RISCV_CORE/if_stage_i/prefetch_32.prefetch_buffer_i/U26,NR2_x1_0,True,"[115, 160, 116, 160]",524580,728700,FS,STD_CELL_LEGAL
RISCY-a-2-c2,core_region_i/CORE.RISCV_CORE/if_stage_i/prefetch_32.prefetch_buffer_i/U27,NR2_x1_0,True,"[133, 115, 133, 116]",606480,522900,FS,STD_CELL_LEGAL
RISCY-a-2-c2,core_region_i/CORE.RISCV_CORE/if_stage_i/prefetch_32.prefetch_buffer_i/U28,NR3_x0_0,True,"[127, 121, 128, 121]",579180,550200,N,STD_CELL_LEGAL
RISCY-a-2-c2,core_region_i/CORE.RISCV_CORE/if_stage_i/prefetch_32.prefetch_buffer_i/U29,NR2_x1_0,True,"[130, 118, 130, 118]",593040,537600,N,STD_CELL_LEGAL
RISCY-a-2-c2,core_region_i/CORE.RISCV_CORE/if_stage_i/prefetch_32.prefetch_buffer_i/U30,INV_x1_0,False,"[128, 128, 128, 128]",583800,583800,N,STD_CELL_LEGAL
RISCY-a-2-c2,core_region_i/CORE.RISCV_CORE/if_stage_i/prefetch_32.prefetch_buffer_i/U31,INV_x1_0,False,"[128, 128, 128, 128]",583800,583800,N,STD_CELL_LEGAL
RISCY-a-2-c2,core_region_i/CORE.RISCV_CORE/if_stage_i/prefetch_32.prefetch_buffer_i/U32,NR3_x0_0,True,"[133, 112, 133, 113]",606480,510300,FS,STD_CELL_LEGAL
RISCY-a-2-c2,core_region_i/CORE.RISCV_CORE/if_stage_i/prefetch_32.prefetch_buffer_i/U33,INV_x1_0,False,"[128, 128, 128, 128]",583800,583800,N,STD_CELL_LEGAL
RISCY-a-2-c2,core_region_i/CORE.RISCV_CORE/if_stage_i/prefetch_32.prefetch_buffer_i/U34,INV_x1_0,False,"[128, 128, 128, 128]",583800,583800,N,STD_CELL_LEGAL
RISCY-a-2-c2,core_region_i/CORE.RISCV_CORE/if_stage_i/prefetch_32.prefetch_buffer_i/U35,INV_x1_0,False,"[128, 128, 128, 128]",583800,583800,N,STD_CELL_LEGAL
RISCY-a-2-c2,core_region_i/CORE.RISCV_CORE/if_stage_i/prefetch_32.prefetch_buffer_i/U36,INV_x1_0,False,"[128, 128, 128, 128]",583800,583800,N,STD_CELL_LEGAL
RISCY-a-2-c2,core_region_i/CORE.RISCV_CORE/if_stage_i/prefetch_32.prefetch_buffer_i/U37,INV_x1_0,False,"[130, 115, 130, 115]",593040,522900,FS,STD_CELL_LEGAL
RISCY-a-2-c2,core_region_i/CORE.RISCV_CORE/if_stage_i/prefetch_32.prefetch_buffer_i/U38,NR2_x1_0,True,"[132, 111, 133, 112]",601860,506100,FS,STD_CELL_LEGAL
RISCY-a-2-c2,core_region_i/CORE.RISCV_CORE/if_stage_i/prefetch_32.prefetch_buffer_i/U39,OAI211_x0_0,True,"[119, 160, 119, 161]",542640,728700,FS,STD_CELL_LEGAL
RISCY-a-2-c2,core_region_i/CORE.RISCV_CORE/if_stage_i/prefetch_32.prefetch_buffer_i/U40,NR2_x1_0,True,"[130, 115, 131, 116]",593040,522900,FS,STD_CELL_LEGAL
RISCY-a-2-c2,core_region_i/CORE.RISCV_CORE/if_stage_i/prefetch_32.prefetch_buffer_i/U41,OAI211_x0_0,True,"[127, 133, 128, 134]",579180,604800,N,STD_CELL_LEGAL
RISCY-a-2-c2,core_region_i/CORE.RISCV_CORE/if_stage_i/prefetch_32.prefetch_buffer_i/U42,OAI211_x0_0,True,"[129, 119, 130, 119]",588420,541800,N,STD_CELL_LEGAL
RISCY-a-2-c2,core_region_i/CORE.RISCV_CORE/if_stage_i/prefetch_32.prefetch_buffer_i/U43,AOI21_x1_0,True,"[129, 113, 130, 114]",588420,514500,FS,STD_CELL_LEGAL
RISCY-a-2-c2,core_region_i/CORE.RISCV_CORE/if_stage_i/prefetch_32.prefetch_buffer_i/U44,INV_x1_0,False,"[130, 113, 130, 113]",593040,514500,FS,STD_CELL_LEGAL
RISCY-a-2-c2,core_region_i/CORE.RISCV_CORE/if_stage_i/prefetch_32.prefetch_buffer_i/U45,INV_x1_0,False,"[133, 112, 134, 113]",606480,510300,FS,STD_CELL_LEGAL
RISCY-a-2-c2,core_region_i/CORE.RISCV_CORE/if_stage_i/prefetch_32.prefetch_buffer_i/U46,INV_x1_0,False,"[128, 128, 128, 128]",583800,583800,N,STD_CELL_LEGAL
RISCY-a-2-c2,core_region_i/CORE.RISCV_CORE/if_stage_i/prefetch_32.prefetch_buffer_i/U47,NR2_x1_0,True,"[130, 113, 130, 114]",593040,514500,FS,STD_CELL_LEGAL
RISCY-a-2-c2,core_region_i/CORE.RISCV_CORE/if_stage_i/prefetch_32.prefetch_buffer_i/U48,INV_x1_0,False,"[130, 114, 131, 114]",593040,518700,FS,STD_CELL_LEGAL
RISCY-a-2-c2,core_region_i/CORE.RISCV_CORE/if_stage_i/prefetch_32.prefetch_buffer_i/U49,INV_x1_0,False,"[131, 112, 131, 112]",597660,510300,FS,STD_CELL_LEGAL
RISCY-a-2-c2,core_region_i/CORE.RISCV_CORE/if_stage_i/prefetch_32.prefetch_buffer_i/U50,OAI32_x1_0,True,"[131, 114, 132, 114]",597660,518700,FS,STD_CELL_LEGAL
RISCY-a-2-c2,core_region_i/CORE.RISCV_CORE/if_stage_i/prefetch_32.prefetch_buffer_i/U51,INV_x1_0,False,"[128, 128, 128, 128]",583800,583800,N,STD_CELL_LEGAL
RISCY-a-2-c2,core_region_i/CORE.RISCV_CORE/if_stage_i/prefetch_32.prefetch_buffer_i/U52,INV_x1_0,False,"[133, 112, 133, 112]",606480,510300,FS,STD_CELL_LEGAL
