seed,episode,step,design_id,action,parameters_before,parameters_after,status,initial_hpwl,result_hpwl,delta_hpwl,delta_hpwl_percent,reward,done
45,1,1,RISCY-b-3-c20,4,"{""max_displacement"": 0, ""site_search_window"": 0, ""row_search_window"": 0, ""disallow_one_site_gaps"": 0, ""use_diamond_legalizer"": 1, ""disable_window_extension"": 0}","{""max_displacement"": 0, ""site_search_window"": 0, ""row_search_window"": 0, ""disallow_one_site_gaps"": 0, ""use_diamond_legalizer"": 1, ""disable_window_extension"": 0}",VALID,3036189.3,3036189.3,0.0,0.0,0.0,False
45,1,2,RISCY-b-3-c20,1,"{""max_displacement"": 0, ""site_search_window"": 0, ""row_search_window"": 0, ""disallow_one_site_gaps"": 0, ""use_diamond_legalizer"": 1, ""disable_window_extension"": 0}","{""max_displacement"": 10, ""site_search_window"": 10, ""row_search_window"": 2, ""disallow_one_site_gaps"": 0, ""use_diamond_legalizer"": 1, ""disable_window_extension"": 0}",VALID,3036189.3,3036189.3,0.0,0.0,0.0,False
45,1,3,RISCY-b-3-c20,1,"{""max_displacement"": 10, ""site_search_window"": 10, ""row_search_window"": 2, ""disallow_one_site_gaps"": 0, ""use_diamond_legalizer"": 1, ""disable_window_extension"": 0}","{""max_displacement"": 20, ""site_search_window"": 20, ""row_search_window"": 4, ""disallow_one_site_gaps"": 0, ""use_diamond_legalizer"": 1, ""disable_window_extension"": 0}",VALID,3036189.3,3036189.3,0.0,0.0,0.0,False
45,1,4,RISCY-b-3-c20,3,"{""max_displacement"": 20, ""site_search_window"": 20, ""row_search_window"": 4, ""disallow_one_site_gaps"": 0, ""use_diamond_legalizer"": 1, ""disable_window_extension"": 0}","{""max_displacement"": 20, ""site_search_window"": 30, ""row_search_window"": 6, ""disallow_one_site_gaps"": 0, ""use_diamond_legalizer"": 1, ""disable_window_extension"": 0}",VALID,3036189.3,3036189.3,0.0,0.0,0.0,False
45,1,5,RISCY-b-3-c20,1,"{""max_displacement"": 20, ""site_search_window"": 30, ""row_search_window"": 6, ""disallow_one_site_gaps"": 0, ""use_diamond_legalizer"": 1, ""disable_window_extension"": 0}","{""max_displacement"": 30, ""site_search_window"": 40, ""row_search_window"": 8, ""disallow_one_site_gaps"": 0, ""use_diamond_legalizer"": 1, ""disable_window_extension"": 0}",VALID,3036189.3,3036189.3,0.0,0.0,0.0,False
45,1,6,RISCY-b-3-c20,7,"{""max_displacement"": 30, ""site_search_window"": 40, ""row_search_window"": 8, ""disallow_one_site_gaps"": 0, ""use_diamond_legalizer"": 1, ""disable_window_extension"": 0}","{""max_displacement"": 30, ""site_search_window"": 40, ""row_search_window"": 8, ""disallow_one_site_gaps"": 0, ""use_diamond_legalizer"": 1, ""disable_window_extension"": 0}",VALID,3036189.3,3036189.3,0.0,0.0,0.0,False
45,1,7,RISCY-b-3-c20,2,"{""max_displacement"": 30, ""site_search_window"": 40, ""row_search_window"": 8, ""disallow_one_site_gaps"": 0, ""use_diamond_legalizer"": 1, ""disable_window_extension"": 0}","{""max_displacement"": 20, ""site_search_window"": 30, ""row_search_window"": 6, ""disallow_one_site_gaps"": 0, ""use_diamond_legalizer"": 1, ""disable_window_extension"": 0}",VALID,3036189.3,3036189.3,0.0,0.0,0.0,False
45,1,8,RISCY-b-3-c20,2,"{""max_displacement"": 20, ""site_search_window"": 30, ""row_search_window"": 6, ""disallow_one_site_gaps"": 0, ""use_diamond_legalizer"": 1, ""disable_window_extension"": 0}","{""max_displacement"": 10, ""site_search_window"": 20, ""row_search_window"": 4, ""disallow_one_site_gaps"": 0, ""use_diamond_legalizer"": 1, ""disable_window_extension"": 0}",VALID,3036189.3,3036189.3,0.0,0.0,0.0,False
45,1,9,RISCY-b-3-c20,0,"{""max_displacement"": 10, ""site_search_window"": 20, ""row_search_window"": 4, ""disallow_one_site_gaps"": 0, ""use_diamond_legalizer"": 1, ""disable_window_extension"": 0}","{""max_displacement"": 10, ""site_search_window"": 20, ""row_search_window"": 4, ""disallow_one_site_gaps"": true, ""use_diamond_legalizer"": 1, ""disable_window_extension"": true}",VALID,3036189.3,3036189.3,0.0,0.0,0.0,False
45,1,10,RISCY-b-3-c20,2,"{""max_displacement"": 10, ""site_search_window"": 20, ""row_search_window"": 4, ""disallow_one_site_gaps"": true, ""use_diamond_legalizer"": 1, ""disable_window_extension"": true}","{""max_displacement"": 0, ""site_search_window"": 10, ""row_search_window"": 2, ""disallow_one_site_gaps"": true, ""use_diamond_legalizer"": 1, ""disable_window_extension"": true}",VALID,3036189.3,3036189.3,0.0,0.0,0.0,True
45,2,1,RISCY-b-1-c2,4,"{""max_displacement"": 0, ""site_search_window"": 0, ""row_search_window"": 0, ""disallow_one_site_gaps"": 0, ""use_diamond_legalizer"": 1, ""disable_window_extension"": 0}","{""max_displacement"": 0, ""site_search_window"": 0, ""row_search_window"": 0, ""disallow_one_site_gaps"": 0, ""use_diamond_legalizer"": 1, ""disable_window_extension"": 0}",VALID,2943613.2,2943613.2,0.0,0.0,0.0,False
45,2,2,RISCY-b-1-c2,7,"{""max_displacement"": 0, ""site_search_window"": 0, ""row_search_window"": 0, ""disallow_one_site_gaps"": 0, ""use_diamond_legalizer"": 1, ""disable_window_extension"": 0}","{""max_displacement"": 0, ""site_search_window"": 0, ""row_search_window"": 0, ""disallow_one_site_gaps"": 0, ""use_diamond_legalizer"": 1, ""disable_window_extension"": 0}",VALID,2943613.2,2943613.2,0.0,0.0,0.0,False
45,2,3,RISCY-b-1-c2,7,"{""max_displacement"": 0, ""site_search_window"": 0, ""row_search_window"": 0, ""disallow_one_site_gaps"": 0, ""use_diamond_legalizer"": 1, ""disable_window_extension"": 0}","{""max_displacement"": 0, ""site_search_window"": 0, ""row_search_window"": 0, ""disallow_one_site_gaps"": 0, ""use_diamond_legalizer"": 1, ""disable_window_extension"": 0}",VALID,2943613.2,2943613.2,0.0,0.0,0.0,False
45,2,4,RISCY-b-1-c2,2,"{""max_displacement"": 0, ""site_search_window"": 0, ""row_search_window"": 0, ""disallow_one_site_gaps"": 0, ""use_diamond_legalizer"": 1, ""disable_window_extension"": 0}","{""max_displacement"": 0, ""site_search_window"": 0, ""row_search_window"": 0, ""disallow_one_site_gaps"": 0, ""use_diamond_legalizer"": 1, ""disable_window_extension"": 0}",VALID,2943613.2,2943613.2,0.0,0.0,0.0,False
45,2,5,RISCY-b-1-c2,0,"{""max_displacement"": 0, ""site_search_window"": 0, ""row_search_window"": 0, ""disallow_one_site_gaps"": 0, ""use_diamond_legalizer"": 1, ""disable_window_extension"": 0}","{""max_displacement"": 0, ""site_search_window"": 0, ""row_search_window"": 0, ""disallow_one_site_gaps"": true, ""use_diamond_legalizer"": 1, ""disable_window_extension"": true}",VALID,2943613.2,2943613.2,0.0,0.0,0.0,False
45,2,6,RISCY-b-1-c2,1,"{""max_displacement"": 0, ""site_search_window"": 0, ""row_search_window"": 0, ""disallow_one_site_gaps"": true, ""use_diamond_legalizer"": 1, ""disable_window_extension"": true}","{""max_displacement"": 10, ""site_search_window"": 10, ""row_search_window"": 2, ""disallow_one_site_gaps"": true, ""use_diamond_legalizer"": 1, ""disable_window_extension"": true}",FAILED,2943613.2,2943613.2,0.0,-100.0,-1.0,False
45,2,7,RISCY-b-1-c2,6,"{""max_displacement"": 10, ""site_search_window"": 10, ""row_search_window"": 2, ""disallow_one_site_gaps"": true, ""use_diamond_legalizer"": 1, ""disable_window_extension"": true}","{""max_displacement"": 0, ""site_search_window"": 0, ""row_search_window"": 2, ""disallow_one_site_gaps"": true, ""use_diamond_legalizer"": 1, ""disable_window_extension"": true}",VALID,2943613.2,2943613.2,0.0,0.0,0.0,False
45,2,8,RISCY-b-1-c2,0,"{""max_displacement"": 0, ""site_search_window"": 0, ""row_search_window"": 2, ""disallow_one_site_gaps"": true, ""use_diamond_legalizer"": 1, ""disable_window_extension"": true}","{""max_displacement"": 0, ""site_search_window"": 0, ""row_search_window"": 2, ""disallow_one_site_gaps"": false, ""use_diamond_legalizer"": 1, ""disable_window_extension"": false}",VALID,2943613.2,2943613.2,0.0,0.0,0.0,False
45,2,9,RISCY-b-1-c2,6,"{""max_displacement"": 0, ""site_search_window"": 0, ""row_search_window"": 2, ""disallow_one_site_gaps"": false, ""use_diamond_legalizer"": 1, ""disable_window_extension"": false}","{""max_displacement"": 0, ""site_search_window"": 0, ""row_search_window"": 2, ""disallow_one_site_gaps"": false, ""use_diamond_legalizer"": 1, ""disable_window_extension"": false}",VALID,2943613.2,2943613.2,0.0,0.0,0.0,False
45,2,10,RISCY-b-1-c2,3,"{""max_displacement"": 0, ""site_search_window"": 0, ""row_search_window"": 2, ""disallow_one_site_gaps"": false, ""use_diamond_legalizer"": 1, ""disable_window_extension"": false}","{""max_displacement"": 0, ""site_search_window"": 10, ""row_search_window"": 4, ""disallow_one_site_gaps"": false, ""use_diamond_legalizer"": 1, ""disable_window_extension"": false}",VALID,2943613.2,2943613.2,0.0,0.0,0.0,True
45,3,1,zero-riscy-b-2-c5,1,"{""max_displacement"": 0, ""site_search_window"": 0, ""row_search_window"": 0, ""disallow_one_site_gaps"": 0, ""use_diamond_legalizer"": 1, ""disable_window_extension"": 0}","{""max_displacement"": 10, ""site_search_window"": 10, ""row_search_window"": 2, ""disallow_one_site_gaps"": 0, ""use_diamond_legalizer"": 1, ""disable_window_extension"": 0}",VALID,1887414.5,1887414.5,0.0,0.0,0.0,False
45,3,2,zero-riscy-b-2-c5,1,"{""max_displacement"": 10, ""site_search_window"": 10, ""row_search_window"": 2, ""disallow_one_site_gaps"": 0, ""use_diamond_legalizer"": 1, ""disable_window_extension"": 0}","{""max_displacement"": 20, ""site_search_window"": 20, ""row_search_window"": 4, ""disallow_one_site_gaps"": 0, ""use_diamond_legalizer"": 1, ""disable_window_extension"": 0}",VALID,1887414.5,1887414.5,0.0,0.0,0.0,False
45,3,3,zero-riscy-b-2-c5,3,"{""max_displacement"": 20, ""site_search_window"": 20, ""row_search_window"": 4, ""disallow_one_site_gaps"": 0, ""use_diamond_legalizer"": 1, ""disable_window_extension"": 0}","{""max_displacement"": 20, ""site_search_window"": 30, ""row_search_window"": 6, ""disallow_one_site_gaps"": 0, ""use_diamond_legalizer"": 1, ""disable_window_extension"": 0}",VALID,1887414.5,1887414.5,0.0,0.0,0.0,False
45,3,4,zero-riscy-b-2-c5,4,"{""max_displacement"": 20, ""site_search_window"": 30, ""row_search_window"": 6, ""disallow_one_site_gaps"": 0, ""use_diamond_legalizer"": 1, ""disable_window_extension"": 0}","{""max_displacement"": 20, ""site_search_window"": 20, ""row_search_window"": 4, ""disallow_one_site_gaps"": 0, ""use_diamond_legalizer"": 1, ""disable_window_extension"": 0}",VALID,1887414.5,1887414.5,0.0,0.0,0.0,False
45,3,5,zero-riscy-b-2-c5,4,"{""max_displacement"": 20, ""site_search_window"": 20, ""row_search_window"": 4, ""disallow_one_site_gaps"": 0, ""use_diamond_legalizer"": 1, ""disable_window_extension"": 0}","{""max_displacement"": 20, ""site_search_window"": 10, ""row_search_window"": 2, ""disallow_one_site_gaps"": 0, ""use_diamond_legalizer"": 1, ""disable_window_extension"": 0}",VALID,1887414.5,1887414.5,0.0,0.0,0.0,False
45,3,6,zero-riscy-b-2-c5,0,"{""max_displacement"": 20, ""site_search_window"": 10, ""row_search_window"": 2, ""disallow_one_site_gaps"": 0, ""use_diamond_legalizer"": 1, ""disable_window_extension"": 0}","{""max_displacement"": 20, ""site_search_window"": 10, ""row_search_window"": 2, ""disallow_one_site_gaps"": true, ""use_diamond_legalizer"": 1, ""disable_window_extension"": true}",VALID,1887414.5,1887414.5,0.0,0.0,0.0,False
45,3,7,zero-riscy-b-2-c5,4,"{""max_displacement"": 20, ""site_search_window"": 10, ""row_search_window"": 2, ""disallow_one_site_gaps"": true, ""use_diamond_legalizer"": 1, ""disable_window_extension"": true}","{""max_displacement"": 20, ""site_search_window"": 0, ""row_search_window"": 0, ""disallow_one_site_gaps"": true, ""use_diamond_legalizer"": 1, ""disable_window_extension"": true}",VALID,1887414.5,1887414.5,0.0,0.0,0.0,False
45,3,8,zero-riscy-b-2-c5,4,"{""max_displacement"": 20, ""site_search_window"": 0, ""row_search_window"": 0, ""disallow_one_site_gaps"": true, ""use_diamond_legalizer"": 1, ""disable_window_extension"": true}","{""max_displacement"": 20, ""site_search_window"": 0, ""row_search_window"": 0, ""disallow_one_site_gaps"": true, ""use_diamond_legalizer"": 1, ""disable_window_extension"": true}",VALID,1887414.5,1887414.5,0.0,0.0,0.0,False
45,3,9,zero-riscy-b-2-c5,1,"{""max_displacement"": 20, ""site_search_window"": 0, ""row_search_window"": 0, ""disallow_one_site_gaps"": true, ""use_diamond_legalizer"": 1, ""disable_window_extension"": true}","{""max_displacement"": 30, ""site_search_window"": 10, ""row_search_window"": 2, ""disallow_one_site_gaps"": true, ""use_diamond_legalizer"": 1, ""disable_window_extension"": true}",VALID,1887414.5,1887414.5,0.0,0.0,0.0,False
45,3,10,zero-riscy-b-2-c5,5,"{""max_displacement"": 30, ""site_search_window"": 10, ""row_search_window"": 2, ""disallow_one_site_gaps"": true, ""use_diamond_legalizer"": 1, ""disable_window_extension"": true}","{""max_displacement"": 40, ""site_search_window"": 20, ""row_search_window"": 2, ""disallow_one_site_gaps"": true, ""use_diamond_legalizer"": 1, ""disable_window_extension"": true}",VALID,1887414.5,1887414.5,0.0,0.0,0.0,True
45,4,1,RISCY-FPU-a-1-c20,2,"{""max_displacement"": 0, ""site_search_window"": 0, ""row_search_window"": 0, ""disallow_one_site_gaps"": 0, ""use_diamond_legalizer"": 1, ""disable_window_extension"": 0}","{""max_displacement"": 0, ""site_search_window"": 0, ""row_search_window"": 0, ""disallow_one_site_gaps"": 0, ""use_diamond_legalizer"": 1, ""disable_window_extension"": 0}",VALID,5621676.5,5621676.5,0.0,0.0,0.0,False
45,4,2,RISCY-FPU-a-1-c20,1,"{""max_displacement"": 0, ""site_search_window"": 0, ""row_search_window"": 0, ""disallow_one_site_gaps"": 0, ""use_diamond_legalizer"": 1, ""disable_window_extension"": 0}","{""max_displacement"": 10, ""site_search_window"": 10, ""row_search_window"": 2, ""disallow_one_site_gaps"": 0, ""use_diamond_legalizer"": 1, ""disable_window_extension"": 0}",FAILED,5621676.5,5621676.5,0.0,-100.0,-1.0,False
45,4,3,RISCY-FPU-a-1-c20,6,"{""max_displacement"": 10, ""site_search_window"": 10, ""row_search_window"": 2, ""disallow_one_site_gaps"": 0, ""use_diamond_legalizer"": 1, ""disable_window_extension"": 0}","{""max_displacement"": 0, ""site_search_window"": 0, ""row_search_window"": 2, ""disallow_one_site_gaps"": 0, ""use_diamond_legalizer"": 1, ""disable_window_extension"": 0}",VALID,5621676.5,5621676.5,0.0,0.0,0.0,False
45,4,4,RISCY-FPU-a-1-c20,4,"{""max_displacement"": 0, ""site_search_window"": 0, ""row_search_window"": 2, ""disallow_one_site_gaps"": 0, ""use_diamond_legalizer"": 1, ""disable_window_extension"": 0}","{""max_displacement"": 0, ""site_search_window"": 0, ""row_search_window"": 0, ""disallow_one_site_gaps"": 0, ""use_diamond_legalizer"": 1, ""disable_window_extension"": 0}",VALID,5621676.5,5621676.5,0.0,0.0,0.0,False
45,4,5,RISCY-FPU-a-1-c20,6,"{""max_displacement"": 0, ""site_search_window"": 0, ""row_search_window"": 0, ""disallow_one_site_gaps"": 0, ""use_diamond_legalizer"": 1, ""disable_window_extension"": 0}","{""max_displacement"": 0, ""site_search_window"": 0, ""row_search_window"": 0, ""disallow_one_site_gaps"": 0, ""use_diamond_legalizer"": 1, ""disable_window_extension"": 0}",VALID,5621676.5,5621676.5,0.0,0.0,0.0,False
45,4,6,RISCY-FPU-a-1-c20,7,"{""max_displacement"": 0, ""site_search_window"": 0, ""row_search_window"": 0, ""disallow_one_site_gaps"": 0, ""use_diamond_legalizer"": 1, ""disable_window_extension"": 0}","{""max_displacement"": 0, ""site_search_window"": 0, ""row_search_window"": 0, ""disallow_one_site_gaps"": 0, ""use_diamond_legalizer"": 1, ""disable_window_extension"": 0}",VALID,5621676.5,5621676.5,0.0,0.0,0.0,False
45,4,7,RISCY-FPU-a-1-c20,4,"{""max_displacement"": 0, ""site_search_window"": 0, ""row_search_window"": 0, ""disallow_one_site_gaps"": 0, ""use_diamond_legalizer"": 1, ""disable_window_extension"": 0}","{""max_displacement"": 0, ""site_search_window"": 0, ""row_search_window"": 0, ""disallow_one_site_gaps"": 0, ""use_diamond_legalizer"": 1, ""disable_window_extension"": 0}",VALID,5621676.5,5621676.5,0.0,0.0,0.0,False
45,4,8,RISCY-FPU-a-1-c20,4,"{""max_displacement"": 0, ""site_search_window"": 0, ""row_search_window"": 0, ""disallow_one_site_gaps"": 0, ""use_diamond_legalizer"": 1, ""disable_window_extension"": 0}","{""max_displacement"": 0, ""site_search_window"": 0, ""row_search_window"": 0, ""disallow_one_site_gaps"": 0, ""use_diamond_legalizer"": 1, ""disable_window_extension"": 0}",VALID,5621676.5,5621676.5,0.0,0.0,0.0,False
45,4,9,RISCY-FPU-a-1-c20,7,"{""max_displacement"": 0, ""site_search_window"": 0, ""row_search_window"": 0, ""disallow_one_site_gaps"": 0, ""use_diamond_legalizer"": 1, ""disable_window_extension"": 0}","{""max_displacement"": 0, ""site_search_window"": 0, ""row_search_window"": 0, ""disallow_one_site_gaps"": 0, ""use_diamond_legalizer"": 1, ""disable_window_extension"": 0}",VALID,5621676.5,5621676.5,0.0,0.0,0.0,False
45,4,10,RISCY-FPU-a-1-c20,3,"{""max_displacement"": 0, ""site_search_window"": 0, ""row_search_window"": 0, ""disallow_one_site_gaps"": 0, ""use_diamond_legalizer"": 1, ""disable_window_extension"": 0}","{""max_displacement"": 0, ""site_search_window"": 10, ""row_search_window"": 2, ""disallow_one_site_gaps"": 0, ""use_diamond_legalizer"": 1, ""disable_window_extension"": 0}",VALID,5621676.5,5621676.5,0.0,0.0,0.0,True
45,5,1,RISCY-b-3-c5,1,"{""max_displacement"": 0, ""site_search_window"": 0, ""row_search_window"": 0, ""disallow_one_site_gaps"": 0, ""use_diamond_legalizer"": 1, ""disable_window_extension"": 0}","{""max_displacement"": 10, ""site_search_window"": 10, ""row_search_window"": 2, ""disallow_one_site_gaps"": 0, ""use_diamond_legalizer"": 1, ""disable_window_extension"": 0}",VALID,3393677.9,3393677.9,0.0,0.0,0.0,False
45,5,2,RISCY-b-3-c5,2,"{""max_displacement"": 10, ""site_search_window"": 10, ""row_search_window"": 2, ""disallow_one_site_gaps"": 0, ""use_diamond_legalizer"": 1, ""disable_window_extension"": 0}","{""max_displacement"": 0, ""site_search_window"": 0, ""row_search_window"": 0, ""disallow_one_site_gaps"": 0, ""use_diamond_legalizer"": 1, ""disable_window_extension"": 0}",VALID,3393677.9,3393677.9,0.0,0.0,0.0,False
45,5,3,RISCY-b-3-c5,3,"{""max_displacement"": 0, ""site_search_window"": 0, ""row_search_window"": 0, ""disallow_one_site_gaps"": 0, ""use_diamond_legalizer"": 1, ""disable_window_extension"": 0}","{""max_displacement"": 0, ""site_search_window"": 10, ""row_search_window"": 2, ""disallow_one_site_gaps"": 0, ""use_diamond_legalizer"": 1, ""disable_window_extension"": 0}",VALID,3393677.9,3393677.9,0.0,0.0,0.0,False
45,5,4,RISCY-b-3-c5,1,"{""max_displacement"": 0, ""site_search_window"": 10, ""row_search_window"": 2, ""disallow_one_site_gaps"": 0, ""use_diamond_legalizer"": 1, ""disable_window_extension"": 0}","{""max_displacement"": 10, ""site_search_window"": 20, ""row_search_window"": 4, ""disallow_one_site_gaps"": 0, ""use_diamond_legalizer"": 1, ""disable_window_extension"": 0}",VALID,3393677.9,3393677.9,0.0,0.0,0.0,False
45,5,5,RISCY-b-3-c5,2,"{""max_displacement"": 10, ""site_search_window"": 20, ""row_search_window"": 4, ""disallow_one_site_gaps"": 0, ""use_diamond_legalizer"": 1, ""disable_window_extension"": 0}","{""max_displacement"": 0, ""site_search_window"": 10, ""row_search_window"": 2, ""disallow_one_site_gaps"": 0, ""use_diamond_legalizer"": 1, ""disable_window_extension"": 0}",VALID,3393677.9,3393677.9,0.0,0.0,0.0,False
45,5,6,RISCY-b-3-c5,7,"{""max_displacement"": 0, ""site_search_window"": 10, ""row_search_window"": 2, ""disallow_one_site_gaps"": 0, ""use_diamond_legalizer"": 1, ""disable_window_extension"": 0}","{""max_displacement"": 0, ""site_search_window"": 10, ""row_search_window"": 2, ""disallow_one_site_gaps"": 0, ""use_diamond_legalizer"": 1, ""disable_window_extension"": 0}",VALID,3393677.9,3393677.9,0.0,0.0,0.0,False
45,5,7,RISCY-b-3-c5,5,"{""max_displacement"": 0, ""site_search_window"": 10, ""row_search_window"": 2, ""disallow_one_site_gaps"": 0, ""use_diamond_legalizer"": 1, ""disable_window_extension"": 0}","{""max_displacement"": 10, ""site_search_window"": 20, ""row_search_window"": 2, ""disallow_one_site_gaps"": 0, ""use_diamond_legalizer"": 1, ""disable_window_extension"": 0}",VALID,3393677.9,3393677.9,0.0,0.0,0.0,False
45,5,8,RISCY-b-3-c5,3,"{""max_displacement"": 10, ""site_search_window"": 20, ""row_search_window"": 2, ""disallow_one_site_gaps"": 0, ""use_diamond_legalizer"": 1, ""disable_window_extension"": 0}","{""max_displacement"": 10, ""site_search_window"": 30, ""row_search_window"": 4, ""disallow_one_site_gaps"": 0, ""use_diamond_legalizer"": 1, ""disable_window_extension"": 0}",VALID,3393677.9,3393677.9,0.0,0.0,0.0,False
45,5,9,RISCY-b-3-c5,1,"{""max_displacement"": 10, ""site_search_window"": 30, ""row_search_window"": 4, ""disallow_one_site_gaps"": 0, ""use_diamond_legalizer"": 1, ""disable_window_extension"": 0}","{""max_displacement"": 20, ""site_search_window"": 40, ""row_search_window"": 6, ""disallow_one_site_gaps"": 0, ""use_diamond_legalizer"": 1, ""disable_window_extension"": 0}",VALID,3393677.9,3393677.9,0.0,0.0,0.0,False
45,5,10,RISCY-b-3-c5,7,"{""max_displacement"": 20, ""site_search_window"": 40, ""row_search_window"": 6, ""disallow_one_site_gaps"": 0, ""use_diamond_legalizer"": 1, ""disable_window_extension"": 0}","{""max_displacement"": 20, ""site_search_window"": 40, ""row_search_window"": 6, ""disallow_one_site_gaps"": 0, ""use_diamond_legalizer"": 1, ""disable_window_extension"": 0}",VALID,3393677.9,3393677.9,0.0,0.0,0.0,True
45,6,1,zero-riscy-b-3-c2,6,"{""max_displacement"": 0, ""site_search_window"": 0, ""row_search_window"": 0, ""disallow_one_site_gaps"": 0, ""use_diamond_legalizer"": 1, ""disable_window_extension"": 0}","{""max_displacement"": 0, ""site_search_window"": 0, ""row_search_window"": 0, ""disallow_one_site_gaps"": 0, ""use_diamond_legalizer"": 1, ""disable_window_extension"": 0}",VALID,2341203.8,2341203.8,0.0,0.0,0.0,False
45,6,2,zero-riscy-b-3-c2,1,"{""max_displacement"": 0, ""site_search_window"": 0, ""row_search_window"": 0, ""disallow_one_site_gaps"": 0, ""use_diamond_legalizer"": 1, ""disable_window_extension"": 0}","{""max_displacement"": 10, ""site_search_window"": 10, ""row_search_window"": 2, ""disallow_one_site_gaps"": 0, ""use_diamond_legalizer"": 1, ""disable_window_extension"": 0}",VALID,2341203.8,2341203.8,0.0,0.0,0.0,False
45,6,3,zero-riscy-b-3-c2,0,"{""max_displacement"": 10, ""site_search_window"": 10, ""row_search_window"": 2, ""disallow_one_site_gaps"": 0, ""use_diamond_legalizer"": 1, ""disable_window_extension"": 0}","{""max_displacement"": 10, ""site_search_window"": 10, ""row_search_window"": 2, ""disallow_one_site_gaps"": true, ""use_diamond_legalizer"": 1, ""disable_window_extension"": true}",VALID,2341203.8,2341203.8,0.0,0.0,0.0,False
45,6,4,zero-riscy-b-3-c2,0,"{""max_displacement"": 10, ""site_search_window"": 10, ""row_search_window"": 2, ""disallow_one_site_gaps"": true, ""use_diamond_legalizer"": 1, ""disable_window_extension"": true}","{""max_displacement"": 10, ""site_search_window"": 10, ""row_search_window"": 2, ""disallow_one_site_gaps"": false, ""use_diamond_legalizer"": 1, ""disable_window_extension"": false}",VALID,2341203.8,2341203.8,0.0,0.0,0.0,False
45,6,5,zero-riscy-b-3-c2,3,"{""max_displacement"": 10, ""site_search_window"": 10, ""row_search_window"": 2, ""disallow_one_site_gaps"": false, ""use_diamond_legalizer"": 1, ""disable_window_extension"": false}","{""max_displacement"": 10, ""site_search_window"": 20, ""row_search_window"": 4, ""disallow_one_site_gaps"": false, ""use_diamond_legalizer"": 1, ""disable_window_extension"": false}",VALID,2341203.8,2341203.8,0.0,0.0,0.0,False
45,6,6,zero-riscy-b-3-c2,6,"{""max_displacement"": 10, ""site_search_window"": 20, ""row_search_window"": 4, ""disallow_one_site_gaps"": false, ""use_diamond_legalizer"": 1, ""disable_window_extension"": false}","{""max_displacement"": 0, ""site_search_window"": 10, ""row_search_window"": 4, ""disallow_one_site_gaps"": false, ""use_diamond_legalizer"": 1, ""disable_window_extension"": false}",VALID,2341203.8,2341203.8,0.0,0.0,0.0,False
45,6,7,zero-riscy-b-3-c2,1,"{""max_displacement"": 0, ""site_search_window"": 10, ""row_search_window"": 4, ""disallow_one_site_gaps"": false, ""use_diamond_legalizer"": 1, ""disable_window_extension"": false}","{""max_displacement"": 10, ""site_search_window"": 20, ""row_search_window"": 6, ""disallow_one_site_gaps"": false, ""use_diamond_legalizer"": 1, ""disable_window_extension"": false}",VALID,2341203.8,2341203.8,0.0,0.0,0.0,False
45,6,8,zero-riscy-b-3-c2,3,"{""max_displacement"": 10, ""site_search_window"": 20, ""row_search_window"": 6, ""disallow_one_site_gaps"": false, ""use_diamond_legalizer"": 1, ""disable_window_extension"": false}","{""max_displacement"": 10, ""site_search_window"": 30, ""row_search_window"": 8, ""disallow_one_site_gaps"": false, ""use_diamond_legalizer"": 1, ""disable_window_extension"": false}",VALID,2341203.8,2341203.8,0.0,0.0,0.0,False
45,6,9,zero-riscy-b-3-c2,7,"{""max_displacement"": 10, ""site_search_window"": 30, ""row_search_window"": 8, ""disallow_one_site_gaps"": false, ""use_diamond_legalizer"": 1, ""disable_window_extension"": false}","{""max_displacement"": 10, ""site_search_window"": 30, ""row_search_window"": 8, ""disallow_one_site_gaps"": false, ""use_diamond_legalizer"": 1, ""disable_window_extension"": false}",VALID,2341203.8,2341203.8,0.0,0.0,0.0,False
45,6,10,zero-riscy-b-3-c2,6,"{""max_displacement"": 10, ""site_search_window"": 30, ""row_search_window"": 8, ""disallow_one_site_gaps"": false, ""use_diamond_legalizer"": 1, ""disable_window_extension"": false}","{""max_displacement"": 0, ""site_search_window"": 20, ""row_search_window"": 8, ""disallow_one_site_gaps"": false, ""use_diamond_legalizer"": 1, ""disable_window_extension"": false}",VALID,2341203.8,2341203.8,0.0,0.0,0.0,True
45,7,1,RISCY-a-3-c20,7,"{""max_displacement"": 0, ""site_search_window"": 0, ""row_search_window"": 0, ""disallow_one_site_gaps"": 0, ""use_diamond_legalizer"": 1, ""disable_window_extension"": 0}","{""max_displacement"": 0, ""site_search_window"": 0, ""row_search_window"": 0, ""disallow_one_site_gaps"": 0, ""use_diamond_legalizer"": 1, ""disable_window_extension"": 0}",VALID,5117723.0,5117723.0,0.0,0.0,0.0,False
45,7,2,RISCY-a-3-c20,1,"{""max_displacement"": 0, ""site_search_window"": 0, ""row_search_window"": 0, ""disallow_one_site_gaps"": 0, ""use_diamond_legalizer"": 1, ""disable_window_extension"": 0}","{""max_displacement"": 10, ""site_search_window"": 10, ""row_search_window"": 2, ""disallow_one_site_gaps"": 0, ""use_diamond_legalizer"": 1, ""disable_window_extension"": 0}",FAILED,5117723.0,5117723.0,0.0,-100.0,-1.0,False
45,7,3,RISCY-a-3-c20,6,"{""max_displacement"": 10, ""site_search_window"": 10, ""row_search_window"": 2, ""disallow_one_site_gaps"": 0, ""use_diamond_legalizer"": 1, ""disable_window_extension"": 0}","{""max_displacement"": 0, ""site_search_window"": 0, ""row_search_window"": 2, ""disallow_one_site_gaps"": 0, ""use_diamond_legalizer"": 1, ""disable_window_extension"": 0}",VALID,5117723.0,5117723.0,0.0,0.0,0.0,False
45,7,4,RISCY-a-3-c20,1,"{""max_displacement"": 0, ""site_search_window"": 0, ""row_search_window"": 2, ""disallow_one_site_gaps"": 0, ""use_diamond_legalizer"": 1, ""disable_window_extension"": 0}","{""max_displacement"": 10, ""site_search_window"": 10, ""row_search_window"": 4, ""disallow_one_site_gaps"": 0, ""use_diamond_legalizer"": 1, ""disable_window_extension"": 0}",FAILED,5117723.0,5117723.0,0.0,-100.0,-1.0,False
45,7,5,RISCY-a-3-c20,3,"{""max_displacement"": 10, ""site_search_window"": 10, ""row_search_window"": 4, ""disallow_one_site_gaps"": 0, ""use_diamond_legalizer"": 1, ""disable_window_extension"": 0}","{""max_displacement"": 10, ""site_search_window"": 20, ""row_search_window"": 6, ""disallow_one_site_gaps"": 0, ""use_diamond_legalizer"": 1, ""disable_window_extension"": 0}",FAILED,5117723.0,5117723.0,0.0,-100.0,-1.0,False
45,7,6,RISCY-a-3-c20,6,"{""max_displacement"": 10, ""site_search_window"": 20, ""row_search_window"": 6, ""disallow_one_site_gaps"": 0, ""use_diamond_legalizer"": 1, ""disable_window_extension"": 0}","{""max_displacement"": 0, ""site_search_window"": 10, ""row_search_window"": 6, ""disallow_one_site_gaps"": 0, ""use_diamond_legalizer"": 1, ""disable_window_extension"": 0}",VALID,5117723.0,5117723.0,0.0,0.0,0.0,False
45,7,7,RISCY-a-3-c20,6,"{""max_displacement"": 0, ""site_search_window"": 10, ""row_search_window"": 6, ""disallow_one_site_gaps"": 0, ""use_diamond_legalizer"": 1, ""disable_window_extension"": 0}","{""max_displacement"": 0, ""site_search_window"": 0, ""row_search_window"": 6, ""disallow_one_site_gaps"": 0, ""use_diamond_legalizer"": 1, ""disable_window_extension"": 0}",VALID,5117723.0,5117723.0,0.0,0.0,0.0,False
45,7,8,RISCY-a-3-c20,2,"{""max_displacement"": 0, ""site_search_window"": 0, ""row_search_window"": 6, ""disallow_one_site_gaps"": 0, ""use_diamond_legalizer"": 1, ""disable_window_extension"": 0}","{""max_displacement"": 0, ""site_search_window"": 0, ""row_search_window"": 4, ""disallow_one_site_gaps"": 0, ""use_diamond_legalizer"": 1, ""disable_window_extension"": 0}",VALID,5117723.0,5117723.0,0.0,0.0,0.0,False
45,7,9,RISCY-a-3-c20,4,"{""max_displacement"": 0, ""site_search_window"": 0, ""row_search_window"": 4, ""disallow_one_site_gaps"": 0, ""use_diamond_legalizer"": 1, ""disable_window_extension"": 0}","{""max_displacement"": 0, ""site_search_window"": 0, ""row_search_window"": 2, ""disallow_one_site_gaps"": 0, ""use_diamond_legalizer"": 1, ""disable_window_extension"": 0}",VALID,5117723.0,5117723.0,0.0,0.0,0.0,False
45,7,10,RISCY-a-3-c20,7,"{""max_displacement"": 0, ""site_search_window"": 0, ""row_search_window"": 2, ""disallow_one_site_gaps"": 0, ""use_diamond_legalizer"": 1, ""disable_window_extension"": 0}","{""max_displacement"": 0, ""site_search_window"": 0, ""row_search_window"": 2, ""disallow_one_site_gaps"": 0, ""use_diamond_legalizer"": 1, ""disable_window_extension"": 0}",VALID,5117723.0,5117723.0,0.0,0.0,0.0,True
45,8,1,RISCY-FPU-a-2-c2,6,"{""max_displacement"": 0, ""site_search_window"": 0, ""row_search_window"": 0, ""disallow_one_site_gaps"": 0, ""use_diamond_legalizer"": 1, ""disable_window_extension"": 0}","{""max_displacement"": 0, ""site_search_window"": 0, ""row_search_window"": 0, ""disallow_one_site_gaps"": 0, ""use_diamond_legalizer"": 1, ""disable_window_extension"": 0}",VALID,10810430.6,10810430.6,0.0,0.0,0.0,False
45,8,2,RISCY-FPU-a-2-c2,4,"{""max_displacement"": 0, ""site_search_window"": 0, ""row_search_window"": 0, ""disallow_one_site_gaps"": 0, ""use_diamond_legalizer"": 1, ""disable_window_extension"": 0}","{""max_displacement"": 0, ""site_search_window"": 0, ""row_search_window"": 0, ""disallow_one_site_gaps"": 0, ""use_diamond_legalizer"": 1, ""disable_window_extension"": 0}",VALID,10810430.6,10810430.6,0.0,0.0,0.0,False
45,8,3,RISCY-FPU-a-2-c2,2,"{""max_displacement"": 0, ""site_search_window"": 0, ""row_search_window"": 0, ""disallow_one_site_gaps"": 0, ""use_diamond_legalizer"": 1, ""disable_window_extension"": 0}","{""max_displacement"": 0, ""site_search_window"": 0, ""row_search_window"": 0, ""disallow_one_site_gaps"": 0, ""use_diamond_legalizer"": 1, ""disable_window_extension"": 0}",VALID,10810430.6,10810430.6,0.0,0.0,0.0,False
45,8,4,RISCY-FPU-a-2-c2,5,"{""max_displacement"": 0, ""site_search_window"": 0, ""row_search_window"": 0, ""disallow_one_site_gaps"": 0, ""use_diamond_legalizer"": 1, ""disable_window_extension"": 0}","{""max_displacement"": 10, ""site_search_window"": 10, ""row_search_window"": 0, ""disallow_one_site_gaps"": 0, ""use_diamond_legalizer"": 1, ""disable_window_extension"": 0}",FAILED,10810430.6,10810430.6,0.0,-100.0,-1.0,False
45,8,5,RISCY-FPU-a-2-c2,2,"{""max_displacement"": 10, ""site_search_window"": 10, ""row_search_window"": 0, ""disallow_one_site_gaps"": 0, ""use_diamond_legalizer"": 1, ""disable_window_extension"": 0}","{""max_displacement"": 0, ""site_search_window"": 0, ""row_search_window"": 0, ""disallow_one_site_gaps"": 0, ""use_diamond_legalizer"": 1, ""disable_window_extension"": 0}",VALID,10810430.6,10810430.6,0.0,0.0,0.0,False
45,8,6,RISCY-FPU-a-2-c2,0,"{""max_displacement"": 0, ""site_search_window"": 0, ""row_search_window"": 0, ""disallow_one_site_gaps"": 0, ""use_diamond_legalizer"": 1, ""disable_window_extension"": 0}","{""max_displacement"": 0, ""site_search_window"": 0, ""row_search_window"": 0, ""disallow_one_site_gaps"": true, ""use_diamond_legalizer"": 1, ""disable_window_extension"": true}",VALID,10810430.6,10810430.6,0.0,0.0,0.0,False
45,8,7,RISCY-FPU-a-2-c2,4,"{""max_displacement"": 0, ""site_search_window"": 0, ""row_search_window"": 0, ""disallow_one_site_gaps"": true, ""use_diamond_legalizer"": 1, ""disable_window_extension"": true}","{""max_displacement"": 0, ""site_search_window"": 0, ""row_search_window"": 0, ""disallow_one_site_gaps"": true, ""use_diamond_legalizer"": 1, ""disable_window_extension"": true}",VALID,10810430.6,10810430.6,0.0,0.0,0.0,False
45,8,8,RISCY-FPU-a-2-c2,2,"{""max_displacement"": 0, ""site_search_window"": 0, ""row_search_window"": 0, ""disallow_one_site_gaps"": true, ""use_diamond_legalizer"": 1, ""disable_window_extension"": true}","{""max_displacement"": 0, ""site_search_window"": 0, ""row_search_window"": 0, ""disallow_one_site_gaps"": true, ""use_diamond_legalizer"": 1, ""disable_window_extension"": true}",VALID,10810430.6,10810430.6,0.0,0.0,0.0,False
45,8,9,RISCY-FPU-a-2-c2,5,"{""max_displacement"": 0, ""site_search_window"": 0, ""row_search_window"": 0, ""disallow_one_site_gaps"": true, ""use_diamond_legalizer"": 1, ""disable_window_extension"": true}","{""max_displacement"": 10, ""site_search_window"": 10, ""row_search_window"": 0, ""disallow_one_site_gaps"": true, ""use_diamond_legalizer"": 1, ""disable_window_extension"": true}",FAILED,10810430.6,10810430.6,0.0,-100.0,-1.0,False
45,8,10,RISCY-FPU-a-2-c2,4,"{""max_displacement"": 10, ""site_search_window"": 10, ""row_search_window"": 0, ""disallow_one_site_gaps"": true, ""use_diamond_legalizer"": 1, ""disable_window_extension"": true}","{""max_displacement"": 10, ""site_search_window"": 0, ""row_search_window"": 0, ""disallow_one_site_gaps"": true, ""use_diamond_legalizer"": 1, ""disable_window_extension"": true}",FAILED,10810430.6,10810430.6,0.0,-100.0,-1.0,True
45,9,1,RISCY-b-1-c2,1,"{""max_displacement"": 0, ""site_search_window"": 0, ""row_search_window"": 0, ""disallow_one_site_gaps"": 0, ""use_diamond_legalizer"": 1, ""disable_window_extension"": 0}","{""max_displacement"": 10, ""site_search_window"": 10, ""row_search_window"": 2, ""disallow_one_site_gaps"": 0, ""use_diamond_legalizer"": 1, ""disable_window_extension"": 0}",FAILED,2943613.2,2943613.2,0.0,-100.0,-1.0,False
45,9,2,RISCY-b-1-c2,3,"{""max_displacement"": 10, ""site_search_window"": 10, ""row_search_window"": 2, ""disallow_one_site_gaps"": 0, ""use_diamond_legalizer"": 1, ""disable_window_extension"": 0}","{""max_displacement"": 10, ""site_search_window"": 20, ""row_search_window"": 4, ""disallow_one_site_gaps"": 0, ""use_diamond_legalizer"": 1, ""disable_window_extension"": 0}",FAILED,2943613.2,2943613.2,0.0,-100.0,-1.0,False
45,9,3,RISCY-b-1-c2,5,"{""max_displacement"": 10, ""site_search_window"": 20, ""row_search_window"": 4, ""disallow_one_site_gaps"": 0, ""use_diamond_legalizer"": 1, ""disable_window_extension"": 0}","{""max_displacement"": 20, ""site_search_window"": 30, ""row_search_window"": 4, ""disallow_one_site_gaps"": 0, ""use_diamond_legalizer"": 1, ""disable_window_extension"": 0}",FAILED,2943613.2,2943613.2,0.0,-100.0,-1.0,False
45,9,4,RISCY-b-1-c2,1,"{""max_displacement"": 20, ""site_search_window"": 30, ""row_search_window"": 4, ""disallow_one_site_gaps"": 0, ""use_diamond_legalizer"": 1, ""disable_window_extension"": 0}","{""max_displacement"": 30, ""site_search_window"": 40, ""row_search_window"": 6, ""disallow_one_site_gaps"": 0, ""use_diamond_legalizer"": 1, ""disable_window_extension"": 0}",FAILED,2943613.2,2943613.2,0.0,-100.0,-1.0,False
45,9,5,RISCY-b-1-c2,3,"{""max_displacement"": 30, ""site_search_window"": 40, ""row_search_window"": 6, ""disallow_one_site_gaps"": 0, ""use_diamond_legalizer"": 1, ""disable_window_extension"": 0}","{""max_displacement"": 30, ""site_search_window"": 50, ""row_search_window"": 8, ""disallow_one_site_gaps"": 0, ""use_diamond_legalizer"": 1, ""disable_window_extension"": 0}",FAILED,2943613.2,2943613.2,0.0,-100.0,-1.0,False
45,9,6,RISCY-b-1-c2,2,"{""max_displacement"": 30, ""site_search_window"": 50, ""row_search_window"": 8, ""disallow_one_site_gaps"": 0, ""use_diamond_legalizer"": 1, ""disable_window_extension"": 0}","{""max_displacement"": 20, ""site_search_window"": 40, ""row_search_window"": 6, ""disallow_one_site_gaps"": 0, ""use_diamond_legalizer"": 1, ""disable_window_extension"": 0}",FAILED,2943613.2,2943613.2,0.0,-100.0,-1.0,False
45,9,7,RISCY-b-1-c2,0,"{""max_displacement"": 20, ""site_search_window"": 40, ""row_search_window"": 6, ""disallow_one_site_gaps"": 0, ""use_diamond_legalizer"": 1, ""disable_window_extension"": 0}","{""max_displacement"": 20, ""site_search_window"": 40, ""row_search_window"": 6, ""disallow_one_site_gaps"": true, ""use_diamond_legalizer"": 1, ""disable_window_extension"": true}",FAILED,2943613.2,2943613.2,0.0,-100.0,-1.0,False
45,9,8,RISCY-b-1-c2,1,"{""max_displacement"": 20, ""site_search_window"": 40, ""row_search_window"": 6, ""disallow_one_site_gaps"": true, ""use_diamond_legalizer"": 1, ""disable_window_extension"": true}","{""max_displacement"": 30, ""site_search_window"": 50, ""row_search_window"": 8, ""disallow_one_site_gaps"": true, ""use_diamond_legalizer"": 1, ""disable_window_extension"": true}",FAILED,2943613.2,2943613.2,0.0,-100.0,-1.0,False
45,9,9,RISCY-b-1-c2,1,"{""max_displacement"": 30, ""site_search_window"": 50, ""row_search_window"": 8, ""disallow_one_site_gaps"": true, ""use_diamond_legalizer"": 1, ""disable_window_extension"": true}","{""max_displacement"": 40, ""site_search_window"": 60, ""row_search_window"": 10, ""disallow_one_site_gaps"": true, ""use_diamond_legalizer"": 1, ""disable_window_extension"": true}",FAILED,2943613.2,2943613.2,0.0,-100.0,-1.0,False
45,9,10,RISCY-b-1-c2,6,"{""max_displacement"": 40, ""site_search_window"": 60, ""row_search_window"": 10, ""disallow_one_site_gaps"": true, ""use_diamond_legalizer"": 1, ""disable_window_extension"": true}","{""max_displacement"": 30, ""site_search_window"": 50, ""row_search_window"": 10, ""disallow_one_site_gaps"": true, ""use_diamond_legalizer"": 1, ""disable_window_extension"": true}",FAILED,2943613.2,2943613.2,0.0,-100.0,-1.0,True
45,10,1,zero-riscy-a-1-c20,4,"{""max_displacement"": 0, ""site_search_window"": 0, ""row_search_window"": 0, ""disallow_one_site_gaps"": 0, ""use_diamond_legalizer"": 1, ""disable_window_extension"": 0}","{""max_displacement"": 0, ""site_search_window"": 0, ""row_search_window"": 0, ""disallow_one_site_gaps"": 0, ""use_diamond_legalizer"": 1, ""disable_window_extension"": 0}",VALID,3708707.2,3708707.2,0.0,0.0,0.0,False
45,10,2,zero-riscy-a-1-c20,4,"{""max_displacement"": 0, ""site_search_window"": 0, ""row_search_window"": 0, ""disallow_one_site_gaps"": 0, ""use_diamond_legalizer"": 1, ""disable_window_extension"": 0}","{""max_displacement"": 0, ""site_search_window"": 0, ""row_search_window"": 0, ""disallow_one_site_gaps"": 0, ""use_diamond_legalizer"": 1, ""disable_window_extension"": 0}",VALID,3708707.2,3708707.2,0.0,0.0,0.0,False
45,10,3,zero-riscy-a-1-c20,0,"{""max_displacement"": 0, ""site_search_window"": 0, ""row_search_window"": 0, ""disallow_one_site_gaps"": 0, ""use_diamond_legalizer"": 1, ""disable_window_extension"": 0}","{""max_displacement"": 0, ""site_search_window"": 0, ""row_search_window"": 0, ""disallow_one_site_gaps"": true, ""use_diamond_legalizer"": 1, ""disable_window_extension"": true}",VALID,3708707.2,3708707.2,0.0,0.0,0.0,False
45,10,4,zero-riscy-a-1-c20,1,"{""max_displacement"": 0, ""site_search_window"": 0, ""row_search_window"": 0, ""disallow_one_site_gaps"": true, ""use_diamond_legalizer"": 1, ""disable_window_extension"": true}","{""max_displacement"": 10, ""site_search_window"": 10, ""row_search_window"": 2, ""disallow_one_site_gaps"": true, ""use_diamond_legalizer"": 1, ""disable_window_extension"": true}",FAILED,3708707.2,3708707.2,0.0,-100.0,-1.0,False
45,10,5,zero-riscy-a-1-c20,7,"{""max_displacement"": 10, ""site_search_window"": 10, ""row_search_window"": 2, ""disallow_one_site_gaps"": true, ""use_diamond_legalizer"": 1, ""disable_window_extension"": true}","{""max_displacement"": 10, ""site_search_window"": 10, ""row_search_window"": 2, ""disallow_one_site_gaps"": true, ""use_diamond_legalizer"": 1, ""disable_window_extension"": true}",FAILED,3708707.2,3708707.2,0.0,-100.0,-1.0,False
45,10,6,zero-riscy-a-1-c20,2,"{""max_displacement"": 10, ""site_search_window"": 10, ""row_search_window"": 2, ""disallow_one_site_gaps"": true, ""use_diamond_legalizer"": 1, ""disable_window_extension"": true}","{""max_displacement"": 0, ""site_search_window"": 0, ""row_search_window"": 0, ""disallow_one_site_gaps"": true, ""use_diamond_legalizer"": 1, ""disable_window_extension"": true}",VALID,3708707.2,3708707.2,0.0,0.0,0.0,False
45,10,7,zero-riscy-a-1-c20,3,"{""max_displacement"": 0, ""site_search_window"": 0, ""row_search_window"": 0, ""disallow_one_site_gaps"": true, ""use_diamond_legalizer"": 1, ""disable_window_extension"": true}","{""max_displacement"": 0, ""site_search_window"": 10, ""row_search_window"": 2, ""disallow_one_site_gaps"": true, ""use_diamond_legalizer"": 1, ""disable_window_extension"": true}",VALID,3708707.2,3708707.2,0.0,0.0,0.0,False
45,10,8,zero-riscy-a-1-c20,1,"{""max_displacement"": 0, ""site_search_window"": 10, ""row_search_window"": 2, ""disallow_one_site_gaps"": true, ""use_diamond_legalizer"": 1, ""disable_window_extension"": true}","{""max_displacement"": 10, ""site_search_window"": 20, ""row_search_window"": 4, ""disallow_one_site_gaps"": true, ""use_diamond_legalizer"": 1, ""disable_window_extension"": true}",FAILED,3708707.2,3708707.2,0.0,-100.0,-1.0,False
45,10,9,zero-riscy-a-1-c20,1,"{""max_displacement"": 10, ""site_search_window"": 20, ""row_search_window"": 4, ""disallow_one_site_gaps"": true, ""use_diamond_legalizer"": 1, ""disable_window_extension"": true}","{""max_displacement"": 20, ""site_search_window"": 30, ""row_search_window"": 6, ""disallow_one_site_gaps"": true, ""use_diamond_legalizer"": 1, ""disable_window_extension"": true}",VALID,3708707.2,3708707.2,0.0,0.0,0.0,False
45,10,10,zero-riscy-a-1-c20,1,"{""max_displacement"": 20, ""site_search_window"": 30, ""row_search_window"": 6, ""disallow_one_site_gaps"": true, ""use_diamond_legalizer"": 1, ""disable_window_extension"": true}","{""max_displacement"": 30, ""site_search_window"": 40, ""row_search_window"": 8, ""disallow_one_site_gaps"": true, ""use_diamond_legalizer"": 1, ""disable_window_extension"": true}",VALID,3708707.2,3708707.2,0.0,0.0,0.0,True
45,11,1,RISCY-a-2-c20,6,"{""max_displacement"": 0, ""site_search_window"": 0, ""row_search_window"": 0, ""disallow_one_site_gaps"": 0, ""use_diamond_legalizer"": 1, ""disable_window_extension"": 0}","{""max_displacement"": 0, ""site_search_window"": 0, ""row_search_window"": 0, ""disallow_one_site_gaps"": 0, ""use_diamond_legalizer"": 1, ""disable_window_extension"": 0}",VALID,5798309.8,5798309.8,0.0,0.0,0.0,False
45,11,2,RISCY-a-2-c20,3,"{""max_displacement"": 0, ""site_search_window"": 0, ""row_search_window"": 0, ""disallow_one_site_gaps"": 0, ""use_diamond_legalizer"": 1, ""disable_window_extension"": 0}","{""max_displacement"": 0, ""site_search_window"": 10, ""row_search_window"": 2, ""disallow_one_site_gaps"": 0, ""use_diamond_legalizer"": 1, ""disable_window_extension"": 0}",VALID,5798309.8,5798309.8,0.0,0.0,0.0,False
45,11,3,RISCY-a-2-c20,6,"{""max_displacement"": 0, ""site_search_window"": 10, ""row_search_window"": 2, ""disallow_one_site_gaps"": 0, ""use_diamond_legalizer"": 1, ""disable_window_extension"": 0}","{""max_displacement"": 0, ""site_search_window"": 0, ""row_search_window"": 2, ""disallow_one_site_gaps"": 0, ""use_diamond_legalizer"": 1, ""disable_window_extension"": 0}",VALID,5798309.8,5798309.8,0.0,0.0,0.0,False
45,11,4,RISCY-a-2-c20,3,"{""max_displacement"": 0, ""site_search_window"": 0, ""row_search_window"": 2, ""disallow_one_site_gaps"": 0, ""use_diamond_legalizer"": 1, ""disable_window_extension"": 0}","{""max_displacement"": 0, ""site_search_window"": 10, ""row_search_window"": 4, ""disallow_one_site_gaps"": 0, ""use_diamond_legalizer"": 1, ""disable_window_extension"": 0}",VALID,5798309.8,5798309.8,0.0,0.0,0.0,False
45,11,5,RISCY-a-2-c20,1,"{""max_displacement"": 0, ""site_search_window"": 10, ""row_search_window"": 4, ""disallow_one_site_gaps"": 0, ""use_diamond_legalizer"": 1, ""disable_window_extension"": 0}","{""max_displacement"": 10, ""site_search_window"": 20, ""row_search_window"": 6, ""disallow_one_site_gaps"": 0, ""use_diamond_legalizer"": 1, ""disable_window_extension"": 0}",FAILED,5798309.8,5798309.8,0.0,-100.0,-1.0,False
45,11,6,RISCY-a-2-c20,2,"{""max_displacement"": 10, ""site_search_window"": 20, ""row_search_window"": 6, ""disallow_one_site_gaps"": 0, ""use_diamond_legalizer"": 1, ""disable_window_extension"": 0}","{""max_displacement"": 0, ""site_search_window"": 10, ""row_search_window"": 4, ""disallow_one_site_gaps"": 0, ""use_diamond_legalizer"": 1, ""disable_window_extension"": 0}",VALID,5798309.8,5798309.8,0.0,0.0,0.0,False
45,11,7,RISCY-a-2-c20,6,"{""max_displacement"": 0, ""site_search_window"": 10, ""row_search_window"": 4, ""disallow_one_site_gaps"": 0, ""use_diamond_legalizer"": 1, ""disable_window_extension"": 0}","{""max_displacement"": 0, ""site_search_window"": 0, ""row_search_window"": 4, ""disallow_one_site_gaps"": 0, ""use_diamond_legalizer"": 1, ""disable_window_extension"": 0}",VALID,5798309.8,5798309.8,0.0,0.0,0.0,False
45,11,8,RISCY-a-2-c20,4,"{""max_displacement"": 0, ""site_search_window"": 0, ""row_search_window"": 4, ""disallow_one_site_gaps"": 0, ""use_diamond_legalizer"": 1, ""disable_window_extension"": 0}","{""max_displacement"": 0, ""site_search_window"": 0, ""row_search_window"": 2, ""disallow_one_site_gaps"": 0, ""use_diamond_legalizer"": 1, ""disable_window_extension"": 0}",VALID,5798309.8,5798309.8,0.0,0.0,0.0,False
45,11,9,RISCY-a-2-c20,4,"{""max_displacement"": 0, ""site_search_window"": 0, ""row_search_window"": 2, ""disallow_one_site_gaps"": 0, ""use_diamond_legalizer"": 1, ""disable_window_extension"": 0}","{""max_displacement"": 0, ""site_search_window"": 0, ""row_search_window"": 0, ""disallow_one_site_gaps"": 0, ""use_diamond_legalizer"": 1, ""disable_window_extension"": 0}",VALID,5798309.8,5798309.8,0.0,0.0,0.0,False
45,11,10,RISCY-a-2-c20,1,"{""max_displacement"": 0, ""site_search_window"": 0, ""row_search_window"": 0, ""disallow_one_site_gaps"": 0, ""use_diamond_legalizer"": 1, ""disable_window_extension"": 0}","{""max_displacement"": 10, ""site_search_window"": 10, ""row_search_window"": 2, ""disallow_one_site_gaps"": 0, ""use_diamond_legalizer"": 1, ""disable_window_extension"": 0}",FAILED,5798309.8,5798309.8,0.0,-100.0,-1.0,True
45,12,1,RISCY-FPU-a-2-c20,5,"{""max_displacement"": 0, ""site_search_window"": 0, ""row_search_window"": 0, ""disallow_one_site_gaps"": 0, ""use_diamond_legalizer"": 1, ""disable_window_extension"": 0}","{""max_displacement"": 10, ""site_search_window"": 10, ""row_search_window"": 0, ""disallow_one_site_gaps"": 0, ""use_diamond_legalizer"": 1, ""disable_window_extension"": 0}",FAILED,7925768.4,7925768.4,0.0,-100.0,-1.0,False
45,12,2,RISCY-FPU-a-2-c20,6,"{""max_displacement"": 10, ""site_search_window"": 10, ""row_search_window"": 0, ""disallow_one_site_gaps"": 0, ""use_diamond_legalizer"": 1, ""disable_window_extension"": 0}","{""max_displacement"": 0, ""site_search_window"": 0, ""row_search_window"": 0, ""disallow_one_site_gaps"": 0, ""use_diamond_legalizer"": 1, ""disable_window_extension"": 0}",VALID,7925768.4,7925768.4,0.0,0.0,0.0,False
45,12,3,RISCY-FPU-a-2-c20,2,"{""max_displacement"": 0, ""site_search_window"": 0, ""row_search_window"": 0, ""disallow_one_site_gaps"": 0, ""use_diamond_legalizer"": 1, ""disable_window_extension"": 0}","{""max_displacement"": 0, ""site_search_window"": 0, ""row_search_window"": 0, ""disallow_one_site_gaps"": 0, ""use_diamond_legalizer"": 1, ""disable_window_extension"": 0}",VALID,7925768.4,7925768.4,0.0,0.0,0.0,False
45,12,4,RISCY-FPU-a-2-c20,4,"{""max_displacement"": 0, ""site_search_window"": 0, ""row_search_window"": 0, ""disallow_one_site_gaps"": 0, ""use_diamond_legalizer"": 1, ""disable_window_extension"": 0}","{""max_displacement"": 0, ""site_search_window"": 0, ""row_search_window"": 0, ""disallow_one_site_gaps"": 0, ""use_diamond_legalizer"": 1, ""disable_window_extension"": 0}",VALID,7925768.4,7925768.4,0.0,0.0,0.0,False
45,12,5,RISCY-FPU-a-2-c20,4,"{""max_displacement"": 0, ""site_search_window"": 0, ""row_search_window"": 0, ""disallow_one_site_gaps"": 0, ""use_diamond_legalizer"": 1, ""disable_window_extension"": 0}","{""max_displacement"": 0, ""site_search_window"": 0, ""row_search_window"": 0, ""disallow_one_site_gaps"": 0, ""use_diamond_legalizer"": 1, ""disable_window_extension"": 0}",VALID,7925768.4,7925768.4,0.0,0.0,0.0,False
45,12,6,RISCY-FPU-a-2-c20,7,"{""max_displacement"": 0, ""site_search_window"": 0, ""row_search_window"": 0, ""disallow_one_site_gaps"": 0, ""use_diamond_legalizer"": 1, ""disable_window_extension"": 0}","{""max_displacement"": 0, ""site_search_window"": 0, ""row_search_window"": 0, ""disallow_one_site_gaps"": 0, ""use_diamond_legalizer"": 1, ""disable_window_extension"": 0}",VALID,7925768.4,7925768.4,0.0,0.0,0.0,False
45,12,7,RISCY-FPU-a-2-c20,6,"{""max_displacement"": 0, ""site_search_window"": 0, ""row_search_window"": 0, ""disallow_one_site_gaps"": 0, ""use_diamond_legalizer"": 1, ""disable_window_extension"": 0}","{""max_displacement"": 0, ""site_search_window"": 0, ""row_search_window"": 0, ""disallow_one_site_gaps"": 0, ""use_diamond_legalizer"": 1, ""disable_window_extension"": 0}",VALID,7925768.4,7925768.4,0.0,0.0,0.0,False
45,12,8,RISCY-FPU-a-2-c20,0,"{""max_displacement"": 0, ""site_search_window"": 0, ""row_search_window"": 0, ""disallow_one_site_gaps"": 0, ""use_diamond_legalizer"": 1, ""disable_window_extension"": 0}","{""max_displacement"": 0, ""site_search_window"": 0, ""row_search_window"": 0, ""disallow_one_site_gaps"": true, ""use_diamond_legalizer"": 1, ""disable_window_extension"": true}",VALID,7925768.4,7925768.4,0.0,0.0,0.0,False
45,12,9,RISCY-FPU-a-2-c20,2,"{""max_displacement"": 0, ""site_search_window"": 0, ""row_search_window"": 0, ""disallow_one_site_gaps"": true, ""use_diamond_legalizer"": 1, ""disable_window_extension"": true}","{""max_displacement"": 0, ""site_search_window"": 0, ""row_search_window"": 0, ""disallow_one_site_gaps"": true, ""use_diamond_legalizer"": 1, ""disable_window_extension"": true}",VALID,7925768.4,7925768.4,0.0,0.0,0.0,False
45,12,10,RISCY-FPU-a-2-c20,0,"{""max_displacement"": 0, ""site_search_window"": 0, ""row_search_window"": 0, ""disallow_one_site_gaps"": true, ""use_diamond_legalizer"": 1, ""disable_window_extension"": true}","{""max_displacement"": 0, ""site_search_window"": 0, ""row_search_window"": 0, ""disallow_one_site_gaps"": false, ""use_diamond_legalizer"": 1, ""disable_window_extension"": false}",VALID,7925768.4,7925768.4,0.0,0.0,0.0,True
45,13,1,RISCY-FPU-b-1-c5,7,"{""max_displacement"": 0, ""site_search_window"": 0, ""row_search_window"": 0, ""disallow_one_site_gaps"": 0, ""use_diamond_legalizer"": 1, ""disable_window_extension"": 0}","{""max_displacement"": 0, ""site_search_window"": 0, ""row_search_window"": 0, ""disallow_one_site_gaps"": 0, ""use_diamond_legalizer"": 1, ""disable_window_extension"": 0}",VALID,4682989.8,4682989.8,0.0,0.0,0.0,False
45,13,2,RISCY-FPU-b-1-c5,3,"{""max_displacement"": 0, ""site_search_window"": 0, ""row_search_window"": 0, ""disallow_one_site_gaps"": 0, ""use_diamond_legalizer"": 1, ""disable_window_extension"": 0}","{""max_displacement"": 0, ""site_search_window"": 10, ""row_search_window"": 2, ""disallow_one_site_gaps"": 0, ""use_diamond_legalizer"": 1, ""disable_window_extension"": 0}",VALID,4682989.8,4682989.8,0.0,0.0,0.0,False
45,13,3,RISCY-FPU-b-1-c5,1,"{""max_displacement"": 0, ""site_search_window"": 10, ""row_search_window"": 2, ""disallow_one_site_gaps"": 0, ""use_diamond_legalizer"": 1, ""disable_window_extension"": 0}","{""max_displacement"": 10, ""site_search_window"": 20, ""row_search_window"": 4, ""disallow_one_site_gaps"": 0, ""use_diamond_legalizer"": 1, ""disable_window_extension"": 0}",VALID,4682989.8,4682989.8,0.0,0.0,0.0,False
45,13,4,RISCY-FPU-b-1-c5,1,"{""max_displacement"": 10, ""site_search_window"": 20, ""row_search_window"": 4, ""disallow_one_site_gaps"": 0, ""use_diamond_legalizer"": 1, ""disable_window_extension"": 0}","{""max_displacement"": 20, ""site_search_window"": 30, ""row_search_window"": 6, ""disallow_one_site_gaps"": 0, ""use_diamond_legalizer"": 1, ""disable_window_extension"": 0}",VALID,4682989.8,4682989.8,0.0,0.0,0.0,False
45,13,5,RISCY-FPU-b-1-c5,3,"{""max_displacement"": 20, ""site_search_window"": 30, ""row_search_window"": 6, ""disallow_one_site_gaps"": 0, ""use_diamond_legalizer"": 1, ""disable_window_extension"": 0}","{""max_displacement"": 20, ""site_search_window"": 40, ""row_search_window"": 8, ""disallow_one_site_gaps"": 0, ""use_diamond_legalizer"": 1, ""disable_window_extension"": 0}",VALID,4682989.8,4682989.8,0.0,0.0,0.0,False
45,13,6,RISCY-FPU-b-1-c5,3,"{""max_displacement"": 20, ""site_search_window"": 40, ""row_search_window"": 8, ""disallow_one_site_gaps"": 0, ""use_diamond_legalizer"": 1, ""disable_window_extension"": 0}","{""max_displacement"": 20, ""site_search_window"": 50, ""row_search_window"": 10, ""disallow_one_site_gaps"": 0, ""use_diamond_legalizer"": 1, ""disable_window_extension"": 0}",VALID,4682989.8,4682989.8,0.0,0.0,0.0,False
45,13,7,RISCY-FPU-b-1-c5,0,"{""max_displacement"": 20, ""site_search_window"": 50, ""row_search_window"": 10, ""disallow_one_site_gaps"": 0, ""use_diamond_legalizer"": 1, ""disable_window_extension"": 0}","{""max_displacement"": 20, ""site_search_window"": 50, ""row_search_window"": 10, ""disallow_one_site_gaps"": true, ""use_diamond_legalizer"": 1, ""disable_window_extension"": true}",VALID,4682989.8,4682989.8,0.0,0.0,0.0,False
45,13,8,RISCY-FPU-b-1-c5,7,"{""max_displacement"": 20, ""site_search_window"": 50, ""row_search_window"": 10, ""disallow_one_site_gaps"": true, ""use_diamond_legalizer"": 1, ""disable_window_extension"": true}","{""max_displacement"": 20, ""site_search_window"": 50, ""row_search_window"": 10, ""disallow_one_site_gaps"": true, ""use_diamond_legalizer"": 1, ""disable_window_extension"": true}",VALID,4682989.8,4682989.8,0.0,0.0,0.0,False
45,13,9,RISCY-FPU-b-1-c5,6,"{""max_displacement"": 20, ""site_search_window"": 50, ""row_search_window"": 10, ""disallow_one_site_gaps"": true, ""use_diamond_legalizer"": 1, ""disable_window_extension"": true}","{""max_displacement"": 10, ""site_search_window"": 40, ""row_search_window"": 10, ""disallow_one_site_gaps"": true, ""use_diamond_legalizer"": 1, ""disable_window_extension"": true}",VALID,4682989.8,4682989.8,0.0,0.0,0.0,False
45,13,10,RISCY-FPU-b-1-c5,0,"{""max_displacement"": 10, ""site_search_window"": 40, ""row_search_window"": 10, ""disallow_one_site_gaps"": true, ""use_diamond_legalizer"": 1, ""disable_window_extension"": true}","{""max_displacement"": 10, ""site_search_window"": 40, ""row_search_window"": 10, ""disallow_one_site_gaps"": false, ""use_diamond_legalizer"": 1, ""disable_window_extension"": false}",VALID,4682989.8,4682989.8,0.0,0.0,0.0,True
45,14,1,RISCY-a-2-c2,3,"{""max_displacement"": 0, ""site_search_window"": 0, ""row_search_window"": 0, ""disallow_one_site_gaps"": 0, ""use_diamond_legalizer"": 1, ""disable_window_extension"": 0}","{""max_displacement"": 0, ""site_search_window"": 10, ""row_search_window"": 2, ""disallow_one_site_gaps"": 0, ""use_diamond_legalizer"": 1, ""disable_window_extension"": 0}",VALID,4861249.7,4861249.7,0.0,0.0,0.0,False
45,14,2,RISCY-a-2-c2,2,"{""max_displacement"": 0, ""site_search_window"": 10, ""row_search_window"": 2, ""disallow_one_site_gaps"": 0, ""use_diamond_legalizer"": 1, ""disable_window_extension"": 0}","{""max_displacement"": 0, ""site_search_window"": 0, ""row_search_window"": 0, ""disallow_one_site_gaps"": 0, ""use_diamond_legalizer"": 1, ""disable_window_extension"": 0}",VALID,4861249.7,4861249.7,0.0,0.0,0.0,False
45,14,3,RISCY-a-2-c2,2,"{""max_displacement"": 0, ""site_search_window"": 0, ""row_search_window"": 0, ""disallow_one_site_gaps"": 0, ""use_diamond_legalizer"": 1, ""disable_window_extension"": 0}","{""max_displacement"": 0, ""site_search_window"": 0, ""row_search_window"": 0, ""disallow_one_site_gaps"": 0, ""use_diamond_legalizer"": 1, ""disable_window_extension"": 0}",VALID,4861249.7,4861249.7,0.0,0.0,0.0,False
45,14,4,RISCY-a-2-c2,2,"{""max_displacement"": 0, ""site_search_window"": 0, ""row_search_window"": 0, ""disallow_one_site_gaps"": 0, ""use_diamond_legalizer"": 1, ""disable_window_extension"": 0}","{""max_displacement"": 0, ""site_search_window"": 0, ""row_search_window"": 0, ""disallow_one_site_gaps"": 0, ""use_diamond_legalizer"": 1, ""disable_window_extension"": 0}",VALID,4861249.7,4861249.7,0.0,0.0,0.0,False
45,14,5,RISCY-a-2-c2,3,"{""max_displacement"": 0, ""site_search_window"": 0, ""row_search_window"": 0, ""disallow_one_site_gaps"": 0, ""use_diamond_legalizer"": 1, ""disable_window_extension"": 0}","{""max_displacement"": 0, ""site_search_window"": 10, ""row_search_window"": 2, ""disallow_one_site_gaps"": 0, ""use_diamond_legalizer"": 1, ""disable_window_extension"": 0}",VALID,4861249.7,4861249.7,0.0,0.0,0.0,False
45,14,6,RISCY-a-2-c2,1,"{""max_displacement"": 0, ""site_search_window"": 10, ""row_search_window"": 2, ""disallow_one_site_gaps"": 0, ""use_diamond_legalizer"": 1, ""disable_window_extension"": 0}","{""max_displacement"": 10, ""site_search_window"": 20, ""row_search_window"": 4, ""disallow_one_site_gaps"": 0, ""use_diamond_legalizer"": 1, ""disable_window_extension"": 0}",FAILED,4861249.7,4861249.7,0.0,-100.0,-1.0,False
45,14,7,RISCY-a-2-c2,0,"{""max_displacement"": 10, ""site_search_window"": 20, ""row_search_window"": 4, ""disallow_one_site_gaps"": 0, ""use_diamond_legalizer"": 1, ""disable_window_extension"": 0}","{""max_displacement"": 10, ""site_search_window"": 20, ""row_search_window"": 4, ""disallow_one_site_gaps"": true, ""use_diamond_legalizer"": 1, ""disable_window_extension"": true}",FAILED,4861249.7,4861249.7,0.0,-100.0,-1.0,False
45,14,8,RISCY-a-2-c2,0,"{""max_displacement"": 10, ""site_search_window"": 20, ""row_search_window"": 4, ""disallow_one_site_gaps"": true, ""use_diamond_legalizer"": 1, ""disable_window_extension"": true}","{""max_displacement"": 10, ""site_search_window"": 20, ""row_search_window"": 4, ""disallow_one_site_gaps"": false, ""use_diamond_legalizer"": 1, ""disable_window_extension"": false}",FAILED,4861249.7,4861249.7,0.0,-100.0,-1.0,False
45,14,9,RISCY-a-2-c2,1,"{""max_displacement"": 10, ""site_search_window"": 20, ""row_search_window"": 4, ""disallow_one_site_gaps"": false, ""use_diamond_legalizer"": 1, ""disable_window_extension"": false}","{""max_displacement"": 20, ""site_search_window"": 30, ""row_search_window"": 6, ""disallow_one_site_gaps"": false, ""use_diamond_legalizer"": 1, ""disable_window_extension"": false}",VALID,4861249.7,4861249.7,0.0,0.0,0.0,False
45,14,10,RISCY-a-2-c2,4,"{""max_displacement"": 20, ""site_search_window"": 30, ""row_search_window"": 6, ""disallow_one_site_gaps"": false, ""use_diamond_legalizer"": 1, ""disable_window_extension"": false}","{""max_displacement"": 20, ""site_search_window"": 20, ""row_search_window"": 4, ""disallow_one_site_gaps"": false, ""use_diamond_legalizer"": 1, ""disable_window_extension"": false}",VALID,4861249.7,4861249.7,0.0,0.0,0.0,True
45,15,1,RISCY-b-3-c2,6,"{""max_displacement"": 0, ""site_search_window"": 0, ""row_search_window"": 0, ""disallow_one_site_gaps"": 0, ""use_diamond_legalizer"": 1, ""disable_window_extension"": 0}","{""max_displacement"": 0, ""site_search_window"": 0, ""row_search_window"": 0, ""disallow_one_site_gaps"": 0, ""use_diamond_legalizer"": 1, ""disable_window_extension"": 0}",VALID,4119260.8,4119260.8,0.0,0.0,0.0,False
45,15,2,RISCY-b-3-c2,3,"{""max_displacement"": 0, ""site_search_window"": 0, ""row_search_window"": 0, ""disallow_one_site_gaps"": 0, ""use_diamond_legalizer"": 1, ""disable_window_extension"": 0}","{""max_displacement"": 0, ""site_search_window"": 10, ""row_search_window"": 2, ""disallow_one_site_gaps"": 0, ""use_diamond_legalizer"": 1, ""disable_window_extension"": 0}",VALID,4119260.8,4119260.8,0.0,0.0,0.0,False
45,15,3,RISCY-b-3-c2,5,"{""max_displacement"": 0, ""site_search_window"": 10, ""row_search_window"": 2, ""disallow_one_site_gaps"": 0, ""use_diamond_legalizer"": 1, ""disable_window_extension"": 0}","{""max_displacement"": 10, ""site_search_window"": 20, ""row_search_window"": 2, ""disallow_one_site_gaps"": 0, ""use_diamond_legalizer"": 1, ""disable_window_extension"": 0}",VALID,4119260.8,4119224.9,35.89999999990687,0.0009,8.715155884256435e-06,False
45,15,4,RISCY-b-3-c2,3,"{""max_displacement"": 10, ""site_search_window"": 20, ""row_search_window"": 2, ""disallow_one_site_gaps"": 0, ""use_diamond_legalizer"": 1, ""disable_window_extension"": 0}","{""max_displacement"": 10, ""site_search_window"": 30, ""row_search_window"": 4, ""disallow_one_site_gaps"": 0, ""use_diamond_legalizer"": 1, ""disable_window_extension"": 0}",VALID,4119260.8,4119224.9,0.0,0.0,0.0,False
45,15,5,RISCY-b-3-c2,4,"{""max_displacement"": 10, ""site_search_window"": 30, ""row_search_window"": 4, ""disallow_one_site_gaps"": 0, ""use_diamond_legalizer"": 1, ""disable_window_extension"": 0}","{""max_displacement"": 10, ""site_search_window"": 20, ""row_search_window"": 2, ""disallow_one_site_gaps"": 0, ""use_diamond_legalizer"": 1, ""disable_window_extension"": 0}",VALID,4119260.8,4119224.9,0.0,0.0,0.0,False
45,15,6,RISCY-b-3-c2,1,"{""max_displacement"": 10, ""site_search_window"": 20, ""row_search_window"": 2, ""disallow_one_site_gaps"": 0, ""use_diamond_legalizer"": 1, ""disable_window_extension"": 0}","{""max_displacement"": 20, ""site_search_window"": 30, ""row_search_window"": 4, ""disallow_one_site_gaps"": 0, ""use_diamond_legalizer"": 1, ""disable_window_extension"": 0}",VALID,4119260.8,4119260.8,-35.89999999990687,-0.0009,-8.715231838860478e-06,False
45,15,7,RISCY-b-3-c2,7,"{""max_displacement"": 20, ""site_search_window"": 30, ""row_search_window"": 4, ""disallow_one_site_gaps"": 0, ""use_diamond_legalizer"": 1, ""disable_window_extension"": 0}","{""max_displacement"": 20, ""site_search_window"": 30, ""row_search_window"": 4, ""disallow_one_site_gaps"": 0, ""use_diamond_legalizer"": 1, ""disable_window_extension"": 0}",VALID,4119260.8,4119260.8,0.0,0.0,0.0,False
45,15,8,RISCY-b-3-c2,1,"{""max_displacement"": 20, ""site_search_window"": 30, ""row_search_window"": 4, ""disallow_one_site_gaps"": 0, ""use_diamond_legalizer"": 1, ""disable_window_extension"": 0}","{""max_displacement"": 30, ""site_search_window"": 40, ""row_search_window"": 6, ""disallow_one_site_gaps"": 0, ""use_diamond_legalizer"": 1, ""disable_window_extension"": 0}",VALID,4119260.8,4119260.8,0.0,0.0,0.0,False
45,15,9,RISCY-b-3-c2,5,"{""max_displacement"": 30, ""site_search_window"": 40, ""row_search_window"": 6, ""disallow_one_site_gaps"": 0, ""use_diamond_legalizer"": 1, ""disable_window_extension"": 0}","{""max_displacement"": 40, ""site_search_window"": 50, ""row_search_window"": 6, ""disallow_one_site_gaps"": 0, ""use_diamond_legalizer"": 1, ""disable_window_extension"": 0}",VALID,4119260.8,4119260.8,0.0,0.0,0.0,False
45,15,10,RISCY-b-3-c2,5,"{""max_displacement"": 40, ""site_search_window"": 50, ""row_search_window"": 6, ""disallow_one_site_gaps"": 0, ""use_diamond_legalizer"": 1, ""disable_window_extension"": 0}","{""max_displacement"": 50, ""site_search_window"": 60, ""row_search_window"": 6, ""disallow_one_site_gaps"": 0, ""use_diamond_legalizer"": 1, ""disable_window_extension"": 0}",VALID,4119260.8,4119260.8,0.0,0.0,0.0,True
45,16,1,zero-riscy-a-3-c2,4,"{""max_displacement"": 0, ""site_search_window"": 0, ""row_search_window"": 0, ""disallow_one_site_gaps"": 0, ""use_diamond_legalizer"": 1, ""disable_window_extension"": 0}","{""max_displacement"": 0, ""site_search_window"": 0, ""row_search_window"": 0, ""disallow_one_site_gaps"": 0, ""use_diamond_legalizer"": 1, ""disable_window_extension"": 0}",VALID,4400147.4,4400147.4,0.0,0.0,0.0,False
45,16,2,zero-riscy-a-3-c2,7,"{""max_displacement"": 0, ""site_search_window"": 0, ""row_search_window"": 0, ""disallow_one_site_gaps"": 0, ""use_diamond_legalizer"": 1, ""disable_window_extension"": 0}","{""max_displacement"": 0, ""site_search_window"": 0, ""row_search_window"": 0, ""disallow_one_site_gaps"": 0, ""use_diamond_legalizer"": 1, ""disable_window_extension"": 0}",VALID,4400147.4,4400147.4,0.0,0.0,0.0,False
45,16,3,zero-riscy-a-3-c2,7,"{""max_displacement"": 0, ""site_search_window"": 0, ""row_search_window"": 0, ""disallow_one_site_gaps"": 0, ""use_diamond_legalizer"": 1, ""disable_window_extension"": 0}","{""max_displacement"": 0, ""site_search_window"": 0, ""row_search_window"": 0, ""disallow_one_site_gaps"": 0, ""use_diamond_legalizer"": 1, ""disable_window_extension"": 0}",VALID,4400147.4,4400147.4,0.0,0.0,0.0,False
45,16,4,zero-riscy-a-3-c2,1,"{""max_displacement"": 0, ""site_search_window"": 0, ""row_search_window"": 0, ""disallow_one_site_gaps"": 0, ""use_diamond_legalizer"": 1, ""disable_window_extension"": 0}","{""max_displacement"": 10, ""site_search_window"": 10, ""row_search_window"": 2, ""disallow_one_site_gaps"": 0, ""use_diamond_legalizer"": 1, ""disable_window_extension"": 0}",VALID,4400147.4,4400152.7,-5.2999999998137355,-9.999999999999999e-05,-1.2045051035821516e-06,False
45,16,5,zero-riscy-a-3-c2,3,"{""max_displacement"": 10, ""site_search_window"": 10, ""row_search_window"": 2, ""disallow_one_site_gaps"": 0, ""use_diamond_legalizer"": 1, ""disable_window_extension"": 0}","{""max_displacement"": 10, ""site_search_window"": 20, ""row_search_window"": 4, ""disallow_one_site_gaps"": 0, ""use_diamond_legalizer"": 1, ""disable_window_extension"": 0}",VALID,4400147.4,4400152.7,0.0,0.0,0.0,False
45,16,6,zero-riscy-a-3-c2,1,"{""max_displacement"": 10, ""site_search_window"": 20, ""row_search_window"": 4, ""disallow_one_site_gaps"": 0, ""use_diamond_legalizer"": 1, ""disable_window_extension"": 0}","{""max_displacement"": 20, ""site_search_window"": 30, ""row_search_window"": 6, ""disallow_one_site_gaps"": 0, ""use_diamond_legalizer"": 1, ""disable_window_extension"": 0}",VALID,4400147.4,4400147.4,5.2999999998137355,9.999999999999999e-05,1.2045036527513546e-06,False
45,16,7,zero-riscy-a-3-c2,2,"{""max_displacement"": 20, ""site_search_window"": 30, ""row_search_window"": 6, ""disallow_one_site_gaps"": 0, ""use_diamond_legalizer"": 1, ""disable_window_extension"": 0}","{""max_displacement"": 10, ""site_search_window"": 20, ""row_search_window"": 4, ""disallow_one_site_gaps"": 0, ""use_diamond_legalizer"": 1, ""disable_window_extension"": 0}",VALID,4400147.4,4400152.7,-5.2999999998137355,-9.999999999999999e-05,-1.2045051035821516e-06,False
45,16,8,zero-riscy-a-3-c2,7,"{""max_displacement"": 10, ""site_search_window"": 20, ""row_search_window"": 4, ""disallow_one_site_gaps"": 0, ""use_diamond_legalizer"": 1, ""disable_window_extension"": 0}","{""max_displacement"": 10, ""site_search_window"": 20, ""row_search_window"": 4, ""disallow_one_site_gaps"": 0, ""use_diamond_legalizer"": 1, ""disable_window_extension"": 0}",VALID,4400147.4,4400152.7,0.0,0.0,0.0,False
45,16,9,zero-riscy-a-3-c2,5,"{""max_displacement"": 10, ""site_search_window"": 20, ""row_search_window"": 4, ""disallow_one_site_gaps"": 0, ""use_diamond_legalizer"": 1, ""disable_window_extension"": 0}","{""max_displacement"": 20, ""site_search_window"": 30, ""row_search_window"": 4, ""disallow_one_site_gaps"": 0, ""use_diamond_legalizer"": 1, ""disable_window_extension"": 0}",VALID,4400147.4,4400147.4,5.2999999998137355,9.999999999999999e-05,1.2045036527513546e-06,False
45,16,10,zero-riscy-a-3-c2,6,"{""max_displacement"": 20, ""site_search_window"": 30, ""row_search_window"": 4, ""disallow_one_site_gaps"": 0, ""use_diamond_legalizer"": 1, ""disable_window_extension"": 0}","{""max_displacement"": 10, ""site_search_window"": 20, ""row_search_window"": 4, ""disallow_one_site_gaps"": 0, ""use_diamond_legalizer"": 1, ""disable_window_extension"": 0}",VALID,4400147.4,4400152.7,-5.2999999998137355,-9.999999999999999e-05,-1.2045051035821516e-06,True
45,17,1,RISCY-FPU-b-2-c2,1,"{""max_displacement"": 0, ""site_search_window"": 0, ""row_search_window"": 0, ""disallow_one_site_gaps"": 0, ""use_diamond_legalizer"": 1, ""disable_window_extension"": 0}","{""max_displacement"": 10, ""site_search_window"": 10, ""row_search_window"": 2, ""disallow_one_site_gaps"": 0, ""use_diamond_legalizer"": 1, ""disable_window_extension"": 0}",FAILED,6307671.3,6307671.3,0.0,-100.0,-1.0,False
45,17,2,RISCY-FPU-b-2-c2,5,"{""max_displacement"": 10, ""site_search_window"": 10, ""row_search_window"": 2, ""disallow_one_site_gaps"": 0, ""use_diamond_legalizer"": 1, ""disable_window_extension"": 0}","{""max_displacement"": 20, ""site_search_window"": 20, ""row_search_window"": 2, ""disallow_one_site_gaps"": 0, ""use_diamond_legalizer"": 1, ""disable_window_extension"": 0}",FAILED,6307671.3,6307671.3,0.0,-100.0,-1.0,False
45,17,3,RISCY-FPU-b-2-c2,2,"{""max_displacement"": 20, ""site_search_window"": 20, ""row_search_window"": 2, ""disallow_one_site_gaps"": 0, ""use_diamond_legalizer"": 1, ""disable_window_extension"": 0}","{""max_displacement"": 10, ""site_search_window"": 10, ""row_search_window"": 0, ""disallow_one_site_gaps"": 0, ""use_diamond_legalizer"": 1, ""disable_window_extension"": 0}",FAILED,6307671.3,6307671.3,0.0,-100.0,-1.0,False
45,17,4,RISCY-FPU-b-2-c2,0,"{""max_displacement"": 10, ""site_search_window"": 10, ""row_search_window"": 0, ""disallow_one_site_gaps"": 0, ""use_diamond_legalizer"": 1, ""disable_window_extension"": 0}","{""max_displacement"": 10, ""site_search_window"": 10, ""row_search_window"": 0, ""disallow_one_site_gaps"": true, ""use_diamond_legalizer"": 1, ""disable_window_extension"": true}",FAILED,6307671.3,6307671.3,0.0,-100.0,-1.0,False
45,17,5,RISCY-FPU-b-2-c2,2,"{""max_displacement"": 10, ""site_search_window"": 10, ""row_search_window"": 0, ""disallow_one_site_gaps"": true, ""use_diamond_legalizer"": 1, ""disable_window_extension"": true}","{""max_displacement"": 0, ""site_search_window"": 0, ""row_search_window"": 0, ""disallow_one_site_gaps"": true, ""use_diamond_legalizer"": 1, ""disable_window_extension"": true}",VALID,6307671.3,6307671.3,0.0,0.0,0.0,False
45,17,6,RISCY-FPU-b-2-c2,1,"{""max_displacement"": 0, ""site_search_window"": 0, ""row_search_window"": 0, ""disallow_one_site_gaps"": true, ""use_diamond_legalizer"": 1, ""disable_window_extension"": true}","{""max_displacement"": 10, ""site_search_window"": 10, ""row_search_window"": 2, ""disallow_one_site_gaps"": true, ""use_diamond_legalizer"": 1, ""disable_window_extension"": true}",FAILED,6307671.3,6307671.3,0.0,-100.0,-1.0,False
45,17,7,RISCY-FPU-b-2-c2,4,"{""max_displacement"": 10, ""site_search_window"": 10, ""row_search_window"": 2, ""disallow_one_site_gaps"": true, ""use_diamond_legalizer"": 1, ""disable_window_extension"": true}","{""max_displacement"": 10, ""site_search_window"": 0, ""row_search_window"": 0, ""disallow_one_site_gaps"": true, ""use_diamond_legalizer"": 1, ""disable_window_extension"": true}",FAILED,6307671.3,6307671.3,0.0,-100.0,-1.0,False
45,17,8,RISCY-FPU-b-2-c2,2,"{""max_displacement"": 10, ""site_search_window"": 0, ""row_search_window"": 0, ""disallow_one_site_gaps"": true, ""use_diamond_legalizer"": 1, ""disable_window_extension"": true}","{""max_displacement"": 0, ""site_search_window"": 0, ""row_search_window"": 0, ""disallow_one_site_gaps"": true, ""use_diamond_legalizer"": 1, ""disable_window_extension"": true}",VALID,6307671.3,6307671.3,0.0,0.0,0.0,False
45,17,9,RISCY-FPU-b-2-c2,6,"{""max_displacement"": 0, ""site_search_window"": 0, ""row_search_window"": 0, ""disallow_one_site_gaps"": true, ""use_diamond_legalizer"": 1, ""disable_window_extension"": true}","{""max_displacement"": 0, ""site_search_window"": 0, ""row_search_window"": 0, ""disallow_one_site_gaps"": true, ""use_diamond_legalizer"": 1, ""disable_window_extension"": true}",VALID,6307671.3,6307671.3,0.0,0.0,0.0,False
45,17,10,RISCY-FPU-b-2-c2,5,"{""max_displacement"": 0, ""site_search_window"": 0, ""row_search_window"": 0, ""disallow_one_site_gaps"": true, ""use_diamond_legalizer"": 1, ""disable_window_extension"": true}","{""max_displacement"": 10, ""site_search_window"": 10, ""row_search_window"": 0, ""disallow_one_site_gaps"": true, ""use_diamond_legalizer"": 1, ""disable_window_extension"": true}",FAILED,6307671.3,6307671.3,0.0,-100.0,-1.0,True
45,18,1,RISCY-a-3-c5,3,"{""max_displacement"": 0, ""site_search_window"": 0, ""row_search_window"": 0, ""disallow_one_site_gaps"": 0, ""use_diamond_legalizer"": 1, ""disable_window_extension"": 0}","{""max_displacement"": 0, ""site_search_window"": 10, ""row_search_window"": 2, ""disallow_one_site_gaps"": 0, ""use_diamond_legalizer"": 1, ""disable_window_extension"": 0}",VALID,5599044.1,5599044.1,0.0,0.0,0.0,False
45,18,2,RISCY-a-3-c5,5,"{""max_displacement"": 0, ""site_search_window"": 10, ""row_search_window"": 2, ""disallow_one_site_gaps"": 0, ""use_diamond_legalizer"": 1, ""disable_window_extension"": 0}","{""max_displacement"": 10, ""site_search_window"": 20, ""row_search_window"": 2, ""disallow_one_site_gaps"": 0, ""use_diamond_legalizer"": 1, ""disable_window_extension"": 0}",FAILED,5599044.1,5599044.1,0.0,-100.0,-1.0,False
45,18,3,RISCY-a-3-c5,5,"{""max_displacement"": 10, ""site_search_window"": 20, ""row_search_window"": 2, ""disallow_one_site_gaps"": 0, ""use_diamond_legalizer"": 1, ""disable_window_extension"": 0}","{""max_displacement"": 20, ""site_search_window"": 30, ""row_search_window"": 2, ""disallow_one_site_gaps"": 0, ""use_diamond_legalizer"": 1, ""disable_window_extension"": 0}",VALID,5599044.1,5598956.4,87.69999999925494,0.0015999999999999999,1.566338796996704e-05,False
45,18,4,RISCY-a-3-c5,6,"{""max_displacement"": 20, ""site_search_window"": 30, ""row_search_window"": 2, ""disallow_one_site_gaps"": 0, ""use_diamond_legalizer"": 1, ""disable_window_extension"": 0}","{""max_displacement"": 10, ""site_search_window"": 20, ""row_search_window"": 2, ""disallow_one_site_gaps"": 0, ""use_diamond_legalizer"": 1, ""disable_window_extension"": 0}",FAILED,5599044.1,5598956.4,0.0,-100.0,-1.0,False
45,18,5,RISCY-a-3-c5,5,"{""max_displacement"": 10, ""site_search_window"": 20, ""row_search_window"": 2, ""disallow_one_site_gaps"": 0, ""use_diamond_legalizer"": 1, ""disable_window_extension"": 0}","{""max_displacement"": 20, ""site_search_window"": 30, ""row_search_window"": 2, ""disallow_one_site_gaps"": 0, ""use_diamond_legalizer"": 1, ""disable_window_extension"": 0}",VALID,5599044.1,5598956.4,0.0,0.0,0.0,False
45,18,6,RISCY-a-3-c5,5,"{""max_displacement"": 20, ""site_search_window"": 30, ""row_search_window"": 2, ""disallow_one_site_gaps"": 0, ""use_diamond_legalizer"": 1, ""disable_window_extension"": 0}","{""max_displacement"": 30, ""site_search_window"": 40, ""row_search_window"": 2, ""disallow_one_site_gaps"": 0, ""use_diamond_legalizer"": 1, ""disable_window_extension"": 0}",VALID,5599044.1,5599044.1,-87.69999999925494,-0.0015999999999999999,-1.5663633315532682e-05,False
45,18,7,RISCY-a-3-c5,5,"{""max_displacement"": 30, ""site_search_window"": 40, ""row_search_window"": 2, ""disallow_one_site_gaps"": 0, ""use_diamond_legalizer"": 1, ""disable_window_extension"": 0}","{""max_displacement"": 40, ""site_search_window"": 50, ""row_search_window"": 2, ""disallow_one_site_gaps"": 0, ""use_diamond_legalizer"": 1, ""disable_window_extension"": 0}",VALID,5599044.1,5599044.1,0.0,0.0,0.0,False
45,18,8,RISCY-a-3-c5,3,"{""max_displacement"": 40, ""site_search_window"": 50, ""row_search_window"": 2, ""disallow_one_site_gaps"": 0, ""use_diamond_legalizer"": 1, ""disable_window_extension"": 0}","{""max_displacement"": 40, ""site_search_window"": 60, ""row_search_window"": 4, ""disallow_one_site_gaps"": 0, ""use_diamond_legalizer"": 1, ""disable_window_extension"": 0}",VALID,5599044.1,5599044.1,0.0,0.0,0.0,False
45,18,9,RISCY-a-3-c5,1,"{""max_displacement"": 40, ""site_search_window"": 60, ""row_search_window"": 4, ""disallow_one_site_gaps"": 0, ""use_diamond_legalizer"": 1, ""disable_window_extension"": 0}","{""max_displacement"": 50, ""site_search_window"": 70, ""row_search_window"": 6, ""disallow_one_site_gaps"": 0, ""use_diamond_legalizer"": 1, ""disable_window_extension"": 0}",VALID,5599044.1,5599044.1,0.0,0.0,0.0,False
45,18,10,RISCY-a-3-c5,6,"{""max_displacement"": 50, ""site_search_window"": 70, ""row_search_window"": 6, ""disallow_one_site_gaps"": 0, ""use_diamond_legalizer"": 1, ""disable_window_extension"": 0}","{""max_displacement"": 40, ""site_search_window"": 60, ""row_search_window"": 6, ""disallow_one_site_gaps"": 0, ""use_diamond_legalizer"": 1, ""disable_window_extension"": 0}",VALID,5599044.1,5599044.1,0.0,0.0,0.0,True
45,19,1,zero-riscy-a-3-c20,4,"{""max_displacement"": 0, ""site_search_window"": 0, ""row_search_window"": 0, ""disallow_one_site_gaps"": 0, ""use_diamond_legalizer"": 1, ""disable_window_extension"": 0}","{""max_displacement"": 0, ""site_search_window"": 0, ""row_search_window"": 0, ""disallow_one_site_gaps"": 0, ""use_diamond_legalizer"": 1, ""disable_window_extension"": 0}",VALID,4037614.6,4037614.6,0.0,0.0,0.0,False
45,19,2,zero-riscy-a-3-c20,4,"{""max_displacement"": 0, ""site_search_window"": 0, ""row_search_window"": 0, ""disallow_one_site_gaps"": 0, ""use_diamond_legalizer"": 1, ""disable_window_extension"": 0}","{""max_displacement"": 0, ""site_search_window"": 0, ""row_search_window"": 0, ""disallow_one_site_gaps"": 0, ""use_diamond_legalizer"": 1, ""disable_window_extension"": 0}",VALID,4037614.6,4037614.6,0.0,0.0,0.0,False
45,19,3,zero-riscy-a-3-c20,5,"{""max_displacement"": 0, ""site_search_window"": 0, ""row_search_window"": 0, ""disallow_one_site_gaps"": 0, ""use_diamond_legalizer"": 1, ""disable_window_extension"": 0}","{""max_displacement"": 10, ""site_search_window"": 10, ""row_search_window"": 0, ""disallow_one_site_gaps"": 0, ""use_diamond_legalizer"": 1, ""disable_window_extension"": 0}",FAILED,4037614.6,4037614.6,0.0,-100.0,-1.0,False
45,19,4,zero-riscy-a-3-c20,6,"{""max_displacement"": 10, ""site_search_window"": 10, ""row_search_window"": 0, ""disallow_one_site_gaps"": 0, ""use_diamond_legalizer"": 1, ""disable_window_extension"": 0}","{""max_displacement"": 0, ""site_search_window"": 0, ""row_search_window"": 0, ""disallow_one_site_gaps"": 0, ""use_diamond_legalizer"": 1, ""disable_window_extension"": 0}",VALID,4037614.6,4037614.6,0.0,0.0,0.0,False
45,19,5,zero-riscy-a-3-c20,7,"{""max_displacement"": 0, ""site_search_window"": 0, ""row_search_window"": 0, ""disallow_one_site_gaps"": 0, ""use_diamond_legalizer"": 1, ""disable_window_extension"": 0}","{""max_displacement"": 0, ""site_search_window"": 0, ""row_search_window"": 0, ""disallow_one_site_gaps"": 0, ""use_diamond_legalizer"": 1, ""disable_window_extension"": 0}",VALID,4037614.6,4037614.6,0.0,0.0,0.0,False
45,19,6,zero-riscy-a-3-c20,3,"{""max_displacement"": 0, ""site_search_window"": 0, ""row_search_window"": 0, ""disallow_one_site_gaps"": 0, ""use_diamond_legalizer"": 1, ""disable_window_extension"": 0}","{""max_displacement"": 0, ""site_search_window"": 10, ""row_search_window"": 2, ""disallow_one_site_gaps"": 0, ""use_diamond_legalizer"": 1, ""disable_window_extension"": 0}",VALID,4037614.6,4037614.6,0.0,0.0,0.0,False
45,19,7,zero-riscy-a-3-c20,4,"{""max_displacement"": 0, ""site_search_window"": 10, ""row_search_window"": 2, ""disallow_one_site_gaps"": 0, ""use_diamond_legalizer"": 1, ""disable_window_extension"": 0}","{""max_displacement"": 0, ""site_search_window"": 0, ""row_search_window"": 0, ""disallow_one_site_gaps"": 0, ""use_diamond_legalizer"": 1, ""disable_window_extension"": 0}",VALID,4037614.6,4037614.6,0.0,0.0,0.0,False
45,19,8,zero-riscy-a-3-c20,7,"{""max_displacement"": 0, ""site_search_window"": 0, ""row_search_window"": 0, ""disallow_one_site_gaps"": 0, ""use_diamond_legalizer"": 1, ""disable_window_extension"": 0}","{""max_displacement"": 0, ""site_search_window"": 0, ""row_search_window"": 0, ""disallow_one_site_gaps"": 0, ""use_diamond_legalizer"": 1, ""disable_window_extension"": 0}",VALID,4037614.6,4037614.6,0.0,0.0,0.0,False
45,19,9,zero-riscy-a-3-c20,2,"{""max_displacement"": 0, ""site_search_window"": 0, ""row_search_window"": 0, ""disallow_one_site_gaps"": 0, ""use_diamond_legalizer"": 1, ""disable_window_extension"": 0}","{""max_displacement"": 0, ""site_search_window"": 0, ""row_search_window"": 0, ""disallow_one_site_gaps"": 0, ""use_diamond_legalizer"": 1, ""disable_window_extension"": 0}",VALID,4037614.6,4037614.6,0.0,0.0,0.0,False
45,19,10,zero-riscy-a-3-c20,5,"{""max_displacement"": 0, ""site_search_window"": 0, ""row_search_window"": 0, ""disallow_one_site_gaps"": 0, ""use_diamond_legalizer"": 1, ""disable_window_extension"": 0}","{""max_displacement"": 10, ""site_search_window"": 10, ""row_search_window"": 0, ""disallow_one_site_gaps"": 0, ""use_diamond_legalizer"": 1, ""disable_window_extension"": 0}",FAILED,4037614.6,4037614.6,0.0,-100.0,-1.0,True
45,20,1,RISCY-FPU-b-1-c2,7,"{""max_displacement"": 0, ""site_search_window"": 0, ""row_search_window"": 0, ""disallow_one_site_gaps"": 0, ""use_diamond_legalizer"": 1, ""disable_window_extension"": 0}","{""max_displacement"": 0, ""site_search_window"": 0, ""row_search_window"": 0, ""disallow_one_site_gaps"": 0, ""use_diamond_legalizer"": 1, ""disable_window_extension"": 0}",VALID,5067893.3,5067893.3,0.0,0.0,0.0,False
45,20,2,RISCY-FPU-b-1-c2,2,"{""max_displacement"": 0, ""site_search_window"": 0, ""row_search_window"": 0, ""disallow_one_site_gaps"": 0, ""use_diamond_legalizer"": 1, ""disable_window_extension"": 0}","{""max_displacement"": 0, ""site_search_window"": 0, ""row_search_window"": 0, ""disallow_one_site_gaps"": 0, ""use_diamond_legalizer"": 1, ""disable_window_extension"": 0}",VALID,5067893.3,5067893.3,0.0,0.0,0.0,False
45,20,3,RISCY-FPU-b-1-c2,6,"{""max_displacement"": 0, ""site_search_window"": 0, ""row_search_window"": 0, ""disallow_one_site_gaps"": 0, ""use_diamond_legalizer"": 1, ""disable_window_extension"": 0}","{""max_displacement"": 0, ""site_search_window"": 0, ""row_search_window"": 0, ""disallow_one_site_gaps"": 0, ""use_diamond_legalizer"": 1, ""disable_window_extension"": 0}",VALID,5067893.3,5067893.3,0.0,0.0,0.0,False
45,20,4,RISCY-FPU-b-1-c2,5,"{""max_displacement"": 0, ""site_search_window"": 0, ""row_search_window"": 0, ""disallow_one_site_gaps"": 0, ""use_diamond_legalizer"": 1, ""disable_window_extension"": 0}","{""max_displacement"": 10, ""site_search_window"": 10, ""row_search_window"": 0, ""disallow_one_site_gaps"": 0, ""use_diamond_legalizer"": 1, ""disable_window_extension"": 0}",VALID,5067893.3,5067893.3,0.0,0.0,0.0,False
45,20,5,RISCY-FPU-b-1-c2,5,"{""max_displacement"": 10, ""site_search_window"": 10, ""row_search_window"": 0, ""disallow_one_site_gaps"": 0, ""use_diamond_legalizer"": 1, ""disable_window_extension"": 0}","{""max_displacement"": 20, ""site_search_window"": 20, ""row_search_window"": 0, ""disallow_one_site_gaps"": 0, ""use_diamond_legalizer"": 1, ""disable_window_extension"": 0}",VALID,5067893.3,5067893.3,0.0,0.0,0.0,False
45,20,6,RISCY-FPU-b-1-c2,5,"{""max_displacement"": 20, ""site_search_window"": 20, ""row_search_window"": 0, ""disallow_one_site_gaps"": 0, ""use_diamond_legalizer"": 1, ""disable_window_extension"": 0}","{""max_displacement"": 30, ""site_search_window"": 30, ""row_search_window"": 0, ""disallow_one_site_gaps"": 0, ""use_diamond_legalizer"": 1, ""disable_window_extension"": 0}",VALID,5067893.3,5067893.3,0.0,0.0,0.0,False
45,20,7,RISCY-FPU-b-1-c2,0,"{""max_displacement"": 30, ""site_search_window"": 30, ""row_search_window"": 0, ""disallow_one_site_gaps"": 0, ""use_diamond_legalizer"": 1, ""disable_window_extension"": 0}","{""max_displacement"": 30, ""site_search_window"": 30, ""row_search_window"": 0, ""disallow_one_site_gaps"": true, ""use_diamond_legalizer"": 1, ""disable_window_extension"": true}",VALID,5067893.3,5067893.3,0.0,0.0,0.0,False
45,20,8,RISCY-FPU-b-1-c2,7,"{""max_displacement"": 30, ""site_search_window"": 30, ""row_search_window"": 0, ""disallow_one_site_gaps"": true, ""use_diamond_legalizer"": 1, ""disable_window_extension"": true}","{""max_displacement"": 30, ""site_search_window"": 30, ""row_search_window"": 0, ""disallow_one_site_gaps"": true, ""use_diamond_legalizer"": 1, ""disable_window_extension"": true}",VALID,5067893.3,5067893.3,0.0,0.0,0.0,False
45,20,9,RISCY-FPU-b-1-c2,4,"{""max_displacement"": 30, ""site_search_window"": 30, ""row_search_window"": 0, ""disallow_one_site_gaps"": true, ""use_diamond_legalizer"": 1, ""disable_window_extension"": true}","{""max_displacement"": 30, ""site_search_window"": 20, ""row_search_window"": 0, ""disallow_one_site_gaps"": true, ""use_diamond_legalizer"": 1, ""disable_window_extension"": true}",VALID,5067893.3,5067893.3,0.0,0.0,0.0,False
45,20,10,RISCY-FPU-b-1-c2,6,"{""max_displacement"": 30, ""site_search_window"": 20, ""row_search_window"": 0, ""disallow_one_site_gaps"": true, ""use_diamond_legalizer"": 1, ""disable_window_extension"": true}","{""max_displacement"": 20, ""site_search_window"": 10, ""row_search_window"": 0, ""disallow_one_site_gaps"": true, ""use_diamond_legalizer"": 1, ""disable_window_extension"": true}",VALID,5067893.3,5067893.3,0.0,0.0,0.0,True
45,21,1,RISCY-FPU-b-2-c5,3,"{""max_displacement"": 0, ""site_search_window"": 0, ""row_search_window"": 0, ""disallow_one_site_gaps"": 0, ""use_diamond_legalizer"": 1, ""disable_window_extension"": 0}","{""max_displacement"": 0, ""site_search_window"": 10, ""row_search_window"": 2, ""disallow_one_site_gaps"": 0, ""use_diamond_legalizer"": 1, ""disable_window_extension"": 0}",VALID,5390089.0,5390089.0,0.0,0.0,0.0,False
45,21,2,RISCY-FPU-b-2-c5,3,"{""max_displacement"": 0, ""site_search_window"": 10, ""row_search_window"": 2, ""disallow_one_site_gaps"": 0, ""use_diamond_legalizer"": 1, ""disable_window_extension"": 0}","{""max_displacement"": 0, ""site_search_window"": 20, ""row_search_window"": 4, ""disallow_one_site_gaps"": 0, ""use_diamond_legalizer"": 1, ""disable_window_extension"": 0}",VALID,5390089.0,5390089.0,0.0,0.0,0.0,False
45,21,3,RISCY-FPU-b-2-c5,7,"{""max_displacement"": 0, ""site_search_window"": 20, ""row_search_window"": 4, ""disallow_one_site_gaps"": 0, ""use_diamond_legalizer"": 1, ""disable_window_extension"": 0}","{""max_displacement"": 0, ""site_search_window"": 20, ""row_search_window"": 4, ""disallow_one_site_gaps"": 0, ""use_diamond_legalizer"": 1, ""disable_window_extension"": 0}",VALID,5390089.0,5390089.0,0.0,0.0,0.0,False
45,21,4,RISCY-FPU-b-2-c5,4,"{""max_displacement"": 0, ""site_search_window"": 20, ""row_search_window"": 4, ""disallow_one_site_gaps"": 0, ""use_diamond_legalizer"": 1, ""disable_window_extension"": 0}","{""max_displacement"": 0, ""site_search_window"": 10, ""row_search_window"": 2, ""disallow_one_site_gaps"": 0, ""use_diamond_legalizer"": 1, ""disable_window_extension"": 0}",VALID,5390089.0,5390089.0,0.0,0.0,0.0,False
45,21,5,RISCY-FPU-b-2-c5,7,"{""max_displacement"": 0, ""site_search_window"": 10, ""row_search_window"": 2, ""disallow_one_site_gaps"": 0, ""use_diamond_legalizer"": 1, ""disable_window_extension"": 0}","{""max_displacement"": 0, ""site_search_window"": 10, ""row_search_window"": 2, ""disallow_one_site_gaps"": 0, ""use_diamond_legalizer"": 1, ""disable_window_extension"": 0}",VALID,5390089.0,5390089.0,0.0,0.0,0.0,False
45,21,6,RISCY-FPU-b-2-c5,3,"{""max_displacement"": 0, ""site_search_window"": 10, ""row_search_window"": 2, ""disallow_one_site_gaps"": 0, ""use_diamond_legalizer"": 1, ""disable_window_extension"": 0}","{""max_displacement"": 0, ""site_search_window"": 20, ""row_search_window"": 4, ""disallow_one_site_gaps"": 0, ""use_diamond_legalizer"": 1, ""disable_window_extension"": 0}",VALID,5390089.0,5390089.0,0.0,0.0,0.0,False
45,21,7,RISCY-FPU-b-2-c5,3,"{""max_displacement"": 0, ""site_search_window"": 20, ""row_search_window"": 4, ""disallow_one_site_gaps"": 0, ""use_diamond_legalizer"": 1, ""disable_window_extension"": 0}","{""max_displacement"": 0, ""site_search_window"": 30, ""row_search_window"": 6, ""disallow_one_site_gaps"": 0, ""use_diamond_legalizer"": 1, ""disable_window_extension"": 0}",VALID,5390089.0,5390089.0,0.0,0.0,0.0,False
45,21,8,RISCY-FPU-b-2-c5,7,"{""max_displacement"": 0, ""site_search_window"": 30, ""row_search_window"": 6, ""disallow_one_site_gaps"": 0, ""use_diamond_legalizer"": 1, ""disable_window_extension"": 0}","{""max_displacement"": 0, ""site_search_window"": 30, ""row_search_window"": 6, ""disallow_one_site_gaps"": 0, ""use_diamond_legalizer"": 1, ""disable_window_extension"": 0}",VALID,5390089.0,5390089.0,0.0,0.0,0.0,False
45,21,9,RISCY-FPU-b-2-c5,7,"{""max_displacement"": 0, ""site_search_window"": 30, ""row_search_window"": 6, ""disallow_one_site_gaps"": 0, ""use_diamond_legalizer"": 1, ""disable_window_extension"": 0}","{""max_displacement"": 0, ""site_search_window"": 30, ""row_search_window"": 6, ""disallow_one_site_gaps"": 0, ""use_diamond_legalizer"": 1, ""disable_window_extension"": 0}",VALID,5390089.0,5390089.0,0.0,0.0,0.0,False
45,21,10,RISCY-FPU-b-2-c5,1,"{""max_displacement"": 0, ""site_search_window"": 30, ""row_search_window"": 6, ""disallow_one_site_gaps"": 0, ""use_diamond_legalizer"": 1, ""disable_window_extension"": 0}","{""max_displacement"": 10, ""site_search_window"": 40, ""row_search_window"": 8, ""disallow_one_site_gaps"": 0, ""use_diamond_legalizer"": 1, ""disable_window_extension"": 0}",FAILED,5390089.0,5390089.0,0.0,-100.0,-1.0,True
45,22,1,RISCY-FPU-b-2-c5,0,"{""max_displacement"": 0, ""site_search_window"": 0, ""row_search_window"": 0, ""disallow_one_site_gaps"": 0, ""use_diamond_legalizer"": 1, ""disable_window_extension"": 0}","{""max_displacement"": 0, ""site_search_window"": 0, ""row_search_window"": 0, ""disallow_one_site_gaps"": true, ""use_diamond_legalizer"": 1, ""disable_window_extension"": true}",VALID,5390089.0,5390089.0,0.0,0.0,0.0,False
45,22,2,RISCY-FPU-b-2-c5,5,"{""max_displacement"": 0, ""site_search_window"": 0, ""row_search_window"": 0, ""disallow_one_site_gaps"": true, ""use_diamond_legalizer"": 1, ""disable_window_extension"": true}","{""max_displacement"": 10, ""site_search_window"": 10, ""row_search_window"": 0, ""disallow_one_site_gaps"": true, ""use_diamond_legalizer"": 1, ""disable_window_extension"": true}",FAILED,5390089.0,5390089.0,0.0,-100.0,-1.0,False
45,22,3,RISCY-FPU-b-2-c5,4,"{""max_displacement"": 10, ""site_search_window"": 10, ""row_search_window"": 0, ""disallow_one_site_gaps"": true, ""use_diamond_legalizer"": 1, ""disable_window_extension"": true}","{""max_displacement"": 10, ""site_search_window"": 0, ""row_search_window"": 0, ""disallow_one_site_gaps"": true, ""use_diamond_legalizer"": 1, ""disable_window_extension"": true}",FAILED,5390089.0,5390089.0,0.0,-100.0,-1.0,False
45,22,4,RISCY-FPU-b-2-c5,2,"{""max_displacement"": 10, ""site_search_window"": 0, ""row_search_window"": 0, ""disallow_one_site_gaps"": true, ""use_diamond_legalizer"": 1, ""disable_window_extension"": true}","{""max_displacement"": 0, ""site_search_window"": 0, ""row_search_window"": 0, ""disallow_one_site_gaps"": true, ""use_diamond_legalizer"": 1, ""disable_window_extension"": true}",VALID,5390089.0,5390089.0,0.0,0.0,0.0,False
45,22,5,RISCY-FPU-b-2-c5,5,"{""max_displacement"": 0, ""site_search_window"": 0, ""row_search_window"": 0, ""disallow_one_site_gaps"": true, ""use_diamond_legalizer"": 1, ""disable_window_extension"": true}","{""max_displacement"": 10, ""site_search_window"": 10, ""row_search_window"": 0, ""disallow_one_site_gaps"": true, ""use_diamond_legalizer"": 1, ""disable_window_extension"": true}",FAILED,5390089.0,5390089.0,0.0,-100.0,-1.0,False
45,22,6,RISCY-FPU-b-2-c5,5,"{""max_displacement"": 10, ""site_search_window"": 10, ""row_search_window"": 0, ""disallow_one_site_gaps"": true, ""use_diamond_legalizer"": 1, ""disable_window_extension"": true}","{""max_displacement"": 20, ""site_search_window"": 20, ""row_search_window"": 0, ""disallow_one_site_gaps"": true, ""use_diamond_legalizer"": 1, ""disable_window_extension"": true}",VALID,5390089.0,5390089.0,0.0,0.0,0.0,False
45,22,7,RISCY-FPU-b-2-c5,7,"{""max_displacement"": 20, ""site_search_window"": 20, ""row_search_window"": 0, ""disallow_one_site_gaps"": true, ""use_diamond_legalizer"": 1, ""disable_window_extension"": true}","{""max_displacement"": 20, ""site_search_window"": 20, ""row_search_window"": 0, ""disallow_one_site_gaps"": true, ""use_diamond_legalizer"": 1, ""disable_window_extension"": true}",VALID,5390089.0,5390089.0,0.0,0.0,0.0,False
45,22,8,RISCY-FPU-b-2-c5,1,"{""max_displacement"": 20, ""site_search_window"": 20, ""row_search_window"": 0, ""disallow_one_site_gaps"": true, ""use_diamond_legalizer"": 1, ""disable_window_extension"": true}","{""max_displacement"": 30, ""site_search_window"": 30, ""row_search_window"": 2, ""disallow_one_site_gaps"": true, ""use_diamond_legalizer"": 1, ""disable_window_extension"": true}",VALID,5390089.0,5390089.0,0.0,0.0,0.0,False
45,22,9,RISCY-FPU-b-2-c5,5,"{""max_displacement"": 30, ""site_search_window"": 30, ""row_search_window"": 2, ""disallow_one_site_gaps"": true, ""use_diamond_legalizer"": 1, ""disable_window_extension"": true}","{""max_displacement"": 40, ""site_search_window"": 40, ""row_search_window"": 2, ""disallow_one_site_gaps"": true, ""use_diamond_legalizer"": 1, ""disable_window_extension"": true}",VALID,5390089.0,5390089.0,0.0,0.0,0.0,False
45,22,10,RISCY-FPU-b-2-c5,2,"{""max_displacement"": 40, ""site_search_window"": 40, ""row_search_window"": 2, ""disallow_one_site_gaps"": true, ""use_diamond_legalizer"": 1, ""disable_window_extension"": true}","{""max_displacement"": 30, ""site_search_window"": 30, ""row_search_window"": 0, ""disallow_one_site_gaps"": true, ""use_diamond_legalizer"": 1, ""disable_window_extension"": true}",VALID,5390089.0,5390089.0,0.0,0.0,0.0,True
45,23,1,RISCY-FPU-a-1-c5,5,"{""max_displacement"": 0, ""site_search_window"": 0, ""row_search_window"": 0, ""disallow_one_site_gaps"": 0, ""use_diamond_legalizer"": 1, ""disable_window_extension"": 0}","{""max_displacement"": 10, ""site_search_window"": 10, ""row_search_window"": 0, ""disallow_one_site_gaps"": 0, ""use_diamond_legalizer"": 1, ""disable_window_extension"": 0}",FAILED,6071437.2,6071437.2,0.0,-100.0,-1.0,False
45,23,2,RISCY-FPU-a-1-c5,6,"{""max_displacement"": 10, ""site_search_window"": 10, ""row_search_window"": 0, ""disallow_one_site_gaps"": 0, ""use_diamond_legalizer"": 1, ""disable_window_extension"": 0}","{""max_displacement"": 0, ""site_search_window"": 0, ""row_search_window"": 0, ""disallow_one_site_gaps"": 0, ""use_diamond_legalizer"": 1, ""disable_window_extension"": 0}",VALID,6071437.2,6071437.2,0.0,0.0,0.0,False
45,23,3,RISCY-FPU-a-1-c5,2,"{""max_displacement"": 0, ""site_search_window"": 0, ""row_search_window"": 0, ""disallow_one_site_gaps"": 0, ""use_diamond_legalizer"": 1, ""disable_window_extension"": 0}","{""max_displacement"": 0, ""site_search_window"": 0, ""row_search_window"": 0, ""disallow_one_site_gaps"": 0, ""use_diamond_legalizer"": 1, ""disable_window_extension"": 0}",VALID,6071437.2,6071437.2,0.0,0.0,0.0,False
45,23,4,RISCY-FPU-a-1-c5,3,"{""max_displacement"": 0, ""site_search_window"": 0, ""row_search_window"": 0, ""disallow_one_site_gaps"": 0, ""use_diamond_legalizer"": 1, ""disable_window_extension"": 0}","{""max_displacement"": 0, ""site_search_window"": 10, ""row_search_window"": 2, ""disallow_one_site_gaps"": 0, ""use_diamond_legalizer"": 1, ""disable_window_extension"": 0}",VALID,6071437.2,6071437.2,0.0,0.0,0.0,False
45,23,5,RISCY-FPU-a-1-c5,4,"{""max_displacement"": 0, ""site_search_window"": 10, ""row_search_window"": 2, ""disallow_one_site_gaps"": 0, ""use_diamond_legalizer"": 1, ""disable_window_extension"": 0}","{""max_displacement"": 0, ""site_search_window"": 0, ""row_search_window"": 0, ""disallow_one_site_gaps"": 0, ""use_diamond_legalizer"": 1, ""disable_window_extension"": 0}",VALID,6071437.2,6071437.2,0.0,0.0,0.0,False
45,23,6,RISCY-FPU-a-1-c5,7,"{""max_displacement"": 0, ""site_search_window"": 0, ""row_search_window"": 0, ""disallow_one_site_gaps"": 0, ""use_diamond_legalizer"": 1, ""disable_window_extension"": 0}","{""max_displacement"": 0, ""site_search_window"": 0, ""row_search_window"": 0, ""disallow_one_site_gaps"": 0, ""use_diamond_legalizer"": 1, ""disable_window_extension"": 0}",VALID,6071437.2,6071437.2,0.0,0.0,0.0,False
45,23,7,RISCY-FPU-a-1-c5,3,"{""max_displacement"": 0, ""site_search_window"": 0, ""row_search_window"": 0, ""disallow_one_site_gaps"": 0, ""use_diamond_legalizer"": 1, ""disable_window_extension"": 0}","{""max_displacement"": 0, ""site_search_window"": 10, ""row_search_window"": 2, ""disallow_one_site_gaps"": 0, ""use_diamond_legalizer"": 1, ""disable_window_extension"": 0}",VALID,6071437.2,6071437.2,0.0,0.0,0.0,False
45,23,8,RISCY-FPU-a-1-c5,1,"{""max_displacement"": 0, ""site_search_window"": 10, ""row_search_window"": 2, ""disallow_one_site_gaps"": 0, ""use_diamond_legalizer"": 1, ""disable_window_extension"": 0}","{""max_displacement"": 10, ""site_search_window"": 20, ""row_search_window"": 4, ""disallow_one_site_gaps"": 0, ""use_diamond_legalizer"": 1, ""disable_window_extension"": 0}",FAILED,6071437.2,6071437.2,0.0,-100.0,-1.0,False
45,23,9,RISCY-FPU-a-1-c5,6,"{""max_displacement"": 10, ""site_search_window"": 20, ""row_search_window"": 4, ""disallow_one_site_gaps"": 0, ""use_diamond_legalizer"": 1, ""disable_window_extension"": 0}","{""max_displacement"": 0, ""site_search_window"": 10, ""row_search_window"": 4, ""disallow_one_site_gaps"": 0, ""use_diamond_legalizer"": 1, ""disable_window_extension"": 0}",VALID,6071437.2,6071437.2,0.0,0.0,0.0,False
45,23,10,RISCY-FPU-a-1-c5,1,"{""max_displacement"": 0, ""site_search_window"": 10, ""row_search_window"": 4, ""disallow_one_site_gaps"": 0, ""use_diamond_legalizer"": 1, ""disable_window_extension"": 0}","{""max_displacement"": 10, ""site_search_window"": 20, ""row_search_window"": 6, ""disallow_one_site_gaps"": 0, ""use_diamond_legalizer"": 1, ""disable_window_extension"": 0}",FAILED,6071437.2,6071437.2,0.0,-100.0,-1.0,True
45,24,1,RISCY-b-1-c2,7,"{""max_displacement"": 0, ""site_search_window"": 0, ""row_search_window"": 0, ""disallow_one_site_gaps"": 0, ""use_diamond_legalizer"": 1, ""disable_window_extension"": 0}","{""max_displacement"": 0, ""site_search_window"": 0, ""row_search_window"": 0, ""disallow_one_site_gaps"": 0, ""use_diamond_legalizer"": 1, ""disable_window_extension"": 0}",VALID,2943613.2,2943613.2,0.0,0.0,0.0,False
45,24,2,RISCY-b-1-c2,4,"{""max_displacement"": 0, ""site_search_window"": 0, ""row_search_window"": 0, ""disallow_one_site_gaps"": 0, ""use_diamond_legalizer"": 1, ""disable_window_extension"": 0}","{""max_displacement"": 0, ""site_search_window"": 0, ""row_search_window"": 0, ""disallow_one_site_gaps"": 0, ""use_diamond_legalizer"": 1, ""disable_window_extension"": 0}",VALID,2943613.2,2943613.2,0.0,0.0,0.0,False
45,24,3,RISCY-b-1-c2,4,"{""max_displacement"": 0, ""site_search_window"": 0, ""row_search_window"": 0, ""disallow_one_site_gaps"": 0, ""use_diamond_legalizer"": 1, ""disable_window_extension"": 0}","{""max_displacement"": 0, ""site_search_window"": 0, ""row_search_window"": 0, ""disallow_one_site_gaps"": 0, ""use_diamond_legalizer"": 1, ""disable_window_extension"": 0}",VALID,2943613.2,2943613.2,0.0,0.0,0.0,False
45,24,4,RISCY-b-1-c2,5,"{""max_displacement"": 0, ""site_search_window"": 0, ""row_search_window"": 0, ""disallow_one_site_gaps"": 0, ""use_diamond_legalizer"": 1, ""disable_window_extension"": 0}","{""max_displacement"": 10, ""site_search_window"": 10, ""row_search_window"": 0, ""disallow_one_site_gaps"": 0, ""use_diamond_legalizer"": 1, ""disable_window_extension"": 0}",FAILED,2943613.2,2943613.2,0.0,-100.0,-1.0,False
45,24,5,RISCY-b-1-c2,6,"{""max_displacement"": 10, ""site_search_window"": 10, ""row_search_window"": 0, ""disallow_one_site_gaps"": 0, ""use_diamond_legalizer"": 1, ""disable_window_extension"": 0}","{""max_displacement"": 0, ""site_search_window"": 0, ""row_search_window"": 0, ""disallow_one_site_gaps"": 0, ""use_diamond_legalizer"": 1, ""disable_window_extension"": 0}",VALID,2943613.2,2943613.2,0.0,0.0,0.0,False
45,24,6,RISCY-b-1-c2,1,"{""max_displacement"": 0, ""site_search_window"": 0, ""row_search_window"": 0, ""disallow_one_site_gaps"": 0, ""use_diamond_legalizer"": 1, ""disable_window_extension"": 0}","{""max_displacement"": 10, ""site_search_window"": 10, ""row_search_window"": 2, ""disallow_one_site_gaps"": 0, ""use_diamond_legalizer"": 1, ""disable_window_extension"": 0}",FAILED,2943613.2,2943613.2,0.0,-100.0,-1.0,False
45,24,7,RISCY-b-1-c2,7,"{""max_displacement"": 10, ""site_search_window"": 10, ""row_search_window"": 2, ""disallow_one_site_gaps"": 0, ""use_diamond_legalizer"": 1, ""disable_window_extension"": 0}","{""max_displacement"": 10, ""site_search_window"": 10, ""row_search_window"": 2, ""disallow_one_site_gaps"": 0, ""use_diamond_legalizer"": 1, ""disable_window_extension"": 0}",FAILED,2943613.2,2943613.2,0.0,-100.0,-1.0,False
45,24,8,RISCY-b-1-c2,1,"{""max_displacement"": 10, ""site_search_window"": 10, ""row_search_window"": 2, ""disallow_one_site_gaps"": 0, ""use_diamond_legalizer"": 1, ""disable_window_extension"": 0}","{""max_displacement"": 20, ""site_search_window"": 20, ""row_search_window"": 4, ""disallow_one_site_gaps"": 0, ""use_diamond_legalizer"": 1, ""disable_window_extension"": 0}",FAILED,2943613.2,2943613.2,0.0,-100.0,-1.0,False
45,24,9,RISCY-b-1-c2,3,"{""max_displacement"": 20, ""site_search_window"": 20, ""row_search_window"": 4, ""disallow_one_site_gaps"": 0, ""use_diamond_legalizer"": 1, ""disable_window_extension"": 0}","{""max_displacement"": 20, ""site_search_window"": 30, ""row_search_window"": 6, ""disallow_one_site_gaps"": 0, ""use_diamond_legalizer"": 1, ""disable_window_extension"": 0}",FAILED,2943613.2,2943613.2,0.0,-100.0,-1.0,False
45,24,10,RISCY-b-1-c2,6,"{""max_displacement"": 20, ""site_search_window"": 30, ""row_search_window"": 6, ""disallow_one_site_gaps"": 0, ""use_diamond_legalizer"": 1, ""disable_window_extension"": 0}","{""max_displacement"": 10, ""site_search_window"": 20, ""row_search_window"": 6, ""disallow_one_site_gaps"": 0, ""use_diamond_legalizer"": 1, ""disable_window_extension"": 0}",FAILED,2943613.2,2943613.2,0.0,-100.0,-1.0,True
45,25,1,RISCY-FPU-b-2-c20,0,"{""max_displacement"": 0, ""site_search_window"": 0, ""row_search_window"": 0, ""disallow_one_site_gaps"": 0, ""use_diamond_legalizer"": 1, ""disable_window_extension"": 0}","{""max_displacement"": 0, ""site_search_window"": 0, ""row_search_window"": 0, ""disallow_one_site_gaps"": true, ""use_diamond_legalizer"": 1, ""disable_window_extension"": true}",VALID,4992984.1,4992984.1,0.0,0.0,0.0,False
45,25,2,RISCY-FPU-b-2-c20,7,"{""max_displacement"": 0, ""site_search_window"": 0, ""row_search_window"": 0, ""disallow_one_site_gaps"": true, ""use_diamond_legalizer"": 1, ""disable_window_extension"": true}","{""max_displacement"": 0, ""site_search_window"": 0, ""row_search_window"": 0, ""disallow_one_site_gaps"": true, ""use_diamond_legalizer"": 1, ""disable_window_extension"": true}",VALID,4992984.1,4992984.1,0.0,0.0,0.0,False
45,25,3,RISCY-FPU-b-2-c20,0,"{""max_displacement"": 0, ""site_search_window"": 0, ""row_search_window"": 0, ""disallow_one_site_gaps"": true, ""use_diamond_legalizer"": 1, ""disable_window_extension"": true}","{""max_displacement"": 0, ""site_search_window"": 0, ""row_search_window"": 0, ""disallow_one_site_gaps"": false, ""use_diamond_legalizer"": 1, ""disable_window_extension"": false}",VALID,4992984.1,4992984.1,0.0,0.0,0.0,False
45,25,4,RISCY-FPU-b-2-c20,4,"{""max_displacement"": 0, ""site_search_window"": 0, ""row_search_window"": 0, ""disallow_one_site_gaps"": false, ""use_diamond_legalizer"": 1, ""disable_window_extension"": false}","{""max_displacement"": 0, ""site_search_window"": 0, ""row_search_window"": 0, ""disallow_one_site_gaps"": false, ""use_diamond_legalizer"": 1, ""disable_window_extension"": false}",VALID,4992984.1,4992984.1,0.0,0.0,0.0,False
45,25,5,RISCY-FPU-b-2-c20,7,"{""max_displacement"": 0, ""site_search_window"": 0, ""row_search_window"": 0, ""disallow_one_site_gaps"": false, ""use_diamond_legalizer"": 1, ""disable_window_extension"": false}","{""max_displacement"": 0, ""site_search_window"": 0, ""row_search_window"": 0, ""disallow_one_site_gaps"": false, ""use_diamond_legalizer"": 1, ""disable_window_extension"": false}",VALID,4992984.1,4992984.1,0.0,0.0,0.0,False
45,25,6,RISCY-FPU-b-2-c20,6,"{""max_displacement"": 0, ""site_search_window"": 0, ""row_search_window"": 0, ""disallow_one_site_gaps"": false, ""use_diamond_legalizer"": 1, ""disable_window_extension"": false}","{""max_displacement"": 0, ""site_search_window"": 0, ""row_search_window"": 0, ""disallow_one_site_gaps"": false, ""use_diamond_legalizer"": 1, ""disable_window_extension"": false}",VALID,4992984.1,4992984.1,0.0,0.0,0.0,False
45,25,7,RISCY-FPU-b-2-c20,2,"{""max_displacement"": 0, ""site_search_window"": 0, ""row_search_window"": 0, ""disallow_one_site_gaps"": false, ""use_diamond_legalizer"": 1, ""disable_window_extension"": false}","{""max_displacement"": 0, ""site_search_window"": 0, ""row_search_window"": 0, ""disallow_one_site_gaps"": false, ""use_diamond_legalizer"": 1, ""disable_window_extension"": false}",VALID,4992984.1,4992984.1,0.0,0.0,0.0,False
45,25,8,RISCY-FPU-b-2-c20,4,"{""max_displacement"": 0, ""site_search_window"": 0, ""row_search_window"": 0, ""disallow_one_site_gaps"": false, ""use_diamond_legalizer"": 1, ""disable_window_extension"": false}","{""max_displacement"": 0, ""site_search_window"": 0, ""row_search_window"": 0, ""disallow_one_site_gaps"": false, ""use_diamond_legalizer"": 1, ""disable_window_extension"": false}",VALID,4992984.1,4992984.1,0.0,0.0,0.0,False
45,25,9,RISCY-FPU-b-2-c20,0,"{""max_displacement"": 0, ""site_search_window"": 0, ""row_search_window"": 0, ""disallow_one_site_gaps"": false, ""use_diamond_legalizer"": 1, ""disable_window_extension"": false}","{""max_displacement"": 0, ""site_search_window"": 0, ""row_search_window"": 0, ""disallow_one_site_gaps"": true, ""use_diamond_legalizer"": 1, ""disable_window_extension"": true}",VALID,4992984.1,4992984.1,0.0,0.0,0.0,False
45,25,10,RISCY-FPU-b-2-c20,1,"{""max_displacement"": 0, ""site_search_window"": 0, ""row_search_window"": 0, ""disallow_one_site_gaps"": true, ""use_diamond_legalizer"": 1, ""disable_window_extension"": true}","{""max_displacement"": 10, ""site_search_window"": 10, ""row_search_window"": 2, ""disallow_one_site_gaps"": true, ""use_diamond_legalizer"": 1, ""disable_window_extension"": true}",FAILED,4992984.1,4992984.1,0.0,-100.0,-1.0,True
45,26,1,zero-riscy-b-1-c5,0,"{""max_displacement"": 0, ""site_search_window"": 0, ""row_search_window"": 0, ""disallow_one_site_gaps"": 0, ""use_diamond_legalizer"": 1, ""disable_window_extension"": 0}","{""max_displacement"": 0, ""site_search_window"": 0, ""row_search_window"": 0, ""disallow_one_site_gaps"": true, ""use_diamond_legalizer"": 1, ""disable_window_extension"": true}",VALID,2082484.8,2082484.8,0.0,0.0,0.0,False
45,26,2,zero-riscy-b-1-c5,0,"{""max_displacement"": 0, ""site_search_window"": 0, ""row_search_window"": 0, ""disallow_one_site_gaps"": true, ""use_diamond_legalizer"": 1, ""disable_window_extension"": true}","{""max_displacement"": 0, ""site_search_window"": 0, ""row_search_window"": 0, ""disallow_one_site_gaps"": false, ""use_diamond_legalizer"": 1, ""disable_window_extension"": false}",VALID,2082484.8,2082484.8,0.0,0.0,0.0,False
45,26,3,zero-riscy-b-1-c5,2,"{""max_displacement"": 0, ""site_search_window"": 0, ""row_search_window"": 0, ""disallow_one_site_gaps"": false, ""use_diamond_legalizer"": 1, ""disable_window_extension"": false}","{""max_displacement"": 0, ""site_search_window"": 0, ""row_search_window"": 0, ""disallow_one_site_gaps"": false, ""use_diamond_legalizer"": 1, ""disable_window_extension"": false}",VALID,2082484.8,2082484.8,0.0,0.0,0.0,False
45,26,4,zero-riscy-b-1-c5,3,"{""max_displacement"": 0, ""site_search_window"": 0, ""row_search_window"": 0, ""disallow_one_site_gaps"": false, ""use_diamond_legalizer"": 1, ""disable_window_extension"": false}","{""max_displacement"": 0, ""site_search_window"": 10, ""row_search_window"": 2, ""disallow_one_site_gaps"": false, ""use_diamond_legalizer"": 1, ""disable_window_extension"": false}",VALID,2082484.8,2082484.8,0.0,0.0,0.0,False
45,26,5,zero-riscy-b-1-c5,7,"{""max_displacement"": 0, ""site_search_window"": 10, ""row_search_window"": 2, ""disallow_one_site_gaps"": false, ""use_diamond_legalizer"": 1, ""disable_window_extension"": false}","{""max_displacement"": 0, ""site_search_window"": 10, ""row_search_window"": 2, ""disallow_one_site_gaps"": false, ""use_diamond_legalizer"": 1, ""disable_window_extension"": false}",VALID,2082484.8,2082484.8,0.0,0.0,0.0,False
45,26,6,zero-riscy-b-1-c5,0,"{""max_displacement"": 0, ""site_search_window"": 10, ""row_search_window"": 2, ""disallow_one_site_gaps"": false, ""use_diamond_legalizer"": 1, ""disable_window_extension"": false}","{""max_displacement"": 0, ""site_search_window"": 10, ""row_search_window"": 2, ""disallow_one_site_gaps"": true, ""use_diamond_legalizer"": 1, ""disable_window_extension"": true}",VALID,2082484.8,2082484.8,0.0,0.0,0.0,False
45,26,7,zero-riscy-b-1-c5,5,"{""max_displacement"": 0, ""site_search_window"": 10, ""row_search_window"": 2, ""disallow_one_site_gaps"": true, ""use_diamond_legalizer"": 1, ""disable_window_extension"": true}","{""max_displacement"": 10, ""site_search_window"": 20, ""row_search_window"": 2, ""disallow_one_site_gaps"": true, ""use_diamond_legalizer"": 1, ""disable_window_extension"": true}",FAILED,2082484.8,2082484.8,0.0,-100.0,-1.0,False
45,26,8,zero-riscy-b-1-c5,3,"{""max_displacement"": 10, ""site_search_window"": 20, ""row_search_window"": 2, ""disallow_one_site_gaps"": true, ""use_diamond_legalizer"": 1, ""disable_window_extension"": true}","{""max_displacement"": 10, ""site_search_window"": 30, ""row_search_window"": 4, ""disallow_one_site_gaps"": true, ""use_diamond_legalizer"": 1, ""disable_window_extension"": true}",FAILED,2082484.8,2082484.8,0.0,-100.0,-1.0,False
45,26,9,zero-riscy-b-1-c5,2,"{""max_displacement"": 10, ""site_search_window"": 30, ""row_search_window"": 4, ""disallow_one_site_gaps"": true, ""use_diamond_legalizer"": 1, ""disable_window_extension"": true}","{""max_displacement"": 0, ""site_search_window"": 20, ""row_search_window"": 2, ""disallow_one_site_gaps"": true, ""use_diamond_legalizer"": 1, ""disable_window_extension"": true}",VALID,2082484.8,2082484.8,0.0,0.0,0.0,False
45,26,10,zero-riscy-b-1-c5,4,"{""max_displacement"": 0, ""site_search_window"": 20, ""row_search_window"": 2, ""disallow_one_site_gaps"": true, ""use_diamond_legalizer"": 1, ""disable_window_extension"": true}","{""max_displacement"": 0, ""site_search_window"": 10, ""row_search_window"": 0, ""disallow_one_site_gaps"": true, ""use_diamond_legalizer"": 1, ""disable_window_extension"": true}",VALID,2082484.8,2082484.8,0.0,0.0,0.0,True
45,27,1,RISCY-a-3-c5,3,"{""max_displacement"": 0, ""site_search_window"": 0, ""row_search_window"": 0, ""disallow_one_site_gaps"": 0, ""use_diamond_legalizer"": 1, ""disable_window_extension"": 0}","{""max_displacement"": 0, ""site_search_window"": 10, ""row_search_window"": 2, ""disallow_one_site_gaps"": 0, ""use_diamond_legalizer"": 1, ""disable_window_extension"": 0}",VALID,5599044.1,5599044.1,0.0,0.0,0.0,False
45,27,2,RISCY-a-3-c5,7,"{""max_displacement"": 0, ""site_search_window"": 10, ""row_search_window"": 2, ""disallow_one_site_gaps"": 0, ""use_diamond_legalizer"": 1, ""disable_window_extension"": 0}","{""max_displacement"": 0, ""site_search_window"": 10, ""row_search_window"": 2, ""disallow_one_site_gaps"": 0, ""use_diamond_legalizer"": 1, ""disable_window_extension"": 0}",VALID,5599044.1,5599044.1,0.0,0.0,0.0,False
45,27,3,RISCY-a-3-c5,2,"{""max_displacement"": 0, ""site_search_window"": 10, ""row_search_window"": 2, ""disallow_one_site_gaps"": 0, ""use_diamond_legalizer"": 1, ""disable_window_extension"": 0}","{""max_displacement"": 0, ""site_search_window"": 0, ""row_search_window"": 0, ""disallow_one_site_gaps"": 0, ""use_diamond_legalizer"": 1, ""disable_window_extension"": 0}",VALID,5599044.1,5599044.1,0.0,0.0,0.0,False
45,27,4,RISCY-a-3-c5,2,"{""max_displacement"": 0, ""site_search_window"": 0, ""row_search_window"": 0, ""disallow_one_site_gaps"": 0, ""use_diamond_legalizer"": 1, ""disable_window_extension"": 0}","{""max_displacement"": 0, ""site_search_window"": 0, ""row_search_window"": 0, ""disallow_one_site_gaps"": 0, ""use_diamond_legalizer"": 1, ""disable_window_extension"": 0}",VALID,5599044.1,5599044.1,0.0,0.0,0.0,False
45,27,5,RISCY-a-3-c5,1,"{""max_displacement"": 0, ""site_search_window"": 0, ""row_search_window"": 0, ""disallow_one_site_gaps"": 0, ""use_diamond_legalizer"": 1, ""disable_window_extension"": 0}","{""max_displacement"": 10, ""site_search_window"": 10, ""row_search_window"": 2, ""disallow_one_site_gaps"": 0, ""use_diamond_legalizer"": 1, ""disable_window_extension"": 0}",FAILED,5599044.1,5599044.1,0.0,-100.0,-1.0,False
45,27,6,RISCY-a-3-c5,7,"{""max_displacement"": 10, ""site_search_window"": 10, ""row_search_window"": 2, ""disallow_one_site_gaps"": 0, ""use_diamond_legalizer"": 1, ""disable_window_extension"": 0}","{""max_displacement"": 10, ""site_search_window"": 10, ""row_search_window"": 2, ""disallow_one_site_gaps"": 0, ""use_diamond_legalizer"": 1, ""disable_window_extension"": 0}",FAILED,5599044.1,5599044.1,0.0,-100.0,-1.0,False
45,27,7,RISCY-a-3-c5,6,"{""max_displacement"": 10, ""site_search_window"": 10, ""row_search_window"": 2, ""disallow_one_site_gaps"": 0, ""use_diamond_legalizer"": 1, ""disable_window_extension"": 0}","{""max_displacement"": 0, ""site_search_window"": 0, ""row_search_window"": 2, ""disallow_one_site_gaps"": 0, ""use_diamond_legalizer"": 1, ""disable_window_extension"": 0}",VALID,5599044.1,5599044.1,0.0,0.0,0.0,False
45,27,8,RISCY-a-3-c5,1,"{""max_displacement"": 0, ""site_search_window"": 0, ""row_search_window"": 2, ""disallow_one_site_gaps"": 0, ""use_diamond_legalizer"": 1, ""disable_window_extension"": 0}","{""max_displacement"": 10, ""site_search_window"": 10, ""row_search_window"": 4, ""disallow_one_site_gaps"": 0, ""use_diamond_legalizer"": 1, ""disable_window_extension"": 0}",FAILED,5599044.1,5599044.1,0.0,-100.0,-1.0,False
45,27,9,RISCY-a-3-c5,4,"{""max_displacement"": 10, ""site_search_window"": 10, ""row_search_window"": 4, ""disallow_one_site_gaps"": 0, ""use_diamond_legalizer"": 1, ""disable_window_extension"": 0}","{""max_displacement"": 10, ""site_search_window"": 0, ""row_search_window"": 2, ""disallow_one_site_gaps"": 0, ""use_diamond_legalizer"": 1, ""disable_window_extension"": 0}",FAILED,5599044.1,5599044.1,0.0,-100.0,-1.0,False
45,27,10,RISCY-a-3-c5,7,"{""max_displacement"": 10, ""site_search_window"": 0, ""row_search_window"": 2, ""disallow_one_site_gaps"": 0, ""use_diamond_legalizer"": 1, ""disable_window_extension"": 0}","{""max_displacement"": 10, ""site_search_window"": 0, ""row_search_window"": 2, ""disallow_one_site_gaps"": 0, ""use_diamond_legalizer"": 1, ""disable_window_extension"": 0}",FAILED,5599044.1,5599044.1,0.0,-100.0,-1.0,True
45,28,1,zero-riscy-a-1-c2,6,"{""max_displacement"": 0, ""site_search_window"": 0, ""row_search_window"": 0, ""disallow_one_site_gaps"": 0, ""use_diamond_legalizer"": 1, ""disable_window_extension"": 0}","{""max_displacement"": 0, ""site_search_window"": 0, ""row_search_window"": 0, ""disallow_one_site_gaps"": 0, ""use_diamond_legalizer"": 1, ""disable_window_extension"": 0}",VALID,5098387.3,5098387.3,0.0,0.0,0.0,False
45,28,2,zero-riscy-a-1-c2,6,"{""max_displacement"": 0, ""site_search_window"": 0, ""row_search_window"": 0, ""disallow_one_site_gaps"": 0, ""use_diamond_legalizer"": 1, ""disable_window_extension"": 0}","{""max_displacement"": 0, ""site_search_window"": 0, ""row_search_window"": 0, ""disallow_one_site_gaps"": 0, ""use_diamond_legalizer"": 1, ""disable_window_extension"": 0}",VALID,5098387.3,5098387.3,0.0,0.0,0.0,False
45,28,3,zero-riscy-a-1-c2,6,"{""max_displacement"": 0, ""site_search_window"": 0, ""row_search_window"": 0, ""disallow_one_site_gaps"": 0, ""use_diamond_legalizer"": 1, ""disable_window_extension"": 0}","{""max_displacement"": 0, ""site_search_window"": 0, ""row_search_window"": 0, ""disallow_one_site_gaps"": 0, ""use_diamond_legalizer"": 1, ""disable_window_extension"": 0}",VALID,5098387.3,5098387.3,0.0,0.0,0.0,False
45,28,4,zero-riscy-a-1-c2,7,"{""max_displacement"": 0, ""site_search_window"": 0, ""row_search_window"": 0, ""disallow_one_site_gaps"": 0, ""use_diamond_legalizer"": 1, ""disable_window_extension"": 0}","{""max_displacement"": 0, ""site_search_window"": 0, ""row_search_window"": 0, ""disallow_one_site_gaps"": 0, ""use_diamond_legalizer"": 1, ""disable_window_extension"": 0}",VALID,5098387.3,5098387.3,0.0,0.0,0.0,False
45,28,5,zero-riscy-a-1-c2,5,"{""max_displacement"": 0, ""site_search_window"": 0, ""row_search_window"": 0, ""disallow_one_site_gaps"": 0, ""use_diamond_legalizer"": 1, ""disable_window_extension"": 0}","{""max_displacement"": 10, ""site_search_window"": 10, ""row_search_window"": 0, ""disallow_one_site_gaps"": 0, ""use_diamond_legalizer"": 1, ""disable_window_extension"": 0}",FAILED,5098387.3,5098387.3,0.0,-100.0,-1.0,False
45,28,6,zero-riscy-a-1-c2,4,"{""max_displacement"": 10, ""site_search_window"": 10, ""row_search_window"": 0, ""disallow_one_site_gaps"": 0, ""use_diamond_legalizer"": 1, ""disable_window_extension"": 0}","{""max_displacement"": 10, ""site_search_window"": 0, ""row_search_window"": 0, ""disallow_one_site_gaps"": 0, ""use_diamond_legalizer"": 1, ""disable_window_extension"": 0}",FAILED,5098387.3,5098387.3,0.0,-100.0,-1.0,False
45,28,7,zero-riscy-a-1-c2,2,"{""max_displacement"": 10, ""site_search_window"": 0, ""row_search_window"": 0, ""disallow_one_site_gaps"": 0, ""use_diamond_legalizer"": 1, ""disable_window_extension"": 0}","{""max_displacement"": 0, ""site_search_window"": 0, ""row_search_window"": 0, ""disallow_one_site_gaps"": 0, ""use_diamond_legalizer"": 1, ""disable_window_extension"": 0}",VALID,5098387.3,5098387.3,0.0,0.0,0.0,False
45,28,8,zero-riscy-a-1-c2,1,"{""max_displacement"": 0, ""site_search_window"": 0, ""row_search_window"": 0, ""disallow_one_site_gaps"": 0, ""use_diamond_legalizer"": 1, ""disable_window_extension"": 0}","{""max_displacement"": 10, ""site_search_window"": 10, ""row_search_window"": 2, ""disallow_one_site_gaps"": 0, ""use_diamond_legalizer"": 1, ""disable_window_extension"": 0}",FAILED,5098387.3,5098387.3,0.0,-100.0,-1.0,False
45,28,9,zero-riscy-a-1-c2,0,"{""max_displacement"": 10, ""site_search_window"": 10, ""row_search_window"": 2, ""disallow_one_site_gaps"": 0, ""use_diamond_legalizer"": 1, ""disable_window_extension"": 0}","{""max_displacement"": 10, ""site_search_window"": 10, ""row_search_window"": 2, ""disallow_one_site_gaps"": true, ""use_diamond_legalizer"": 1, ""disable_window_extension"": true}",FAILED,5098387.3,5098387.3,0.0,-100.0,-1.0,False
45,28,10,zero-riscy-a-1-c2,7,"{""max_displacement"": 10, ""site_search_window"": 10, ""row_search_window"": 2, ""disallow_one_site_gaps"": true, ""use_diamond_legalizer"": 1, ""disable_window_extension"": true}","{""max_displacement"": 10, ""site_search_window"": 10, ""row_search_window"": 2, ""disallow_one_site_gaps"": true, ""use_diamond_legalizer"": 1, ""disable_window_extension"": true}",FAILED,5098387.3,5098387.3,0.0,-100.0,-1.0,True
45,29,1,RISCY-a-2-c5,3,"{""max_displacement"": 0, ""site_search_window"": 0, ""row_search_window"": 0, ""disallow_one_site_gaps"": 0, ""use_diamond_legalizer"": 1, ""disable_window_extension"": 0}","{""max_displacement"": 0, ""site_search_window"": 10, ""row_search_window"": 2, ""disallow_one_site_gaps"": 0, ""use_diamond_legalizer"": 1, ""disable_window_extension"": 0}",VALID,4814393.9,4814393.9,0.0,0.0,0.0,False
45,29,2,RISCY-a-2-c5,7,"{""max_displacement"": 0, ""site_search_window"": 10, ""row_search_window"": 2, ""disallow_one_site_gaps"": 0, ""use_diamond_legalizer"": 1, ""disable_window_extension"": 0}","{""max_displacement"": 0, ""site_search_window"": 10, ""row_search_window"": 2, ""disallow_one_site_gaps"": 0, ""use_diamond_legalizer"": 1, ""disable_window_extension"": 0}",VALID,4814393.9,4814393.9,0.0,0.0,0.0,False
45,29,3,RISCY-a-2-c5,6,"{""max_displacement"": 0, ""site_search_window"": 10, ""row_search_window"": 2, ""disallow_one_site_gaps"": 0, ""use_diamond_legalizer"": 1, ""disable_window_extension"": 0}","{""max_displacement"": 0, ""site_search_window"": 0, ""row_search_window"": 2, ""disallow_one_site_gaps"": 0, ""use_diamond_legalizer"": 1, ""disable_window_extension"": 0}",VALID,4814393.9,4814393.9,0.0,0.0,0.0,False
45,29,4,RISCY-a-2-c5,5,"{""max_displacement"": 0, ""site_search_window"": 0, ""row_search_window"": 2, ""disallow_one_site_gaps"": 0, ""use_diamond_legalizer"": 1, ""disable_window_extension"": 0}","{""max_displacement"": 10, ""site_search_window"": 10, ""row_search_window"": 2, ""disallow_one_site_gaps"": 0, ""use_diamond_legalizer"": 1, ""disable_window_extension"": 0}",VALID,4814393.9,4814393.9,0.0,0.0,0.0,False
45,29,5,RISCY-a-2-c5,3,"{""max_displacement"": 10, ""site_search_window"": 10, ""row_search_window"": 2, ""disallow_one_site_gaps"": 0, ""use_diamond_legalizer"": 1, ""disable_window_extension"": 0}","{""max_displacement"": 10, ""site_search_window"": 20, ""row_search_window"": 4, ""disallow_one_site_gaps"": 0, ""use_diamond_legalizer"": 1, ""disable_window_extension"": 0}",VALID,4814393.9,4814393.9,0.0,0.0,0.0,False
45,29,6,RISCY-a-2-c5,5,"{""max_displacement"": 10, ""site_search_window"": 20, ""row_search_window"": 4, ""disallow_one_site_gaps"": 0, ""use_diamond_legalizer"": 1, ""disable_window_extension"": 0}","{""max_displacement"": 20, ""site_search_window"": 30, ""row_search_window"": 4, ""disallow_one_site_gaps"": 0, ""use_diamond_legalizer"": 1, ""disable_window_extension"": 0}",VALID,4814393.9,4814393.9,0.0,0.0,0.0,False
45,29,7,RISCY-a-2-c5,3,"{""max_displacement"": 20, ""site_search_window"": 30, ""row_search_window"": 4, ""disallow_one_site_gaps"": 0, ""use_diamond_legalizer"": 1, ""disable_window_extension"": 0}","{""max_displacement"": 20, ""site_search_window"": 40, ""row_search_window"": 6, ""disallow_one_site_gaps"": 0, ""use_diamond_legalizer"": 1, ""disable_window_extension"": 0}",VALID,4814393.9,4814393.9,0.0,0.0,0.0,False
45,29,8,RISCY-a-2-c5,4,"{""max_displacement"": 20, ""site_search_window"": 40, ""row_search_window"": 6, ""disallow_one_site_gaps"": 0, ""use_diamond_legalizer"": 1, ""disable_window_extension"": 0}","{""max_displacement"": 20, ""site_search_window"": 30, ""row_search_window"": 4, ""disallow_one_site_gaps"": 0, ""use_diamond_legalizer"": 1, ""disable_window_extension"": 0}",VALID,4814393.9,4814393.9,0.0,0.0,0.0,False
45,29,9,RISCY-a-2-c5,6,"{""max_displacement"": 20, ""site_search_window"": 30, ""row_search_window"": 4, ""disallow_one_site_gaps"": 0, ""use_diamond_legalizer"": 1, ""disable_window_extension"": 0}","{""max_displacement"": 10, ""site_search_window"": 20, ""row_search_window"": 4, ""disallow_one_site_gaps"": 0, ""use_diamond_legalizer"": 1, ""disable_window_extension"": 0}",VALID,4814393.9,4814393.9,0.0,0.0,0.0,False
45,29,10,RISCY-a-2-c5,2,"{""max_displacement"": 10, ""site_search_window"": 20, ""row_search_window"": 4, ""disallow_one_site_gaps"": 0, ""use_diamond_legalizer"": 1, ""disable_window_extension"": 0}","{""max_displacement"": 0, ""site_search_window"": 10, ""row_search_window"": 2, ""disallow_one_site_gaps"": 0, ""use_diamond_legalizer"": 1, ""disable_window_extension"": 0}",VALID,4814393.9,4814393.9,0.0,0.0,0.0,True
45,30,1,RISCY-b-2-c20,6,"{""max_displacement"": 0, ""site_search_window"": 0, ""row_search_window"": 0, ""disallow_one_site_gaps"": 0, ""use_diamond_legalizer"": 1, ""disable_window_extension"": 0}","{""max_displacement"": 0, ""site_search_window"": 0, ""row_search_window"": 0, ""disallow_one_site_gaps"": 0, ""use_diamond_legalizer"": 1, ""disable_window_extension"": 0}",VALID,2782023.4,2782023.4,0.0,0.0,0.0,False
45,30,2,RISCY-b-2-c20,1,"{""max_displacement"": 0, ""site_search_window"": 0, ""row_search_window"": 0, ""disallow_one_site_gaps"": 0, ""use_diamond_legalizer"": 1, ""disable_window_extension"": 0}","{""max_displacement"": 10, ""site_search_window"": 10, ""row_search_window"": 2, ""disallow_one_site_gaps"": 0, ""use_diamond_legalizer"": 1, ""disable_window_extension"": 0}",FAILED,2782023.4,2782023.4,0.0,-100.0,-1.0,False
45,30,3,RISCY-b-2-c20,3,"{""max_displacement"": 10, ""site_search_window"": 10, ""row_search_window"": 2, ""disallow_one_site_gaps"": 0, ""use_diamond_legalizer"": 1, ""disable_window_extension"": 0}","{""max_displacement"": 10, ""site_search_window"": 20, ""row_search_window"": 4, ""disallow_one_site_gaps"": 0, ""use_diamond_legalizer"": 1, ""disable_window_extension"": 0}",FAILED,2782023.4,2782023.4,0.0,-100.0,-1.0,False
45,30,4,RISCY-b-2-c20,6,"{""max_displacement"": 10, ""site_search_window"": 20, ""row_search_window"": 4, ""disallow_one_site_gaps"": 0, ""use_diamond_legalizer"": 1, ""disable_window_extension"": 0}","{""max_displacement"": 0, ""site_search_window"": 10, ""row_search_window"": 4, ""disallow_one_site_gaps"": 0, ""use_diamond_legalizer"": 1, ""disable_window_extension"": 0}",VALID,2782023.4,2782023.4,0.0,0.0,0.0,False
45,30,5,RISCY-b-2-c20,1,"{""max_displacement"": 0, ""site_search_window"": 10, ""row_search_window"": 4, ""disallow_one_site_gaps"": 0, ""use_diamond_legalizer"": 1, ""disable_window_extension"": 0}","{""max_displacement"": 10, ""site_search_window"": 20, ""row_search_window"": 6, ""disallow_one_site_gaps"": 0, ""use_diamond_legalizer"": 1, ""disable_window_extension"": 0}",FAILED,2782023.4,2782023.4,0.0,-100.0,-1.0,False
45,30,6,RISCY-b-2-c20,6,"{""max_displacement"": 10, ""site_search_window"": 20, ""row_search_window"": 6, ""disallow_one_site_gaps"": 0, ""use_diamond_legalizer"": 1, ""disable_window_extension"": 0}","{""max_displacement"": 0, ""site_search_window"": 10, ""row_search_window"": 6, ""disallow_one_site_gaps"": 0, ""use_diamond_legalizer"": 1, ""disable_window_extension"": 0}",VALID,2782023.4,2782023.4,0.0,0.0,0.0,False
45,30,7,RISCY-b-2-c20,1,"{""max_displacement"": 0, ""site_search_window"": 10, ""row_search_window"": 6, ""disallow_one_site_gaps"": 0, ""use_diamond_legalizer"": 1, ""disable_window_extension"": 0}","{""max_displacement"": 10, ""site_search_window"": 20, ""row_search_window"": 8, ""disallow_one_site_gaps"": 0, ""use_diamond_legalizer"": 1, ""disable_window_extension"": 0}",FAILED,2782023.4,2782023.4,0.0,-100.0,-1.0,False
45,30,8,RISCY-b-2-c20,3,"{""max_displacement"": 10, ""site_search_window"": 20, ""row_search_window"": 8, ""disallow_one_site_gaps"": 0, ""use_diamond_legalizer"": 1, ""disable_window_extension"": 0}","{""max_displacement"": 10, ""site_search_window"": 30, ""row_search_window"": 10, ""disallow_one_site_gaps"": 0, ""use_diamond_legalizer"": 1, ""disable_window_extension"": 0}",FAILED,2782023.4,2782023.4,0.0,-100.0,-1.0,False
45,30,9,RISCY-b-2-c20,0,"{""max_displacement"": 10, ""site_search_window"": 30, ""row_search_window"": 10, ""disallow_one_site_gaps"": 0, ""use_diamond_legalizer"": 1, ""disable_window_extension"": 0}","{""max_displacement"": 10, ""site_search_window"": 30, ""row_search_window"": 10, ""disallow_one_site_gaps"": true, ""use_diamond_legalizer"": 1, ""disable_window_extension"": true}",FAILED,2782023.4,2782023.4,0.0,-100.0,-1.0,False
45,30,10,RISCY-b-2-c20,3,"{""max_displacement"": 10, ""site_search_window"": 30, ""row_search_window"": 10, ""disallow_one_site_gaps"": true, ""use_diamond_legalizer"": 1, ""disable_window_extension"": true}","{""max_displacement"": 10, ""site_search_window"": 40, ""row_search_window"": 12, ""disallow_one_site_gaps"": true, ""use_diamond_legalizer"": 1, ""disable_window_extension"": true}",FAILED,2782023.4,2782023.4,0.0,-100.0,-1.0,True
45,31,1,RISCY-FPU-a-1-c5,3,"{""max_displacement"": 0, ""site_search_window"": 0, ""row_search_window"": 0, ""disallow_one_site_gaps"": 0, ""use_diamond_legalizer"": 1, ""disable_window_extension"": 0}","{""max_displacement"": 0, ""site_search_window"": 10, ""row_search_window"": 2, ""disallow_one_site_gaps"": 0, ""use_diamond_legalizer"": 1, ""disable_window_extension"": 0}",VALID,6071437.2,6071437.2,0.0,0.0,0.0,False
45,31,2,RISCY-FPU-a-1-c5,6,"{""max_displacement"": 0, ""site_search_window"": 10, ""row_search_window"": 2, ""disallow_one_site_gaps"": 0, ""use_diamond_legalizer"": 1, ""disable_window_extension"": 0}","{""max_displacement"": 0, ""site_search_window"": 0, ""row_search_window"": 2, ""disallow_one_site_gaps"": 0, ""use_diamond_legalizer"": 1, ""disable_window_extension"": 0}",VALID,6071437.2,6071437.2,0.0,0.0,0.0,False
45,31,3,RISCY-FPU-a-1-c5,2,"{""max_displacement"": 0, ""site_search_window"": 0, ""row_search_window"": 2, ""disallow_one_site_gaps"": 0, ""use_diamond_legalizer"": 1, ""disable_window_extension"": 0}","{""max_displacement"": 0, ""site_search_window"": 0, ""row_search_window"": 0, ""disallow_one_site_gaps"": 0, ""use_diamond_legalizer"": 1, ""disable_window_extension"": 0}",VALID,6071437.2,6071437.2,0.0,0.0,0.0,False
45,31,4,RISCY-FPU-a-1-c5,4,"{""max_displacement"": 0, ""site_search_window"": 0, ""row_search_window"": 0, ""disallow_one_site_gaps"": 0, ""use_diamond_legalizer"": 1, ""disable_window_extension"": 0}","{""max_displacement"": 0, ""site_search_window"": 0, ""row_search_window"": 0, ""disallow_one_site_gaps"": 0, ""use_diamond_legalizer"": 1, ""disable_window_extension"": 0}",VALID,6071437.2,6071437.2,0.0,0.0,0.0,False
45,31,5,RISCY-FPU-a-1-c5,4,"{""max_displacement"": 0, ""site_search_window"": 0, ""row_search_window"": 0, ""disallow_one_site_gaps"": 0, ""use_diamond_legalizer"": 1, ""disable_window_extension"": 0}","{""max_displacement"": 0, ""site_search_window"": 0, ""row_search_window"": 0, ""disallow_one_site_gaps"": 0, ""use_diamond_legalizer"": 1, ""disable_window_extension"": 0}",VALID,6071437.2,6071437.2,0.0,0.0,0.0,False
45,31,6,RISCY-FPU-a-1-c5,3,"{""max_displacement"": 0, ""site_search_window"": 0, ""row_search_window"": 0, ""disallow_one_site_gaps"": 0, ""use_diamond_legalizer"": 1, ""disable_window_extension"": 0}","{""max_displacement"": 0, ""site_search_window"": 10, ""row_search_window"": 2, ""disallow_one_site_gaps"": 0, ""use_diamond_legalizer"": 1, ""disable_window_extension"": 0}",VALID,6071437.2,6071437.2,0.0,0.0,0.0,False
45,31,7,RISCY-FPU-a-1-c5,1,"{""max_displacement"": 0, ""site_search_window"": 10, ""row_search_window"": 2, ""disallow_one_site_gaps"": 0, ""use_diamond_legalizer"": 1, ""disable_window_extension"": 0}","{""max_displacement"": 10, ""site_search_window"": 20, ""row_search_window"": 4, ""disallow_one_site_gaps"": 0, ""use_diamond_legalizer"": 1, ""disable_window_extension"": 0}",FAILED,6071437.2,6071437.2,0.0,-100.0,-1.0,False
45,31,8,RISCY-FPU-a-1-c5,5,"{""max_displacement"": 10, ""site_search_window"": 20, ""row_search_window"": 4, ""disallow_one_site_gaps"": 0, ""use_diamond_legalizer"": 1, ""disable_window_extension"": 0}","{""max_displacement"": 20, ""site_search_window"": 30, ""row_search_window"": 4, ""disallow_one_site_gaps"": 0, ""use_diamond_legalizer"": 1, ""disable_window_extension"": 0}",VALID,6071437.2,6071437.2,0.0,0.0,0.0,False
45,31,9,RISCY-FPU-a-1-c5,5,"{""max_displacement"": 20, ""site_search_window"": 30, ""row_search_window"": 4, ""disallow_one_site_gaps"": 0, ""use_diamond_legalizer"": 1, ""disable_window_extension"": 0}","{""max_displacement"": 30, ""site_search_window"": 40, ""row_search_window"": 4, ""disallow_one_site_gaps"": 0, ""use_diamond_legalizer"": 1, ""disable_window_extension"": 0}",VALID,6071437.2,6071437.2,0.0,0.0,0.0,False
45,31,10,RISCY-FPU-a-1-c5,4,"{""max_displacement"": 30, ""site_search_window"": 40, ""row_search_window"": 4, ""disallow_one_site_gaps"": 0, ""use_diamond_legalizer"": 1, ""disable_window_extension"": 0}","{""max_displacement"": 30, ""site_search_window"": 30, ""row_search_window"": 2, ""disallow_one_site_gaps"": 0, ""use_diamond_legalizer"": 1, ""disable_window_extension"": 0}",VALID,6071437.2,6071437.2,0.0,0.0,0.0,True
45,32,1,zero-riscy-b-3-c5,6,"{""max_displacement"": 0, ""site_search_window"": 0, ""row_search_window"": 0, ""disallow_one_site_gaps"": 0, ""use_diamond_legalizer"": 1, ""disable_window_extension"": 0}","{""max_displacement"": 0, ""site_search_window"": 0, ""row_search_window"": 0, ""disallow_one_site_gaps"": 0, ""use_diamond_legalizer"": 1, ""disable_window_extension"": 0}",VALID,2080758.2,2080758.2,0.0,0.0,0.0,False
45,32,2,zero-riscy-b-3-c5,2,"{""max_displacement"": 0, ""site_search_window"": 0, ""row_search_window"": 0, ""disallow_one_site_gaps"": 0, ""use_diamond_legalizer"": 1, ""disable_window_extension"": 0}","{""max_displacement"": 0, ""site_search_window"": 0, ""row_search_window"": 0, ""disallow_one_site_gaps"": 0, ""use_diamond_legalizer"": 1, ""disable_window_extension"": 0}",VALID,2080758.2,2080758.2,0.0,0.0,0.0,False
45,32,3,zero-riscy-b-3-c5,7,"{""max_displacement"": 0, ""site_search_window"": 0, ""row_search_window"": 0, ""disallow_one_site_gaps"": 0, ""use_diamond_legalizer"": 1, ""disable_window_extension"": 0}","{""max_displacement"": 0, ""site_search_window"": 0, ""row_search_window"": 0, ""disallow_one_site_gaps"": 0, ""use_diamond_legalizer"": 1, ""disable_window_extension"": 0}",VALID,2080758.2,2080758.2,0.0,0.0,0.0,False
45,32,4,zero-riscy-b-3-c5,6,"{""max_displacement"": 0, ""site_search_window"": 0, ""row_search_window"": 0, ""disallow_one_site_gaps"": 0, ""use_diamond_legalizer"": 1, ""disable_window_extension"": 0}","{""max_displacement"": 0, ""site_search_window"": 0, ""row_search_window"": 0, ""disallow_one_site_gaps"": 0, ""use_diamond_legalizer"": 1, ""disable_window_extension"": 0}",VALID,2080758.2,2080758.2,0.0,0.0,0.0,False
45,32,5,zero-riscy-b-3-c5,0,"{""max_displacement"": 0, ""site_search_window"": 0, ""row_search_window"": 0, ""disallow_one_site_gaps"": 0, ""use_diamond_legalizer"": 1, ""disable_window_extension"": 0}","{""max_displacement"": 0, ""site_search_window"": 0, ""row_search_window"": 0, ""disallow_one_site_gaps"": true, ""use_diamond_legalizer"": 1, ""disable_window_extension"": true}",VALID,2080758.2,2080758.2,0.0,0.0,0.0,False
45,32,6,zero-riscy-b-3-c5,5,"{""max_displacement"": 0, ""site_search_window"": 0, ""row_search_window"": 0, ""disallow_one_site_gaps"": true, ""use_diamond_legalizer"": 1, ""disable_window_extension"": true}","{""max_displacement"": 10, ""site_search_window"": 10, ""row_search_window"": 0, ""disallow_one_site_gaps"": true, ""use_diamond_legalizer"": 1, ""disable_window_extension"": true}",VALID,2080758.2,2080758.2,0.0,0.0,0.0,False
45,32,7,zero-riscy-b-3-c5,0,"{""max_displacement"": 10, ""site_search_window"": 10, ""row_search_window"": 0, ""disallow_one_site_gaps"": true, ""use_diamond_legalizer"": 1, ""disable_window_extension"": true}","{""max_displacement"": 10, ""site_search_window"": 10, ""row_search_window"": 0, ""disallow_one_site_gaps"": false, ""use_diamond_legalizer"": 1, ""disable_window_extension"": false}",VALID,2080758.2,2080758.2,0.0,0.0,0.0,False
45,32,8,zero-riscy-b-3-c5,1,"{""max_displacement"": 10, ""site_search_window"": 10, ""row_search_window"": 0, ""disallow_one_site_gaps"": false, ""use_diamond_legalizer"": 1, ""disable_window_extension"": false}","{""max_displacement"": 20, ""site_search_window"": 20, ""row_search_window"": 2, ""disallow_one_site_gaps"": false, ""use_diamond_legalizer"": 1, ""disable_window_extension"": false}",VALID,2080758.2,2080758.2,0.0,0.0,0.0,False
45,32,9,zero-riscy-b-3-c5,3,"{""max_displacement"": 20, ""site_search_window"": 20, ""row_search_window"": 2, ""disallow_one_site_gaps"": false, ""use_diamond_legalizer"": 1, ""disable_window_extension"": false}","{""max_displacement"": 20, ""site_search_window"": 30, ""row_search_window"": 4, ""disallow_one_site_gaps"": false, ""use_diamond_legalizer"": 1, ""disable_window_extension"": false}",VALID,2080758.2,2080758.2,0.0,0.0,0.0,False
45,32,10,zero-riscy-b-3-c5,4,"{""max_displacement"": 20, ""site_search_window"": 30, ""row_search_window"": 4, ""disallow_one_site_gaps"": false, ""use_diamond_legalizer"": 1, ""disable_window_extension"": false}","{""max_displacement"": 20, ""site_search_window"": 20, ""row_search_window"": 2, ""disallow_one_site_gaps"": false, ""use_diamond_legalizer"": 1, ""disable_window_extension"": false}",VALID,2080758.2,2080758.2,0.0,0.0,0.0,True
45,33,1,RISCY-a-2-c2,1,"{""max_displacement"": 0, ""site_search_window"": 0, ""row_search_window"": 0, ""disallow_one_site_gaps"": 0, ""use_diamond_legalizer"": 1, ""disable_window_extension"": 0}","{""max_displacement"": 10, ""site_search_window"": 10, ""row_search_window"": 2, ""disallow_one_site_gaps"": 0, ""use_diamond_legalizer"": 1, ""disable_window_extension"": 0}",FAILED,4861249.7,4861249.7,0.0,-100.0,-1.0,False
45,33,2,RISCY-a-2-c2,5,"{""max_displacement"": 10, ""site_search_window"": 10, ""row_search_window"": 2, ""disallow_one_site_gaps"": 0, ""use_diamond_legalizer"": 1, ""disable_window_extension"": 0}","{""max_displacement"": 20, ""site_search_window"": 20, ""row_search_window"": 2, ""disallow_one_site_gaps"": 0, ""use_diamond_legalizer"": 1, ""disable_window_extension"": 0}",VALID,4861249.7,4861249.7,0.0,0.0,0.0,False
45,33,3,RISCY-a-2-c2,0,"{""max_displacement"": 20, ""site_search_window"": 20, ""row_search_window"": 2, ""disallow_one_site_gaps"": 0, ""use_diamond_legalizer"": 1, ""disable_window_extension"": 0}","{""max_displacement"": 20, ""site_search_window"": 20, ""row_search_window"": 2, ""disallow_one_site_gaps"": true, ""use_diamond_legalizer"": 1, ""disable_window_extension"": true}",VALID,4861249.7,4861249.7,0.0,0.0,0.0,False
45,33,4,RISCY-a-2-c2,4,"{""max_displacement"": 20, ""site_search_window"": 20, ""row_search_window"": 2, ""disallow_one_site_gaps"": true, ""use_diamond_legalizer"": 1, ""disable_window_extension"": true}","{""max_displacement"": 20, ""site_search_window"": 10, ""row_search_window"": 0, ""disallow_one_site_gaps"": true, ""use_diamond_legalizer"": 1, ""disable_window_extension"": true}",VALID,4861249.7,4861249.7,0.0,0.0,0.0,False
45,33,5,RISCY-a-2-c2,1,"{""max_displacement"": 20, ""site_search_window"": 10, ""row_search_window"": 0, ""disallow_one_site_gaps"": true, ""use_diamond_legalizer"": 1, ""disable_window_extension"": true}","{""max_displacement"": 30, ""site_search_window"": 20, ""row_search_window"": 2, ""disallow_one_site_gaps"": true, ""use_diamond_legalizer"": 1, ""disable_window_extension"": true}",VALID,4861249.7,4861249.7,0.0,0.0,0.0,False
45,33,6,RISCY-a-2-c2,3,"{""max_displacement"": 30, ""site_search_window"": 20, ""row_search_window"": 2, ""disallow_one_site_gaps"": true, ""use_diamond_legalizer"": 1, ""disable_window_extension"": true}","{""max_displacement"": 30, ""site_search_window"": 30, ""row_search_window"": 4, ""disallow_one_site_gaps"": true, ""use_diamond_legalizer"": 1, ""disable_window_extension"": true}",VALID,4861249.7,4861249.7,0.0,0.0,0.0,False
45,33,7,RISCY-a-2-c2,3,"{""max_displacement"": 30, ""site_search_window"": 30, ""row_search_window"": 4, ""disallow_one_site_gaps"": true, ""use_diamond_legalizer"": 1, ""disable_window_extension"": true}","{""max_displacement"": 30, ""site_search_window"": 40, ""row_search_window"": 6, ""disallow_one_site_gaps"": true, ""use_diamond_legalizer"": 1, ""disable_window_extension"": true}",VALID,4861249.7,4861249.7,0.0,0.0,0.0,False
45,33,8,RISCY-a-2-c2,6,"{""max_displacement"": 30, ""site_search_window"": 40, ""row_search_window"": 6, ""disallow_one_site_gaps"": true, ""use_diamond_legalizer"": 1, ""disable_window_extension"": true}","{""max_displacement"": 20, ""site_search_window"": 30, ""row_search_window"": 6, ""disallow_one_site_gaps"": true, ""use_diamond_legalizer"": 1, ""disable_window_extension"": true}",VALID,4861249.7,4861249.7,0.0,0.0,0.0,False
45,33,9,RISCY-a-2-c2,7,"{""max_displacement"": 20, ""site_search_window"": 30, ""row_search_window"": 6, ""disallow_one_site_gaps"": true, ""use_diamond_legalizer"": 1, ""disable_window_extension"": true}","{""max_displacement"": 20, ""site_search_window"": 30, ""row_search_window"": 6, ""disallow_one_site_gaps"": true, ""use_diamond_legalizer"": 1, ""disable_window_extension"": true}",VALID,4861249.7,4861249.7,0.0,0.0,0.0,False
45,33,10,RISCY-a-2-c2,4,"{""max_displacement"": 20, ""site_search_window"": 30, ""row_search_window"": 6, ""disallow_one_site_gaps"": true, ""use_diamond_legalizer"": 1, ""disable_window_extension"": true}","{""max_displacement"": 20, ""site_search_window"": 20, ""row_search_window"": 4, ""disallow_one_site_gaps"": true, ""use_diamond_legalizer"": 1, ""disable_window_extension"": true}",VALID,4861249.7,4861249.7,0.0,0.0,0.0,True
45,34,1,zero-riscy-a-3-c2,6,"{""max_displacement"": 0, ""site_search_window"": 0, ""row_search_window"": 0, ""disallow_one_site_gaps"": 0, ""use_diamond_legalizer"": 1, ""disable_window_extension"": 0}","{""max_displacement"": 0, ""site_search_window"": 0, ""row_search_window"": 0, ""disallow_one_site_gaps"": 0, ""use_diamond_legalizer"": 1, ""disable_window_extension"": 0}",VALID,4400147.4,4400147.4,0.0,0.0,0.0,False
45,34,2,zero-riscy-a-3-c2,3,"{""max_displacement"": 0, ""site_search_window"": 0, ""row_search_window"": 0, ""disallow_one_site_gaps"": 0, ""use_diamond_legalizer"": 1, ""disable_window_extension"": 0}","{""max_displacement"": 0, ""site_search_window"": 10, ""row_search_window"": 2, ""disallow_one_site_gaps"": 0, ""use_diamond_legalizer"": 1, ""disable_window_extension"": 0}",VALID,4400147.4,4400147.4,0.0,0.0,0.0,False
45,34,3,zero-riscy-a-3-c2,3,"{""max_displacement"": 0, ""site_search_window"": 10, ""row_search_window"": 2, ""disallow_one_site_gaps"": 0, ""use_diamond_legalizer"": 1, ""disable_window_extension"": 0}","{""max_displacement"": 0, ""site_search_window"": 20, ""row_search_window"": 4, ""disallow_one_site_gaps"": 0, ""use_diamond_legalizer"": 1, ""disable_window_extension"": 0}",VALID,4400147.4,4400147.4,0.0,0.0,0.0,False
45,34,4,zero-riscy-a-3-c2,6,"{""max_displacement"": 0, ""site_search_window"": 20, ""row_search_window"": 4, ""disallow_one_site_gaps"": 0, ""use_diamond_legalizer"": 1, ""disable_window_extension"": 0}","{""max_displacement"": 0, ""site_search_window"": 10, ""row_search_window"": 4, ""disallow_one_site_gaps"": 0, ""use_diamond_legalizer"": 1, ""disable_window_extension"": 0}",VALID,4400147.4,4400147.4,0.0,0.0,0.0,False
45,34,5,zero-riscy-a-3-c2,4,"{""max_displacement"": 0, ""site_search_window"": 10, ""row_search_window"": 4, ""disallow_one_site_gaps"": 0, ""use_diamond_legalizer"": 1, ""disable_window_extension"": 0}","{""max_displacement"": 0, ""site_search_window"": 0, ""row_search_window"": 2, ""disallow_one_site_gaps"": 0, ""use_diamond_legalizer"": 1, ""disable_window_extension"": 0}",VALID,4400147.4,4400147.4,0.0,0.0,0.0,False
45,34,6,zero-riscy-a-3-c2,4,"{""max_displacement"": 0, ""site_search_window"": 0, ""row_search_window"": 2, ""disallow_one_site_gaps"": 0, ""use_diamond_legalizer"": 1, ""disable_window_extension"": 0}","{""max_displacement"": 0, ""site_search_window"": 0, ""row_search_window"": 0, ""disallow_one_site_gaps"": 0, ""use_diamond_legalizer"": 1, ""disable_window_extension"": 0}",VALID,4400147.4,4400147.4,0.0,0.0,0.0,False
45,34,7,zero-riscy-a-3-c2,3,"{""max_displacement"": 0, ""site_search_window"": 0, ""row_search_window"": 0, ""disallow_one_site_gaps"": 0, ""use_diamond_legalizer"": 1, ""disable_window_extension"": 0}","{""max_displacement"": 0, ""site_search_window"": 10, ""row_search_window"": 2, ""disallow_one_site_gaps"": 0, ""use_diamond_legalizer"": 1, ""disable_window_extension"": 0}",VALID,4400147.4,4400147.4,0.0,0.0,0.0,False
45,34,8,zero-riscy-a-3-c2,7,"{""max_displacement"": 0, ""site_search_window"": 10, ""row_search_window"": 2, ""disallow_one_site_gaps"": 0, ""use_diamond_legalizer"": 1, ""disable_window_extension"": 0}","{""max_displacement"": 0, ""site_search_window"": 10, ""row_search_window"": 2, ""disallow_one_site_gaps"": 0, ""use_diamond_legalizer"": 1, ""disable_window_extension"": 0}",VALID,4400147.4,4400147.4,0.0,0.0,0.0,False
45,34,9,zero-riscy-a-3-c2,0,"{""max_displacement"": 0, ""site_search_window"": 10, ""row_search_window"": 2, ""disallow_one_site_gaps"": 0, ""use_diamond_legalizer"": 1, ""disable_window_extension"": 0}","{""max_displacement"": 0, ""site_search_window"": 10, ""row_search_window"": 2, ""disallow_one_site_gaps"": true, ""use_diamond_legalizer"": 1, ""disable_window_extension"": true}",VALID,4400147.4,4400147.4,0.0,0.0,0.0,False
45,34,10,zero-riscy-a-3-c2,2,"{""max_displacement"": 0, ""site_search_window"": 10, ""row_search_window"": 2, ""disallow_one_site_gaps"": true, ""use_diamond_legalizer"": 1, ""disable_window_extension"": true}","{""max_displacement"": 0, ""site_search_window"": 0, ""row_search_window"": 0, ""disallow_one_site_gaps"": true, ""use_diamond_legalizer"": 1, ""disable_window_extension"": true}",VALID,4400147.4,4400147.4,0.0,0.0,0.0,True
45,35,1,RISCY-FPU-a-1-c5,7,"{""max_displacement"": 0, ""site_search_window"": 0, ""row_search_window"": 0, ""disallow_one_site_gaps"": 0, ""use_diamond_legalizer"": 1, ""disable_window_extension"": 0}","{""max_displacement"": 0, ""site_search_window"": 0, ""row_search_window"": 0, ""disallow_one_site_gaps"": 0, ""use_diamond_legalizer"": 1, ""disable_window_extension"": 0}",VALID,6071437.2,6071437.2,0.0,0.0,0.0,False
45,35,2,RISCY-FPU-a-1-c5,6,"{""max_displacement"": 0, ""site_search_window"": 0, ""row_search_window"": 0, ""disallow_one_site_gaps"": 0, ""use_diamond_legalizer"": 1, ""disable_window_extension"": 0}","{""max_displacement"": 0, ""site_search_window"": 0, ""row_search_window"": 0, ""disallow_one_site_gaps"": 0, ""use_diamond_legalizer"": 1, ""disable_window_extension"": 0}",VALID,6071437.2,6071437.2,0.0,0.0,0.0,False
45,35,3,RISCY-FPU-a-1-c5,7,"{""max_displacement"": 0, ""site_search_window"": 0, ""row_search_window"": 0, ""disallow_one_site_gaps"": 0, ""use_diamond_legalizer"": 1, ""disable_window_extension"": 0}","{""max_displacement"": 0, ""site_search_window"": 0, ""row_search_window"": 0, ""disallow_one_site_gaps"": 0, ""use_diamond_legalizer"": 1, ""disable_window_extension"": 0}",VALID,6071437.2,6071437.2,0.0,0.0,0.0,False
45,35,4,RISCY-FPU-a-1-c5,1,"{""max_displacement"": 0, ""site_search_window"": 0, ""row_search_window"": 0, ""disallow_one_site_gaps"": 0, ""use_diamond_legalizer"": 1, ""disable_window_extension"": 0}","{""max_displacement"": 10, ""site_search_window"": 10, ""row_search_window"": 2, ""disallow_one_site_gaps"": 0, ""use_diamond_legalizer"": 1, ""disable_window_extension"": 0}",FAILED,6071437.2,6071437.2,0.0,-100.0,-1.0,False
45,35,5,RISCY-FPU-a-1-c5,4,"{""max_displacement"": 10, ""site_search_window"": 10, ""row_search_window"": 2, ""disallow_one_site_gaps"": 0, ""use_diamond_legalizer"": 1, ""disable_window_extension"": 0}","{""max_displacement"": 10, ""site_search_window"": 0, ""row_search_window"": 0, ""disallow_one_site_gaps"": 0, ""use_diamond_legalizer"": 1, ""disable_window_extension"": 0}",FAILED,6071437.2,6071437.2,0.0,-100.0,-1.0,False
45,35,6,RISCY-FPU-a-1-c5,3,"{""max_displacement"": 10, ""site_search_window"": 0, ""row_search_window"": 0, ""disallow_one_site_gaps"": 0, ""use_diamond_legalizer"": 1, ""disable_window_extension"": 0}","{""max_displacement"": 10, ""site_search_window"": 10, ""row_search_window"": 2, ""disallow_one_site_gaps"": 0, ""use_diamond_legalizer"": 1, ""disable_window_extension"": 0}",FAILED,6071437.2,6071437.2,0.0,-100.0,-1.0,False
45,35,7,RISCY-FPU-a-1-c5,5,"{""max_displacement"": 10, ""site_search_window"": 10, ""row_search_window"": 2, ""disallow_one_site_gaps"": 0, ""use_diamond_legalizer"": 1, ""disable_window_extension"": 0}","{""max_displacement"": 20, ""site_search_window"": 20, ""row_search_window"": 2, ""disallow_one_site_gaps"": 0, ""use_diamond_legalizer"": 1, ""disable_window_extension"": 0}",VALID,6071437.2,6071437.2,0.0,0.0,0.0,False
45,35,8,RISCY-FPU-a-1-c5,1,"{""max_displacement"": 20, ""site_search_window"": 20, ""row_search_window"": 2, ""disallow_one_site_gaps"": 0, ""use_diamond_legalizer"": 1, ""disable_window_extension"": 0}","{""max_displacement"": 30, ""site_search_window"": 30, ""row_search_window"": 4, ""disallow_one_site_gaps"": 0, ""use_diamond_legalizer"": 1, ""disable_window_extension"": 0}",VALID,6071437.2,6071437.2,0.0,0.0,0.0,False
45,35,9,RISCY-FPU-a-1-c5,6,"{""max_displacement"": 30, ""site_search_window"": 30, ""row_search_window"": 4, ""disallow_one_site_gaps"": 0, ""use_diamond_legalizer"": 1, ""disable_window_extension"": 0}","{""max_displacement"": 20, ""site_search_window"": 20, ""row_search_window"": 4, ""disallow_one_site_gaps"": 0, ""use_diamond_legalizer"": 1, ""disable_window_extension"": 0}",VALID,6071437.2,6071437.2,0.0,0.0,0.0,False
45,35,10,RISCY-FPU-a-1-c5,5,"{""max_displacement"": 20, ""site_search_window"": 20, ""row_search_window"": 4, ""disallow_one_site_gaps"": 0, ""use_diamond_legalizer"": 1, ""disable_window_extension"": 0}","{""max_displacement"": 30, ""site_search_window"": 30, ""row_search_window"": 4, ""disallow_one_site_gaps"": 0, ""use_diamond_legalizer"": 1, ""disable_window_extension"": 0}",VALID,6071437.2,6071437.2,0.0,0.0,0.0,True
45,36,1,RISCY-a-3-c5,4,"{""max_displacement"": 0, ""site_search_window"": 0, ""row_search_window"": 0, ""disallow_one_site_gaps"": 0, ""use_diamond_legalizer"": 1, ""disable_window_extension"": 0}","{""max_displacement"": 0, ""site_search_window"": 0, ""row_search_window"": 0, ""disallow_one_site_gaps"": 0, ""use_diamond_legalizer"": 1, ""disable_window_extension"": 0}",VALID,5599044.1,5599044.1,0.0,0.0,0.0,False
45,36,2,RISCY-a-3-c5,1,"{""max_displacement"": 0, ""site_search_window"": 0, ""row_search_window"": 0, ""disallow_one_site_gaps"": 0, ""use_diamond_legalizer"": 1, ""disable_window_extension"": 0}","{""max_displacement"": 10, ""site_search_window"": 10, ""row_search_window"": 2, ""disallow_one_site_gaps"": 0, ""use_diamond_legalizer"": 1, ""disable_window_extension"": 0}",FAILED,5599044.1,5599044.1,0.0,-100.0,-1.0,False
45,36,3,RISCY-a-3-c5,5,"{""max_displacement"": 10, ""site_search_window"": 10, ""row_search_window"": 2, ""disallow_one_site_gaps"": 0, ""use_diamond_legalizer"": 1, ""disable_window_extension"": 0}","{""max_displacement"": 20, ""site_search_window"": 20, ""row_search_window"": 2, ""disallow_one_site_gaps"": 0, ""use_diamond_legalizer"": 1, ""disable_window_extension"": 0}",VALID,5599044.1,5598956.4,87.69999999925494,0.0015999999999999999,1.566338796996704e-05,False
45,36,4,RISCY-a-3-c5,6,"{""max_displacement"": 20, ""site_search_window"": 20, ""row_search_window"": 2, ""disallow_one_site_gaps"": 0, ""use_diamond_legalizer"": 1, ""disable_window_extension"": 0}","{""max_displacement"": 10, ""site_search_window"": 10, ""row_search_window"": 2, ""disallow_one_site_gaps"": 0, ""use_diamond_legalizer"": 1, ""disable_window_extension"": 0}",FAILED,5599044.1,5598956.4,0.0,-100.0,-1.0,False
45,36,5,RISCY-a-3-c5,0,"{""max_displacement"": 10, ""site_search_window"": 10, ""row_search_window"": 2, ""disallow_one_site_gaps"": 0, ""use_diamond_legalizer"": 1, ""disable_window_extension"": 0}","{""max_displacement"": 10, ""site_search_window"": 10, ""row_search_window"": 2, ""disallow_one_site_gaps"": true, ""use_diamond_legalizer"": 1, ""disable_window_extension"": true}",FAILED,5599044.1,5598956.4,0.0,-100.0,-1.0,False
45,36,6,RISCY-a-3-c5,5,"{""max_displacement"": 10, ""site_search_window"": 10, ""row_search_window"": 2, ""disallow_one_site_gaps"": true, ""use_diamond_legalizer"": 1, ""disable_window_extension"": true}","{""max_displacement"": 20, ""site_search_window"": 20, ""row_search_window"": 2, ""disallow_one_site_gaps"": true, ""use_diamond_legalizer"": 1, ""disable_window_extension"": true}",VALID,5599044.1,5598956.4,0.0,0.0,0.0,False
45,36,7,RISCY-a-3-c5,0,"{""max_displacement"": 20, ""site_search_window"": 20, ""row_search_window"": 2, ""disallow_one_site_gaps"": true, ""use_diamond_legalizer"": 1, ""disable_window_extension"": true}","{""max_displacement"": 20, ""site_search_window"": 20, ""row_search_window"": 2, ""disallow_one_site_gaps"": false, ""use_diamond_legalizer"": 1, ""disable_window_extension"": false}",VALID,5599044.1,5598956.4,0.0,0.0,0.0,False
45,36,8,RISCY-a-3-c5,4,"{""max_displacement"": 20, ""site_search_window"": 20, ""row_search_window"": 2, ""disallow_one_site_gaps"": false, ""use_diamond_legalizer"": 1, ""disable_window_extension"": false}","{""max_displacement"": 20, ""site_search_window"": 10, ""row_search_window"": 0, ""disallow_one_site_gaps"": false, ""use_diamond_legalizer"": 1, ""disable_window_extension"": false}",VALID,5599044.1,5598956.4,0.0,0.0,0.0,False
45,36,9,RISCY-a-3-c5,2,"{""max_displacement"": 20, ""site_search_window"": 10, ""row_search_window"": 0, ""disallow_one_site_gaps"": false, ""use_diamond_legalizer"": 1, ""disable_window_extension"": false}","{""max_displacement"": 10, ""site_search_window"": 0, ""row_search_window"": 0, ""disallow_one_site_gaps"": false, ""use_diamond_legalizer"": 1, ""disable_window_extension"": false}",FAILED,5599044.1,5598956.4,0.0,-100.0,-1.0,False
45,36,10,RISCY-a-3-c5,7,"{""max_displacement"": 10, ""site_search_window"": 0, ""row_search_window"": 0, ""disallow_one_site_gaps"": false, ""use_diamond_legalizer"": 1, ""disable_window_extension"": false}","{""max_displacement"": 10, ""site_search_window"": 0, ""row_search_window"": 0, ""disallow_one_site_gaps"": false, ""use_diamond_legalizer"": 1, ""disable_window_extension"": false}",FAILED,5599044.1,5598956.4,0.0,-100.0,-1.0,True
45,37,1,RISCY-FPU-a-3-c20,1,"{""max_displacement"": 0, ""site_search_window"": 0, ""row_search_window"": 0, ""disallow_one_site_gaps"": 0, ""use_diamond_legalizer"": 1, ""disable_window_extension"": 0}","{""max_displacement"": 10, ""site_search_window"": 10, ""row_search_window"": 2, ""disallow_one_site_gaps"": 0, ""use_diamond_legalizer"": 1, ""disable_window_extension"": 0}",FAILED,7062334.5,7062334.5,0.0,-100.0,-1.0,False
45,37,2,RISCY-FPU-a-3-c20,6,"{""max_displacement"": 10, ""site_search_window"": 10, ""row_search_window"": 2, ""disallow_one_site_gaps"": 0, ""use_diamond_legalizer"": 1, ""disable_window_extension"": 0}","{""max_displacement"": 0, ""site_search_window"": 0, ""row_search_window"": 2, ""disallow_one_site_gaps"": 0, ""use_diamond_legalizer"": 1, ""disable_window_extension"": 0}",VALID,7062334.5,7062334.5,0.0,0.0,0.0,False
45,37,3,RISCY-FPU-a-3-c20,2,"{""max_displacement"": 0, ""site_search_window"": 0, ""row_search_window"": 2, ""disallow_one_site_gaps"": 0, ""use_diamond_legalizer"": 1, ""disable_window_extension"": 0}","{""max_displacement"": 0, ""site_search_window"": 0, ""row_search_window"": 0, ""disallow_one_site_gaps"": 0, ""use_diamond_legalizer"": 1, ""disable_window_extension"": 0}",VALID,7062334.5,7062334.5,0.0,0.0,0.0,False
45,37,4,RISCY-FPU-a-3-c20,6,"{""max_displacement"": 0, ""site_search_window"": 0, ""row_search_window"": 0, ""disallow_one_site_gaps"": 0, ""use_diamond_legalizer"": 1, ""disable_window_extension"": 0}","{""max_displacement"": 0, ""site_search_window"": 0, ""row_search_window"": 0, ""disallow_one_site_gaps"": 0, ""use_diamond_legalizer"": 1, ""disable_window_extension"": 0}",VALID,7062334.5,7062334.5,0.0,0.0,0.0,False
45,37,5,RISCY-FPU-a-3-c20,7,"{""max_displacement"": 0, ""site_search_window"": 0, ""row_search_window"": 0, ""disallow_one_site_gaps"": 0, ""use_diamond_legalizer"": 1, ""disable_window_extension"": 0}","{""max_displacement"": 0, ""site_search_window"": 0, ""row_search_window"": 0, ""disallow_one_site_gaps"": 0, ""use_diamond_legalizer"": 1, ""disable_window_extension"": 0}",VALID,7062334.5,7062334.5,0.0,0.0,0.0,False
45,37,6,RISCY-FPU-a-3-c20,2,"{""max_displacement"": 0, ""site_search_window"": 0, ""row_search_window"": 0, ""disallow_one_site_gaps"": 0, ""use_diamond_legalizer"": 1, ""disable_window_extension"": 0}","{""max_displacement"": 0, ""site_search_window"": 0, ""row_search_window"": 0, ""disallow_one_site_gaps"": 0, ""use_diamond_legalizer"": 1, ""disable_window_extension"": 0}",VALID,7062334.5,7062334.5,0.0,0.0,0.0,False
45,37,7,RISCY-FPU-a-3-c20,1,"{""max_displacement"": 0, ""site_search_window"": 0, ""row_search_window"": 0, ""disallow_one_site_gaps"": 0, ""use_diamond_legalizer"": 1, ""disable_window_extension"": 0}","{""max_displacement"": 10, ""site_search_window"": 10, ""row_search_window"": 2, ""disallow_one_site_gaps"": 0, ""use_diamond_legalizer"": 1, ""disable_window_extension"": 0}",FAILED,7062334.5,7062334.5,0.0,-100.0,-1.0,False
45,37,8,RISCY-FPU-a-3-c20,7,"{""max_displacement"": 10, ""site_search_window"": 10, ""row_search_window"": 2, ""disallow_one_site_gaps"": 0, ""use_diamond_legalizer"": 1, ""disable_window_extension"": 0}","{""max_displacement"": 10, ""site_search_window"": 10, ""row_search_window"": 2, ""disallow_one_site_gaps"": 0, ""use_diamond_legalizer"": 1, ""disable_window_extension"": 0}",FAILED,7062334.5,7062334.5,0.0,-100.0,-1.0,False
45,37,9,RISCY-FPU-a-3-c20,6,"{""max_displacement"": 10, ""site_search_window"": 10, ""row_search_window"": 2, ""disallow_one_site_gaps"": 0, ""use_diamond_legalizer"": 1, ""disable_window_extension"": 0}","{""max_displacement"": 0, ""site_search_window"": 0, ""row_search_window"": 2, ""disallow_one_site_gaps"": 0, ""use_diamond_legalizer"": 1, ""disable_window_extension"": 0}",VALID,7062334.5,7062334.5,0.0,0.0,0.0,False
45,37,10,RISCY-FPU-a-3-c20,7,"{""max_displacement"": 0, ""site_search_window"": 0, ""row_search_window"": 2, ""disallow_one_site_gaps"": 0, ""use_diamond_legalizer"": 1, ""disable_window_extension"": 0}","{""max_displacement"": 0, ""site_search_window"": 0, ""row_search_window"": 2, ""disallow_one_site_gaps"": 0, ""use_diamond_legalizer"": 1, ""disable_window_extension"": 0}",VALID,7062334.5,7062334.5,0.0,0.0,0.0,True
45,38,1,zero-riscy-b-1-c20,6,"{""max_displacement"": 0, ""site_search_window"": 0, ""row_search_window"": 0, ""disallow_one_site_gaps"": 0, ""use_diamond_legalizer"": 1, ""disable_window_extension"": 0}","{""max_displacement"": 0, ""site_search_window"": 0, ""row_search_window"": 0, ""disallow_one_site_gaps"": 0, ""use_diamond_legalizer"": 1, ""disable_window_extension"": 0}",VALID,1957747.6,1957747.6,0.0,0.0,0.0,False
45,38,2,zero-riscy-b-1-c20,1,"{""max_displacement"": 0, ""site_search_window"": 0, ""row_search_window"": 0, ""disallow_one_site_gaps"": 0, ""use_diamond_legalizer"": 1, ""disable_window_extension"": 0}","{""max_displacement"": 10, ""site_search_window"": 10, ""row_search_window"": 2, ""disallow_one_site_gaps"": 0, ""use_diamond_legalizer"": 1, ""disable_window_extension"": 0}",VALID,1957747.6,1957747.6,0.0,0.0,0.0,False
45,38,3,zero-riscy-b-1-c20,7,"{""max_displacement"": 10, ""site_search_window"": 10, ""row_search_window"": 2, ""disallow_one_site_gaps"": 0, ""use_diamond_legalizer"": 1, ""disable_window_extension"": 0}","{""max_displacement"": 10, ""site_search_window"": 10, ""row_search_window"": 2, ""disallow_one_site_gaps"": 0, ""use_diamond_legalizer"": 1, ""disable_window_extension"": 0}",VALID,1957747.6,1957747.6,0.0,0.0,0.0,False
45,38,4,zero-riscy-b-1-c20,3,"{""max_displacement"": 10, ""site_search_window"": 10, ""row_search_window"": 2, ""disallow_one_site_gaps"": 0, ""use_diamond_legalizer"": 1, ""disable_window_extension"": 0}","{""max_displacement"": 10, ""site_search_window"": 20, ""row_search_window"": 4, ""disallow_one_site_gaps"": 0, ""use_diamond_legalizer"": 1, ""disable_window_extension"": 0}",VALID,1957747.6,1957747.6,0.0,0.0,0.0,False
45,38,5,zero-riscy-b-1-c20,0,"{""max_displacement"": 10, ""site_search_window"": 20, ""row_search_window"": 4, ""disallow_one_site_gaps"": 0, ""use_diamond_legalizer"": 1, ""disable_window_extension"": 0}","{""max_displacement"": 10, ""site_search_window"": 20, ""row_search_window"": 4, ""disallow_one_site_gaps"": true, ""use_diamond_legalizer"": 1, ""disable_window_extension"": true}",VALID,1957747.6,1957747.6,0.0,0.0,0.0,False
45,38,6,zero-riscy-b-1-c20,6,"{""max_displacement"": 10, ""site_search_window"": 20, ""row_search_window"": 4, ""disallow_one_site_gaps"": true, ""use_diamond_legalizer"": 1, ""disable_window_extension"": true}","{""max_displacement"": 0, ""site_search_window"": 10, ""row_search_window"": 4, ""disallow_one_site_gaps"": true, ""use_diamond_legalizer"": 1, ""disable_window_extension"": true}",VALID,1957747.6,1957747.6,0.0,0.0,0.0,False
45,38,7,zero-riscy-b-1-c20,0,"{""max_displacement"": 0, ""site_search_window"": 10, ""row_search_window"": 4, ""disallow_one_site_gaps"": true, ""use_diamond_legalizer"": 1, ""disable_window_extension"": true}","{""max_displacement"": 0, ""site_search_window"": 10, ""row_search_window"": 4, ""disallow_one_site_gaps"": false, ""use_diamond_legalizer"": 1, ""disable_window_extension"": false}",VALID,1957747.6,1957747.6,0.0,0.0,0.0,False
45,38,8,zero-riscy-b-1-c20,7,"{""max_displacement"": 0, ""site_search_window"": 10, ""row_search_window"": 4, ""disallow_one_site_gaps"": false, ""use_diamond_legalizer"": 1, ""disable_window_extension"": false}","{""max_displacement"": 0, ""site_search_window"": 10, ""row_search_window"": 4, ""disallow_one_site_gaps"": false, ""use_diamond_legalizer"": 1, ""disable_window_extension"": false}",VALID,1957747.6,1957747.6,0.0,0.0,0.0,False
45,38,9,zero-riscy-b-1-c20,0,"{""max_displacement"": 0, ""site_search_window"": 10, ""row_search_window"": 4, ""disallow_one_site_gaps"": false, ""use_diamond_legalizer"": 1, ""disable_window_extension"": false}","{""max_displacement"": 0, ""site_search_window"": 10, ""row_search_window"": 4, ""disallow_one_site_gaps"": true, ""use_diamond_legalizer"": 1, ""disable_window_extension"": true}",VALID,1957747.6,1957747.6,0.0,0.0,0.0,False
45,38,10,zero-riscy-b-1-c20,0,"{""max_displacement"": 0, ""site_search_window"": 10, ""row_search_window"": 4, ""disallow_one_site_gaps"": true, ""use_diamond_legalizer"": 1, ""disable_window_extension"": true}","{""max_displacement"": 0, ""site_search_window"": 10, ""row_search_window"": 4, ""disallow_one_site_gaps"": false, ""use_diamond_legalizer"": 1, ""disable_window_extension"": false}",VALID,1957747.6,1957747.6,0.0,0.0,0.0,True
45,39,1,zero-riscy-a-2-c20,3,"{""max_displacement"": 0, ""site_search_window"": 0, ""row_search_window"": 0, ""disallow_one_site_gaps"": 0, ""use_diamond_legalizer"": 1, ""disable_window_extension"": 0}","{""max_displacement"": 0, ""site_search_window"": 10, ""row_search_window"": 2, ""disallow_one_site_gaps"": 0, ""use_diamond_legalizer"": 1, ""disable_window_extension"": 0}",VALID,3884748.2,3884748.2,0.0,0.0,0.0,False
45,39,2,zero-riscy-a-2-c20,0,"{""max_displacement"": 0, ""site_search_window"": 10, ""row_search_window"": 2, ""disallow_one_site_gaps"": 0, ""use_diamond_legalizer"": 1, ""disable_window_extension"": 0}","{""max_displacement"": 0, ""site_search_window"": 10, ""row_search_window"": 2, ""disallow_one_site_gaps"": true, ""use_diamond_legalizer"": 1, ""disable_window_extension"": true}",VALID,3884748.2,3884748.2,0.0,0.0,0.0,False
45,39,3,zero-riscy-a-2-c20,3,"{""max_displacement"": 0, ""site_search_window"": 10, ""row_search_window"": 2, ""disallow_one_site_gaps"": true, ""use_diamond_legalizer"": 1, ""disable_window_extension"": true}","{""max_displacement"": 0, ""site_search_window"": 20, ""row_search_window"": 4, ""disallow_one_site_gaps"": true, ""use_diamond_legalizer"": 1, ""disable_window_extension"": true}",VALID,3884748.2,3884748.2,0.0,0.0,0.0,False
45,39,4,zero-riscy-a-2-c20,5,"{""max_displacement"": 0, ""site_search_window"": 20, ""row_search_window"": 4, ""disallow_one_site_gaps"": true, ""use_diamond_legalizer"": 1, ""disable_window_extension"": true}","{""max_displacement"": 10, ""site_search_window"": 30, ""row_search_window"": 4, ""disallow_one_site_gaps"": true, ""use_diamond_legalizer"": 1, ""disable_window_extension"": true}",VALID,3884748.2,3884737.2,11.0,0.00030000000000000003,2.8315863560989616e-06,False
45,39,5,zero-riscy-a-2-c20,0,"{""max_displacement"": 10, ""site_search_window"": 30, ""row_search_window"": 4, ""disallow_one_site_gaps"": true, ""use_diamond_legalizer"": 1, ""disable_window_extension"": true}","{""max_displacement"": 10, ""site_search_window"": 30, ""row_search_window"": 4, ""disallow_one_site_gaps"": false, ""use_diamond_legalizer"": 1, ""disable_window_extension"": false}",VALID,3884748.2,3884737.2,0.0,0.0,0.0,False
45,39,6,zero-riscy-a-2-c20,6,"{""max_displacement"": 10, ""site_search_window"": 30, ""row_search_window"": 4, ""disallow_one_site_gaps"": false, ""use_diamond_legalizer"": 1, ""disable_window_extension"": false}","{""max_displacement"": 0, ""site_search_window"": 20, ""row_search_window"": 4, ""disallow_one_site_gaps"": false, ""use_diamond_legalizer"": 1, ""disable_window_extension"": false}",VALID,3884748.2,3884748.2,-11.0,-0.00030000000000000003,-2.831594374002957e-06,False
45,39,7,zero-riscy-a-2-c20,4,"{""max_displacement"": 0, ""site_search_window"": 20, ""row_search_window"": 4, ""disallow_one_site_gaps"": false, ""use_diamond_legalizer"": 1, ""disable_window_extension"": false}","{""max_displacement"": 0, ""site_search_window"": 10, ""row_search_window"": 2, ""disallow_one_site_gaps"": false, ""use_diamond_legalizer"": 1, ""disable_window_extension"": false}",VALID,3884748.2,3884748.2,0.0,0.0,0.0,False
45,39,8,zero-riscy-a-2-c20,6,"{""max_displacement"": 0, ""site_search_window"": 10, ""row_search_window"": 2, ""disallow_one_site_gaps"": false, ""use_diamond_legalizer"": 1, ""disable_window_extension"": false}","{""max_displacement"": 0, ""site_search_window"": 0, ""row_search_window"": 2, ""disallow_one_site_gaps"": false, ""use_diamond_legalizer"": 1, ""disable_window_extension"": false}",VALID,3884748.2,3884748.2,0.0,0.0,0.0,False
45,39,9,zero-riscy-a-2-c20,7,"{""max_displacement"": 0, ""site_search_window"": 0, ""row_search_window"": 2, ""disallow_one_site_gaps"": false, ""use_diamond_legalizer"": 1, ""disable_window_extension"": false}","{""max_displacement"": 0, ""site_search_window"": 0, ""row_search_window"": 2, ""disallow_one_site_gaps"": false, ""use_diamond_legalizer"": 1, ""disable_window_extension"": false}",VALID,3884748.2,3884748.2,0.0,0.0,0.0,False
45,39,10,zero-riscy-a-2-c20,6,"{""max_displacement"": 0, ""site_search_window"": 0, ""row_search_window"": 2, ""disallow_one_site_gaps"": false, ""use_diamond_legalizer"": 1, ""disable_window_extension"": false}","{""max_displacement"": 0, ""site_search_window"": 0, ""row_search_window"": 2, ""disallow_one_site_gaps"": false, ""use_diamond_legalizer"": 1, ""disable_window_extension"": false}",VALID,3884748.2,3884748.2,0.0,0.0,0.0,True
45,40,1,zero-riscy-b-3-c2,6,"{""max_displacement"": 0, ""site_search_window"": 0, ""row_search_window"": 0, ""disallow_one_site_gaps"": 0, ""use_diamond_legalizer"": 1, ""disable_window_extension"": 0}","{""max_displacement"": 0, ""site_search_window"": 0, ""row_search_window"": 0, ""disallow_one_site_gaps"": 0, ""use_diamond_legalizer"": 1, ""disable_window_extension"": 0}",VALID,2341203.8,2341203.8,0.0,0.0,0.0,False
45,40,2,zero-riscy-b-3-c2,5,"{""max_displacement"": 0, ""site_search_window"": 0, ""row_search_window"": 0, ""disallow_one_site_gaps"": 0, ""use_diamond_legalizer"": 1, ""disable_window_extension"": 0}","{""max_displacement"": 10, ""site_search_window"": 10, ""row_search_window"": 0, ""disallow_one_site_gaps"": 0, ""use_diamond_legalizer"": 1, ""disable_window_extension"": 0}",VALID,2341203.8,2341203.8,0.0,0.0,0.0,False
45,40,3,zero-riscy-b-3-c2,5,"{""max_displacement"": 10, ""site_search_window"": 10, ""row_search_window"": 0, ""disallow_one_site_gaps"": 0, ""use_diamond_legalizer"": 1, ""disable_window_extension"": 0}","{""max_displacement"": 20, ""site_search_window"": 20, ""row_search_window"": 0, ""disallow_one_site_gaps"": 0, ""use_diamond_legalizer"": 1, ""disable_window_extension"": 0}",VALID,2341203.8,2341203.8,0.0,0.0,0.0,False
45,40,4,zero-riscy-b-3-c2,1,"{""max_displacement"": 20, ""site_search_window"": 20, ""row_search_window"": 0, ""disallow_one_site_gaps"": 0, ""use_diamond_legalizer"": 1, ""disable_window_extension"": 0}","{""max_displacement"": 30, ""site_search_window"": 30, ""row_search_window"": 2, ""disallow_one_site_gaps"": 0, ""use_diamond_legalizer"": 1, ""disable_window_extension"": 0}",VALID,2341203.8,2341203.8,0.0,0.0,0.0,False
45,40,5,zero-riscy-b-3-c2,4,"{""max_displacement"": 30, ""site_search_window"": 30, ""row_search_window"": 2, ""disallow_one_site_gaps"": 0, ""use_diamond_legalizer"": 1, ""disable_window_extension"": 0}","{""max_displacement"": 30, ""site_search_window"": 20, ""row_search_window"": 0, ""disallow_one_site_gaps"": 0, ""use_diamond_legalizer"": 1, ""disable_window_extension"": 0}",VALID,2341203.8,2341203.8,0.0,0.0,0.0,False
45,40,6,zero-riscy-b-3-c2,5,"{""max_displacement"": 30, ""site_search_window"": 20, ""row_search_window"": 0, ""disallow_one_site_gaps"": 0, ""use_diamond_legalizer"": 1, ""disable_window_extension"": 0}","{""max_displacement"": 40, ""site_search_window"": 30, ""row_search_window"": 0, ""disallow_one_site_gaps"": 0, ""use_diamond_legalizer"": 1, ""disable_window_extension"": 0}",VALID,2341203.8,2341203.8,0.0,0.0,0.0,False
45,40,7,zero-riscy-b-3-c2,7,"{""max_displacement"": 40, ""site_search_window"": 30, ""row_search_window"": 0, ""disallow_one_site_gaps"": 0, ""use_diamond_legalizer"": 1, ""disable_window_extension"": 0}","{""max_displacement"": 40, ""site_search_window"": 30, ""row_search_window"": 0, ""disallow_one_site_gaps"": 0, ""use_diamond_legalizer"": 1, ""disable_window_extension"": 0}",VALID,2341203.8,2341203.8,0.0,0.0,0.0,False
45,40,8,zero-riscy-b-3-c2,4,"{""max_displacement"": 40, ""site_search_window"": 30, ""row_search_window"": 0, ""disallow_one_site_gaps"": 0, ""use_diamond_legalizer"": 1, ""disable_window_extension"": 0}","{""max_displacement"": 40, ""site_search_window"": 20, ""row_search_window"": 0, ""disallow_one_site_gaps"": 0, ""use_diamond_legalizer"": 1, ""disable_window_extension"": 0}",VALID,2341203.8,2341203.8,0.0,0.0,0.0,False
45,40,9,zero-riscy-b-3-c2,0,"{""max_displacement"": 40, ""site_search_window"": 20, ""row_search_window"": 0, ""disallow_one_site_gaps"": 0, ""use_diamond_legalizer"": 1, ""disable_window_extension"": 0}","{""max_displacement"": 40, ""site_search_window"": 20, ""row_search_window"": 0, ""disallow_one_site_gaps"": true, ""use_diamond_legalizer"": 1, ""disable_window_extension"": true}",VALID,2341203.8,2341203.8,0.0,0.0,0.0,False
45,40,10,zero-riscy-b-3-c2,3,"{""max_displacement"": 40, ""site_search_window"": 20, ""row_search_window"": 0, ""disallow_one_site_gaps"": true, ""use_diamond_legalizer"": 1, ""disable_window_extension"": true}","{""max_displacement"": 40, ""site_search_window"": 30, ""row_search_window"": 2, ""disallow_one_site_gaps"": true, ""use_diamond_legalizer"": 1, ""disable_window_extension"": true}",VALID,2341203.8,2341203.8,0.0,0.0,0.0,True
45,41,1,RISCY-FPU-b-1-c20,5,"{""max_displacement"": 0, ""site_search_window"": 0, ""row_search_window"": 0, ""disallow_one_site_gaps"": 0, ""use_diamond_legalizer"": 1, ""disable_window_extension"": 0}","{""max_displacement"": 10, ""site_search_window"": 10, ""row_search_window"": 0, ""disallow_one_site_gaps"": 0, ""use_diamond_legalizer"": 1, ""disable_window_extension"": 0}",FAILED,3678521.9,3678521.9,0.0,-100.0,-1.0,False
45,41,2,RISCY-FPU-b-1-c20,6,"{""max_displacement"": 10, ""site_search_window"": 10, ""row_search_window"": 0, ""disallow_one_site_gaps"": 0, ""use_diamond_legalizer"": 1, ""disable_window_extension"": 0}","{""max_displacement"": 0, ""site_search_window"": 0, ""row_search_window"": 0, ""disallow_one_site_gaps"": 0, ""use_diamond_legalizer"": 1, ""disable_window_extension"": 0}",VALID,3678521.9,3678521.9,0.0,0.0,0.0,False
45,41,3,RISCY-FPU-b-1-c20,3,"{""max_displacement"": 0, ""site_search_window"": 0, ""row_search_window"": 0, ""disallow_one_site_gaps"": 0, ""use_diamond_legalizer"": 1, ""disable_window_extension"": 0}","{""max_displacement"": 0, ""site_search_window"": 10, ""row_search_window"": 2, ""disallow_one_site_gaps"": 0, ""use_diamond_legalizer"": 1, ""disable_window_extension"": 0}",VALID,3678521.9,3678521.9,0.0,0.0,0.0,False
45,41,4,RISCY-FPU-b-1-c20,0,"{""max_displacement"": 0, ""site_search_window"": 10, ""row_search_window"": 2, ""disallow_one_site_gaps"": 0, ""use_diamond_legalizer"": 1, ""disable_window_extension"": 0}","{""max_displacement"": 0, ""site_search_window"": 10, ""row_search_window"": 2, ""disallow_one_site_gaps"": true, ""use_diamond_legalizer"": 1, ""disable_window_extension"": true}",VALID,3678521.9,3678521.9,0.0,0.0,0.0,False
45,41,5,RISCY-FPU-b-1-c20,1,"{""max_displacement"": 0, ""site_search_window"": 10, ""row_search_window"": 2, ""disallow_one_site_gaps"": true, ""use_diamond_legalizer"": 1, ""disable_window_extension"": true}","{""max_displacement"": 10, ""site_search_window"": 20, ""row_search_window"": 4, ""disallow_one_site_gaps"": true, ""use_diamond_legalizer"": 1, ""disable_window_extension"": true}",FAILED,3678521.9,3678521.9,0.0,-100.0,-1.0,False
45,41,6,RISCY-FPU-b-1-c20,1,"{""max_displacement"": 10, ""site_search_window"": 20, ""row_search_window"": 4, ""disallow_one_site_gaps"": true, ""use_diamond_legalizer"": 1, ""disable_window_extension"": true}","{""max_displacement"": 20, ""site_search_window"": 30, ""row_search_window"": 6, ""disallow_one_site_gaps"": true, ""use_diamond_legalizer"": 1, ""disable_window_extension"": true}",VALID,3678521.9,3678521.9,0.0,0.0,0.0,False
45,41,7,RISCY-FPU-b-1-c20,7,"{""max_displacement"": 20, ""site_search_window"": 30, ""row_search_window"": 6, ""disallow_one_site_gaps"": true, ""use_diamond_legalizer"": 1, ""disable_window_extension"": true}","{""max_displacement"": 20, ""site_search_window"": 30, ""row_search_window"": 6, ""disallow_one_site_gaps"": true, ""use_diamond_legalizer"": 1, ""disable_window_extension"": true}",VALID,3678521.9,3678521.9,0.0,0.0,0.0,False
45,41,8,RISCY-FPU-b-1-c20,2,"{""max_displacement"": 20, ""site_search_window"": 30, ""row_search_window"": 6, ""disallow_one_site_gaps"": true, ""use_diamond_legalizer"": 1, ""disable_window_extension"": true}","{""max_displacement"": 10, ""site_search_window"": 20, ""row_search_window"": 4, ""disallow_one_site_gaps"": true, ""use_diamond_legalizer"": 1, ""disable_window_extension"": true}",FAILED,3678521.9,3678521.9,0.0,-100.0,-1.0,False
45,41,9,RISCY-FPU-b-1-c20,2,"{""max_displacement"": 10, ""site_search_window"": 20, ""row_search_window"": 4, ""disallow_one_site_gaps"": true, ""use_diamond_legalizer"": 1, ""disable_window_extension"": true}","{""max_displacement"": 0, ""site_search_window"": 10, ""row_search_window"": 2, ""disallow_one_site_gaps"": true, ""use_diamond_legalizer"": 1, ""disable_window_extension"": true}",VALID,3678521.9,3678521.9,0.0,0.0,0.0,False
45,41,10,RISCY-FPU-b-1-c20,7,"{""max_displacement"": 0, ""site_search_window"": 10, ""row_search_window"": 2, ""disallow_one_site_gaps"": true, ""use_diamond_legalizer"": 1, ""disable_window_extension"": true}","{""max_displacement"": 0, ""site_search_window"": 10, ""row_search_window"": 2, ""disallow_one_site_gaps"": true, ""use_diamond_legalizer"": 1, ""disable_window_extension"": true}",VALID,3678521.9,3678521.9,0.0,0.0,0.0,True
45,42,1,RISCY-FPU-b-1-c20,3,"{""max_displacement"": 0, ""site_search_window"": 0, ""row_search_window"": 0, ""disallow_one_site_gaps"": 0, ""use_diamond_legalizer"": 1, ""disable_window_extension"": 0}","{""max_displacement"": 0, ""site_search_window"": 10, ""row_search_window"": 2, ""disallow_one_site_gaps"": 0, ""use_diamond_legalizer"": 1, ""disable_window_extension"": 0}",VALID,3678521.9,3678521.9,0.0,0.0,0.0,False
45,42,2,RISCY-FPU-b-1-c20,1,"{""max_displacement"": 0, ""site_search_window"": 10, ""row_search_window"": 2, ""disallow_one_site_gaps"": 0, ""use_diamond_legalizer"": 1, ""disable_window_extension"": 0}","{""max_displacement"": 10, ""site_search_window"": 20, ""row_search_window"": 4, ""disallow_one_site_gaps"": 0, ""use_diamond_legalizer"": 1, ""disable_window_extension"": 0}",FAILED,3678521.9,3678521.9,0.0,-100.0,-1.0,False
45,42,3,RISCY-FPU-b-1-c20,3,"{""max_displacement"": 10, ""site_search_window"": 20, ""row_search_window"": 4, ""disallow_one_site_gaps"": 0, ""use_diamond_legalizer"": 1, ""disable_window_extension"": 0}","{""max_displacement"": 10, ""site_search_window"": 30, ""row_search_window"": 6, ""disallow_one_site_gaps"": 0, ""use_diamond_legalizer"": 1, ""disable_window_extension"": 0}",FAILED,3678521.9,3678521.9,0.0,-100.0,-1.0,False
45,42,4,RISCY-FPU-b-1-c20,1,"{""max_displacement"": 10, ""site_search_window"": 30, ""row_search_window"": 6, ""disallow_one_site_gaps"": 0, ""use_diamond_legalizer"": 1, ""disable_window_extension"": 0}","{""max_displacement"": 20, ""site_search_window"": 40, ""row_search_window"": 8, ""disallow_one_site_gaps"": 0, ""use_diamond_legalizer"": 1, ""disable_window_extension"": 0}",VALID,3678521.9,3678521.9,0.0,0.0,0.0,False
45,42,5,RISCY-FPU-b-1-c20,2,"{""max_displacement"": 20, ""site_search_window"": 40, ""row_search_window"": 8, ""disallow_one_site_gaps"": 0, ""use_diamond_legalizer"": 1, ""disable_window_extension"": 0}","{""max_displacement"": 10, ""site_search_window"": 30, ""row_search_window"": 6, ""disallow_one_site_gaps"": 0, ""use_diamond_legalizer"": 1, ""disable_window_extension"": 0}",FAILED,3678521.9,3678521.9,0.0,-100.0,-1.0,False
45,42,6,RISCY-FPU-b-1-c20,7,"{""max_displacement"": 10, ""site_search_window"": 30, ""row_search_window"": 6, ""disallow_one_site_gaps"": 0, ""use_diamond_legalizer"": 1, ""disable_window_extension"": 0}","{""max_displacement"": 10, ""site_search_window"": 30, ""row_search_window"": 6, ""disallow_one_site_gaps"": 0, ""use_diamond_legalizer"": 1, ""disable_window_extension"": 0}",FAILED,3678521.9,3678521.9,0.0,-100.0,-1.0,False
45,42,7,RISCY-FPU-b-1-c20,2,"{""max_displacement"": 10, ""site_search_window"": 30, ""row_search_window"": 6, ""disallow_one_site_gaps"": 0, ""use_diamond_legalizer"": 1, ""disable_window_extension"": 0}","{""max_displacement"": 0, ""site_search_window"": 20, ""row_search_window"": 4, ""disallow_one_site_gaps"": 0, ""use_diamond_legalizer"": 1, ""disable_window_extension"": 0}",VALID,3678521.9,3678521.9,0.0,0.0,0.0,False
45,42,8,RISCY-FPU-b-1-c20,5,"{""max_displacement"": 0, ""site_search_window"": 20, ""row_search_window"": 4, ""disallow_one_site_gaps"": 0, ""use_diamond_legalizer"": 1, ""disable_window_extension"": 0}","{""max_displacement"": 10, ""site_search_window"": 30, ""row_search_window"": 4, ""disallow_one_site_gaps"": 0, ""use_diamond_legalizer"": 1, ""disable_window_extension"": 0}",FAILED,3678521.9,3678521.9,0.0,-100.0,-1.0,False
45,42,9,RISCY-FPU-b-1-c20,5,"{""max_displacement"": 10, ""site_search_window"": 30, ""row_search_window"": 4, ""disallow_one_site_gaps"": 0, ""use_diamond_legalizer"": 1, ""disable_window_extension"": 0}","{""max_displacement"": 20, ""site_search_window"": 40, ""row_search_window"": 4, ""disallow_one_site_gaps"": 0, ""use_diamond_legalizer"": 1, ""disable_window_extension"": 0}",VALID,3678521.9,3678521.9,0.0,0.0,0.0,False
45,42,10,RISCY-FPU-b-1-c20,6,"{""max_displacement"": 20, ""site_search_window"": 40, ""row_search_window"": 4, ""disallow_one_site_gaps"": 0, ""use_diamond_legalizer"": 1, ""disable_window_extension"": 0}","{""max_displacement"": 10, ""site_search_window"": 30, ""row_search_window"": 4, ""disallow_one_site_gaps"": 0, ""use_diamond_legalizer"": 1, ""disable_window_extension"": 0}",FAILED,3678521.9,3678521.9,0.0,-100.0,-1.0,True
45,43,1,RISCY-a-2-c20,5,"{""max_displacement"": 0, ""site_search_window"": 0, ""row_search_window"": 0, ""disallow_one_site_gaps"": 0, ""use_diamond_legalizer"": 1, ""disable_window_extension"": 0}","{""max_displacement"": 10, ""site_search_window"": 10, ""row_search_window"": 0, ""disallow_one_site_gaps"": 0, ""use_diamond_legalizer"": 1, ""disable_window_extension"": 0}",FAILED,5798309.8,5798309.8,0.0,-100.0,-1.0,False
45,43,2,RISCY-a-2-c20,1,"{""max_displacement"": 10, ""site_search_window"": 10, ""row_search_window"": 0, ""disallow_one_site_gaps"": 0, ""use_diamond_legalizer"": 1, ""disable_window_extension"": 0}","{""max_displacement"": 20, ""site_search_window"": 20, ""row_search_window"": 2, ""disallow_one_site_gaps"": 0, ""use_diamond_legalizer"": 1, ""disable_window_extension"": 0}",VALID,5798309.8,5798309.8,0.0,0.0,0.0,False
45,43,3,RISCY-a-2-c20,6,"{""max_displacement"": 20, ""site_search_window"": 20, ""row_search_window"": 2, ""disallow_one_site_gaps"": 0, ""use_diamond_legalizer"": 1, ""disable_window_extension"": 0}","{""max_displacement"": 10, ""site_search_window"": 10, ""row_search_window"": 2, ""disallow_one_site_gaps"": 0, ""use_diamond_legalizer"": 1, ""disable_window_extension"": 0}",FAILED,5798309.8,5798309.8,0.0,-100.0,-1.0,False
45,43,4,RISCY-a-2-c20,3,"{""max_displacement"": 10, ""site_search_window"": 10, ""row_search_window"": 2, ""disallow_one_site_gaps"": 0, ""use_diamond_legalizer"": 1, ""disable_window_extension"": 0}","{""max_displacement"": 10, ""site_search_window"": 20, ""row_search_window"": 4, ""disallow_one_site_gaps"": 0, ""use_diamond_legalizer"": 1, ""disable_window_extension"": 0}",FAILED,5798309.8,5798309.8,0.0,-100.0,-1.0,False
45,43,5,RISCY-a-2-c20,6,"{""max_displacement"": 10, ""site_search_window"": 20, ""row_search_window"": 4, ""disallow_one_site_gaps"": 0, ""use_diamond_legalizer"": 1, ""disable_window_extension"": 0}","{""max_displacement"": 0, ""site_search_window"": 10, ""row_search_window"": 4, ""disallow_one_site_gaps"": 0, ""use_diamond_legalizer"": 1, ""disable_window_extension"": 0}",VALID,5798309.8,5798309.8,0.0,0.0,0.0,False
45,43,6,RISCY-a-2-c20,1,"{""max_displacement"": 0, ""site_search_window"": 10, ""row_search_window"": 4, ""disallow_one_site_gaps"": 0, ""use_diamond_legalizer"": 1, ""disable_window_extension"": 0}","{""max_displacement"": 10, ""site_search_window"": 20, ""row_search_window"": 6, ""disallow_one_site_gaps"": 0, ""use_diamond_legalizer"": 1, ""disable_window_extension"": 0}",FAILED,5798309.8,5798309.8,0.0,-100.0,-1.0,False
45,43,7,RISCY-a-2-c20,0,"{""max_displacement"": 10, ""site_search_window"": 20, ""row_search_window"": 6, ""disallow_one_site_gaps"": 0, ""use_diamond_legalizer"": 1, ""disable_window_extension"": 0}","{""max_displacement"": 10, ""site_search_window"": 20, ""row_search_window"": 6, ""disallow_one_site_gaps"": true, ""use_diamond_legalizer"": 1, ""disable_window_extension"": true}",FAILED,5798309.8,5798309.8,0.0,-100.0,-1.0,False
45,43,8,RISCY-a-2-c20,4,"{""max_displacement"": 10, ""site_search_window"": 20, ""row_search_window"": 6, ""disallow_one_site_gaps"": true, ""use_diamond_legalizer"": 1, ""disable_window_extension"": true}","{""max_displacement"": 10, ""site_search_window"": 10, ""row_search_window"": 4, ""disallow_one_site_gaps"": true, ""use_diamond_legalizer"": 1, ""disable_window_extension"": true}",FAILED,5798309.8,5798309.8,0.0,-100.0,-1.0,False
45,43,9,RISCY-a-2-c20,0,"{""max_displacement"": 10, ""site_search_window"": 10, ""row_search_window"": 4, ""disallow_one_site_gaps"": true, ""use_diamond_legalizer"": 1, ""disable_window_extension"": true}","{""max_displacement"": 10, ""site_search_window"": 10, ""row_search_window"": 4, ""disallow_one_site_gaps"": false, ""use_diamond_legalizer"": 1, ""disable_window_extension"": false}",FAILED,5798309.8,5798309.8,0.0,-100.0,-1.0,False
45,43,10,RISCY-a-2-c20,5,"{""max_displacement"": 10, ""site_search_window"": 10, ""row_search_window"": 4, ""disallow_one_site_gaps"": false, ""use_diamond_legalizer"": 1, ""disable_window_extension"": false}","{""max_displacement"": 20, ""site_search_window"": 20, ""row_search_window"": 4, ""disallow_one_site_gaps"": false, ""use_diamond_legalizer"": 1, ""disable_window_extension"": false}",VALID,5798309.8,5798309.8,0.0,0.0,0.0,True
45,44,1,zero-riscy-b-1-c5,5,"{""max_displacement"": 0, ""site_search_window"": 0, ""row_search_window"": 0, ""disallow_one_site_gaps"": 0, ""use_diamond_legalizer"": 1, ""disable_window_extension"": 0}","{""max_displacement"": 10, ""site_search_window"": 10, ""row_search_window"": 0, ""disallow_one_site_gaps"": 0, ""use_diamond_legalizer"": 1, ""disable_window_extension"": 0}",FAILED,2082484.8,2082484.8,0.0,-100.0,-1.0,False
45,44,2,zero-riscy-b-1-c5,3,"{""max_displacement"": 10, ""site_search_window"": 10, ""row_search_window"": 0, ""disallow_one_site_gaps"": 0, ""use_diamond_legalizer"": 1, ""disable_window_extension"": 0}","{""max_displacement"": 10, ""site_search_window"": 20, ""row_search_window"": 2, ""disallow_one_site_gaps"": 0, ""use_diamond_legalizer"": 1, ""disable_window_extension"": 0}",FAILED,2082484.8,2082484.8,0.0,-100.0,-1.0,False
45,44,3,zero-riscy-b-1-c5,2,"{""max_displacement"": 10, ""site_search_window"": 20, ""row_search_window"": 2, ""disallow_one_site_gaps"": 0, ""use_diamond_legalizer"": 1, ""disable_window_extension"": 0}","{""max_displacement"": 0, ""site_search_window"": 10, ""row_search_window"": 0, ""disallow_one_site_gaps"": 0, ""use_diamond_legalizer"": 1, ""disable_window_extension"": 0}",VALID,2082484.8,2082484.8,0.0,0.0,0.0,False
45,44,4,zero-riscy-b-1-c5,3,"{""max_displacement"": 0, ""site_search_window"": 10, ""row_search_window"": 0, ""disallow_one_site_gaps"": 0, ""use_diamond_legalizer"": 1, ""disable_window_extension"": 0}","{""max_displacement"": 0, ""site_search_window"": 20, ""row_search_window"": 2, ""disallow_one_site_gaps"": 0, ""use_diamond_legalizer"": 1, ""disable_window_extension"": 0}",VALID,2082484.8,2082484.8,0.0,0.0,0.0,False
45,44,5,zero-riscy-b-1-c5,2,"{""max_displacement"": 0, ""site_search_window"": 20, ""row_search_window"": 2, ""disallow_one_site_gaps"": 0, ""use_diamond_legalizer"": 1, ""disable_window_extension"": 0}","{""max_displacement"": 0, ""site_search_window"": 10, ""row_search_window"": 0, ""disallow_one_site_gaps"": 0, ""use_diamond_legalizer"": 1, ""disable_window_extension"": 0}",VALID,2082484.8,2082484.8,0.0,0.0,0.0,False
45,44,6,zero-riscy-b-1-c5,4,"{""max_displacement"": 0, ""site_search_window"": 10, ""row_search_window"": 0, ""disallow_one_site_gaps"": 0, ""use_diamond_legalizer"": 1, ""disable_window_extension"": 0}","{""max_displacement"": 0, ""site_search_window"": 0, ""row_search_window"": 0, ""disallow_one_site_gaps"": 0, ""use_diamond_legalizer"": 1, ""disable_window_extension"": 0}",VALID,2082484.8,2082484.8,0.0,0.0,0.0,False
45,44,7,zero-riscy-b-1-c5,7,"{""max_displacement"": 0, ""site_search_window"": 0, ""row_search_window"": 0, ""disallow_one_site_gaps"": 0, ""use_diamond_legalizer"": 1, ""disable_window_extension"": 0}","{""max_displacement"": 0, ""site_search_window"": 0, ""row_search_window"": 0, ""disallow_one_site_gaps"": 0, ""use_diamond_legalizer"": 1, ""disable_window_extension"": 0}",VALID,2082484.8,2082484.8,0.0,0.0,0.0,False
45,44,8,zero-riscy-b-1-c5,0,"{""max_displacement"": 0, ""site_search_window"": 0, ""row_search_window"": 0, ""disallow_one_site_gaps"": 0, ""use_diamond_legalizer"": 1, ""disable_window_extension"": 0}","{""max_displacement"": 0, ""site_search_window"": 0, ""row_search_window"": 0, ""disallow_one_site_gaps"": true, ""use_diamond_legalizer"": 1, ""disable_window_extension"": true}",VALID,2082484.8,2082484.8,0.0,0.0,0.0,False
45,44,9,zero-riscy-b-1-c5,7,"{""max_displacement"": 0, ""site_search_window"": 0, ""row_search_window"": 0, ""disallow_one_site_gaps"": true, ""use_diamond_legalizer"": 1, ""disable_window_extension"": true}","{""max_displacement"": 0, ""site_search_window"": 0, ""row_search_window"": 0, ""disallow_one_site_gaps"": true, ""use_diamond_legalizer"": 1, ""disable_window_extension"": true}",VALID,2082484.8,2082484.8,0.0,0.0,0.0,False
45,44,10,zero-riscy-b-1-c5,7,"{""max_displacement"": 0, ""site_search_window"": 0, ""row_search_window"": 0, ""disallow_one_site_gaps"": true, ""use_diamond_legalizer"": 1, ""disable_window_extension"": true}","{""max_displacement"": 0, ""site_search_window"": 0, ""row_search_window"": 0, ""disallow_one_site_gaps"": true, ""use_diamond_legalizer"": 1, ""disable_window_extension"": true}",VALID,2082484.8,2082484.8,0.0,0.0,0.0,True
45,45,1,zero-riscy-a-3-c2,6,"{""max_displacement"": 0, ""site_search_window"": 0, ""row_search_window"": 0, ""disallow_one_site_gaps"": 0, ""use_diamond_legalizer"": 1, ""disable_window_extension"": 0}","{""max_displacement"": 0, ""site_search_window"": 0, ""row_search_window"": 0, ""disallow_one_site_gaps"": 0, ""use_diamond_legalizer"": 1, ""disable_window_extension"": 0}",VALID,4400147.4,4400147.4,0.0,0.0,0.0,False
45,45,2,zero-riscy-a-3-c2,1,"{""max_displacement"": 0, ""site_search_window"": 0, ""row_search_window"": 0, ""disallow_one_site_gaps"": 0, ""use_diamond_legalizer"": 1, ""disable_window_extension"": 0}","{""max_displacement"": 10, ""site_search_window"": 10, ""row_search_window"": 2, ""disallow_one_site_gaps"": 0, ""use_diamond_legalizer"": 1, ""disable_window_extension"": 0}",VALID,4400147.4,4400152.7,-5.2999999998137355,-9.999999999999999e-05,-1.2045051035821516e-06,False
45,45,3,zero-riscy-a-3-c2,5,"{""max_displacement"": 10, ""site_search_window"": 10, ""row_search_window"": 2, ""disallow_one_site_gaps"": 0, ""use_diamond_legalizer"": 1, ""disable_window_extension"": 0}","{""max_displacement"": 20, ""site_search_window"": 20, ""row_search_window"": 2, ""disallow_one_site_gaps"": 0, ""use_diamond_legalizer"": 1, ""disable_window_extension"": 0}",VALID,4400147.4,4400147.4,5.2999999998137355,9.999999999999999e-05,1.2045036527513546e-06,False
45,45,4,zero-riscy-a-3-c2,6,"{""max_displacement"": 20, ""site_search_window"": 20, ""row_search_window"": 2, ""disallow_one_site_gaps"": 0, ""use_diamond_legalizer"": 1, ""disable_window_extension"": 0}","{""max_displacement"": 10, ""site_search_window"": 10, ""row_search_window"": 2, ""disallow_one_site_gaps"": 0, ""use_diamond_legalizer"": 1, ""disable_window_extension"": 0}",VALID,4400147.4,4400152.7,-5.2999999998137355,-9.999999999999999e-05,-1.2045051035821516e-06,False
45,45,5,zero-riscy-a-3-c2,3,"{""max_displacement"": 10, ""site_search_window"": 10, ""row_search_window"": 2, ""disallow_one_site_gaps"": 0, ""use_diamond_legalizer"": 1, ""disable_window_extension"": 0}","{""max_displacement"": 10, ""site_search_window"": 20, ""row_search_window"": 4, ""disallow_one_site_gaps"": 0, ""use_diamond_legalizer"": 1, ""disable_window_extension"": 0}",VALID,4400147.4,4400152.7,0.0,0.0,0.0,False
45,45,6,zero-riscy-a-3-c2,0,"{""max_displacement"": 10, ""site_search_window"": 20, ""row_search_window"": 4, ""disallow_one_site_gaps"": 0, ""use_diamond_legalizer"": 1, ""disable_window_extension"": 0}","{""max_displacement"": 10, ""site_search_window"": 20, ""row_search_window"": 4, ""disallow_one_site_gaps"": true, ""use_diamond_legalizer"": 1, ""disable_window_extension"": true}",VALID,4400147.4,4400152.7,0.0,0.0,0.0,False
45,45,7,zero-riscy-a-3-c2,3,"{""max_displacement"": 10, ""site_search_window"": 20, ""row_search_window"": 4, ""disallow_one_site_gaps"": true, ""use_diamond_legalizer"": 1, ""disable_window_extension"": true}","{""max_displacement"": 10, ""site_search_window"": 30, ""row_search_window"": 6, ""disallow_one_site_gaps"": true, ""use_diamond_legalizer"": 1, ""disable_window_extension"": true}",VALID,4400147.4,4400152.7,0.0,0.0,0.0,False
45,45,8,zero-riscy-a-3-c2,1,"{""max_displacement"": 10, ""site_search_window"": 30, ""row_search_window"": 6, ""disallow_one_site_gaps"": true, ""use_diamond_legalizer"": 1, ""disable_window_extension"": true}","{""max_displacement"": 20, ""site_search_window"": 40, ""row_search_window"": 8, ""disallow_one_site_gaps"": true, ""use_diamond_legalizer"": 1, ""disable_window_extension"": true}",VALID,4400147.4,4400147.4,5.2999999998137355,9.999999999999999e-05,1.2045036527513546e-06,False
45,45,9,zero-riscy-a-3-c2,2,"{""max_displacement"": 20, ""site_search_window"": 40, ""row_search_window"": 8, ""disallow_one_site_gaps"": true, ""use_diamond_legalizer"": 1, ""disable_window_extension"": true}","{""max_displacement"": 10, ""site_search_window"": 30, ""row_search_window"": 6, ""disallow_one_site_gaps"": true, ""use_diamond_legalizer"": 1, ""disable_window_extension"": true}",VALID,4400147.4,4400152.7,-5.2999999998137355,-9.999999999999999e-05,-1.2045051035821516e-06,False
45,45,10,zero-riscy-a-3-c2,2,"{""max_displacement"": 10, ""site_search_window"": 30, ""row_search_window"": 6, ""disallow_one_site_gaps"": true, ""use_diamond_legalizer"": 1, ""disable_window_extension"": true}","{""max_displacement"": 0, ""site_search_window"": 20, ""row_search_window"": 4, ""disallow_one_site_gaps"": true, ""use_diamond_legalizer"": 1, ""disable_window_extension"": true}",VALID,4400147.4,4400147.4,5.2999999998137355,9.999999999999999e-05,1.2045036527513546e-06,True
45,46,1,RISCY-FPU-a-1-c20,6,"{""max_displacement"": 0, ""site_search_window"": 0, ""row_search_window"": 0, ""disallow_one_site_gaps"": 0, ""use_diamond_legalizer"": 1, ""disable_window_extension"": 0}","{""max_displacement"": 0, ""site_search_window"": 0, ""row_search_window"": 0, ""disallow_one_site_gaps"": 0, ""use_diamond_legalizer"": 1, ""disable_window_extension"": 0}",VALID,5621676.5,5621676.5,0.0,0.0,0.0,False
45,46,2,RISCY-FPU-a-1-c20,1,"{""max_displacement"": 0, ""site_search_window"": 0, ""row_search_window"": 0, ""disallow_one_site_gaps"": 0, ""use_diamond_legalizer"": 1, ""disable_window_extension"": 0}","{""max_displacement"": 10, ""site_search_window"": 10, ""row_search_window"": 2, ""disallow_one_site_gaps"": 0, ""use_diamond_legalizer"": 1, ""disable_window_extension"": 0}",FAILED,5621676.5,5621676.5,0.0,-100.0,-1.0,False
45,46,3,RISCY-FPU-a-1-c20,0,"{""max_displacement"": 10, ""site_search_window"": 10, ""row_search_window"": 2, ""disallow_one_site_gaps"": 0, ""use_diamond_legalizer"": 1, ""disable_window_extension"": 0}","{""max_displacement"": 10, ""site_search_window"": 10, ""row_search_window"": 2, ""disallow_one_site_gaps"": true, ""use_diamond_legalizer"": 1, ""disable_window_extension"": true}",FAILED,5621676.5,5621676.5,0.0,-100.0,-1.0,False
45,46,4,RISCY-FPU-a-1-c20,1,"{""max_displacement"": 10, ""site_search_window"": 10, ""row_search_window"": 2, ""disallow_one_site_gaps"": true, ""use_diamond_legalizer"": 1, ""disable_window_extension"": true}","{""max_displacement"": 20, ""site_search_window"": 20, ""row_search_window"": 4, ""disallow_one_site_gaps"": true, ""use_diamond_legalizer"": 1, ""disable_window_extension"": true}",VALID,5621676.5,5621676.5,0.0,0.0,0.0,False
45,46,5,RISCY-FPU-a-1-c20,7,"{""max_displacement"": 20, ""site_search_window"": 20, ""row_search_window"": 4, ""disallow_one_site_gaps"": true, ""use_diamond_legalizer"": 1, ""disable_window_extension"": true}","{""max_displacement"": 20, ""site_search_window"": 20, ""row_search_window"": 4, ""disallow_one_site_gaps"": true, ""use_diamond_legalizer"": 1, ""disable_window_extension"": true}",VALID,5621676.5,5621676.5,0.0,0.0,0.0,False
45,46,6,RISCY-FPU-a-1-c20,7,"{""max_displacement"": 20, ""site_search_window"": 20, ""row_search_window"": 4, ""disallow_one_site_gaps"": true, ""use_diamond_legalizer"": 1, ""disable_window_extension"": true}","{""max_displacement"": 20, ""site_search_window"": 20, ""row_search_window"": 4, ""disallow_one_site_gaps"": true, ""use_diamond_legalizer"": 1, ""disable_window_extension"": true}",VALID,5621676.5,5621676.5,0.0,0.0,0.0,False
45,46,7,RISCY-FPU-a-1-c20,3,"{""max_displacement"": 20, ""site_search_window"": 20, ""row_search_window"": 4, ""disallow_one_site_gaps"": true, ""use_diamond_legalizer"": 1, ""disable_window_extension"": true}","{""max_displacement"": 20, ""site_search_window"": 30, ""row_search_window"": 6, ""disallow_one_site_gaps"": true, ""use_diamond_legalizer"": 1, ""disable_window_extension"": true}",VALID,5621676.5,5621676.5,0.0,0.0,0.0,False
45,46,8,RISCY-FPU-a-1-c20,3,"{""max_displacement"": 20, ""site_search_window"": 30, ""row_search_window"": 6, ""disallow_one_site_gaps"": true, ""use_diamond_legalizer"": 1, ""disable_window_extension"": true}","{""max_displacement"": 20, ""site_search_window"": 40, ""row_search_window"": 8, ""disallow_one_site_gaps"": true, ""use_diamond_legalizer"": 1, ""disable_window_extension"": true}",VALID,5621676.5,5621676.5,0.0,0.0,0.0,False
45,46,9,RISCY-FPU-a-1-c20,5,"{""max_displacement"": 20, ""site_search_window"": 40, ""row_search_window"": 8, ""disallow_one_site_gaps"": true, ""use_diamond_legalizer"": 1, ""disable_window_extension"": true}","{""max_displacement"": 30, ""site_search_window"": 50, ""row_search_window"": 8, ""disallow_one_site_gaps"": true, ""use_diamond_legalizer"": 1, ""disable_window_extension"": true}",VALID,5621676.5,5621676.5,0.0,0.0,0.0,False
45,46,10,RISCY-FPU-a-1-c20,7,"{""max_displacement"": 30, ""site_search_window"": 50, ""row_search_window"": 8, ""disallow_one_site_gaps"": true, ""use_diamond_legalizer"": 1, ""disable_window_extension"": true}","{""max_displacement"": 30, ""site_search_window"": 50, ""row_search_window"": 8, ""disallow_one_site_gaps"": true, ""use_diamond_legalizer"": 1, ""disable_window_extension"": true}",VALID,5621676.5,5621676.5,0.0,0.0,0.0,True
45,47,1,RISCY-FPU-a-2-c2,6,"{""max_displacement"": 0, ""site_search_window"": 0, ""row_search_window"": 0, ""disallow_one_site_gaps"": 0, ""use_diamond_legalizer"": 1, ""disable_window_extension"": 0}","{""max_displacement"": 0, ""site_search_window"": 0, ""row_search_window"": 0, ""disallow_one_site_gaps"": 0, ""use_diamond_legalizer"": 1, ""disable_window_extension"": 0}",VALID,10810430.6,10810430.6,0.0,0.0,0.0,False
45,47,2,RISCY-FPU-a-2-c2,3,"{""max_displacement"": 0, ""site_search_window"": 0, ""row_search_window"": 0, ""disallow_one_site_gaps"": 0, ""use_diamond_legalizer"": 1, ""disable_window_extension"": 0}","{""max_displacement"": 0, ""site_search_window"": 10, ""row_search_window"": 2, ""disallow_one_site_gaps"": 0, ""use_diamond_legalizer"": 1, ""disable_window_extension"": 0}",VALID,10810430.6,10810430.6,0.0,0.0,0.0,False
45,47,3,RISCY-FPU-a-2-c2,7,"{""max_displacement"": 0, ""site_search_window"": 10, ""row_search_window"": 2, ""disallow_one_site_gaps"": 0, ""use_diamond_legalizer"": 1, ""disable_window_extension"": 0}","{""max_displacement"": 0, ""site_search_window"": 10, ""row_search_window"": 2, ""disallow_one_site_gaps"": 0, ""use_diamond_legalizer"": 1, ""disable_window_extension"": 0}",VALID,10810430.6,10810430.6,0.0,0.0,0.0,False
45,47,4,RISCY-FPU-a-2-c2,4,"{""max_displacement"": 0, ""site_search_window"": 10, ""row_search_window"": 2, ""disallow_one_site_gaps"": 0, ""use_diamond_legalizer"": 1, ""disable_window_extension"": 0}","{""max_displacement"": 0, ""site_search_window"": 0, ""row_search_window"": 0, ""disallow_one_site_gaps"": 0, ""use_diamond_legalizer"": 1, ""disable_window_extension"": 0}",VALID,10810430.6,10810430.6,0.0,0.0,0.0,False
45,47,5,RISCY-FPU-a-2-c2,6,"{""max_displacement"": 0, ""site_search_window"": 0, ""row_search_window"": 0, ""disallow_one_site_gaps"": 0, ""use_diamond_legalizer"": 1, ""disable_window_extension"": 0}","{""max_displacement"": 0, ""site_search_window"": 0, ""row_search_window"": 0, ""disallow_one_site_gaps"": 0, ""use_diamond_legalizer"": 1, ""disable_window_extension"": 0}",VALID,10810430.6,10810430.6,0.0,0.0,0.0,False
45,47,6,RISCY-FPU-a-2-c2,3,"{""max_displacement"": 0, ""site_search_window"": 0, ""row_search_window"": 0, ""disallow_one_site_gaps"": 0, ""use_diamond_legalizer"": 1, ""disable_window_extension"": 0}","{""max_displacement"": 0, ""site_search_window"": 10, ""row_search_window"": 2, ""disallow_one_site_gaps"": 0, ""use_diamond_legalizer"": 1, ""disable_window_extension"": 0}",VALID,10810430.6,10810430.6,0.0,0.0,0.0,False
45,47,7,RISCY-FPU-a-2-c2,0,"{""max_displacement"": 0, ""site_search_window"": 10, ""row_search_window"": 2, ""disallow_one_site_gaps"": 0, ""use_diamond_legalizer"": 1, ""disable_window_extension"": 0}","{""max_displacement"": 0, ""site_search_window"": 10, ""row_search_window"": 2, ""disallow_one_site_gaps"": true, ""use_diamond_legalizer"": 1, ""disable_window_extension"": true}",VALID,10810430.6,10810430.6,0.0,0.0,0.0,False
45,47,8,RISCY-FPU-a-2-c2,2,"{""max_displacement"": 0, ""site_search_window"": 10, ""row_search_window"": 2, ""disallow_one_site_gaps"": true, ""use_diamond_legalizer"": 1, ""disable_window_extension"": true}","{""max_displacement"": 0, ""site_search_window"": 0, ""row_search_window"": 0, ""disallow_one_site_gaps"": true, ""use_diamond_legalizer"": 1, ""disable_window_extension"": true}",VALID,10810430.6,10810430.6,0.0,0.0,0.0,False
45,47,9,RISCY-FPU-a-2-c2,4,"{""max_displacement"": 0, ""site_search_window"": 0, ""row_search_window"": 0, ""disallow_one_site_gaps"": true, ""use_diamond_legalizer"": 1, ""disable_window_extension"": true}","{""max_displacement"": 0, ""site_search_window"": 0, ""row_search_window"": 0, ""disallow_one_site_gaps"": true, ""use_diamond_legalizer"": 1, ""disable_window_extension"": true}",VALID,10810430.6,10810430.6,0.0,0.0,0.0,False
45,47,10,RISCY-FPU-a-2-c2,6,"{""max_displacement"": 0, ""site_search_window"": 0, ""row_search_window"": 0, ""disallow_one_site_gaps"": true, ""use_diamond_legalizer"": 1, ""disable_window_extension"": true}","{""max_displacement"": 0, ""site_search_window"": 0, ""row_search_window"": 0, ""disallow_one_site_gaps"": true, ""use_diamond_legalizer"": 1, ""disable_window_extension"": true}",VALID,10810430.6,10810430.6,0.0,0.0,0.0,True
45,48,1,zero-riscy-a-2-c2,7,"{""max_displacement"": 0, ""site_search_window"": 0, ""row_search_window"": 0, ""disallow_one_site_gaps"": 0, ""use_diamond_legalizer"": 1, ""disable_window_extension"": 0}","{""max_displacement"": 0, ""site_search_window"": 0, ""row_search_window"": 0, ""disallow_one_site_gaps"": 0, ""use_diamond_legalizer"": 1, ""disable_window_extension"": 0}",VALID,4315225.9,4315225.9,0.0,0.0,0.0,False
45,48,2,zero-riscy-a-2-c2,3,"{""max_displacement"": 0, ""site_search_window"": 0, ""row_search_window"": 0, ""disallow_one_site_gaps"": 0, ""use_diamond_legalizer"": 1, ""disable_window_extension"": 0}","{""max_displacement"": 0, ""site_search_window"": 10, ""row_search_window"": 2, ""disallow_one_site_gaps"": 0, ""use_diamond_legalizer"": 1, ""disable_window_extension"": 0}",VALID,4315225.9,4315225.9,0.0,0.0,0.0,False
45,48,3,zero-riscy-a-2-c2,5,"{""max_displacement"": 0, ""site_search_window"": 10, ""row_search_window"": 2, ""disallow_one_site_gaps"": 0, ""use_diamond_legalizer"": 1, ""disable_window_extension"": 0}","{""max_displacement"": 10, ""site_search_window"": 20, ""row_search_window"": 2, ""disallow_one_site_gaps"": 0, ""use_diamond_legalizer"": 1, ""disable_window_extension"": 0}",FAILED,4315225.9,4315225.9,0.0,-100.0,-1.0,False
45,48,4,zero-riscy-a-2-c2,6,"{""max_displacement"": 10, ""site_search_window"": 20, ""row_search_window"": 2, ""disallow_one_site_gaps"": 0, ""use_diamond_legalizer"": 1, ""disable_window_extension"": 0}","{""max_displacement"": 0, ""site_search_window"": 10, ""row_search_window"": 2, ""disallow_one_site_gaps"": 0, ""use_diamond_legalizer"": 1, ""disable_window_extension"": 0}",VALID,4315225.9,4315225.9,0.0,0.0,0.0,False
45,48,5,zero-riscy-a-2-c2,1,"{""max_displacement"": 0, ""site_search_window"": 10, ""row_search_window"": 2, ""disallow_one_site_gaps"": 0, ""use_diamond_legalizer"": 1, ""disable_window_extension"": 0}","{""max_displacement"": 10, ""site_search_window"": 20, ""row_search_window"": 4, ""disallow_one_site_gaps"": 0, ""use_diamond_legalizer"": 1, ""disable_window_extension"": 0}",FAILED,4315225.9,4315225.9,0.0,-100.0,-1.0,False
45,48,6,zero-riscy-a-2-c2,4,"{""max_displacement"": 10, ""site_search_window"": 20, ""row_search_window"": 4, ""disallow_one_site_gaps"": 0, ""use_diamond_legalizer"": 1, ""disable_window_extension"": 0}","{""max_displacement"": 10, ""site_search_window"": 10, ""row_search_window"": 2, ""disallow_one_site_gaps"": 0, ""use_diamond_legalizer"": 1, ""disable_window_extension"": 0}",FAILED,4315225.9,4315225.9,0.0,-100.0,-1.0,False
45,48,7,zero-riscy-a-2-c2,6,"{""max_displacement"": 10, ""site_search_window"": 10, ""row_search_window"": 2, ""disallow_one_site_gaps"": 0, ""use_diamond_legalizer"": 1, ""disable_window_extension"": 0}","{""max_displacement"": 0, ""site_search_window"": 0, ""row_search_window"": 2, ""disallow_one_site_gaps"": 0, ""use_diamond_legalizer"": 1, ""disable_window_extension"": 0}",VALID,4315225.9,4315225.9,0.0,0.0,0.0,False
45,48,8,zero-riscy-a-2-c2,6,"{""max_displacement"": 0, ""site_search_window"": 0, ""row_search_window"": 2, ""disallow_one_site_gaps"": 0, ""use_diamond_legalizer"": 1, ""disable_window_extension"": 0}","{""max_displacement"": 0, ""site_search_window"": 0, ""row_search_window"": 2, ""disallow_one_site_gaps"": 0, ""use_diamond_legalizer"": 1, ""disable_window_extension"": 0}",VALID,4315225.9,4315225.9,0.0,0.0,0.0,False
45,48,9,zero-riscy-a-2-c2,4,"{""max_displacement"": 0, ""site_search_window"": 0, ""row_search_window"": 2, ""disallow_one_site_gaps"": 0, ""use_diamond_legalizer"": 1, ""disable_window_extension"": 0}","{""max_displacement"": 0, ""site_search_window"": 0, ""row_search_window"": 0, ""disallow_one_site_gaps"": 0, ""use_diamond_legalizer"": 1, ""disable_window_extension"": 0}",VALID,4315225.9,4315225.9,0.0,0.0,0.0,False
45,48,10,zero-riscy-a-2-c2,1,"{""max_displacement"": 0, ""site_search_window"": 0, ""row_search_window"": 0, ""disallow_one_site_gaps"": 0, ""use_diamond_legalizer"": 1, ""disable_window_extension"": 0}","{""max_displacement"": 10, ""site_search_window"": 10, ""row_search_window"": 2, ""disallow_one_site_gaps"": 0, ""use_diamond_legalizer"": 1, ""disable_window_extension"": 0}",FAILED,4315225.9,4315225.9,0.0,-100.0,-1.0,True
45,49,1,RISCY-a-3-c5,6,"{""max_displacement"": 0, ""site_search_window"": 0, ""row_search_window"": 0, ""disallow_one_site_gaps"": 0, ""use_diamond_legalizer"": 1, ""disable_window_extension"": 0}","{""max_displacement"": 0, ""site_search_window"": 0, ""row_search_window"": 0, ""disallow_one_site_gaps"": 0, ""use_diamond_legalizer"": 1, ""disable_window_extension"": 0}",VALID,5599044.1,5599044.1,0.0,0.0,0.0,False
45,49,2,RISCY-a-3-c5,3,"{""max_displacement"": 0, ""site_search_window"": 0, ""row_search_window"": 0, ""disallow_one_site_gaps"": 0, ""use_diamond_legalizer"": 1, ""disable_window_extension"": 0}","{""max_displacement"": 0, ""site_search_window"": 10, ""row_search_window"": 2, ""disallow_one_site_gaps"": 0, ""use_diamond_legalizer"": 1, ""disable_window_extension"": 0}",VALID,5599044.1,5599044.1,0.0,0.0,0.0,False
45,49,3,RISCY-a-3-c5,0,"{""max_displacement"": 0, ""site_search_window"": 10, ""row_search_window"": 2, ""disallow_one_site_gaps"": 0, ""use_diamond_legalizer"": 1, ""disable_window_extension"": 0}","{""max_displacement"": 0, ""site_search_window"": 10, ""row_search_window"": 2, ""disallow_one_site_gaps"": true, ""use_diamond_legalizer"": 1, ""disable_window_extension"": true}",VALID,5599044.1,5599044.1,0.0,0.0,0.0,False
45,49,4,RISCY-a-3-c5,6,"{""max_displacement"": 0, ""site_search_window"": 10, ""row_search_window"": 2, ""disallow_one_site_gaps"": true, ""use_diamond_legalizer"": 1, ""disable_window_extension"": true}","{""max_displacement"": 0, ""site_search_window"": 0, ""row_search_window"": 2, ""disallow_one_site_gaps"": true, ""use_diamond_legalizer"": 1, ""disable_window_extension"": true}",VALID,5599044.1,5599044.1,0.0,0.0,0.0,False
45,49,5,RISCY-a-3-c5,6,"{""max_displacement"": 0, ""site_search_window"": 0, ""row_search_window"": 2, ""disallow_one_site_gaps"": true, ""use_diamond_legalizer"": 1, ""disable_window_extension"": true}","{""max_displacement"": 0, ""site_search_window"": 0, ""row_search_window"": 2, ""disallow_one_site_gaps"": true, ""use_diamond_legalizer"": 1, ""disable_window_extension"": true}",VALID,5599044.1,5599044.1,0.0,0.0,0.0,False
45,49,6,RISCY-a-3-c5,4,"{""max_displacement"": 0, ""site_search_window"": 0, ""row_search_window"": 2, ""disallow_one_site_gaps"": true, ""use_diamond_legalizer"": 1, ""disable_window_extension"": true}","{""max_displacement"": 0, ""site_search_window"": 0, ""row_search_window"": 0, ""disallow_one_site_gaps"": true, ""use_diamond_legalizer"": 1, ""disable_window_extension"": true}",VALID,5599044.1,5599044.1,0.0,0.0,0.0,False
45,49,7,RISCY-a-3-c5,3,"{""max_displacement"": 0, ""site_search_window"": 0, ""row_search_window"": 0, ""disallow_one_site_gaps"": true, ""use_diamond_legalizer"": 1, ""disable_window_extension"": true}","{""max_displacement"": 0, ""site_search_window"": 10, ""row_search_window"": 2, ""disallow_one_site_gaps"": true, ""use_diamond_legalizer"": 1, ""disable_window_extension"": true}",VALID,5599044.1,5599044.1,0.0,0.0,0.0,False
45,49,8,RISCY-a-3-c5,7,"{""max_displacement"": 0, ""site_search_window"": 10, ""row_search_window"": 2, ""disallow_one_site_gaps"": true, ""use_diamond_legalizer"": 1, ""disable_window_extension"": true}","{""max_displacement"": 0, ""site_search_window"": 10, ""row_search_window"": 2, ""disallow_one_site_gaps"": true, ""use_diamond_legalizer"": 1, ""disable_window_extension"": true}",VALID,5599044.1,5599044.1,0.0,0.0,0.0,False
45,49,9,RISCY-a-3-c5,5,"{""max_displacement"": 0, ""site_search_window"": 10, ""row_search_window"": 2, ""disallow_one_site_gaps"": true, ""use_diamond_legalizer"": 1, ""disable_window_extension"": true}","{""max_displacement"": 10, ""site_search_window"": 20, ""row_search_window"": 2, ""disallow_one_site_gaps"": true, ""use_diamond_legalizer"": 1, ""disable_window_extension"": true}",FAILED,5599044.1,5599044.1,0.0,-100.0,-1.0,False
45,49,10,RISCY-a-3-c5,5,"{""max_displacement"": 10, ""site_search_window"": 20, ""row_search_window"": 2, ""disallow_one_site_gaps"": true, ""use_diamond_legalizer"": 1, ""disable_window_extension"": true}","{""max_displacement"": 20, ""site_search_window"": 30, ""row_search_window"": 2, ""disallow_one_site_gaps"": true, ""use_diamond_legalizer"": 1, ""disable_window_extension"": true}",VALID,5599044.1,5598956.4,87.69999999925494,0.0015999999999999999,1.566338796996704e-05,True
45,50,1,RISCY-FPU-b-2-c20,2,"{""max_displacement"": 0, ""site_search_window"": 0, ""row_search_window"": 0, ""disallow_one_site_gaps"": 0, ""use_diamond_legalizer"": 1, ""disable_window_extension"": 0}","{""max_displacement"": 0, ""site_search_window"": 0, ""row_search_window"": 0, ""disallow_one_site_gaps"": 0, ""use_diamond_legalizer"": 1, ""disable_window_extension"": 0}",VALID,4992984.1,4992984.1,0.0,0.0,0.0,False
45,50,2,RISCY-FPU-b-2-c20,5,"{""max_displacement"": 0, ""site_search_window"": 0, ""row_search_window"": 0, ""disallow_one_site_gaps"": 0, ""use_diamond_legalizer"": 1, ""disable_window_extension"": 0}","{""max_displacement"": 10, ""site_search_window"": 10, ""row_search_window"": 0, ""disallow_one_site_gaps"": 0, ""use_diamond_legalizer"": 1, ""disable_window_extension"": 0}",FAILED,4992984.1,4992984.1,0.0,-100.0,-1.0,False
45,50,3,RISCY-FPU-b-2-c20,1,"{""max_displacement"": 10, ""site_search_window"": 10, ""row_search_window"": 0, ""disallow_one_site_gaps"": 0, ""use_diamond_legalizer"": 1, ""disable_window_extension"": 0}","{""max_displacement"": 20, ""site_search_window"": 20, ""row_search_window"": 2, ""disallow_one_site_gaps"": 0, ""use_diamond_legalizer"": 1, ""disable_window_extension"": 0}",FAILED,4992984.1,4992984.1,0.0,-100.0,-1.0,False
45,50,4,RISCY-FPU-b-2-c20,1,"{""max_displacement"": 20, ""site_search_window"": 20, ""row_search_window"": 2, ""disallow_one_site_gaps"": 0, ""use_diamond_legalizer"": 1, ""disable_window_extension"": 0}","{""max_displacement"": 30, ""site_search_window"": 30, ""row_search_window"": 4, ""disallow_one_site_gaps"": 0, ""use_diamond_legalizer"": 1, ""disable_window_extension"": 0}",FAILED,4992984.1,4992984.1,0.0,-100.0,-1.0,False
45,50,5,RISCY-FPU-b-2-c20,3,"{""max_displacement"": 30, ""site_search_window"": 30, ""row_search_window"": 4, ""disallow_one_site_gaps"": 0, ""use_diamond_legalizer"": 1, ""disable_window_extension"": 0}","{""max_displacement"": 30, ""site_search_window"": 40, ""row_search_window"": 6, ""disallow_one_site_gaps"": 0, ""use_diamond_legalizer"": 1, ""disable_window_extension"": 0}",FAILED,4992984.1,4992984.1,0.0,-100.0,-1.0,False
45,50,6,RISCY-FPU-b-2-c20,3,"{""max_displacement"": 30, ""site_search_window"": 40, ""row_search_window"": 6, ""disallow_one_site_gaps"": 0, ""use_diamond_legalizer"": 1, ""disable_window_extension"": 0}","{""max_displacement"": 30, ""site_search_window"": 50, ""row_search_window"": 8, ""disallow_one_site_gaps"": 0, ""use_diamond_legalizer"": 1, ""disable_window_extension"": 0}",FAILED,4992984.1,4992984.1,0.0,-100.0,-1.0,False
45,50,7,RISCY-FPU-b-2-c20,3,"{""max_displacement"": 30, ""site_search_window"": 50, ""row_search_window"": 8, ""disallow_one_site_gaps"": 0, ""use_diamond_legalizer"": 1, ""disable_window_extension"": 0}","{""max_displacement"": 30, ""site_search_window"": 60, ""row_search_window"": 10, ""disallow_one_site_gaps"": 0, ""use_diamond_legalizer"": 1, ""disable_window_extension"": 0}",FAILED,4992984.1,4992984.1,0.0,-100.0,-1.0,False
45,50,8,RISCY-FPU-b-2-c20,0,"{""max_displacement"": 30, ""site_search_window"": 60, ""row_search_window"": 10, ""disallow_one_site_gaps"": 0, ""use_diamond_legalizer"": 1, ""disable_window_extension"": 0}","{""max_displacement"": 30, ""site_search_window"": 60, ""row_search_window"": 10, ""disallow_one_site_gaps"": true, ""use_diamond_legalizer"": 1, ""disable_window_extension"": true}",FAILED,4992984.1,4992984.1,0.0,-100.0,-1.0,False
45,50,9,RISCY-FPU-b-2-c20,4,"{""max_displacement"": 30, ""site_search_window"": 60, ""row_search_window"": 10, ""disallow_one_site_gaps"": true, ""use_diamond_legalizer"": 1, ""disable_window_extension"": true}","{""max_displacement"": 30, ""site_search_window"": 50, ""row_search_window"": 8, ""disallow_one_site_gaps"": true, ""use_diamond_legalizer"": 1, ""disable_window_extension"": true}",FAILED,4992984.1,4992984.1,0.0,-100.0,-1.0,False
45,50,10,RISCY-FPU-b-2-c20,4,"{""max_displacement"": 30, ""site_search_window"": 50, ""row_search_window"": 8, ""disallow_one_site_gaps"": true, ""use_diamond_legalizer"": 1, ""disable_window_extension"": true}","{""max_displacement"": 30, ""site_search_window"": 40, ""row_search_window"": 6, ""disallow_one_site_gaps"": true, ""use_diamond_legalizer"": 1, ""disable_window_extension"": true}",FAILED,4992984.1,4992984.1,0.0,-100.0,-1.0,True
45,51,1,RISCY-b-1-c5,3,"{""max_displacement"": 0, ""site_search_window"": 0, ""row_search_window"": 0, ""disallow_one_site_gaps"": 0, ""use_diamond_legalizer"": 1, ""disable_window_extension"": 0}","{""max_displacement"": 0, ""site_search_window"": 10, ""row_search_window"": 2, ""disallow_one_site_gaps"": 0, ""use_diamond_legalizer"": 1, ""disable_window_extension"": 0}",VALID,3939653.4,3939653.4,0.0,0.0,0.0,False
45,51,2,RISCY-b-1-c5,6,"{""max_displacement"": 0, ""site_search_window"": 10, ""row_search_window"": 2, ""disallow_one_site_gaps"": 0, ""use_diamond_legalizer"": 1, ""disable_window_extension"": 0}","{""max_displacement"": 0, ""site_search_window"": 0, ""row_search_window"": 2, ""disallow_one_site_gaps"": 0, ""use_diamond_legalizer"": 1, ""disable_window_extension"": 0}",VALID,3939653.4,3939653.4,0.0,0.0,0.0,False
45,51,3,RISCY-b-1-c5,0,"{""max_displacement"": 0, ""site_search_window"": 0, ""row_search_window"": 2, ""disallow_one_site_gaps"": 0, ""use_diamond_legalizer"": 1, ""disable_window_extension"": 0}","{""max_displacement"": 0, ""site_search_window"": 0, ""row_search_window"": 2, ""disallow_one_site_gaps"": true, ""use_diamond_legalizer"": 1, ""disable_window_extension"": true}",VALID,3939653.4,3939653.4,0.0,0.0,0.0,False
45,51,4,RISCY-b-1-c5,0,"{""max_displacement"": 0, ""site_search_window"": 0, ""row_search_window"": 2, ""disallow_one_site_gaps"": true, ""use_diamond_legalizer"": 1, ""disable_window_extension"": true}","{""max_displacement"": 0, ""site_search_window"": 0, ""row_search_window"": 2, ""disallow_one_site_gaps"": false, ""use_diamond_legalizer"": 1, ""disable_window_extension"": false}",VALID,3939653.4,3939653.4,0.0,0.0,0.0,False
45,51,5,RISCY-b-1-c5,6,"{""max_displacement"": 0, ""site_search_window"": 0, ""row_search_window"": 2, ""disallow_one_site_gaps"": false, ""use_diamond_legalizer"": 1, ""disable_window_extension"": false}","{""max_displacement"": 0, ""site_search_window"": 0, ""row_search_window"": 2, ""disallow_one_site_gaps"": false, ""use_diamond_legalizer"": 1, ""disable_window_extension"": false}",VALID,3939653.4,3939653.4,0.0,0.0,0.0,False
45,51,6,RISCY-b-1-c5,7,"{""max_displacement"": 0, ""site_search_window"": 0, ""row_search_window"": 2, ""disallow_one_site_gaps"": false, ""use_diamond_legalizer"": 1, ""disable_window_extension"": false}","{""max_displacement"": 0, ""site_search_window"": 0, ""row_search_window"": 2, ""disallow_one_site_gaps"": false, ""use_diamond_legalizer"": 1, ""disable_window_extension"": false}",VALID,3939653.4,3939653.4,0.0,0.0,0.0,False
45,51,7,RISCY-b-1-c5,3,"{""max_displacement"": 0, ""site_search_window"": 0, ""row_search_window"": 2, ""disallow_one_site_gaps"": false, ""use_diamond_legalizer"": 1, ""disable_window_extension"": false}","{""max_displacement"": 0, ""site_search_window"": 10, ""row_search_window"": 4, ""disallow_one_site_gaps"": false, ""use_diamond_legalizer"": 1, ""disable_window_extension"": false}",VALID,3939653.4,3939653.4,0.0,0.0,0.0,False
45,51,8,RISCY-b-1-c5,4,"{""max_displacement"": 0, ""site_search_window"": 10, ""row_search_window"": 4, ""disallow_one_site_gaps"": false, ""use_diamond_legalizer"": 1, ""disable_window_extension"": false}","{""max_displacement"": 0, ""site_search_window"": 0, ""row_search_window"": 2, ""disallow_one_site_gaps"": false, ""use_diamond_legalizer"": 1, ""disable_window_extension"": false}",VALID,3939653.4,3939653.4,0.0,0.0,0.0,False
45,51,9,RISCY-b-1-c5,6,"{""max_displacement"": 0, ""site_search_window"": 0, ""row_search_window"": 2, ""disallow_one_site_gaps"": false, ""use_diamond_legalizer"": 1, ""disable_window_extension"": false}","{""max_displacement"": 0, ""site_search_window"": 0, ""row_search_window"": 2, ""disallow_one_site_gaps"": false, ""use_diamond_legalizer"": 1, ""disable_window_extension"": false}",VALID,3939653.4,3939653.4,0.0,0.0,0.0,False
45,51,10,RISCY-b-1-c5,7,"{""max_displacement"": 0, ""site_search_window"": 0, ""row_search_window"": 2, ""disallow_one_site_gaps"": false, ""use_diamond_legalizer"": 1, ""disable_window_extension"": false}","{""max_displacement"": 0, ""site_search_window"": 0, ""row_search_window"": 2, ""disallow_one_site_gaps"": false, ""use_diamond_legalizer"": 1, ""disable_window_extension"": false}",VALID,3939653.4,3939653.4,0.0,0.0,0.0,True
45,52,1,RISCY-a-2-c20,1,"{""max_displacement"": 0, ""site_search_window"": 0, ""row_search_window"": 0, ""disallow_one_site_gaps"": 0, ""use_diamond_legalizer"": 1, ""disable_window_extension"": 0}","{""max_displacement"": 10, ""site_search_window"": 10, ""row_search_window"": 2, ""disallow_one_site_gaps"": 0, ""use_diamond_legalizer"": 1, ""disable_window_extension"": 0}",FAILED,5798309.8,5798309.8,0.0,-100.0,-1.0,False
45,52,2,RISCY-a-2-c20,5,"{""max_displacement"": 10, ""site_search_window"": 10, ""row_search_window"": 2, ""disallow_one_site_gaps"": 0, ""use_diamond_legalizer"": 1, ""disable_window_extension"": 0}","{""max_displacement"": 20, ""site_search_window"": 20, ""row_search_window"": 2, ""disallow_one_site_gaps"": 0, ""use_diamond_legalizer"": 1, ""disable_window_extension"": 0}",VALID,5798309.8,5798309.8,0.0,0.0,0.0,False
45,52,3,RISCY-a-2-c20,3,"{""max_displacement"": 20, ""site_search_window"": 20, ""row_search_window"": 2, ""disallow_one_site_gaps"": 0, ""use_diamond_legalizer"": 1, ""disable_window_extension"": 0}","{""max_displacement"": 20, ""site_search_window"": 30, ""row_search_window"": 4, ""disallow_one_site_gaps"": 0, ""use_diamond_legalizer"": 1, ""disable_window_extension"": 0}",VALID,5798309.8,5798309.8,0.0,0.0,0.0,False
45,52,4,RISCY-a-2-c20,4,"{""max_displacement"": 20, ""site_search_window"": 30, ""row_search_window"": 4, ""disallow_one_site_gaps"": 0, ""use_diamond_legalizer"": 1, ""disable_window_extension"": 0}","{""max_displacement"": 20, ""site_search_window"": 20, ""row_search_window"": 2, ""disallow_one_site_gaps"": 0, ""use_diamond_legalizer"": 1, ""disable_window_extension"": 0}",VALID,5798309.8,5798309.8,0.0,0.0,0.0,False
45,52,5,RISCY-a-2-c20,6,"{""max_displacement"": 20, ""site_search_window"": 20, ""row_search_window"": 2, ""disallow_one_site_gaps"": 0, ""use_diamond_legalizer"": 1, ""disable_window_extension"": 0}","{""max_displacement"": 10, ""site_search_window"": 10, ""row_search_window"": 2, ""disallow_one_site_gaps"": 0, ""use_diamond_legalizer"": 1, ""disable_window_extension"": 0}",FAILED,5798309.8,5798309.8,0.0,-100.0,-1.0,False
45,52,6,RISCY-a-2-c20,6,"{""max_displacement"": 10, ""site_search_window"": 10, ""row_search_window"": 2, ""disallow_one_site_gaps"": 0, ""use_diamond_legalizer"": 1, ""disable_window_extension"": 0}","{""max_displacement"": 0, ""site_search_window"": 0, ""row_search_window"": 2, ""disallow_one_site_gaps"": 0, ""use_diamond_legalizer"": 1, ""disable_window_extension"": 0}",VALID,5798309.8,5798309.8,0.0,0.0,0.0,False
45,52,7,RISCY-a-2-c20,0,"{""max_displacement"": 0, ""site_search_window"": 0, ""row_search_window"": 2, ""disallow_one_site_gaps"": 0, ""use_diamond_legalizer"": 1, ""disable_window_extension"": 0}","{""max_displacement"": 0, ""site_search_window"": 0, ""row_search_window"": 2, ""disallow_one_site_gaps"": true, ""use_diamond_legalizer"": 1, ""disable_window_extension"": true}",VALID,5798309.8,5798309.8,0.0,0.0,0.0,False
45,52,8,RISCY-a-2-c20,0,"{""max_displacement"": 0, ""site_search_window"": 0, ""row_search_window"": 2, ""disallow_one_site_gaps"": true, ""use_diamond_legalizer"": 1, ""disable_window_extension"": true}","{""max_displacement"": 0, ""site_search_window"": 0, ""row_search_window"": 2, ""disallow_one_site_gaps"": false, ""use_diamond_legalizer"": 1, ""disable_window_extension"": false}",VALID,5798309.8,5798309.8,0.0,0.0,0.0,False
45,52,9,RISCY-a-2-c20,0,"{""max_displacement"": 0, ""site_search_window"": 0, ""row_search_window"": 2, ""disallow_one_site_gaps"": false, ""use_diamond_legalizer"": 1, ""disable_window_extension"": false}","{""max_displacement"": 0, ""site_search_window"": 0, ""row_search_window"": 2, ""disallow_one_site_gaps"": true, ""use_diamond_legalizer"": 1, ""disable_window_extension"": true}",VALID,5798309.8,5798309.8,0.0,0.0,0.0,False
45,52,10,RISCY-a-2-c20,6,"{""max_displacement"": 0, ""site_search_window"": 0, ""row_search_window"": 2, ""disallow_one_site_gaps"": true, ""use_diamond_legalizer"": 1, ""disable_window_extension"": true}","{""max_displacement"": 0, ""site_search_window"": 0, ""row_search_window"": 2, ""disallow_one_site_gaps"": true, ""use_diamond_legalizer"": 1, ""disable_window_extension"": true}",VALID,5798309.8,5798309.8,0.0,0.0,0.0,True
45,53,1,RISCY-b-1-c2,1,"{""max_displacement"": 0, ""site_search_window"": 0, ""row_search_window"": 0, ""disallow_one_site_gaps"": 0, ""use_diamond_legalizer"": 1, ""disable_window_extension"": 0}","{""max_displacement"": 10, ""site_search_window"": 10, ""row_search_window"": 2, ""disallow_one_site_gaps"": 0, ""use_diamond_legalizer"": 1, ""disable_window_extension"": 0}",FAILED,2943613.2,2943613.2,0.0,-100.0,-1.0,False
45,53,2,RISCY-b-1-c2,0,"{""max_displacement"": 10, ""site_search_window"": 10, ""row_search_window"": 2, ""disallow_one_site_gaps"": 0, ""use_diamond_legalizer"": 1, ""disable_window_extension"": 0}","{""max_displacement"": 10, ""site_search_window"": 10, ""row_search_window"": 2, ""disallow_one_site_gaps"": true, ""use_diamond_legalizer"": 1, ""disable_window_extension"": true}",FAILED,2943613.2,2943613.2,0.0,-100.0,-1.0,False
45,53,3,RISCY-b-1-c2,3,"{""max_displacement"": 10, ""site_search_window"": 10, ""row_search_window"": 2, ""disallow_one_site_gaps"": true, ""use_diamond_legalizer"": 1, ""disable_window_extension"": true}","{""max_displacement"": 10, ""site_search_window"": 20, ""row_search_window"": 4, ""disallow_one_site_gaps"": true, ""use_diamond_legalizer"": 1, ""disable_window_extension"": true}",FAILED,2943613.2,2943613.2,0.0,-100.0,-1.0,False
45,53,4,RISCY-b-1-c2,3,"{""max_displacement"": 10, ""site_search_window"": 20, ""row_search_window"": 4, ""disallow_one_site_gaps"": true, ""use_diamond_legalizer"": 1, ""disable_window_extension"": true}","{""max_displacement"": 10, ""site_search_window"": 30, ""row_search_window"": 6, ""disallow_one_site_gaps"": true, ""use_diamond_legalizer"": 1, ""disable_window_extension"": true}",FAILED,2943613.2,2943613.2,0.0,-100.0,-1.0,False
45,53,5,RISCY-b-1-c2,5,"{""max_displacement"": 10, ""site_search_window"": 30, ""row_search_window"": 6, ""disallow_one_site_gaps"": true, ""use_diamond_legalizer"": 1, ""disable_window_extension"": true}","{""max_displacement"": 20, ""site_search_window"": 40, ""row_search_window"": 6, ""disallow_one_site_gaps"": true, ""use_diamond_legalizer"": 1, ""disable_window_extension"": true}",FAILED,2943613.2,2943613.2,0.0,-100.0,-1.0,False
45,53,6,RISCY-b-1-c2,7,"{""max_displacement"": 20, ""site_search_window"": 40, ""row_search_window"": 6, ""disallow_one_site_gaps"": true, ""use_diamond_legalizer"": 1, ""disable_window_extension"": true}","{""max_displacement"": 20, ""site_search_window"": 40, ""row_search_window"": 6, ""disallow_one_site_gaps"": true, ""use_diamond_legalizer"": 1, ""disable_window_extension"": true}",FAILED,2943613.2,2943613.2,0.0,-100.0,-1.0,False
45,53,7,RISCY-b-1-c2,0,"{""max_displacement"": 20, ""site_search_window"": 40, ""row_search_window"": 6, ""disallow_one_site_gaps"": true, ""use_diamond_legalizer"": 1, ""disable_window_extension"": true}","{""max_displacement"": 20, ""site_search_window"": 40, ""row_search_window"": 6, ""disallow_one_site_gaps"": false, ""use_diamond_legalizer"": 1, ""disable_window_extension"": false}",FAILED,2943613.2,2943613.2,0.0,-100.0,-1.0,False
45,53,8,RISCY-b-1-c2,6,"{""max_displacement"": 20, ""site_search_window"": 40, ""row_search_window"": 6, ""disallow_one_site_gaps"": false, ""use_diamond_legalizer"": 1, ""disable_window_extension"": false}","{""max_displacement"": 10, ""site_search_window"": 30, ""row_search_window"": 6, ""disallow_one_site_gaps"": false, ""use_diamond_legalizer"": 1, ""disable_window_extension"": false}",FAILED,2943613.2,2943613.2,0.0,-100.0,-1.0,False
45,53,9,RISCY-b-1-c2,7,"{""max_displacement"": 10, ""site_search_window"": 30, ""row_search_window"": 6, ""disallow_one_site_gaps"": false, ""use_diamond_legalizer"": 1, ""disable_window_extension"": false}","{""max_displacement"": 10, ""site_search_window"": 30, ""row_search_window"": 6, ""disallow_one_site_gaps"": false, ""use_diamond_legalizer"": 1, ""disable_window_extension"": false}",FAILED,2943613.2,2943613.2,0.0,-100.0,-1.0,False
45,53,10,RISCY-b-1-c2,6,"{""max_displacement"": 10, ""site_search_window"": 30, ""row_search_window"": 6, ""disallow_one_site_gaps"": false, ""use_diamond_legalizer"": 1, ""disable_window_extension"": false}","{""max_displacement"": 0, ""site_search_window"": 20, ""row_search_window"": 6, ""disallow_one_site_gaps"": false, ""use_diamond_legalizer"": 1, ""disable_window_extension"": false}",VALID,2943613.2,2943613.2,0.0,0.0,0.0,True
45,54,1,zero-riscy-b-3-c2,4,"{""max_displacement"": 0, ""site_search_window"": 0, ""row_search_window"": 0, ""disallow_one_site_gaps"": 0, ""use_diamond_legalizer"": 1, ""disable_window_extension"": 0}","{""max_displacement"": 0, ""site_search_window"": 0, ""row_search_window"": 0, ""disallow_one_site_gaps"": 0, ""use_diamond_legalizer"": 1, ""disable_window_extension"": 0}",VALID,2341203.8,2341203.8,0.0,0.0,0.0,False
45,54,2,zero-riscy-b-3-c2,5,"{""max_displacement"": 0, ""site_search_window"": 0, ""row_search_window"": 0, ""disallow_one_site_gaps"": 0, ""use_diamond_legalizer"": 1, ""disable_window_extension"": 0}","{""max_displacement"": 10, ""site_search_window"": 10, ""row_search_window"": 0, ""disallow_one_site_gaps"": 0, ""use_diamond_legalizer"": 1, ""disable_window_extension"": 0}",VALID,2341203.8,2341203.8,0.0,0.0,0.0,False
45,54,3,zero-riscy-b-3-c2,6,"{""max_displacement"": 10, ""site_search_window"": 10, ""row_search_window"": 0, ""disallow_one_site_gaps"": 0, ""use_diamond_legalizer"": 1, ""disable_window_extension"": 0}","{""max_displacement"": 0, ""site_search_window"": 0, ""row_search_window"": 0, ""disallow_one_site_gaps"": 0, ""use_diamond_legalizer"": 1, ""disable_window_extension"": 0}",VALID,2341203.8,2341203.8,0.0,0.0,0.0,False
45,54,4,zero-riscy-b-3-c2,1,"{""max_displacement"": 0, ""site_search_window"": 0, ""row_search_window"": 0, ""disallow_one_site_gaps"": 0, ""use_diamond_legalizer"": 1, ""disable_window_extension"": 0}","{""max_displacement"": 10, ""site_search_window"": 10, ""row_search_window"": 2, ""disallow_one_site_gaps"": 0, ""use_diamond_legalizer"": 1, ""disable_window_extension"": 0}",VALID,2341203.8,2341203.8,0.0,0.0,0.0,False
45,54,5,zero-riscy-b-3-c2,5,"{""max_displacement"": 10, ""site_search_window"": 10, ""row_search_window"": 2, ""disallow_one_site_gaps"": 0, ""use_diamond_legalizer"": 1, ""disable_window_extension"": 0}","{""max_displacement"": 20, ""site_search_window"": 20, ""row_search_window"": 2, ""disallow_one_site_gaps"": 0, ""use_diamond_legalizer"": 1, ""disable_window_extension"": 0}",VALID,2341203.8,2341203.8,0.0,0.0,0.0,False
45,54,6,zero-riscy-b-3-c2,5,"{""max_displacement"": 20, ""site_search_window"": 20, ""row_search_window"": 2, ""disallow_one_site_gaps"": 0, ""use_diamond_legalizer"": 1, ""disable_window_extension"": 0}","{""max_displacement"": 30, ""site_search_window"": 30, ""row_search_window"": 2, ""disallow_one_site_gaps"": 0, ""use_diamond_legalizer"": 1, ""disable_window_extension"": 0}",VALID,2341203.8,2341203.8,0.0,0.0,0.0,False
45,54,7,zero-riscy-b-3-c2,0,"{""max_displacement"": 30, ""site_search_window"": 30, ""row_search_window"": 2, ""disallow_one_site_gaps"": 0, ""use_diamond_legalizer"": 1, ""disable_window_extension"": 0}","{""max_displacement"": 30, ""site_search_window"": 30, ""row_search_window"": 2, ""disallow_one_site_gaps"": true, ""use_diamond_legalizer"": 1, ""disable_window_extension"": true}",VALID,2341203.8,2341203.8,0.0,0.0,0.0,False
45,54,8,zero-riscy-b-3-c2,5,"{""max_displacement"": 30, ""site_search_window"": 30, ""row_search_window"": 2, ""disallow_one_site_gaps"": true, ""use_diamond_legalizer"": 1, ""disable_window_extension"": true}","{""max_displacement"": 40, ""site_search_window"": 40, ""row_search_window"": 2, ""disallow_one_site_gaps"": true, ""use_diamond_legalizer"": 1, ""disable_window_extension"": true}",VALID,2341203.8,2341203.8,0.0,0.0,0.0,False
45,54,9,zero-riscy-b-3-c2,3,"{""max_displacement"": 40, ""site_search_window"": 40, ""row_search_window"": 2, ""disallow_one_site_gaps"": true, ""use_diamond_legalizer"": 1, ""disable_window_extension"": true}","{""max_displacement"": 40, ""site_search_window"": 50, ""row_search_window"": 4, ""disallow_one_site_gaps"": true, ""use_diamond_legalizer"": 1, ""disable_window_extension"": true}",VALID,2341203.8,2341203.8,0.0,0.0,0.0,False
45,54,10,zero-riscy-b-3-c2,0,"{""max_displacement"": 40, ""site_search_window"": 50, ""row_search_window"": 4, ""disallow_one_site_gaps"": true, ""use_diamond_legalizer"": 1, ""disable_window_extension"": true}","{""max_displacement"": 40, ""site_search_window"": 50, ""row_search_window"": 4, ""disallow_one_site_gaps"": false, ""use_diamond_legalizer"": 1, ""disable_window_extension"": false}",VALID,2341203.8,2341203.8,0.0,0.0,0.0,True
45,55,1,RISCY-b-1-c20,7,"{""max_displacement"": 0, ""site_search_window"": 0, ""row_search_window"": 0, ""disallow_one_site_gaps"": 0, ""use_diamond_legalizer"": 1, ""disable_window_extension"": 0}","{""max_displacement"": 0, ""site_search_window"": 0, ""row_search_window"": 0, ""disallow_one_site_gaps"": 0, ""use_diamond_legalizer"": 1, ""disable_window_extension"": 0}",VALID,3618038.1,3618038.1,0.0,0.0,0.0,False
45,55,2,RISCY-b-1-c20,0,"{""max_displacement"": 0, ""site_search_window"": 0, ""row_search_window"": 0, ""disallow_one_site_gaps"": 0, ""use_diamond_legalizer"": 1, ""disable_window_extension"": 0}","{""max_displacement"": 0, ""site_search_window"": 0, ""row_search_window"": 0, ""disallow_one_site_gaps"": true, ""use_diamond_legalizer"": 1, ""disable_window_extension"": true}",VALID,3618038.1,3618038.1,0.0,0.0,0.0,False
45,55,3,RISCY-b-1-c20,7,"{""max_displacement"": 0, ""site_search_window"": 0, ""row_search_window"": 0, ""disallow_one_site_gaps"": true, ""use_diamond_legalizer"": 1, ""disable_window_extension"": true}","{""max_displacement"": 0, ""site_search_window"": 0, ""row_search_window"": 0, ""disallow_one_site_gaps"": true, ""use_diamond_legalizer"": 1, ""disable_window_extension"": true}",VALID,3618038.1,3618038.1,0.0,0.0,0.0,False
45,55,4,RISCY-b-1-c20,6,"{""max_displacement"": 0, ""site_search_window"": 0, ""row_search_window"": 0, ""disallow_one_site_gaps"": true, ""use_diamond_legalizer"": 1, ""disable_window_extension"": true}","{""max_displacement"": 0, ""site_search_window"": 0, ""row_search_window"": 0, ""disallow_one_site_gaps"": true, ""use_diamond_legalizer"": 1, ""disable_window_extension"": true}",VALID,3618038.1,3618038.1,0.0,0.0,0.0,False
45,55,5,RISCY-b-1-c20,7,"{""max_displacement"": 0, ""site_search_window"": 0, ""row_search_window"": 0, ""disallow_one_site_gaps"": true, ""use_diamond_legalizer"": 1, ""disable_window_extension"": true}","{""max_displacement"": 0, ""site_search_window"": 0, ""row_search_window"": 0, ""disallow_one_site_gaps"": true, ""use_diamond_legalizer"": 1, ""disable_window_extension"": true}",VALID,3618038.1,3618038.1,0.0,0.0,0.0,False
45,55,6,RISCY-b-1-c20,0,"{""max_displacement"": 0, ""site_search_window"": 0, ""row_search_window"": 0, ""disallow_one_site_gaps"": true, ""use_diamond_legalizer"": 1, ""disable_window_extension"": true}","{""max_displacement"": 0, ""site_search_window"": 0, ""row_search_window"": 0, ""disallow_one_site_gaps"": false, ""use_diamond_legalizer"": 1, ""disable_window_extension"": false}",VALID,3618038.1,3618038.1,0.0,0.0,0.0,False
45,55,7,RISCY-b-1-c20,1,"{""max_displacement"": 0, ""site_search_window"": 0, ""row_search_window"": 0, ""disallow_one_site_gaps"": false, ""use_diamond_legalizer"": 1, ""disable_window_extension"": false}","{""max_displacement"": 10, ""site_search_window"": 10, ""row_search_window"": 2, ""disallow_one_site_gaps"": false, ""use_diamond_legalizer"": 1, ""disable_window_extension"": false}",FAILED,3618038.1,3618038.1,0.0,-100.0,-1.0,False
45,55,8,RISCY-b-1-c20,5,"{""max_displacement"": 10, ""site_search_window"": 10, ""row_search_window"": 2, ""disallow_one_site_gaps"": false, ""use_diamond_legalizer"": 1, ""disable_window_extension"": false}","{""max_displacement"": 20, ""site_search_window"": 20, ""row_search_window"": 2, ""disallow_one_site_gaps"": false, ""use_diamond_legalizer"": 1, ""disable_window_extension"": false}",VALID,3618038.1,3618050.5,-12.399999999906868,-0.00030000000000000003,-3.4272718133915913e-06,False
45,55,9,RISCY-b-1-c20,0,"{""max_displacement"": 20, ""site_search_window"": 20, ""row_search_window"": 2, ""disallow_one_site_gaps"": false, ""use_diamond_legalizer"": 1, ""disable_window_extension"": false}","{""max_displacement"": 20, ""site_search_window"": 20, ""row_search_window"": 2, ""disallow_one_site_gaps"": true, ""use_diamond_legalizer"": 1, ""disable_window_extension"": true}",VALID,3618038.1,3618050.5,0.0,0.0,0.0,False
45,55,10,RISCY-b-1-c20,7,"{""max_displacement"": 20, ""site_search_window"": 20, ""row_search_window"": 2, ""disallow_one_site_gaps"": true, ""use_diamond_legalizer"": 1, ""disable_window_extension"": true}","{""max_displacement"": 20, ""site_search_window"": 20, ""row_search_window"": 2, ""disallow_one_site_gaps"": true, ""use_diamond_legalizer"": 1, ""disable_window_extension"": true}",VALID,3618038.1,3618050.5,0.0,0.0,0.0,True
45,56,1,zero-riscy-a-2-c20,4,"{""max_displacement"": 0, ""site_search_window"": 0, ""row_search_window"": 0, ""disallow_one_site_gaps"": 0, ""use_diamond_legalizer"": 1, ""disable_window_extension"": 0}","{""max_displacement"": 0, ""site_search_window"": 0, ""row_search_window"": 0, ""disallow_one_site_gaps"": 0, ""use_diamond_legalizer"": 1, ""disable_window_extension"": 0}",VALID,3884748.2,3884748.2,0.0,0.0,0.0,False
45,56,2,zero-riscy-a-2-c20,7,"{""max_displacement"": 0, ""site_search_window"": 0, ""row_search_window"": 0, ""disallow_one_site_gaps"": 0, ""use_diamond_legalizer"": 1, ""disable_window_extension"": 0}","{""max_displacement"": 0, ""site_search_window"": 0, ""row_search_window"": 0, ""disallow_one_site_gaps"": 0, ""use_diamond_legalizer"": 1, ""disable_window_extension"": 0}",VALID,3884748.2,3884748.2,0.0,0.0,0.0,False
45,56,3,zero-riscy-a-2-c20,7,"{""max_displacement"": 0, ""site_search_window"": 0, ""row_search_window"": 0, ""disallow_one_site_gaps"": 0, ""use_diamond_legalizer"": 1, ""disable_window_extension"": 0}","{""max_displacement"": 0, ""site_search_window"": 0, ""row_search_window"": 0, ""disallow_one_site_gaps"": 0, ""use_diamond_legalizer"": 1, ""disable_window_extension"": 0}",VALID,3884748.2,3884748.2,0.0,0.0,0.0,False
45,56,4,zero-riscy-a-2-c20,6,"{""max_displacement"": 0, ""site_search_window"": 0, ""row_search_window"": 0, ""disallow_one_site_gaps"": 0, ""use_diamond_legalizer"": 1, ""disable_window_extension"": 0}","{""max_displacement"": 0, ""site_search_window"": 0, ""row_search_window"": 0, ""disallow_one_site_gaps"": 0, ""use_diamond_legalizer"": 1, ""disable_window_extension"": 0}",VALID,3884748.2,3884748.2,0.0,0.0,0.0,False
45,56,5,zero-riscy-a-2-c20,0,"{""max_displacement"": 0, ""site_search_window"": 0, ""row_search_window"": 0, ""disallow_one_site_gaps"": 0, ""use_diamond_legalizer"": 1, ""disable_window_extension"": 0}","{""max_displacement"": 0, ""site_search_window"": 0, ""row_search_window"": 0, ""disallow_one_site_gaps"": true, ""use_diamond_legalizer"": 1, ""disable_window_extension"": true}",VALID,3884748.2,3884748.2,0.0,0.0,0.0,False
45,56,6,zero-riscy-a-2-c20,5,"{""max_displacement"": 0, ""site_search_window"": 0, ""row_search_window"": 0, ""disallow_one_site_gaps"": true, ""use_diamond_legalizer"": 1, ""disable_window_extension"": true}","{""max_displacement"": 10, ""site_search_window"": 10, ""row_search_window"": 0, ""disallow_one_site_gaps"": true, ""use_diamond_legalizer"": 1, ""disable_window_extension"": true}",VALID,3884748.2,3884737.2,11.0,0.00030000000000000003,2.8315863560989616e-06,False
45,56,7,zero-riscy-a-2-c20,0,"{""max_displacement"": 10, ""site_search_window"": 10, ""row_search_window"": 0, ""disallow_one_site_gaps"": true, ""use_diamond_legalizer"": 1, ""disable_window_extension"": true}","{""max_displacement"": 10, ""site_search_window"": 10, ""row_search_window"": 0, ""disallow_one_site_gaps"": false, ""use_diamond_legalizer"": 1, ""disable_window_extension"": false}",VALID,3884748.2,3884737.2,0.0,0.0,0.0,False
45,56,8,zero-riscy-a-2-c20,1,"{""max_displacement"": 10, ""site_search_window"": 10, ""row_search_window"": 0, ""disallow_one_site_gaps"": false, ""use_diamond_legalizer"": 1, ""disable_window_extension"": false}","{""max_displacement"": 20, ""site_search_window"": 20, ""row_search_window"": 2, ""disallow_one_site_gaps"": false, ""use_diamond_legalizer"": 1, ""disable_window_extension"": false}",VALID,3884748.2,3884748.2,-11.0,-0.00030000000000000003,-2.831594374002957e-06,False
45,56,9,zero-riscy-a-2-c20,5,"{""max_displacement"": 20, ""site_search_window"": 20, ""row_search_window"": 2, ""disallow_one_site_gaps"": false, ""use_diamond_legalizer"": 1, ""disable_window_extension"": false}","{""max_displacement"": 30, ""site_search_window"": 30, ""row_search_window"": 2, ""disallow_one_site_gaps"": false, ""use_diamond_legalizer"": 1, ""disable_window_extension"": false}",VALID,3884748.2,3884748.2,0.0,0.0,0.0,False
45,56,10,zero-riscy-a-2-c20,6,"{""max_displacement"": 30, ""site_search_window"": 30, ""row_search_window"": 2, ""disallow_one_site_gaps"": false, ""use_diamond_legalizer"": 1, ""disable_window_extension"": false}","{""max_displacement"": 20, ""site_search_window"": 20, ""row_search_window"": 2, ""disallow_one_site_gaps"": false, ""use_diamond_legalizer"": 1, ""disable_window_extension"": false}",VALID,3884748.2,3884748.2,0.0,0.0,0.0,True
45,57,1,RISCY-FPU-b-2-c20,3,"{""max_displacement"": 0, ""site_search_window"": 0, ""row_search_window"": 0, ""disallow_one_site_gaps"": 0, ""use_diamond_legalizer"": 1, ""disable_window_extension"": 0}","{""max_displacement"": 0, ""site_search_window"": 10, ""row_search_window"": 2, ""disallow_one_site_gaps"": 0, ""use_diamond_legalizer"": 1, ""disable_window_extension"": 0}",VALID,4992984.1,4992984.1,0.0,0.0,0.0,False
45,57,2,RISCY-FPU-b-2-c20,6,"{""max_displacement"": 0, ""site_search_window"": 10, ""row_search_window"": 2, ""disallow_one_site_gaps"": 0, ""use_diamond_legalizer"": 1, ""disable_window_extension"": 0}","{""max_displacement"": 0, ""site_search_window"": 0, ""row_search_window"": 2, ""disallow_one_site_gaps"": 0, ""use_diamond_legalizer"": 1, ""disable_window_extension"": 0}",VALID,4992984.1,4992984.1,0.0,0.0,0.0,False
45,57,3,RISCY-FPU-b-2-c20,4,"{""max_displacement"": 0, ""site_search_window"": 0, ""row_search_window"": 2, ""disallow_one_site_gaps"": 0, ""use_diamond_legalizer"": 1, ""disable_window_extension"": 0}","{""max_displacement"": 0, ""site_search_window"": 0, ""row_search_window"": 0, ""disallow_one_site_gaps"": 0, ""use_diamond_legalizer"": 1, ""disable_window_extension"": 0}",VALID,4992984.1,4992984.1,0.0,0.0,0.0,False
45,57,4,RISCY-FPU-b-2-c20,1,"{""max_displacement"": 0, ""site_search_window"": 0, ""row_search_window"": 0, ""disallow_one_site_gaps"": 0, ""use_diamond_legalizer"": 1, ""disable_window_extension"": 0}","{""max_displacement"": 10, ""site_search_window"": 10, ""row_search_window"": 2, ""disallow_one_site_gaps"": 0, ""use_diamond_legalizer"": 1, ""disable_window_extension"": 0}",FAILED,4992984.1,4992984.1,0.0,-100.0,-1.0,False
45,57,5,RISCY-FPU-b-2-c20,4,"{""max_displacement"": 10, ""site_search_window"": 10, ""row_search_window"": 2, ""disallow_one_site_gaps"": 0, ""use_diamond_legalizer"": 1, ""disable_window_extension"": 0}","{""max_displacement"": 10, ""site_search_window"": 0, ""row_search_window"": 0, ""disallow_one_site_gaps"": 0, ""use_diamond_legalizer"": 1, ""disable_window_extension"": 0}",FAILED,4992984.1,4992984.1,0.0,-100.0,-1.0,False
45,57,6,RISCY-FPU-b-2-c20,6,"{""max_displacement"": 10, ""site_search_window"": 0, ""row_search_window"": 0, ""disallow_one_site_gaps"": 0, ""use_diamond_legalizer"": 1, ""disable_window_extension"": 0}","{""max_displacement"": 0, ""site_search_window"": 0, ""row_search_window"": 0, ""disallow_one_site_gaps"": 0, ""use_diamond_legalizer"": 1, ""disable_window_extension"": 0}",VALID,4992984.1,4992984.1,0.0,0.0,0.0,False
45,57,7,RISCY-FPU-b-2-c20,2,"{""max_displacement"": 0, ""site_search_window"": 0, ""row_search_window"": 0, ""disallow_one_site_gaps"": 0, ""use_diamond_legalizer"": 1, ""disable_window_extension"": 0}","{""max_displacement"": 0, ""site_search_window"": 0, ""row_search_window"": 0, ""disallow_one_site_gaps"": 0, ""use_diamond_legalizer"": 1, ""disable_window_extension"": 0}",VALID,4992984.1,4992984.1,0.0,0.0,0.0,False
45,57,8,RISCY-FPU-b-2-c20,7,"{""max_displacement"": 0, ""site_search_window"": 0, ""row_search_window"": 0, ""disallow_one_site_gaps"": 0, ""use_diamond_legalizer"": 1, ""disable_window_extension"": 0}","{""max_displacement"": 0, ""site_search_window"": 0, ""row_search_window"": 0, ""disallow_one_site_gaps"": 0, ""use_diamond_legalizer"": 1, ""disable_window_extension"": 0}",VALID,4992984.1,4992984.1,0.0,0.0,0.0,False
45,57,9,RISCY-FPU-b-2-c20,3,"{""max_displacement"": 0, ""site_search_window"": 0, ""row_search_window"": 0, ""disallow_one_site_gaps"": 0, ""use_diamond_legalizer"": 1, ""disable_window_extension"": 0}","{""max_displacement"": 0, ""site_search_window"": 10, ""row_search_window"": 2, ""disallow_one_site_gaps"": 0, ""use_diamond_legalizer"": 1, ""disable_window_extension"": 0}",VALID,4992984.1,4992984.1,0.0,0.0,0.0,False
45,57,10,RISCY-FPU-b-2-c20,3,"{""max_displacement"": 0, ""site_search_window"": 10, ""row_search_window"": 2, ""disallow_one_site_gaps"": 0, ""use_diamond_legalizer"": 1, ""disable_window_extension"": 0}","{""max_displacement"": 0, ""site_search_window"": 20, ""row_search_window"": 4, ""disallow_one_site_gaps"": 0, ""use_diamond_legalizer"": 1, ""disable_window_extension"": 0}",VALID,4992984.1,4992984.1,0.0,0.0,0.0,True
45,58,1,zero-riscy-b-1-c5,2,"{""max_displacement"": 0, ""site_search_window"": 0, ""row_search_window"": 0, ""disallow_one_site_gaps"": 0, ""use_diamond_legalizer"": 1, ""disable_window_extension"": 0}","{""max_displacement"": 0, ""site_search_window"": 0, ""row_search_window"": 0, ""disallow_one_site_gaps"": 0, ""use_diamond_legalizer"": 1, ""disable_window_extension"": 0}",VALID,2082484.8,2082484.8,0.0,0.0,0.0,False
45,58,2,zero-riscy-b-1-c5,0,"{""max_displacement"": 0, ""site_search_window"": 0, ""row_search_window"": 0, ""disallow_one_site_gaps"": 0, ""use_diamond_legalizer"": 1, ""disable_window_extension"": 0}","{""max_displacement"": 0, ""site_search_window"": 0, ""row_search_window"": 0, ""disallow_one_site_gaps"": true, ""use_diamond_legalizer"": 1, ""disable_window_extension"": true}",VALID,2082484.8,2082484.8,0.0,0.0,0.0,False
45,58,3,zero-riscy-b-1-c5,0,"{""max_displacement"": 0, ""site_search_window"": 0, ""row_search_window"": 0, ""disallow_one_site_gaps"": true, ""use_diamond_legalizer"": 1, ""disable_window_extension"": true}","{""max_displacement"": 0, ""site_search_window"": 0, ""row_search_window"": 0, ""disallow_one_site_gaps"": false, ""use_diamond_legalizer"": 1, ""disable_window_extension"": false}",VALID,2082484.8,2082484.8,0.0,0.0,0.0,False
45,58,4,zero-riscy-b-1-c5,7,"{""max_displacement"": 0, ""site_search_window"": 0, ""row_search_window"": 0, ""disallow_one_site_gaps"": false, ""use_diamond_legalizer"": 1, ""disable_window_extension"": false}","{""max_displacement"": 0, ""site_search_window"": 0, ""row_search_window"": 0, ""disallow_one_site_gaps"": false, ""use_diamond_legalizer"": 1, ""disable_window_extension"": false}",VALID,2082484.8,2082484.8,0.0,0.0,0.0,False
45,58,5,zero-riscy-b-1-c5,1,"{""max_displacement"": 0, ""site_search_window"": 0, ""row_search_window"": 0, ""disallow_one_site_gaps"": false, ""use_diamond_legalizer"": 1, ""disable_window_extension"": false}","{""max_displacement"": 10, ""site_search_window"": 10, ""row_search_window"": 2, ""disallow_one_site_gaps"": false, ""use_diamond_legalizer"": 1, ""disable_window_extension"": false}",FAILED,2082484.8,2082484.8,0.0,-100.0,-1.0,False
45,58,6,zero-riscy-b-1-c5,5,"{""max_displacement"": 10, ""site_search_window"": 10, ""row_search_window"": 2, ""disallow_one_site_gaps"": false, ""use_diamond_legalizer"": 1, ""disable_window_extension"": false}","{""max_displacement"": 20, ""site_search_window"": 20, ""row_search_window"": 2, ""disallow_one_site_gaps"": false, ""use_diamond_legalizer"": 1, ""disable_window_extension"": false}",VALID,2082484.8,2082484.8,0.0,0.0,0.0,False
45,58,7,zero-riscy-b-1-c5,3,"{""max_displacement"": 20, ""site_search_window"": 20, ""row_search_window"": 2, ""disallow_one_site_gaps"": false, ""use_diamond_legalizer"": 1, ""disable_window_extension"": false}","{""max_displacement"": 20, ""site_search_window"": 30, ""row_search_window"": 4, ""disallow_one_site_gaps"": false, ""use_diamond_legalizer"": 1, ""disable_window_extension"": false}",VALID,2082484.8,2082484.8,0.0,0.0,0.0,False
45,58,8,zero-riscy-b-1-c5,5,"{""max_displacement"": 20, ""site_search_window"": 30, ""row_search_window"": 4, ""disallow_one_site_gaps"": false, ""use_diamond_legalizer"": 1, ""disable_window_extension"": false}","{""max_displacement"": 30, ""site_search_window"": 40, ""row_search_window"": 4, ""disallow_one_site_gaps"": false, ""use_diamond_legalizer"": 1, ""disable_window_extension"": false}",VALID,2082484.8,2082484.8,0.0,0.0,0.0,False
45,58,9,zero-riscy-b-1-c5,1,"{""max_displacement"": 30, ""site_search_window"": 40, ""row_search_window"": 4, ""disallow_one_site_gaps"": false, ""use_diamond_legalizer"": 1, ""disable_window_extension"": false}","{""max_displacement"": 40, ""site_search_window"": 50, ""row_search_window"": 6, ""disallow_one_site_gaps"": false, ""use_diamond_legalizer"": 1, ""disable_window_extension"": false}",VALID,2082484.8,2082484.8,0.0,0.0,0.0,False
45,58,10,zero-riscy-b-1-c5,6,"{""max_displacement"": 40, ""site_search_window"": 50, ""row_search_window"": 6, ""disallow_one_site_gaps"": false, ""use_diamond_legalizer"": 1, ""disable_window_extension"": false}","{""max_displacement"": 30, ""site_search_window"": 40, ""row_search_window"": 6, ""disallow_one_site_gaps"": false, ""use_diamond_legalizer"": 1, ""disable_window_extension"": false}",VALID,2082484.8,2082484.8,0.0,0.0,0.0,True
45,59,1,RISCY-FPU-a-1-c5,0,"{""max_displacement"": 0, ""site_search_window"": 0, ""row_search_window"": 0, ""disallow_one_site_gaps"": 0, ""use_diamond_legalizer"": 1, ""disable_window_extension"": 0}","{""max_displacement"": 0, ""site_search_window"": 0, ""row_search_window"": 0, ""disallow_one_site_gaps"": true, ""use_diamond_legalizer"": 1, ""disable_window_extension"": true}",VALID,6071437.2,6071437.2,0.0,0.0,0.0,False
45,59,2,RISCY-FPU-a-1-c5,6,"{""max_displacement"": 0, ""site_search_window"": 0, ""row_search_window"": 0, ""disallow_one_site_gaps"": true, ""use_diamond_legalizer"": 1, ""disable_window_extension"": true}","{""max_displacement"": 0, ""site_search_window"": 0, ""row_search_window"": 0, ""disallow_one_site_gaps"": true, ""use_diamond_legalizer"": 1, ""disable_window_extension"": true}",VALID,6071437.2,6071437.2,0.0,0.0,0.0,False
45,59,3,RISCY-FPU-a-1-c5,6,"{""max_displacement"": 0, ""site_search_window"": 0, ""row_search_window"": 0, ""disallow_one_site_gaps"": true, ""use_diamond_legalizer"": 1, ""disable_window_extension"": true}","{""max_displacement"": 0, ""site_search_window"": 0, ""row_search_window"": 0, ""disallow_one_site_gaps"": true, ""use_diamond_legalizer"": 1, ""disable_window_extension"": true}",VALID,6071437.2,6071437.2,0.0,0.0,0.0,False
45,59,4,RISCY-FPU-a-1-c5,0,"{""max_displacement"": 0, ""site_search_window"": 0, ""row_search_window"": 0, ""disallow_one_site_gaps"": true, ""use_diamond_legalizer"": 1, ""disable_window_extension"": true}","{""max_displacement"": 0, ""site_search_window"": 0, ""row_search_window"": 0, ""disallow_one_site_gaps"": false, ""use_diamond_legalizer"": 1, ""disable_window_extension"": false}",VALID,6071437.2,6071437.2,0.0,0.0,0.0,False
45,59,5,RISCY-FPU-a-1-c5,5,"{""max_displacement"": 0, ""site_search_window"": 0, ""row_search_window"": 0, ""disallow_one_site_gaps"": false, ""use_diamond_legalizer"": 1, ""disable_window_extension"": false}","{""max_displacement"": 10, ""site_search_window"": 10, ""row_search_window"": 0, ""disallow_one_site_gaps"": false, ""use_diamond_legalizer"": 1, ""disable_window_extension"": false}",FAILED,6071437.2,6071437.2,0.0,-100.0,-1.0,False
45,59,6,RISCY-FPU-a-1-c5,6,"{""max_displacement"": 10, ""site_search_window"": 10, ""row_search_window"": 0, ""disallow_one_site_gaps"": false, ""use_diamond_legalizer"": 1, ""disable_window_extension"": false}","{""max_displacement"": 0, ""site_search_window"": 0, ""row_search_window"": 0, ""disallow_one_site_gaps"": false, ""use_diamond_legalizer"": 1, ""disable_window_extension"": false}",VALID,6071437.2,6071437.2,0.0,0.0,0.0,False
45,59,7,RISCY-FPU-a-1-c5,4,"{""max_displacement"": 0, ""site_search_window"": 0, ""row_search_window"": 0, ""disallow_one_site_gaps"": false, ""use_diamond_legalizer"": 1, ""disable_window_extension"": false}","{""max_displacement"": 0, ""site_search_window"": 0, ""row_search_window"": 0, ""disallow_one_site_gaps"": false, ""use_diamond_legalizer"": 1, ""disable_window_extension"": false}",VALID,6071437.2,6071437.2,0.0,0.0,0.0,False
45,59,8,RISCY-FPU-a-1-c5,0,"{""max_displacement"": 0, ""site_search_window"": 0, ""row_search_window"": 0, ""disallow_one_site_gaps"": false, ""use_diamond_legalizer"": 1, ""disable_window_extension"": false}","{""max_displacement"": 0, ""site_search_window"": 0, ""row_search_window"": 0, ""disallow_one_site_gaps"": true, ""use_diamond_legalizer"": 1, ""disable_window_extension"": true}",VALID,6071437.2,6071437.2,0.0,0.0,0.0,False
45,59,9,RISCY-FPU-a-1-c5,2,"{""max_displacement"": 0, ""site_search_window"": 0, ""row_search_window"": 0, ""disallow_one_site_gaps"": true, ""use_diamond_legalizer"": 1, ""disable_window_extension"": true}","{""max_displacement"": 0, ""site_search_window"": 0, ""row_search_window"": 0, ""disallow_one_site_gaps"": true, ""use_diamond_legalizer"": 1, ""disable_window_extension"": true}",VALID,6071437.2,6071437.2,0.0,0.0,0.0,False
45,59,10,RISCY-FPU-a-1-c5,5,"{""max_displacement"": 0, ""site_search_window"": 0, ""row_search_window"": 0, ""disallow_one_site_gaps"": true, ""use_diamond_legalizer"": 1, ""disable_window_extension"": true}","{""max_displacement"": 10, ""site_search_window"": 10, ""row_search_window"": 0, ""disallow_one_site_gaps"": true, ""use_diamond_legalizer"": 1, ""disable_window_extension"": true}",FAILED,6071437.2,6071437.2,0.0,-100.0,-1.0,True
45,60,1,zero-riscy-a-3-c20,1,"{""max_displacement"": 0, ""site_search_window"": 0, ""row_search_window"": 0, ""disallow_one_site_gaps"": 0, ""use_diamond_legalizer"": 1, ""disable_window_extension"": 0}","{""max_displacement"": 10, ""site_search_window"": 10, ""row_search_window"": 2, ""disallow_one_site_gaps"": 0, ""use_diamond_legalizer"": 1, ""disable_window_extension"": 0}",FAILED,4037614.6,4037614.6,0.0,-100.0,-1.0,False
45,60,2,zero-riscy-a-3-c20,4,"{""max_displacement"": 10, ""site_search_window"": 10, ""row_search_window"": 2, ""disallow_one_site_gaps"": 0, ""use_diamond_legalizer"": 1, ""disable_window_extension"": 0}","{""max_displacement"": 10, ""site_search_window"": 0, ""row_search_window"": 0, ""disallow_one_site_gaps"": 0, ""use_diamond_legalizer"": 1, ""disable_window_extension"": 0}",FAILED,4037614.6,4037614.6,0.0,-100.0,-1.0,False
45,60,3,zero-riscy-a-3-c20,5,"{""max_displacement"": 10, ""site_search_window"": 0, ""row_search_window"": 0, ""disallow_one_site_gaps"": 0, ""use_diamond_legalizer"": 1, ""disable_window_extension"": 0}","{""max_displacement"": 20, ""site_search_window"": 10, ""row_search_window"": 0, ""disallow_one_site_gaps"": 0, ""use_diamond_legalizer"": 1, ""disable_window_extension"": 0}",VALID,4037614.6,4037567.8,46.8000000002794,0.0012000000000000001,1.1591002271558904e-05,False
45,60,4,zero-riscy-a-3-c20,3,"{""max_displacement"": 20, ""site_search_window"": 10, ""row_search_window"": 0, ""disallow_one_site_gaps"": 0, ""use_diamond_legalizer"": 1, ""disable_window_extension"": 0}","{""max_displacement"": 20, ""site_search_window"": 20, ""row_search_window"": 2, ""disallow_one_site_gaps"": 0, ""use_diamond_legalizer"": 1, ""disable_window_extension"": 0}",VALID,4037614.6,4037567.8,0.0,0.0,0.0,False
45,60,5,zero-riscy-a-3-c20,0,"{""max_displacement"": 20, ""site_search_window"": 20, ""row_search_window"": 2, ""disallow_one_site_gaps"": 0, ""use_diamond_legalizer"": 1, ""disable_window_extension"": 0}","{""max_displacement"": 20, ""site_search_window"": 20, ""row_search_window"": 2, ""disallow_one_site_gaps"": true, ""use_diamond_legalizer"": 1, ""disable_window_extension"": true}",VALID,4037614.6,4037567.8,0.0,0.0,0.0,False
45,60,6,zero-riscy-a-3-c20,2,"{""max_displacement"": 20, ""site_search_window"": 20, ""row_search_window"": 2, ""disallow_one_site_gaps"": true, ""use_diamond_legalizer"": 1, ""disable_window_extension"": true}","{""max_displacement"": 10, ""site_search_window"": 10, ""row_search_window"": 0, ""disallow_one_site_gaps"": true, ""use_diamond_legalizer"": 1, ""disable_window_extension"": true}",FAILED,4037614.6,4037567.8,0.0,-100.0,-1.0,False
45,60,7,zero-riscy-a-3-c20,2,"{""max_displacement"": 10, ""site_search_window"": 10, ""row_search_window"": 0, ""disallow_one_site_gaps"": true, ""use_diamond_legalizer"": 1, ""disable_window_extension"": true}","{""max_displacement"": 0, ""site_search_window"": 0, ""row_search_window"": 0, ""disallow_one_site_gaps"": true, ""use_diamond_legalizer"": 1, ""disable_window_extension"": true}",VALID,4037614.6,4037614.6,-46.8000000002794,-0.0012000000000000001,-1.1591136624449848e-05,False
45,60,8,zero-riscy-a-3-c20,5,"{""max_displacement"": 0, ""site_search_window"": 0, ""row_search_window"": 0, ""disallow_one_site_gaps"": true, ""use_diamond_legalizer"": 1, ""disable_window_extension"": true}","{""max_displacement"": 10, ""site_search_window"": 10, ""row_search_window"": 0, ""disallow_one_site_gaps"": true, ""use_diamond_legalizer"": 1, ""disable_window_extension"": true}",FAILED,4037614.6,4037614.6,0.0,-100.0,-1.0,False
45,60,9,zero-riscy-a-3-c20,6,"{""max_displacement"": 10, ""site_search_window"": 10, ""row_search_window"": 0, ""disallow_one_site_gaps"": true, ""use_diamond_legalizer"": 1, ""disable_window_extension"": true}","{""max_displacement"": 0, ""site_search_window"": 0, ""row_search_window"": 0, ""disallow_one_site_gaps"": true, ""use_diamond_legalizer"": 1, ""disable_window_extension"": true}",VALID,4037614.6,4037614.6,0.0,0.0,0.0,False
45,60,10,zero-riscy-a-3-c20,3,"{""max_displacement"": 0, ""site_search_window"": 0, ""row_search_window"": 0, ""disallow_one_site_gaps"": true, ""use_diamond_legalizer"": 1, ""disable_window_extension"": true}","{""max_displacement"": 0, ""site_search_window"": 10, ""row_search_window"": 2, ""disallow_one_site_gaps"": true, ""use_diamond_legalizer"": 1, ""disable_window_extension"": true}",VALID,4037614.6,4037614.6,0.0,0.0,0.0,True
45,61,1,zero-riscy-a-3-c2,3,"{""max_displacement"": 0, ""site_search_window"": 0, ""row_search_window"": 0, ""disallow_one_site_gaps"": 0, ""use_diamond_legalizer"": 1, ""disable_window_extension"": 0}","{""max_displacement"": 0, ""site_search_window"": 10, ""row_search_window"": 2, ""disallow_one_site_gaps"": 0, ""use_diamond_legalizer"": 1, ""disable_window_extension"": 0}",VALID,4400147.4,4400147.4,0.0,0.0,0.0,False
45,61,2,zero-riscy-a-3-c2,4,"{""max_displacement"": 0, ""site_search_window"": 10, ""row_search_window"": 2, ""disallow_one_site_gaps"": 0, ""use_diamond_legalizer"": 1, ""disable_window_extension"": 0}","{""max_displacement"": 0, ""site_search_window"": 0, ""row_search_window"": 0, ""disallow_one_site_gaps"": 0, ""use_diamond_legalizer"": 1, ""disable_window_extension"": 0}",VALID,4400147.4,4400147.4,0.0,0.0,0.0,False
45,61,3,zero-riscy-a-3-c2,3,"{""max_displacement"": 0, ""site_search_window"": 0, ""row_search_window"": 0, ""disallow_one_site_gaps"": 0, ""use_diamond_legalizer"": 1, ""disable_window_extension"": 0}","{""max_displacement"": 0, ""site_search_window"": 10, ""row_search_window"": 2, ""disallow_one_site_gaps"": 0, ""use_diamond_legalizer"": 1, ""disable_window_extension"": 0}",VALID,4400147.4,4400147.4,0.0,0.0,0.0,False
45,61,4,zero-riscy-a-3-c2,7,"{""max_displacement"": 0, ""site_search_window"": 10, ""row_search_window"": 2, ""disallow_one_site_gaps"": 0, ""use_diamond_legalizer"": 1, ""disable_window_extension"": 0}","{""max_displacement"": 0, ""site_search_window"": 10, ""row_search_window"": 2, ""disallow_one_site_gaps"": 0, ""use_diamond_legalizer"": 1, ""disable_window_extension"": 0}",VALID,4400147.4,4400147.4,0.0,0.0,0.0,False
45,61,5,zero-riscy-a-3-c2,6,"{""max_displacement"": 0, ""site_search_window"": 10, ""row_search_window"": 2, ""disallow_one_site_gaps"": 0, ""use_diamond_legalizer"": 1, ""disable_window_extension"": 0}","{""max_displacement"": 0, ""site_search_window"": 0, ""row_search_window"": 2, ""disallow_one_site_gaps"": 0, ""use_diamond_legalizer"": 1, ""disable_window_extension"": 0}",VALID,4400147.4,4400147.4,0.0,0.0,0.0,False
45,61,6,zero-riscy-a-3-c2,6,"{""max_displacement"": 0, ""site_search_window"": 0, ""row_search_window"": 2, ""disallow_one_site_gaps"": 0, ""use_diamond_legalizer"": 1, ""disable_window_extension"": 0}","{""max_displacement"": 0, ""site_search_window"": 0, ""row_search_window"": 2, ""disallow_one_site_gaps"": 0, ""use_diamond_legalizer"": 1, ""disable_window_extension"": 0}",VALID,4400147.4,4400147.4,0.0,0.0,0.0,False
45,61,7,zero-riscy-a-3-c2,1,"{""max_displacement"": 0, ""site_search_window"": 0, ""row_search_window"": 2, ""disallow_one_site_gaps"": 0, ""use_diamond_legalizer"": 1, ""disable_window_extension"": 0}","{""max_displacement"": 10, ""site_search_window"": 10, ""row_search_window"": 4, ""disallow_one_site_gaps"": 0, ""use_diamond_legalizer"": 1, ""disable_window_extension"": 0}",VALID,4400147.4,4400152.7,-5.2999999998137355,-9.999999999999999e-05,-1.2045051035821516e-06,False
45,61,8,zero-riscy-a-3-c2,6,"{""max_displacement"": 10, ""site_search_window"": 10, ""row_search_window"": 4, ""disallow_one_site_gaps"": 0, ""use_diamond_legalizer"": 1, ""disable_window_extension"": 0}","{""max_displacement"": 0, ""site_search_window"": 0, ""row_search_window"": 4, ""disallow_one_site_gaps"": 0, ""use_diamond_legalizer"": 1, ""disable_window_extension"": 0}",VALID,4400147.4,4400147.4,5.2999999998137355,9.999999999999999e-05,1.2045036527513546e-06,False
45,61,9,zero-riscy-a-3-c2,2,"{""max_displacement"": 0, ""site_search_window"": 0, ""row_search_window"": 4, ""disallow_one_site_gaps"": 0, ""use_diamond_legalizer"": 1, ""disable_window_extension"": 0}","{""max_displacement"": 0, ""site_search_window"": 0, ""row_search_window"": 2, ""disallow_one_site_gaps"": 0, ""use_diamond_legalizer"": 1, ""disable_window_extension"": 0}",VALID,4400147.4,4400147.4,0.0,0.0,0.0,False
45,61,10,zero-riscy-a-3-c2,4,"{""max_displacement"": 0, ""site_search_window"": 0, ""row_search_window"": 2, ""disallow_one_site_gaps"": 0, ""use_diamond_legalizer"": 1, ""disable_window_extension"": 0}","{""max_displacement"": 0, ""site_search_window"": 0, ""row_search_window"": 0, ""disallow_one_site_gaps"": 0, ""use_diamond_legalizer"": 1, ""disable_window_extension"": 0}",VALID,4400147.4,4400147.4,0.0,0.0,0.0,True
45,62,1,RISCY-FPU-b-2-c5,3,"{""max_displacement"": 0, ""site_search_window"": 0, ""row_search_window"": 0, ""disallow_one_site_gaps"": 0, ""use_diamond_legalizer"": 1, ""disable_window_extension"": 0}","{""max_displacement"": 0, ""site_search_window"": 10, ""row_search_window"": 2, ""disallow_one_site_gaps"": 0, ""use_diamond_legalizer"": 1, ""disable_window_extension"": 0}",VALID,5390089.0,5390089.0,0.0,0.0,0.0,False
45,62,2,RISCY-FPU-b-2-c5,7,"{""max_displacement"": 0, ""site_search_window"": 10, ""row_search_window"": 2, ""disallow_one_site_gaps"": 0, ""use_diamond_legalizer"": 1, ""disable_window_extension"": 0}","{""max_displacement"": 0, ""site_search_window"": 10, ""row_search_window"": 2, ""disallow_one_site_gaps"": 0, ""use_diamond_legalizer"": 1, ""disable_window_extension"": 0}",VALID,5390089.0,5390089.0,0.0,0.0,0.0,False
45,62,3,RISCY-FPU-b-2-c5,7,"{""max_displacement"": 0, ""site_search_window"": 10, ""row_search_window"": 2, ""disallow_one_site_gaps"": 0, ""use_diamond_legalizer"": 1, ""disable_window_extension"": 0}","{""max_displacement"": 0, ""site_search_window"": 10, ""row_search_window"": 2, ""disallow_one_site_gaps"": 0, ""use_diamond_legalizer"": 1, ""disable_window_extension"": 0}",VALID,5390089.0,5390089.0,0.0,0.0,0.0,False
45,62,4,RISCY-FPU-b-2-c5,3,"{""max_displacement"": 0, ""site_search_window"": 10, ""row_search_window"": 2, ""disallow_one_site_gaps"": 0, ""use_diamond_legalizer"": 1, ""disable_window_extension"": 0}","{""max_displacement"": 0, ""site_search_window"": 20, ""row_search_window"": 4, ""disallow_one_site_gaps"": 0, ""use_diamond_legalizer"": 1, ""disable_window_extension"": 0}",VALID,5390089.0,5390089.0,0.0,0.0,0.0,False
45,62,5,RISCY-FPU-b-2-c5,0,"{""max_displacement"": 0, ""site_search_window"": 20, ""row_search_window"": 4, ""disallow_one_site_gaps"": 0, ""use_diamond_legalizer"": 1, ""disable_window_extension"": 0}","{""max_displacement"": 0, ""site_search_window"": 20, ""row_search_window"": 4, ""disallow_one_site_gaps"": true, ""use_diamond_legalizer"": 1, ""disable_window_extension"": true}",VALID,5390089.0,5390089.0,0.0,0.0,0.0,False
45,62,6,RISCY-FPU-b-2-c5,6,"{""max_displacement"": 0, ""site_search_window"": 20, ""row_search_window"": 4, ""disallow_one_site_gaps"": true, ""use_diamond_legalizer"": 1, ""disable_window_extension"": true}","{""max_displacement"": 0, ""site_search_window"": 10, ""row_search_window"": 4, ""disallow_one_site_gaps"": true, ""use_diamond_legalizer"": 1, ""disable_window_extension"": true}",VALID,5390089.0,5390089.0,0.0,0.0,0.0,False
45,62,7,RISCY-FPU-b-2-c5,6,"{""max_displacement"": 0, ""site_search_window"": 10, ""row_search_window"": 4, ""disallow_one_site_gaps"": true, ""use_diamond_legalizer"": 1, ""disable_window_extension"": true}","{""max_displacement"": 0, ""site_search_window"": 0, ""row_search_window"": 4, ""disallow_one_site_gaps"": true, ""use_diamond_legalizer"": 1, ""disable_window_extension"": true}",VALID,5390089.0,5390089.0,0.0,0.0,0.0,False
45,62,8,RISCY-FPU-b-2-c5,4,"{""max_displacement"": 0, ""site_search_window"": 0, ""row_search_window"": 4, ""disallow_one_site_gaps"": true, ""use_diamond_legalizer"": 1, ""disable_window_extension"": true}","{""max_displacement"": 0, ""site_search_window"": 0, ""row_search_window"": 2, ""disallow_one_site_gaps"": true, ""use_diamond_legalizer"": 1, ""disable_window_extension"": true}",VALID,5390089.0,5390089.0,0.0,0.0,0.0,False
45,62,9,RISCY-FPU-b-2-c5,3,"{""max_displacement"": 0, ""site_search_window"": 0, ""row_search_window"": 2, ""disallow_one_site_gaps"": true, ""use_diamond_legalizer"": 1, ""disable_window_extension"": true}","{""max_displacement"": 0, ""site_search_window"": 10, ""row_search_window"": 4, ""disallow_one_site_gaps"": true, ""use_diamond_legalizer"": 1, ""disable_window_extension"": true}",VALID,5390089.0,5390089.0,0.0,0.0,0.0,False
45,62,10,RISCY-FPU-b-2-c5,7,"{""max_displacement"": 0, ""site_search_window"": 10, ""row_search_window"": 4, ""disallow_one_site_gaps"": true, ""use_diamond_legalizer"": 1, ""disable_window_extension"": true}","{""max_displacement"": 0, ""site_search_window"": 10, ""row_search_window"": 4, ""disallow_one_site_gaps"": true, ""use_diamond_legalizer"": 1, ""disable_window_extension"": true}",VALID,5390089.0,5390089.0,0.0,0.0,0.0,True
45,63,1,RISCY-a-3-c20,1,"{""max_displacement"": 0, ""site_search_window"": 0, ""row_search_window"": 0, ""disallow_one_site_gaps"": 0, ""use_diamond_legalizer"": 1, ""disable_window_extension"": 0}","{""max_displacement"": 10, ""site_search_window"": 10, ""row_search_window"": 2, ""disallow_one_site_gaps"": 0, ""use_diamond_legalizer"": 1, ""disable_window_extension"": 0}",FAILED,5117723.0,5117723.0,0.0,-100.0,-1.0,False
45,63,2,RISCY-a-3-c20,7,"{""max_displacement"": 10, ""site_search_window"": 10, ""row_search_window"": 2, ""disallow_one_site_gaps"": 0, ""use_diamond_legalizer"": 1, ""disable_window_extension"": 0}","{""max_displacement"": 10, ""site_search_window"": 10, ""row_search_window"": 2, ""disallow_one_site_gaps"": 0, ""use_diamond_legalizer"": 1, ""disable_window_extension"": 0}",FAILED,5117723.0,5117723.0,0.0,-100.0,-1.0,False
45,63,3,RISCY-a-3-c20,2,"{""max_displacement"": 10, ""site_search_window"": 10, ""row_search_window"": 2, ""disallow_one_site_gaps"": 0, ""use_diamond_legalizer"": 1, ""disable_window_extension"": 0}","{""max_displacement"": 0, ""site_search_window"": 0, ""row_search_window"": 0, ""disallow_one_site_gaps"": 0, ""use_diamond_legalizer"": 1, ""disable_window_extension"": 0}",VALID,5117723.0,5117723.0,0.0,0.0,0.0,False
45,63,4,RISCY-a-3-c20,3,"{""max_displacement"": 0, ""site_search_window"": 0, ""row_search_window"": 0, ""disallow_one_site_gaps"": 0, ""use_diamond_legalizer"": 1, ""disable_window_extension"": 0}","{""max_displacement"": 0, ""site_search_window"": 10, ""row_search_window"": 2, ""disallow_one_site_gaps"": 0, ""use_diamond_legalizer"": 1, ""disable_window_extension"": 0}",VALID,5117723.0,5117723.0,0.0,0.0,0.0,False
45,63,5,RISCY-a-3-c20,1,"{""max_displacement"": 0, ""site_search_window"": 10, ""row_search_window"": 2, ""disallow_one_site_gaps"": 0, ""use_diamond_legalizer"": 1, ""disable_window_extension"": 0}","{""max_displacement"": 10, ""site_search_window"": 20, ""row_search_window"": 4, ""disallow_one_site_gaps"": 0, ""use_diamond_legalizer"": 1, ""disable_window_extension"": 0}",FAILED,5117723.0,5117723.0,0.0,-100.0,-1.0,False
45,63,6,RISCY-a-3-c20,4,"{""max_displacement"": 10, ""site_search_window"": 20, ""row_search_window"": 4, ""disallow_one_site_gaps"": 0, ""use_diamond_legalizer"": 1, ""disable_window_extension"": 0}","{""max_displacement"": 10, ""site_search_window"": 10, ""row_search_window"": 2, ""disallow_one_site_gaps"": 0, ""use_diamond_legalizer"": 1, ""disable_window_extension"": 0}",FAILED,5117723.0,5117723.0,0.0,-100.0,-1.0,False
45,63,7,RISCY-a-3-c20,0,"{""max_displacement"": 10, ""site_search_window"": 10, ""row_search_window"": 2, ""disallow_one_site_gaps"": 0, ""use_diamond_legalizer"": 1, ""disable_window_extension"": 0}","{""max_displacement"": 10, ""site_search_window"": 10, ""row_search_window"": 2, ""disallow_one_site_gaps"": true, ""use_diamond_legalizer"": 1, ""disable_window_extension"": true}",FAILED,5117723.0,5117723.0,0.0,-100.0,-1.0,False
45,63,8,RISCY-a-3-c20,3,"{""max_displacement"": 10, ""site_search_window"": 10, ""row_search_window"": 2, ""disallow_one_site_gaps"": true, ""use_diamond_legalizer"": 1, ""disable_window_extension"": true}","{""max_displacement"": 10, ""site_search_window"": 20, ""row_search_window"": 4, ""disallow_one_site_gaps"": true, ""use_diamond_legalizer"": 1, ""disable_window_extension"": true}",FAILED,5117723.0,5117723.0,0.0,-100.0,-1.0,False
45,63,9,RISCY-a-3-c20,4,"{""max_displacement"": 10, ""site_search_window"": 20, ""row_search_window"": 4, ""disallow_one_site_gaps"": true, ""use_diamond_legalizer"": 1, ""disable_window_extension"": true}","{""max_displacement"": 10, ""site_search_window"": 10, ""row_search_window"": 2, ""disallow_one_site_gaps"": true, ""use_diamond_legalizer"": 1, ""disable_window_extension"": true}",FAILED,5117723.0,5117723.0,0.0,-100.0,-1.0,False
45,63,10,RISCY-a-3-c20,6,"{""max_displacement"": 10, ""site_search_window"": 10, ""row_search_window"": 2, ""disallow_one_site_gaps"": true, ""use_diamond_legalizer"": 1, ""disable_window_extension"": true}","{""max_displacement"": 0, ""site_search_window"": 0, ""row_search_window"": 2, ""disallow_one_site_gaps"": true, ""use_diamond_legalizer"": 1, ""disable_window_extension"": true}",VALID,5117723.0,5117723.0,0.0,0.0,0.0,True
45,64,1,RISCY-a-2-c2,6,"{""max_displacement"": 0, ""site_search_window"": 0, ""row_search_window"": 0, ""disallow_one_site_gaps"": 0, ""use_diamond_legalizer"": 1, ""disable_window_extension"": 0}","{""max_displacement"": 0, ""site_search_window"": 0, ""row_search_window"": 0, ""disallow_one_site_gaps"": 0, ""use_diamond_legalizer"": 1, ""disable_window_extension"": 0}",VALID,4861249.7,4861249.7,0.0,0.0,0.0,False
45,64,2,RISCY-a-2-c2,0,"{""max_displacement"": 0, ""site_search_window"": 0, ""row_search_window"": 0, ""disallow_one_site_gaps"": 0, ""use_diamond_legalizer"": 1, ""disable_window_extension"": 0}","{""max_displacement"": 0, ""site_search_window"": 0, ""row_search_window"": 0, ""disallow_one_site_gaps"": true, ""use_diamond_legalizer"": 1, ""disable_window_extension"": true}",VALID,4861249.7,4861249.7,0.0,0.0,0.0,False
45,64,3,RISCY-a-2-c2,3,"{""max_displacement"": 0, ""site_search_window"": 0, ""row_search_window"": 0, ""disallow_one_site_gaps"": true, ""use_diamond_legalizer"": 1, ""disable_window_extension"": true}","{""max_displacement"": 0, ""site_search_window"": 10, ""row_search_window"": 2, ""disallow_one_site_gaps"": true, ""use_diamond_legalizer"": 1, ""disable_window_extension"": true}",VALID,4861249.7,4861249.7,0.0,0.0,0.0,False
45,64,4,RISCY-a-2-c2,6,"{""max_displacement"": 0, ""site_search_window"": 10, ""row_search_window"": 2, ""disallow_one_site_gaps"": true, ""use_diamond_legalizer"": 1, ""disable_window_extension"": true}","{""max_displacement"": 0, ""site_search_window"": 0, ""row_search_window"": 2, ""disallow_one_site_gaps"": true, ""use_diamond_legalizer"": 1, ""disable_window_extension"": true}",VALID,4861249.7,4861249.7,0.0,0.0,0.0,False
45,64,5,RISCY-a-2-c2,3,"{""max_displacement"": 0, ""site_search_window"": 0, ""row_search_window"": 2, ""disallow_one_site_gaps"": true, ""use_diamond_legalizer"": 1, ""disable_window_extension"": true}","{""max_displacement"": 0, ""site_search_window"": 10, ""row_search_window"": 4, ""disallow_one_site_gaps"": true, ""use_diamond_legalizer"": 1, ""disable_window_extension"": true}",VALID,4861249.7,4861249.7,0.0,0.0,0.0,False
45,64,6,RISCY-a-2-c2,1,"{""max_displacement"": 0, ""site_search_window"": 10, ""row_search_window"": 4, ""disallow_one_site_gaps"": true, ""use_diamond_legalizer"": 1, ""disable_window_extension"": true}","{""max_displacement"": 10, ""site_search_window"": 20, ""row_search_window"": 6, ""disallow_one_site_gaps"": true, ""use_diamond_legalizer"": 1, ""disable_window_extension"": true}",FAILED,4861249.7,4861249.7,0.0,-100.0,-1.0,False
45,64,7,RISCY-a-2-c2,2,"{""max_displacement"": 10, ""site_search_window"": 20, ""row_search_window"": 6, ""disallow_one_site_gaps"": true, ""use_diamond_legalizer"": 1, ""disable_window_extension"": true}","{""max_displacement"": 0, ""site_search_window"": 10, ""row_search_window"": 4, ""disallow_one_site_gaps"": true, ""use_diamond_legalizer"": 1, ""disable_window_extension"": true}",VALID,4861249.7,4861249.7,0.0,0.0,0.0,False
45,64,8,RISCY-a-2-c2,1,"{""max_displacement"": 0, ""site_search_window"": 10, ""row_search_window"": 4, ""disallow_one_site_gaps"": true, ""use_diamond_legalizer"": 1, ""disable_window_extension"": true}","{""max_displacement"": 10, ""site_search_window"": 20, ""row_search_window"": 6, ""disallow_one_site_gaps"": true, ""use_diamond_legalizer"": 1, ""disable_window_extension"": true}",FAILED,4861249.7,4861249.7,0.0,-100.0,-1.0,False
45,64,9,RISCY-a-2-c2,6,"{""max_displacement"": 10, ""site_search_window"": 20, ""row_search_window"": 6, ""disallow_one_site_gaps"": true, ""use_diamond_legalizer"": 1, ""disable_window_extension"": true}","{""max_displacement"": 0, ""site_search_window"": 10, ""row_search_window"": 6, ""disallow_one_site_gaps"": true, ""use_diamond_legalizer"": 1, ""disable_window_extension"": true}",VALID,4861249.7,4861249.7,0.0,0.0,0.0,False
45,64,10,RISCY-a-2-c2,4,"{""max_displacement"": 0, ""site_search_window"": 10, ""row_search_window"": 6, ""disallow_one_site_gaps"": true, ""use_diamond_legalizer"": 1, ""disable_window_extension"": true}","{""max_displacement"": 0, ""site_search_window"": 0, ""row_search_window"": 4, ""disallow_one_site_gaps"": true, ""use_diamond_legalizer"": 1, ""disable_window_extension"": true}",VALID,4861249.7,4861249.7,0.0,0.0,0.0,True
45,65,1,RISCY-FPU-b-3-c2,5,"{""max_displacement"": 0, ""site_search_window"": 0, ""row_search_window"": 0, ""disallow_one_site_gaps"": 0, ""use_diamond_legalizer"": 1, ""disable_window_extension"": 0}","{""max_displacement"": 10, ""site_search_window"": 10, ""row_search_window"": 0, ""disallow_one_site_gaps"": 0, ""use_diamond_legalizer"": 1, ""disable_window_extension"": 0}",FAILED,6781434.9,6781434.9,0.0,-100.0,-1.0,False
45,65,2,RISCY-FPU-b-3-c2,4,"{""max_displacement"": 10, ""site_search_window"": 10, ""row_search_window"": 0, ""disallow_one_site_gaps"": 0, ""use_diamond_legalizer"": 1, ""disable_window_extension"": 0}","{""max_displacement"": 10, ""site_search_window"": 0, ""row_search_window"": 0, ""disallow_one_site_gaps"": 0, ""use_diamond_legalizer"": 1, ""disable_window_extension"": 0}",FAILED,6781434.9,6781434.9,0.0,-100.0,-1.0,False
45,65,3,RISCY-FPU-b-3-c2,2,"{""max_displacement"": 10, ""site_search_window"": 0, ""row_search_window"": 0, ""disallow_one_site_gaps"": 0, ""use_diamond_legalizer"": 1, ""disable_window_extension"": 0}","{""max_displacement"": 0, ""site_search_window"": 0, ""row_search_window"": 0, ""disallow_one_site_gaps"": 0, ""use_diamond_legalizer"": 1, ""disable_window_extension"": 0}",VALID,6781434.9,6781434.9,0.0,0.0,0.0,False
45,65,4,RISCY-FPU-b-3-c2,7,"{""max_displacement"": 0, ""site_search_window"": 0, ""row_search_window"": 0, ""disallow_one_site_gaps"": 0, ""use_diamond_legalizer"": 1, ""disable_window_extension"": 0}","{""max_displacement"": 0, ""site_search_window"": 0, ""row_search_window"": 0, ""disallow_one_site_gaps"": 0, ""use_diamond_legalizer"": 1, ""disable_window_extension"": 0}",VALID,6781434.9,6781434.9,0.0,0.0,0.0,False
45,65,5,RISCY-FPU-b-3-c2,5,"{""max_displacement"": 0, ""site_search_window"": 0, ""row_search_window"": 0, ""disallow_one_site_gaps"": 0, ""use_diamond_legalizer"": 1, ""disable_window_extension"": 0}","{""max_displacement"": 10, ""site_search_window"": 10, ""row_search_window"": 0, ""disallow_one_site_gaps"": 0, ""use_diamond_legalizer"": 1, ""disable_window_extension"": 0}",FAILED,6781434.9,6781434.9,0.0,-100.0,-1.0,False
45,65,6,RISCY-FPU-b-3-c2,2,"{""max_displacement"": 10, ""site_search_window"": 10, ""row_search_window"": 0, ""disallow_one_site_gaps"": 0, ""use_diamond_legalizer"": 1, ""disable_window_extension"": 0}","{""max_displacement"": 0, ""site_search_window"": 0, ""row_search_window"": 0, ""disallow_one_site_gaps"": 0, ""use_diamond_legalizer"": 1, ""disable_window_extension"": 0}",VALID,6781434.9,6781434.9,0.0,0.0,0.0,False
45,65,7,RISCY-FPU-b-3-c2,6,"{""max_displacement"": 0, ""site_search_window"": 0, ""row_search_window"": 0, ""disallow_one_site_gaps"": 0, ""use_diamond_legalizer"": 1, ""disable_window_extension"": 0}","{""max_displacement"": 0, ""site_search_window"": 0, ""row_search_window"": 0, ""disallow_one_site_gaps"": 0, ""use_diamond_legalizer"": 1, ""disable_window_extension"": 0}",VALID,6781434.9,6781434.9,0.0,0.0,0.0,False
45,65,8,RISCY-FPU-b-3-c2,6,"{""max_displacement"": 0, ""site_search_window"": 0, ""row_search_window"": 0, ""disallow_one_site_gaps"": 0, ""use_diamond_legalizer"": 1, ""disable_window_extension"": 0}","{""max_displacement"": 0, ""site_search_window"": 0, ""row_search_window"": 0, ""disallow_one_site_gaps"": 0, ""use_diamond_legalizer"": 1, ""disable_window_extension"": 0}",VALID,6781434.9,6781434.9,0.0,0.0,0.0,False
45,65,9,RISCY-FPU-b-3-c2,0,"{""max_displacement"": 0, ""site_search_window"": 0, ""row_search_window"": 0, ""disallow_one_site_gaps"": 0, ""use_diamond_legalizer"": 1, ""disable_window_extension"": 0}","{""max_displacement"": 0, ""site_search_window"": 0, ""row_search_window"": 0, ""disallow_one_site_gaps"": true, ""use_diamond_legalizer"": 1, ""disable_window_extension"": true}",VALID,6781434.9,6781434.9,0.0,0.0,0.0,False
45,65,10,RISCY-FPU-b-3-c2,7,"{""max_displacement"": 0, ""site_search_window"": 0, ""row_search_window"": 0, ""disallow_one_site_gaps"": true, ""use_diamond_legalizer"": 1, ""disable_window_extension"": true}","{""max_displacement"": 0, ""site_search_window"": 0, ""row_search_window"": 0, ""disallow_one_site_gaps"": true, ""use_diamond_legalizer"": 1, ""disable_window_extension"": true}",VALID,6781434.9,6781434.9,0.0,0.0,0.0,True
45,66,1,RISCY-FPU-a-3-c5,3,"{""max_displacement"": 0, ""site_search_window"": 0, ""row_search_window"": 0, ""disallow_one_site_gaps"": 0, ""use_diamond_legalizer"": 1, ""disable_window_extension"": 0}","{""max_displacement"": 0, ""site_search_window"": 10, ""row_search_window"": 2, ""disallow_one_site_gaps"": 0, ""use_diamond_legalizer"": 1, ""disable_window_extension"": 0}",VALID,7615617.5,7615617.5,0.0,0.0,0.0,False
45,66,2,RISCY-FPU-a-3-c5,0,"{""max_displacement"": 0, ""site_search_window"": 10, ""row_search_window"": 2, ""disallow_one_site_gaps"": 0, ""use_diamond_legalizer"": 1, ""disable_window_extension"": 0}","{""max_displacement"": 0, ""site_search_window"": 10, ""row_search_window"": 2, ""disallow_one_site_gaps"": true, ""use_diamond_legalizer"": 1, ""disable_window_extension"": true}",VALID,7615617.5,7615617.5,0.0,0.0,0.0,False
45,66,3,RISCY-FPU-a-3-c5,4,"{""max_displacement"": 0, ""site_search_window"": 10, ""row_search_window"": 2, ""disallow_one_site_gaps"": true, ""use_diamond_legalizer"": 1, ""disable_window_extension"": true}","{""max_displacement"": 0, ""site_search_window"": 0, ""row_search_window"": 0, ""disallow_one_site_gaps"": true, ""use_diamond_legalizer"": 1, ""disable_window_extension"": true}",VALID,7615617.5,7615617.5,0.0,0.0,0.0,False
45,66,4,RISCY-FPU-a-3-c5,3,"{""max_displacement"": 0, ""site_search_window"": 0, ""row_search_window"": 0, ""disallow_one_site_gaps"": true, ""use_diamond_legalizer"": 1, ""disable_window_extension"": true}","{""max_displacement"": 0, ""site_search_window"": 10, ""row_search_window"": 2, ""disallow_one_site_gaps"": true, ""use_diamond_legalizer"": 1, ""disable_window_extension"": true}",VALID,7615617.5,7615617.5,0.0,0.0,0.0,False
45,66,5,RISCY-FPU-a-3-c5,5,"{""max_displacement"": 0, ""site_search_window"": 10, ""row_search_window"": 2, ""disallow_one_site_gaps"": true, ""use_diamond_legalizer"": 1, ""disable_window_extension"": true}","{""max_displacement"": 10, ""site_search_window"": 20, ""row_search_window"": 2, ""disallow_one_site_gaps"": true, ""use_diamond_legalizer"": 1, ""disable_window_extension"": true}",FAILED,7615617.5,7615617.5,0.0,-100.0,-1.0,False
45,66,6,RISCY-FPU-a-3-c5,0,"{""max_displacement"": 10, ""site_search_window"": 20, ""row_search_window"": 2, ""disallow_one_site_gaps"": true, ""use_diamond_legalizer"": 1, ""disable_window_extension"": true}","{""max_displacement"": 10, ""site_search_window"": 20, ""row_search_window"": 2, ""disallow_one_site_gaps"": false, ""use_diamond_legalizer"": 1, ""disable_window_extension"": false}",FAILED,7615617.5,7615617.5,0.0,-100.0,-1.0,False
45,66,7,RISCY-FPU-a-3-c5,7,"{""max_displacement"": 10, ""site_search_window"": 20, ""row_search_window"": 2, ""disallow_one_site_gaps"": false, ""use_diamond_legalizer"": 1, ""disable_window_extension"": false}","{""max_displacement"": 10, ""site_search_window"": 20, ""row_search_window"": 2, ""disallow_one_site_gaps"": false, ""use_diamond_legalizer"": 1, ""disable_window_extension"": false}",FAILED,7615617.5,7615617.5,0.0,-100.0,-1.0,False
45,66,8,RISCY-FPU-a-3-c5,1,"{""max_displacement"": 10, ""site_search_window"": 20, ""row_search_window"": 2, ""disallow_one_site_gaps"": false, ""use_diamond_legalizer"": 1, ""disable_window_extension"": false}","{""max_displacement"": 20, ""site_search_window"": 30, ""row_search_window"": 4, ""disallow_one_site_gaps"": false, ""use_diamond_legalizer"": 1, ""disable_window_extension"": false}",FAILED,7615617.5,7615617.5,0.0,-100.0,-1.0,False
45,66,9,RISCY-FPU-a-3-c5,5,"{""max_displacement"": 20, ""site_search_window"": 30, ""row_search_window"": 4, ""disallow_one_site_gaps"": false, ""use_diamond_legalizer"": 1, ""disable_window_extension"": false}","{""max_displacement"": 30, ""site_search_window"": 40, ""row_search_window"": 4, ""disallow_one_site_gaps"": false, ""use_diamond_legalizer"": 1, ""disable_window_extension"": false}",FAILED,7615617.5,7615617.5,0.0,-100.0,-1.0,False
45,66,10,RISCY-FPU-a-3-c5,3,"{""max_displacement"": 30, ""site_search_window"": 40, ""row_search_window"": 4, ""disallow_one_site_gaps"": false, ""use_diamond_legalizer"": 1, ""disable_window_extension"": false}","{""max_displacement"": 30, ""site_search_window"": 50, ""row_search_window"": 6, ""disallow_one_site_gaps"": false, ""use_diamond_legalizer"": 1, ""disable_window_extension"": false}",FAILED,7615617.5,7615617.5,0.0,-100.0,-1.0,True
45,67,1,RISCY-FPU-a-1-c2,2,"{""max_displacement"": 0, ""site_search_window"": 0, ""row_search_window"": 0, ""disallow_one_site_gaps"": 0, ""use_diamond_legalizer"": 1, ""disable_window_extension"": 0}","{""max_displacement"": 0, ""site_search_window"": 0, ""row_search_window"": 0, ""disallow_one_site_gaps"": 0, ""use_diamond_legalizer"": 1, ""disable_window_extension"": 0}",VALID,8256849.8,8256849.8,0.0,0.0,0.0,False
45,67,2,RISCY-FPU-a-1-c2,2,"{""max_displacement"": 0, ""site_search_window"": 0, ""row_search_window"": 0, ""disallow_one_site_gaps"": 0, ""use_diamond_legalizer"": 1, ""disable_window_extension"": 0}","{""max_displacement"": 0, ""site_search_window"": 0, ""row_search_window"": 0, ""disallow_one_site_gaps"": 0, ""use_diamond_legalizer"": 1, ""disable_window_extension"": 0}",VALID,8256849.8,8256849.8,0.0,0.0,0.0,False
45,67,3,RISCY-FPU-a-1-c2,0,"{""max_displacement"": 0, ""site_search_window"": 0, ""row_search_window"": 0, ""disallow_one_site_gaps"": 0, ""use_diamond_legalizer"": 1, ""disable_window_extension"": 0}","{""max_displacement"": 0, ""site_search_window"": 0, ""row_search_window"": 0, ""disallow_one_site_gaps"": true, ""use_diamond_legalizer"": 1, ""disable_window_extension"": true}",VALID,8256849.8,8256849.8,0.0,0.0,0.0,False
45,67,4,RISCY-FPU-a-1-c2,5,"{""max_displacement"": 0, ""site_search_window"": 0, ""row_search_window"": 0, ""disallow_one_site_gaps"": true, ""use_diamond_legalizer"": 1, ""disable_window_extension"": true}","{""max_displacement"": 10, ""site_search_window"": 10, ""row_search_window"": 0, ""disallow_one_site_gaps"": true, ""use_diamond_legalizer"": 1, ""disable_window_extension"": true}",FAILED,8256849.8,8256849.8,0.0,-100.0,-1.0,False
45,67,5,RISCY-FPU-a-1-c2,5,"{""max_displacement"": 10, ""site_search_window"": 10, ""row_search_window"": 0, ""disallow_one_site_gaps"": true, ""use_diamond_legalizer"": 1, ""disable_window_extension"": true}","{""max_displacement"": 20, ""site_search_window"": 20, ""row_search_window"": 0, ""disallow_one_site_gaps"": true, ""use_diamond_legalizer"": 1, ""disable_window_extension"": true}",FAILED,8256849.8,8256849.8,0.0,-100.0,-1.0,False
45,67,6,RISCY-FPU-a-1-c2,5,"{""max_displacement"": 20, ""site_search_window"": 20, ""row_search_window"": 0, ""disallow_one_site_gaps"": true, ""use_diamond_legalizer"": 1, ""disable_window_extension"": true}","{""max_displacement"": 30, ""site_search_window"": 30, ""row_search_window"": 0, ""disallow_one_site_gaps"": true, ""use_diamond_legalizer"": 1, ""disable_window_extension"": true}",VALID,8256849.8,8256849.8,0.0,0.0,0.0,False
45,67,7,RISCY-FPU-a-1-c2,6,"{""max_displacement"": 30, ""site_search_window"": 30, ""row_search_window"": 0, ""disallow_one_site_gaps"": true, ""use_diamond_legalizer"": 1, ""disable_window_extension"": true}","{""max_displacement"": 20, ""site_search_window"": 20, ""row_search_window"": 0, ""disallow_one_site_gaps"": true, ""use_diamond_legalizer"": 1, ""disable_window_extension"": true}",FAILED,8256849.8,8256849.8,0.0,-100.0,-1.0,False
45,67,8,RISCY-FPU-a-1-c2,5,"{""max_displacement"": 20, ""site_search_window"": 20, ""row_search_window"": 0, ""disallow_one_site_gaps"": true, ""use_diamond_legalizer"": 1, ""disable_window_extension"": true}","{""max_displacement"": 30, ""site_search_window"": 30, ""row_search_window"": 0, ""disallow_one_site_gaps"": true, ""use_diamond_legalizer"": 1, ""disable_window_extension"": true}",VALID,8256849.8,8256849.8,0.0,0.0,0.0,False
45,67,9,RISCY-FPU-a-1-c2,0,"{""max_displacement"": 30, ""site_search_window"": 30, ""row_search_window"": 0, ""disallow_one_site_gaps"": true, ""use_diamond_legalizer"": 1, ""disable_window_extension"": true}","{""max_displacement"": 30, ""site_search_window"": 30, ""row_search_window"": 0, ""disallow_one_site_gaps"": false, ""use_diamond_legalizer"": 1, ""disable_window_extension"": false}",VALID,8256849.8,8256849.8,0.0,0.0,0.0,False
45,67,10,RISCY-FPU-a-1-c2,3,"{""max_displacement"": 30, ""site_search_window"": 30, ""row_search_window"": 0, ""disallow_one_site_gaps"": false, ""use_diamond_legalizer"": 1, ""disable_window_extension"": false}","{""max_displacement"": 30, ""site_search_window"": 40, ""row_search_window"": 2, ""disallow_one_site_gaps"": false, ""use_diamond_legalizer"": 1, ""disable_window_extension"": false}",VALID,8256849.8,8256849.8,0.0,0.0,0.0,True
45,68,1,RISCY-FPU-b-2-c5,0,"{""max_displacement"": 0, ""site_search_window"": 0, ""row_search_window"": 0, ""disallow_one_site_gaps"": 0, ""use_diamond_legalizer"": 1, ""disable_window_extension"": 0}","{""max_displacement"": 0, ""site_search_window"": 0, ""row_search_window"": 0, ""disallow_one_site_gaps"": true, ""use_diamond_legalizer"": 1, ""disable_window_extension"": true}",VALID,5390089.0,5390089.0,0.0,0.0,0.0,False
45,68,2,RISCY-FPU-b-2-c5,4,"{""max_displacement"": 0, ""site_search_window"": 0, ""row_search_window"": 0, ""disallow_one_site_gaps"": true, ""use_diamond_legalizer"": 1, ""disable_window_extension"": true}","{""max_displacement"": 0, ""site_search_window"": 0, ""row_search_window"": 0, ""disallow_one_site_gaps"": true, ""use_diamond_legalizer"": 1, ""disable_window_extension"": true}",VALID,5390089.0,5390089.0,0.0,0.0,0.0,False
45,68,3,RISCY-FPU-b-2-c5,4,"{""max_displacement"": 0, ""site_search_window"": 0, ""row_search_window"": 0, ""disallow_one_site_gaps"": true, ""use_diamond_legalizer"": 1, ""disable_window_extension"": true}","{""max_displacement"": 0, ""site_search_window"": 0, ""row_search_window"": 0, ""disallow_one_site_gaps"": true, ""use_diamond_legalizer"": 1, ""disable_window_extension"": true}",VALID,5390089.0,5390089.0,0.0,0.0,0.0,False
45,68,4,RISCY-FPU-b-2-c5,0,"{""max_displacement"": 0, ""site_search_window"": 0, ""row_search_window"": 0, ""disallow_one_site_gaps"": true, ""use_diamond_legalizer"": 1, ""disable_window_extension"": true}","{""max_displacement"": 0, ""site_search_window"": 0, ""row_search_window"": 0, ""disallow_one_site_gaps"": false, ""use_diamond_legalizer"": 1, ""disable_window_extension"": false}",VALID,5390089.0,5390089.0,0.0,0.0,0.0,False
45,68,5,RISCY-FPU-b-2-c5,0,"{""max_displacement"": 0, ""site_search_window"": 0, ""row_search_window"": 0, ""disallow_one_site_gaps"": false, ""use_diamond_legalizer"": 1, ""disable_window_extension"": false}","{""max_displacement"": 0, ""site_search_window"": 0, ""row_search_window"": 0, ""disallow_one_site_gaps"": true, ""use_diamond_legalizer"": 1, ""disable_window_extension"": true}",VALID,5390089.0,5390089.0,0.0,0.0,0.0,False
45,68,6,RISCY-FPU-b-2-c5,0,"{""max_displacement"": 0, ""site_search_window"": 0, ""row_search_window"": 0, ""disallow_one_site_gaps"": true, ""use_diamond_legalizer"": 1, ""disable_window_extension"": true}","{""max_displacement"": 0, ""site_search_window"": 0, ""row_search_window"": 0, ""disallow_one_site_gaps"": false, ""use_diamond_legalizer"": 1, ""disable_window_extension"": false}",VALID,5390089.0,5390089.0,0.0,0.0,0.0,False
45,68,7,RISCY-FPU-b-2-c5,4,"{""max_displacement"": 0, ""site_search_window"": 0, ""row_search_window"": 0, ""disallow_one_site_gaps"": false, ""use_diamond_legalizer"": 1, ""disable_window_extension"": false}","{""max_displacement"": 0, ""site_search_window"": 0, ""row_search_window"": 0, ""disallow_one_site_gaps"": false, ""use_diamond_legalizer"": 1, ""disable_window_extension"": false}",VALID,5390089.0,5390089.0,0.0,0.0,0.0,False
45,68,8,RISCY-FPU-b-2-c5,0,"{""max_displacement"": 0, ""site_search_window"": 0, ""row_search_window"": 0, ""disallow_one_site_gaps"": false, ""use_diamond_legalizer"": 1, ""disable_window_extension"": false}","{""max_displacement"": 0, ""site_search_window"": 0, ""row_search_window"": 0, ""disallow_one_site_gaps"": true, ""use_diamond_legalizer"": 1, ""disable_window_extension"": true}",VALID,5390089.0,5390089.0,0.0,0.0,0.0,False
45,68,9,RISCY-FPU-b-2-c5,7,"{""max_displacement"": 0, ""site_search_window"": 0, ""row_search_window"": 0, ""disallow_one_site_gaps"": true, ""use_diamond_legalizer"": 1, ""disable_window_extension"": true}","{""max_displacement"": 0, ""site_search_window"": 0, ""row_search_window"": 0, ""disallow_one_site_gaps"": true, ""use_diamond_legalizer"": 1, ""disable_window_extension"": true}",VALID,5390089.0,5390089.0,0.0,0.0,0.0,False
45,68,10,RISCY-FPU-b-2-c5,2,"{""max_displacement"": 0, ""site_search_window"": 0, ""row_search_window"": 0, ""disallow_one_site_gaps"": true, ""use_diamond_legalizer"": 1, ""disable_window_extension"": true}","{""max_displacement"": 0, ""site_search_window"": 0, ""row_search_window"": 0, ""disallow_one_site_gaps"": true, ""use_diamond_legalizer"": 1, ""disable_window_extension"": true}",VALID,5390089.0,5390089.0,0.0,0.0,0.0,True
45,69,1,zero-riscy-a-1-c2,4,"{""max_displacement"": 0, ""site_search_window"": 0, ""row_search_window"": 0, ""disallow_one_site_gaps"": 0, ""use_diamond_legalizer"": 1, ""disable_window_extension"": 0}","{""max_displacement"": 0, ""site_search_window"": 0, ""row_search_window"": 0, ""disallow_one_site_gaps"": 0, ""use_diamond_legalizer"": 1, ""disable_window_extension"": 0}",VALID,5098387.3,5098387.3,0.0,0.0,0.0,False
45,69,2,zero-riscy-a-1-c2,1,"{""max_displacement"": 0, ""site_search_window"": 0, ""row_search_window"": 0, ""disallow_one_site_gaps"": 0, ""use_diamond_legalizer"": 1, ""disable_window_extension"": 0}","{""max_displacement"": 10, ""site_search_window"": 10, ""row_search_window"": 2, ""disallow_one_site_gaps"": 0, ""use_diamond_legalizer"": 1, ""disable_window_extension"": 0}",FAILED,5098387.3,5098387.3,0.0,-100.0,-1.0,False
45,69,3,zero-riscy-a-1-c2,1,"{""max_displacement"": 10, ""site_search_window"": 10, ""row_search_window"": 2, ""disallow_one_site_gaps"": 0, ""use_diamond_legalizer"": 1, ""disable_window_extension"": 0}","{""max_displacement"": 20, ""site_search_window"": 20, ""row_search_window"": 4, ""disallow_one_site_gaps"": 0, ""use_diamond_legalizer"": 1, ""disable_window_extension"": 0}",FAILED,5098387.3,5098387.3,0.0,-100.0,-1.0,False
45,69,4,zero-riscy-a-1-c2,5,"{""max_displacement"": 20, ""site_search_window"": 20, ""row_search_window"": 4, ""disallow_one_site_gaps"": 0, ""use_diamond_legalizer"": 1, ""disable_window_extension"": 0}","{""max_displacement"": 30, ""site_search_window"": 30, ""row_search_window"": 4, ""disallow_one_site_gaps"": 0, ""use_diamond_legalizer"": 1, ""disable_window_extension"": 0}",VALID,5098387.3,5098387.3,0.0,0.0,0.0,False
45,69,5,zero-riscy-a-1-c2,5,"{""max_displacement"": 30, ""site_search_window"": 30, ""row_search_window"": 4, ""disallow_one_site_gaps"": 0, ""use_diamond_legalizer"": 1, ""disable_window_extension"": 0}","{""max_displacement"": 40, ""site_search_window"": 40, ""row_search_window"": 4, ""disallow_one_site_gaps"": 0, ""use_diamond_legalizer"": 1, ""disable_window_extension"": 0}",VALID,5098387.3,5098387.3,0.0,0.0,0.0,False
45,69,6,zero-riscy-a-1-c2,1,"{""max_displacement"": 40, ""site_search_window"": 40, ""row_search_window"": 4, ""disallow_one_site_gaps"": 0, ""use_diamond_legalizer"": 1, ""disable_window_extension"": 0}","{""max_displacement"": 50, ""site_search_window"": 50, ""row_search_window"": 6, ""disallow_one_site_gaps"": 0, ""use_diamond_legalizer"": 1, ""disable_window_extension"": 0}",VALID,5098387.3,5098387.3,0.0,0.0,0.0,False
45,69,7,zero-riscy-a-1-c2,3,"{""max_displacement"": 50, ""site_search_window"": 50, ""row_search_window"": 6, ""disallow_one_site_gaps"": 0, ""use_diamond_legalizer"": 1, ""disable_window_extension"": 0}","{""max_displacement"": 50, ""site_search_window"": 60, ""row_search_window"": 8, ""disallow_one_site_gaps"": 0, ""use_diamond_legalizer"": 1, ""disable_window_extension"": 0}",VALID,5098387.3,5098387.3,0.0,0.0,0.0,False
45,69,8,zero-riscy-a-1-c2,3,"{""max_displacement"": 50, ""site_search_window"": 60, ""row_search_window"": 8, ""disallow_one_site_gaps"": 0, ""use_diamond_legalizer"": 1, ""disable_window_extension"": 0}","{""max_displacement"": 50, ""site_search_window"": 70, ""row_search_window"": 10, ""disallow_one_site_gaps"": 0, ""use_diamond_legalizer"": 1, ""disable_window_extension"": 0}",VALID,5098387.3,5098387.3,0.0,0.0,0.0,False
45,69,9,zero-riscy-a-1-c2,5,"{""max_displacement"": 50, ""site_search_window"": 70, ""row_search_window"": 10, ""disallow_one_site_gaps"": 0, ""use_diamond_legalizer"": 1, ""disable_window_extension"": 0}","{""max_displacement"": 60, ""site_search_window"": 80, ""row_search_window"": 10, ""disallow_one_site_gaps"": 0, ""use_diamond_legalizer"": 1, ""disable_window_extension"": 0}",VALID,5098387.3,5098387.3,0.0,0.0,0.0,False
45,69,10,zero-riscy-a-1-c2,5,"{""max_displacement"": 60, ""site_search_window"": 80, ""row_search_window"": 10, ""disallow_one_site_gaps"": 0, ""use_diamond_legalizer"": 1, ""disable_window_extension"": 0}","{""max_displacement"": 70, ""site_search_window"": 90, ""row_search_window"": 10, ""disallow_one_site_gaps"": 0, ""use_diamond_legalizer"": 1, ""disable_window_extension"": 0}",VALID,5098387.3,5098387.3,0.0,0.0,0.0,True
45,70,1,zero-riscy-b-1-c2,6,"{""max_displacement"": 0, ""site_search_window"": 0, ""row_search_window"": 0, ""disallow_one_site_gaps"": 0, ""use_diamond_legalizer"": 1, ""disable_window_extension"": 0}","{""max_displacement"": 0, ""site_search_window"": 0, ""row_search_window"": 0, ""disallow_one_site_gaps"": 0, ""use_diamond_legalizer"": 1, ""disable_window_extension"": 0}",VALID,2386646.3,2386646.3,0.0,0.0,0.0,False
45,70,2,zero-riscy-b-1-c2,3,"{""max_displacement"": 0, ""site_search_window"": 0, ""row_search_window"": 0, ""disallow_one_site_gaps"": 0, ""use_diamond_legalizer"": 1, ""disable_window_extension"": 0}","{""max_displacement"": 0, ""site_search_window"": 10, ""row_search_window"": 2, ""disallow_one_site_gaps"": 0, ""use_diamond_legalizer"": 1, ""disable_window_extension"": 0}",VALID,2386646.3,2386646.3,0.0,0.0,0.0,False
45,70,3,zero-riscy-b-1-c2,5,"{""max_displacement"": 0, ""site_search_window"": 10, ""row_search_window"": 2, ""disallow_one_site_gaps"": 0, ""use_diamond_legalizer"": 1, ""disable_window_extension"": 0}","{""max_displacement"": 10, ""site_search_window"": 20, ""row_search_window"": 2, ""disallow_one_site_gaps"": 0, ""use_diamond_legalizer"": 1, ""disable_window_extension"": 0}",FAILED,2386646.3,2386646.3,0.0,-100.0,-1.0,False
45,70,4,zero-riscy-b-1-c2,0,"{""max_displacement"": 10, ""site_search_window"": 20, ""row_search_window"": 2, ""disallow_one_site_gaps"": 0, ""use_diamond_legalizer"": 1, ""disable_window_extension"": 0}","{""max_displacement"": 10, ""site_search_window"": 20, ""row_search_window"": 2, ""disallow_one_site_gaps"": true, ""use_diamond_legalizer"": 1, ""disable_window_extension"": true}",FAILED,2386646.3,2386646.3,0.0,-100.0,-1.0,False
45,70,5,zero-riscy-b-1-c2,3,"{""max_displacement"": 10, ""site_search_window"": 20, ""row_search_window"": 2, ""disallow_one_site_gaps"": true, ""use_diamond_legalizer"": 1, ""disable_window_extension"": true}","{""max_displacement"": 10, ""site_search_window"": 30, ""row_search_window"": 4, ""disallow_one_site_gaps"": true, ""use_diamond_legalizer"": 1, ""disable_window_extension"": true}",FAILED,2386646.3,2386646.3,0.0,-100.0,-1.0,False
45,70,6,zero-riscy-b-1-c2,3,"{""max_displacement"": 10, ""site_search_window"": 30, ""row_search_window"": 4, ""disallow_one_site_gaps"": true, ""use_diamond_legalizer"": 1, ""disable_window_extension"": true}","{""max_displacement"": 10, ""site_search_window"": 40, ""row_search_window"": 6, ""disallow_one_site_gaps"": true, ""use_diamond_legalizer"": 1, ""disable_window_extension"": true}",FAILED,2386646.3,2386646.3,0.0,-100.0,-1.0,False
45,70,7,zero-riscy-b-1-c2,4,"{""max_displacement"": 10, ""site_search_window"": 40, ""row_search_window"": 6, ""disallow_one_site_gaps"": true, ""use_diamond_legalizer"": 1, ""disable_window_extension"": true}","{""max_displacement"": 10, ""site_search_window"": 30, ""row_search_window"": 4, ""disallow_one_site_gaps"": true, ""use_diamond_legalizer"": 1, ""disable_window_extension"": true}",FAILED,2386646.3,2386646.3,0.0,-100.0,-1.0,False
45,70,8,zero-riscy-b-1-c2,0,"{""max_displacement"": 10, ""site_search_window"": 30, ""row_search_window"": 4, ""disallow_one_site_gaps"": true, ""use_diamond_legalizer"": 1, ""disable_window_extension"": true}","{""max_displacement"": 10, ""site_search_window"": 30, ""row_search_window"": 4, ""disallow_one_site_gaps"": false, ""use_diamond_legalizer"": 1, ""disable_window_extension"": false}",FAILED,2386646.3,2386646.3,0.0,-100.0,-1.0,False
45,70,9,zero-riscy-b-1-c2,4,"{""max_displacement"": 10, ""site_search_window"": 30, ""row_search_window"": 4, ""disallow_one_site_gaps"": false, ""use_diamond_legalizer"": 1, ""disable_window_extension"": false}","{""max_displacement"": 10, ""site_search_window"": 20, ""row_search_window"": 2, ""disallow_one_site_gaps"": false, ""use_diamond_legalizer"": 1, ""disable_window_extension"": false}",FAILED,2386646.3,2386646.3,0.0,-100.0,-1.0,False
45,70,10,zero-riscy-b-1-c2,5,"{""max_displacement"": 10, ""site_search_window"": 20, ""row_search_window"": 2, ""disallow_one_site_gaps"": false, ""use_diamond_legalizer"": 1, ""disable_window_extension"": false}","{""max_displacement"": 20, ""site_search_window"": 30, ""row_search_window"": 2, ""disallow_one_site_gaps"": false, ""use_diamond_legalizer"": 1, ""disable_window_extension"": false}",FAILED,2386646.3,2386646.3,0.0,-100.0,-1.0,True
45,71,1,zero-riscy-a-3-c5,5,"{""max_displacement"": 0, ""site_search_window"": 0, ""row_search_window"": 0, ""disallow_one_site_gaps"": 0, ""use_diamond_legalizer"": 1, ""disable_window_extension"": 0}","{""max_displacement"": 10, ""site_search_window"": 10, ""row_search_window"": 0, ""disallow_one_site_gaps"": 0, ""use_diamond_legalizer"": 1, ""disable_window_extension"": 0}",FAILED,3626760.8,3626760.8,0.0,-100.0,-1.0,False
45,71,2,zero-riscy-a-3-c5,6,"{""max_displacement"": 10, ""site_search_window"": 10, ""row_search_window"": 0, ""disallow_one_site_gaps"": 0, ""use_diamond_legalizer"": 1, ""disable_window_extension"": 0}","{""max_displacement"": 0, ""site_search_window"": 0, ""row_search_window"": 0, ""disallow_one_site_gaps"": 0, ""use_diamond_legalizer"": 1, ""disable_window_extension"": 0}",VALID,3626760.8,3626760.8,0.0,0.0,0.0,False
45,71,3,zero-riscy-a-3-c5,3,"{""max_displacement"": 0, ""site_search_window"": 0, ""row_search_window"": 0, ""disallow_one_site_gaps"": 0, ""use_diamond_legalizer"": 1, ""disable_window_extension"": 0}","{""max_displacement"": 0, ""site_search_window"": 10, ""row_search_window"": 2, ""disallow_one_site_gaps"": 0, ""use_diamond_legalizer"": 1, ""disable_window_extension"": 0}",VALID,3626760.8,3626760.8,0.0,0.0,0.0,False
45,71,4,zero-riscy-a-3-c5,7,"{""max_displacement"": 0, ""site_search_window"": 10, ""row_search_window"": 2, ""disallow_one_site_gaps"": 0, ""use_diamond_legalizer"": 1, ""disable_window_extension"": 0}","{""max_displacement"": 0, ""site_search_window"": 10, ""row_search_window"": 2, ""disallow_one_site_gaps"": 0, ""use_diamond_legalizer"": 1, ""disable_window_extension"": 0}",VALID,3626760.8,3626760.8,0.0,0.0,0.0,False
45,71,5,zero-riscy-a-3-c5,1,"{""max_displacement"": 0, ""site_search_window"": 10, ""row_search_window"": 2, ""disallow_one_site_gaps"": 0, ""use_diamond_legalizer"": 1, ""disable_window_extension"": 0}","{""max_displacement"": 10, ""site_search_window"": 20, ""row_search_window"": 4, ""disallow_one_site_gaps"": 0, ""use_diamond_legalizer"": 1, ""disable_window_extension"": 0}",FAILED,3626760.8,3626760.8,0.0,-100.0,-1.0,False
45,71,6,zero-riscy-a-3-c5,7,"{""max_displacement"": 10, ""site_search_window"": 20, ""row_search_window"": 4, ""disallow_one_site_gaps"": 0, ""use_diamond_legalizer"": 1, ""disable_window_extension"": 0}","{""max_displacement"": 10, ""site_search_window"": 20, ""row_search_window"": 4, ""disallow_one_site_gaps"": 0, ""use_diamond_legalizer"": 1, ""disable_window_extension"": 0}",FAILED,3626760.8,3626760.8,0.0,-100.0,-1.0,False
45,71,7,zero-riscy-a-3-c5,4,"{""max_displacement"": 10, ""site_search_window"": 20, ""row_search_window"": 4, ""disallow_one_site_gaps"": 0, ""use_diamond_legalizer"": 1, ""disable_window_extension"": 0}","{""max_displacement"": 10, ""site_search_window"": 10, ""row_search_window"": 2, ""disallow_one_site_gaps"": 0, ""use_diamond_legalizer"": 1, ""disable_window_extension"": 0}",FAILED,3626760.8,3626760.8,0.0,-100.0,-1.0,False
45,71,8,zero-riscy-a-3-c5,5,"{""max_displacement"": 10, ""site_search_window"": 10, ""row_search_window"": 2, ""disallow_one_site_gaps"": 0, ""use_diamond_legalizer"": 1, ""disable_window_extension"": 0}","{""max_displacement"": 20, ""site_search_window"": 20, ""row_search_window"": 2, ""disallow_one_site_gaps"": 0, ""use_diamond_legalizer"": 1, ""disable_window_extension"": 0}",VALID,3626760.8,3626724.0,36.799999999813735,0.001,1.0146795454448977e-05,False
45,71,9,zero-riscy-a-3-c5,4,"{""max_displacement"": 20, ""site_search_window"": 20, ""row_search_window"": 2, ""disallow_one_site_gaps"": 0, ""use_diamond_legalizer"": 1, ""disable_window_extension"": 0}","{""max_displacement"": 20, ""site_search_window"": 10, ""row_search_window"": 0, ""disallow_one_site_gaps"": 0, ""use_diamond_legalizer"": 1, ""disable_window_extension"": 0}",VALID,3626760.8,3626724.0,0.0,0.0,0.0,False
45,71,10,zero-riscy-a-3-c5,3,"{""max_displacement"": 20, ""site_search_window"": 10, ""row_search_window"": 0, ""disallow_one_site_gaps"": 0, ""use_diamond_legalizer"": 1, ""disable_window_extension"": 0}","{""max_displacement"": 20, ""site_search_window"": 20, ""row_search_window"": 2, ""disallow_one_site_gaps"": 0, ""use_diamond_legalizer"": 1, ""disable_window_extension"": 0}",VALID,3626760.8,3626724.0,0.0,0.0,0.0,True
45,72,1,zero-riscy-b-1-c5,3,"{""max_displacement"": 0, ""site_search_window"": 0, ""row_search_window"": 0, ""disallow_one_site_gaps"": 0, ""use_diamond_legalizer"": 1, ""disable_window_extension"": 0}","{""max_displacement"": 0, ""site_search_window"": 10, ""row_search_window"": 2, ""disallow_one_site_gaps"": 0, ""use_diamond_legalizer"": 1, ""disable_window_extension"": 0}",VALID,2082484.8,2082484.8,0.0,0.0,0.0,False
45,72,2,zero-riscy-b-1-c5,5,"{""max_displacement"": 0, ""site_search_window"": 10, ""row_search_window"": 2, ""disallow_one_site_gaps"": 0, ""use_diamond_legalizer"": 1, ""disable_window_extension"": 0}","{""max_displacement"": 10, ""site_search_window"": 20, ""row_search_window"": 2, ""disallow_one_site_gaps"": 0, ""use_diamond_legalizer"": 1, ""disable_window_extension"": 0}",FAILED,2082484.8,2082484.8,0.0,-100.0,-1.0,False
45,72,3,zero-riscy-b-1-c5,6,"{""max_displacement"": 10, ""site_search_window"": 20, ""row_search_window"": 2, ""disallow_one_site_gaps"": 0, ""use_diamond_legalizer"": 1, ""disable_window_extension"": 0}","{""max_displacement"": 0, ""site_search_window"": 10, ""row_search_window"": 2, ""disallow_one_site_gaps"": 0, ""use_diamond_legalizer"": 1, ""disable_window_extension"": 0}",VALID,2082484.8,2082484.8,0.0,0.0,0.0,False
45,72,4,zero-riscy-b-1-c5,3,"{""max_displacement"": 0, ""site_search_window"": 10, ""row_search_window"": 2, ""disallow_one_site_gaps"": 0, ""use_diamond_legalizer"": 1, ""disable_window_extension"": 0}","{""max_displacement"": 0, ""site_search_window"": 20, ""row_search_window"": 4, ""disallow_one_site_gaps"": 0, ""use_diamond_legalizer"": 1, ""disable_window_extension"": 0}",VALID,2082484.8,2082484.8,0.0,0.0,0.0,False
45,72,5,zero-riscy-b-1-c5,0,"{""max_displacement"": 0, ""site_search_window"": 20, ""row_search_window"": 4, ""disallow_one_site_gaps"": 0, ""use_diamond_legalizer"": 1, ""disable_window_extension"": 0}","{""max_displacement"": 0, ""site_search_window"": 20, ""row_search_window"": 4, ""disallow_one_site_gaps"": true, ""use_diamond_legalizer"": 1, ""disable_window_extension"": true}",VALID,2082484.8,2082484.8,0.0,0.0,0.0,False
45,72,6,zero-riscy-b-1-c5,5,"{""max_displacement"": 0, ""site_search_window"": 20, ""row_search_window"": 4, ""disallow_one_site_gaps"": true, ""use_diamond_legalizer"": 1, ""disable_window_extension"": true}","{""max_displacement"": 10, ""site_search_window"": 30, ""row_search_window"": 4, ""disallow_one_site_gaps"": true, ""use_diamond_legalizer"": 1, ""disable_window_extension"": true}",FAILED,2082484.8,2082484.8,0.0,-100.0,-1.0,False
45,72,7,zero-riscy-b-1-c5,5,"{""max_displacement"": 10, ""site_search_window"": 30, ""row_search_window"": 4, ""disallow_one_site_gaps"": true, ""use_diamond_legalizer"": 1, ""disable_window_extension"": true}","{""max_displacement"": 20, ""site_search_window"": 40, ""row_search_window"": 4, ""disallow_one_site_gaps"": true, ""use_diamond_legalizer"": 1, ""disable_window_extension"": true}",VALID,2082484.8,2082484.8,0.0,0.0,0.0,False
45,72,8,zero-riscy-b-1-c5,7,"{""max_displacement"": 20, ""site_search_window"": 40, ""row_search_window"": 4, ""disallow_one_site_gaps"": true, ""use_diamond_legalizer"": 1, ""disable_window_extension"": true}","{""max_displacement"": 20, ""site_search_window"": 40, ""row_search_window"": 4, ""disallow_one_site_gaps"": true, ""use_diamond_legalizer"": 1, ""disable_window_extension"": true}",VALID,2082484.8,2082484.8,0.0,0.0,0.0,False
45,72,9,zero-riscy-b-1-c5,0,"{""max_displacement"": 20, ""site_search_window"": 40, ""row_search_window"": 4, ""disallow_one_site_gaps"": true, ""use_diamond_legalizer"": 1, ""disable_window_extension"": true}","{""max_displacement"": 20, ""site_search_window"": 40, ""row_search_window"": 4, ""disallow_one_site_gaps"": false, ""use_diamond_legalizer"": 1, ""disable_window_extension"": false}",VALID,2082484.8,2082484.8,0.0,0.0,0.0,False
45,72,10,zero-riscy-b-1-c5,6,"{""max_displacement"": 20, ""site_search_window"": 40, ""row_search_window"": 4, ""disallow_one_site_gaps"": false, ""use_diamond_legalizer"": 1, ""disable_window_extension"": false}","{""max_displacement"": 10, ""site_search_window"": 30, ""row_search_window"": 4, ""disallow_one_site_gaps"": false, ""use_diamond_legalizer"": 1, ""disable_window_extension"": false}",FAILED,2082484.8,2082484.8,0.0,-100.0,-1.0,True
45,73,1,RISCY-b-2-c20,4,"{""max_displacement"": 0, ""site_search_window"": 0, ""row_search_window"": 0, ""disallow_one_site_gaps"": 0, ""use_diamond_legalizer"": 1, ""disable_window_extension"": 0}","{""max_displacement"": 0, ""site_search_window"": 0, ""row_search_window"": 0, ""disallow_one_site_gaps"": 0, ""use_diamond_legalizer"": 1, ""disable_window_extension"": 0}",VALID,2782023.4,2782023.4,0.0,0.0,0.0,False
45,73,2,RISCY-b-2-c20,5,"{""max_displacement"": 0, ""site_search_window"": 0, ""row_search_window"": 0, ""disallow_one_site_gaps"": 0, ""use_diamond_legalizer"": 1, ""disable_window_extension"": 0}","{""max_displacement"": 10, ""site_search_window"": 10, ""row_search_window"": 0, ""disallow_one_site_gaps"": 0, ""use_diamond_legalizer"": 1, ""disable_window_extension"": 0}",FAILED,2782023.4,2782023.4,0.0,-100.0,-1.0,False
45,73,3,RISCY-b-2-c20,3,"{""max_displacement"": 10, ""site_search_window"": 10, ""row_search_window"": 0, ""disallow_one_site_gaps"": 0, ""use_diamond_legalizer"": 1, ""disable_window_extension"": 0}","{""max_displacement"": 10, ""site_search_window"": 20, ""row_search_window"": 2, ""disallow_one_site_gaps"": 0, ""use_diamond_legalizer"": 1, ""disable_window_extension"": 0}",FAILED,2782023.4,2782023.4,0.0,-100.0,-1.0,False
45,73,4,RISCY-b-2-c20,1,"{""max_displacement"": 10, ""site_search_window"": 20, ""row_search_window"": 2, ""disallow_one_site_gaps"": 0, ""use_diamond_legalizer"": 1, ""disable_window_extension"": 0}","{""max_displacement"": 20, ""site_search_window"": 30, ""row_search_window"": 4, ""disallow_one_site_gaps"": 0, ""use_diamond_legalizer"": 1, ""disable_window_extension"": 0}",FAILED,2782023.4,2782023.4,0.0,-100.0,-1.0,False
45,73,5,RISCY-b-2-c20,5,"{""max_displacement"": 20, ""site_search_window"": 30, ""row_search_window"": 4, ""disallow_one_site_gaps"": 0, ""use_diamond_legalizer"": 1, ""disable_window_extension"": 0}","{""max_displacement"": 30, ""site_search_window"": 40, ""row_search_window"": 4, ""disallow_one_site_gaps"": 0, ""use_diamond_legalizer"": 1, ""disable_window_extension"": 0}",FAILED,2782023.4,2782023.4,0.0,-100.0,-1.0,False
45,73,6,RISCY-b-2-c20,4,"{""max_displacement"": 30, ""site_search_window"": 40, ""row_search_window"": 4, ""disallow_one_site_gaps"": 0, ""use_diamond_legalizer"": 1, ""disable_window_extension"": 0}","{""max_displacement"": 30, ""site_search_window"": 30, ""row_search_window"": 2, ""disallow_one_site_gaps"": 0, ""use_diamond_legalizer"": 1, ""disable_window_extension"": 0}",FAILED,2782023.4,2782023.4,0.0,-100.0,-1.0,False
45,73,7,RISCY-b-2-c20,3,"{""max_displacement"": 30, ""site_search_window"": 30, ""row_search_window"": 2, ""disallow_one_site_gaps"": 0, ""use_diamond_legalizer"": 1, ""disable_window_extension"": 0}","{""max_displacement"": 30, ""site_search_window"": 40, ""row_search_window"": 4, ""disallow_one_site_gaps"": 0, ""use_diamond_legalizer"": 1, ""disable_window_extension"": 0}",FAILED,2782023.4,2782023.4,0.0,-100.0,-1.0,False
45,73,8,RISCY-b-2-c20,6,"{""max_displacement"": 30, ""site_search_window"": 40, ""row_search_window"": 4, ""disallow_one_site_gaps"": 0, ""use_diamond_legalizer"": 1, ""disable_window_extension"": 0}","{""max_displacement"": 20, ""site_search_window"": 30, ""row_search_window"": 4, ""disallow_one_site_gaps"": 0, ""use_diamond_legalizer"": 1, ""disable_window_extension"": 0}",FAILED,2782023.4,2782023.4,0.0,-100.0,-1.0,False
45,73,9,RISCY-b-2-c20,5,"{""max_displacement"": 20, ""site_search_window"": 30, ""row_search_window"": 4, ""disallow_one_site_gaps"": 0, ""use_diamond_legalizer"": 1, ""disable_window_extension"": 0}","{""max_displacement"": 30, ""site_search_window"": 40, ""row_search_window"": 4, ""disallow_one_site_gaps"": 0, ""use_diamond_legalizer"": 1, ""disable_window_extension"": 0}",FAILED,2782023.4,2782023.4,0.0,-100.0,-1.0,False
45,73,10,RISCY-b-2-c20,4,"{""max_displacement"": 30, ""site_search_window"": 40, ""row_search_window"": 4, ""disallow_one_site_gaps"": 0, ""use_diamond_legalizer"": 1, ""disable_window_extension"": 0}","{""max_displacement"": 30, ""site_search_window"": 30, ""row_search_window"": 2, ""disallow_one_site_gaps"": 0, ""use_diamond_legalizer"": 1, ""disable_window_extension"": 0}",FAILED,2782023.4,2782023.4,0.0,-100.0,-1.0,True
45,74,1,RISCY-a-2-c20,6,"{""max_displacement"": 0, ""site_search_window"": 0, ""row_search_window"": 0, ""disallow_one_site_gaps"": 0, ""use_diamond_legalizer"": 1, ""disable_window_extension"": 0}","{""max_displacement"": 0, ""site_search_window"": 0, ""row_search_window"": 0, ""disallow_one_site_gaps"": 0, ""use_diamond_legalizer"": 1, ""disable_window_extension"": 0}",VALID,5798309.8,5798309.8,0.0,0.0,0.0,False
45,74,2,RISCY-a-2-c20,7,"{""max_displacement"": 0, ""site_search_window"": 0, ""row_search_window"": 0, ""disallow_one_site_gaps"": 0, ""use_diamond_legalizer"": 1, ""disable_window_extension"": 0}","{""max_displacement"": 0, ""site_search_window"": 0, ""row_search_window"": 0, ""disallow_one_site_gaps"": 0, ""use_diamond_legalizer"": 1, ""disable_window_extension"": 0}",VALID,5798309.8,5798309.8,0.0,0.0,0.0,False
45,74,3,RISCY-a-2-c20,1,"{""max_displacement"": 0, ""site_search_window"": 0, ""row_search_window"": 0, ""disallow_one_site_gaps"": 0, ""use_diamond_legalizer"": 1, ""disable_window_extension"": 0}","{""max_displacement"": 10, ""site_search_window"": 10, ""row_search_window"": 2, ""disallow_one_site_gaps"": 0, ""use_diamond_legalizer"": 1, ""disable_window_extension"": 0}",FAILED,5798309.8,5798309.8,0.0,-100.0,-1.0,False
45,74,4,RISCY-a-2-c20,6,"{""max_displacement"": 10, ""site_search_window"": 10, ""row_search_window"": 2, ""disallow_one_site_gaps"": 0, ""use_diamond_legalizer"": 1, ""disable_window_extension"": 0}","{""max_displacement"": 0, ""site_search_window"": 0, ""row_search_window"": 2, ""disallow_one_site_gaps"": 0, ""use_diamond_legalizer"": 1, ""disable_window_extension"": 0}",VALID,5798309.8,5798309.8,0.0,0.0,0.0,False
45,74,5,RISCY-a-2-c20,6,"{""max_displacement"": 0, ""site_search_window"": 0, ""row_search_window"": 2, ""disallow_one_site_gaps"": 0, ""use_diamond_legalizer"": 1, ""disable_window_extension"": 0}","{""max_displacement"": 0, ""site_search_window"": 0, ""row_search_window"": 2, ""disallow_one_site_gaps"": 0, ""use_diamond_legalizer"": 1, ""disable_window_extension"": 0}",VALID,5798309.8,5798309.8,0.0,0.0,0.0,False
45,74,6,RISCY-a-2-c20,5,"{""max_displacement"": 0, ""site_search_window"": 0, ""row_search_window"": 2, ""disallow_one_site_gaps"": 0, ""use_diamond_legalizer"": 1, ""disable_window_extension"": 0}","{""max_displacement"": 10, ""site_search_window"": 10, ""row_search_window"": 2, ""disallow_one_site_gaps"": 0, ""use_diamond_legalizer"": 1, ""disable_window_extension"": 0}",FAILED,5798309.8,5798309.8,0.0,-100.0,-1.0,False
45,74,7,RISCY-a-2-c20,1,"{""max_displacement"": 10, ""site_search_window"": 10, ""row_search_window"": 2, ""disallow_one_site_gaps"": 0, ""use_diamond_legalizer"": 1, ""disable_window_extension"": 0}","{""max_displacement"": 20, ""site_search_window"": 20, ""row_search_window"": 4, ""disallow_one_site_gaps"": 0, ""use_diamond_legalizer"": 1, ""disable_window_extension"": 0}",VALID,5798309.8,5798309.8,0.0,0.0,0.0,False
45,74,8,RISCY-a-2-c20,4,"{""max_displacement"": 20, ""site_search_window"": 20, ""row_search_window"": 4, ""disallow_one_site_gaps"": 0, ""use_diamond_legalizer"": 1, ""disable_window_extension"": 0}","{""max_displacement"": 20, ""site_search_window"": 10, ""row_search_window"": 2, ""disallow_one_site_gaps"": 0, ""use_diamond_legalizer"": 1, ""disable_window_extension"": 0}",VALID,5798309.8,5798309.8,0.0,0.0,0.0,False
45,74,9,RISCY-a-2-c20,0,"{""max_displacement"": 20, ""site_search_window"": 10, ""row_search_window"": 2, ""disallow_one_site_gaps"": 0, ""use_diamond_legalizer"": 1, ""disable_window_extension"": 0}","{""max_displacement"": 20, ""site_search_window"": 10, ""row_search_window"": 2, ""disallow_one_site_gaps"": true, ""use_diamond_legalizer"": 1, ""disable_window_extension"": true}",VALID,5798309.8,5798309.8,0.0,0.0,0.0,False
45,74,10,RISCY-a-2-c20,6,"{""max_displacement"": 20, ""site_search_window"": 10, ""row_search_window"": 2, ""disallow_one_site_gaps"": true, ""use_diamond_legalizer"": 1, ""disable_window_extension"": true}","{""max_displacement"": 10, ""site_search_window"": 0, ""row_search_window"": 2, ""disallow_one_site_gaps"": true, ""use_diamond_legalizer"": 1, ""disable_window_extension"": true}",FAILED,5798309.8,5798309.8,0.0,-100.0,-1.0,True
45,75,1,zero-riscy-b-3-c20,3,"{""max_displacement"": 0, ""site_search_window"": 0, ""row_search_window"": 0, ""disallow_one_site_gaps"": 0, ""use_diamond_legalizer"": 1, ""disable_window_extension"": 0}","{""max_displacement"": 0, ""site_search_window"": 10, ""row_search_window"": 2, ""disallow_one_site_gaps"": 0, ""use_diamond_legalizer"": 1, ""disable_window_extension"": 0}",VALID,1996434.6,1996434.6,0.0,0.0,0.0,False
45,75,2,zero-riscy-b-3-c20,5,"{""max_displacement"": 0, ""site_search_window"": 10, ""row_search_window"": 2, ""disallow_one_site_gaps"": 0, ""use_diamond_legalizer"": 1, ""disable_window_extension"": 0}","{""max_displacement"": 10, ""site_search_window"": 20, ""row_search_window"": 2, ""disallow_one_site_gaps"": 0, ""use_diamond_legalizer"": 1, ""disable_window_extension"": 0}",VALID,1996434.6,1996434.6,0.0,0.0,0.0,False
45,75,3,zero-riscy-b-3-c20,2,"{""max_displacement"": 10, ""site_search_window"": 20, ""row_search_window"": 2, ""disallow_one_site_gaps"": 0, ""use_diamond_legalizer"": 1, ""disable_window_extension"": 0}","{""max_displacement"": 0, ""site_search_window"": 10, ""row_search_window"": 0, ""disallow_one_site_gaps"": 0, ""use_diamond_legalizer"": 1, ""disable_window_extension"": 0}",VALID,1996434.6,1996434.6,0.0,0.0,0.0,False
45,75,4,zero-riscy-b-3-c20,6,"{""max_displacement"": 0, ""site_search_window"": 10, ""row_search_window"": 0, ""disallow_one_site_gaps"": 0, ""use_diamond_legalizer"": 1, ""disable_window_extension"": 0}","{""max_displacement"": 0, ""site_search_window"": 0, ""row_search_window"": 0, ""disallow_one_site_gaps"": 0, ""use_diamond_legalizer"": 1, ""disable_window_extension"": 0}",VALID,1996434.6,1996434.6,0.0,0.0,0.0,False
45,75,5,zero-riscy-b-3-c20,3,"{""max_displacement"": 0, ""site_search_window"": 0, ""row_search_window"": 0, ""disallow_one_site_gaps"": 0, ""use_diamond_legalizer"": 1, ""disable_window_extension"": 0}","{""max_displacement"": 0, ""site_search_window"": 10, ""row_search_window"": 2, ""disallow_one_site_gaps"": 0, ""use_diamond_legalizer"": 1, ""disable_window_extension"": 0}",VALID,1996434.6,1996434.6,0.0,0.0,0.0,False
45,75,6,zero-riscy-b-3-c20,7,"{""max_displacement"": 0, ""site_search_window"": 10, ""row_search_window"": 2, ""disallow_one_site_gaps"": 0, ""use_diamond_legalizer"": 1, ""disable_window_extension"": 0}","{""max_displacement"": 0, ""site_search_window"": 10, ""row_search_window"": 2, ""disallow_one_site_gaps"": 0, ""use_diamond_legalizer"": 1, ""disable_window_extension"": 0}",VALID,1996434.6,1996434.6,0.0,0.0,0.0,False
45,75,7,zero-riscy-b-3-c20,3,"{""max_displacement"": 0, ""site_search_window"": 10, ""row_search_window"": 2, ""disallow_one_site_gaps"": 0, ""use_diamond_legalizer"": 1, ""disable_window_extension"": 0}","{""max_displacement"": 0, ""site_search_window"": 20, ""row_search_window"": 4, ""disallow_one_site_gaps"": 0, ""use_diamond_legalizer"": 1, ""disable_window_extension"": 0}",VALID,1996434.6,1996434.6,0.0,0.0,0.0,False
45,75,8,zero-riscy-b-3-c20,4,"{""max_displacement"": 0, ""site_search_window"": 20, ""row_search_window"": 4, ""disallow_one_site_gaps"": 0, ""use_diamond_legalizer"": 1, ""disable_window_extension"": 0}","{""max_displacement"": 0, ""site_search_window"": 10, ""row_search_window"": 2, ""disallow_one_site_gaps"": 0, ""use_diamond_legalizer"": 1, ""disable_window_extension"": 0}",VALID,1996434.6,1996434.6,0.0,0.0,0.0,False
45,75,9,zero-riscy-b-3-c20,7,"{""max_displacement"": 0, ""site_search_window"": 10, ""row_search_window"": 2, ""disallow_one_site_gaps"": 0, ""use_diamond_legalizer"": 1, ""disable_window_extension"": 0}","{""max_displacement"": 0, ""site_search_window"": 10, ""row_search_window"": 2, ""disallow_one_site_gaps"": 0, ""use_diamond_legalizer"": 1, ""disable_window_extension"": 0}",VALID,1996434.6,1996434.6,0.0,0.0,0.0,False
45,75,10,zero-riscy-b-3-c20,3,"{""max_displacement"": 0, ""site_search_window"": 10, ""row_search_window"": 2, ""disallow_one_site_gaps"": 0, ""use_diamond_legalizer"": 1, ""disable_window_extension"": 0}","{""max_displacement"": 0, ""site_search_window"": 20, ""row_search_window"": 4, ""disallow_one_site_gaps"": 0, ""use_diamond_legalizer"": 1, ""disable_window_extension"": 0}",VALID,1996434.6,1996434.6,0.0,0.0,0.0,True
45,76,1,RISCY-FPU-a-2-c2,5,"{""max_displacement"": 0, ""site_search_window"": 0, ""row_search_window"": 0, ""disallow_one_site_gaps"": 0, ""use_diamond_legalizer"": 1, ""disable_window_extension"": 0}","{""max_displacement"": 10, ""site_search_window"": 10, ""row_search_window"": 0, ""disallow_one_site_gaps"": 0, ""use_diamond_legalizer"": 1, ""disable_window_extension"": 0}",FAILED,10810430.6,10810430.6,0.0,-100.0,-1.0,False
45,76,2,RISCY-FPU-a-2-c2,2,"{""max_displacement"": 10, ""site_search_window"": 10, ""row_search_window"": 0, ""disallow_one_site_gaps"": 0, ""use_diamond_legalizer"": 1, ""disable_window_extension"": 0}","{""max_displacement"": 0, ""site_search_window"": 0, ""row_search_window"": 0, ""disallow_one_site_gaps"": 0, ""use_diamond_legalizer"": 1, ""disable_window_extension"": 0}",VALID,10810430.6,10810430.6,0.0,0.0,0.0,False
45,76,3,RISCY-FPU-a-2-c2,7,"{""max_displacement"": 0, ""site_search_window"": 0, ""row_search_window"": 0, ""disallow_one_site_gaps"": 0, ""use_diamond_legalizer"": 1, ""disable_window_extension"": 0}","{""max_displacement"": 0, ""site_search_window"": 0, ""row_search_window"": 0, ""disallow_one_site_gaps"": 0, ""use_diamond_legalizer"": 1, ""disable_window_extension"": 0}",VALID,10810430.6,10810430.6,0.0,0.0,0.0,False
45,76,4,RISCY-FPU-a-2-c2,1,"{""max_displacement"": 0, ""site_search_window"": 0, ""row_search_window"": 0, ""disallow_one_site_gaps"": 0, ""use_diamond_legalizer"": 1, ""disable_window_extension"": 0}","{""max_displacement"": 10, ""site_search_window"": 10, ""row_search_window"": 2, ""disallow_one_site_gaps"": 0, ""use_diamond_legalizer"": 1, ""disable_window_extension"": 0}",FAILED,10810430.6,10810430.6,0.0,-100.0,-1.0,False
45,76,5,RISCY-FPU-a-2-c2,7,"{""max_displacement"": 10, ""site_search_window"": 10, ""row_search_window"": 2, ""disallow_one_site_gaps"": 0, ""use_diamond_legalizer"": 1, ""disable_window_extension"": 0}","{""max_displacement"": 10, ""site_search_window"": 10, ""row_search_window"": 2, ""disallow_one_site_gaps"": 0, ""use_diamond_legalizer"": 1, ""disable_window_extension"": 0}",FAILED,10810430.6,10810430.6,0.0,-100.0,-1.0,False
45,76,6,RISCY-FPU-a-2-c2,3,"{""max_displacement"": 10, ""site_search_window"": 10, ""row_search_window"": 2, ""disallow_one_site_gaps"": 0, ""use_diamond_legalizer"": 1, ""disable_window_extension"": 0}","{""max_displacement"": 10, ""site_search_window"": 20, ""row_search_window"": 4, ""disallow_one_site_gaps"": 0, ""use_diamond_legalizer"": 1, ""disable_window_extension"": 0}",FAILED,10810430.6,10810430.6,0.0,-100.0,-1.0,False
45,76,7,RISCY-FPU-a-2-c2,0,"{""max_displacement"": 10, ""site_search_window"": 20, ""row_search_window"": 4, ""disallow_one_site_gaps"": 0, ""use_diamond_legalizer"": 1, ""disable_window_extension"": 0}","{""max_displacement"": 10, ""site_search_window"": 20, ""row_search_window"": 4, ""disallow_one_site_gaps"": true, ""use_diamond_legalizer"": 1, ""disable_window_extension"": true}",FAILED,10810430.6,10810430.6,0.0,-100.0,-1.0,False
45,76,8,RISCY-FPU-a-2-c2,1,"{""max_displacement"": 10, ""site_search_window"": 20, ""row_search_window"": 4, ""disallow_one_site_gaps"": true, ""use_diamond_legalizer"": 1, ""disable_window_extension"": true}","{""max_displacement"": 20, ""site_search_window"": 30, ""row_search_window"": 6, ""disallow_one_site_gaps"": true, ""use_diamond_legalizer"": 1, ""disable_window_extension"": true}",FAILED,10810430.6,10810430.6,0.0,-100.0,-1.0,False
45,76,9,RISCY-FPU-a-2-c2,3,"{""max_displacement"": 20, ""site_search_window"": 30, ""row_search_window"": 6, ""disallow_one_site_gaps"": true, ""use_diamond_legalizer"": 1, ""disable_window_extension"": true}","{""max_displacement"": 20, ""site_search_window"": 40, ""row_search_window"": 8, ""disallow_one_site_gaps"": true, ""use_diamond_legalizer"": 1, ""disable_window_extension"": true}",FAILED,10810430.6,10810430.6,0.0,-100.0,-1.0,False
45,76,10,RISCY-FPU-a-2-c2,7,"{""max_displacement"": 20, ""site_search_window"": 40, ""row_search_window"": 8, ""disallow_one_site_gaps"": true, ""use_diamond_legalizer"": 1, ""disable_window_extension"": true}","{""max_displacement"": 20, ""site_search_window"": 40, ""row_search_window"": 8, ""disallow_one_site_gaps"": true, ""use_diamond_legalizer"": 1, ""disable_window_extension"": true}",FAILED,10810430.6,10810430.6,0.0,-100.0,-1.0,True
45,77,1,zero-riscy-a-1-c20,0,"{""max_displacement"": 0, ""site_search_window"": 0, ""row_search_window"": 0, ""disallow_one_site_gaps"": 0, ""use_diamond_legalizer"": 1, ""disable_window_extension"": 0}","{""max_displacement"": 0, ""site_search_window"": 0, ""row_search_window"": 0, ""disallow_one_site_gaps"": true, ""use_diamond_legalizer"": 1, ""disable_window_extension"": true}",VALID,3708707.2,3708707.2,0.0,0.0,0.0,False
45,77,2,zero-riscy-a-1-c20,4,"{""max_displacement"": 0, ""site_search_window"": 0, ""row_search_window"": 0, ""disallow_one_site_gaps"": true, ""use_diamond_legalizer"": 1, ""disable_window_extension"": true}","{""max_displacement"": 0, ""site_search_window"": 0, ""row_search_window"": 0, ""disallow_one_site_gaps"": true, ""use_diamond_legalizer"": 1, ""disable_window_extension"": true}",VALID,3708707.2,3708707.2,0.0,0.0,0.0,False
45,77,3,zero-riscy-a-1-c20,2,"{""max_displacement"": 0, ""site_search_window"": 0, ""row_search_window"": 0, ""disallow_one_site_gaps"": true, ""use_diamond_legalizer"": 1, ""disable_window_extension"": true}","{""max_displacement"": 0, ""site_search_window"": 0, ""row_search_window"": 0, ""disallow_one_site_gaps"": true, ""use_diamond_legalizer"": 1, ""disable_window_extension"": true}",VALID,3708707.2,3708707.2,0.0,0.0,0.0,False
45,77,4,zero-riscy-a-1-c20,6,"{""max_displacement"": 0, ""site_search_window"": 0, ""row_search_window"": 0, ""disallow_one_site_gaps"": true, ""use_diamond_legalizer"": 1, ""disable_window_extension"": true}","{""max_displacement"": 0, ""site_search_window"": 0, ""row_search_window"": 0, ""disallow_one_site_gaps"": true, ""use_diamond_legalizer"": 1, ""disable_window_extension"": true}",VALID,3708707.2,3708707.2,0.0,0.0,0.0,False
45,77,5,zero-riscy-a-1-c20,1,"{""max_displacement"": 0, ""site_search_window"": 0, ""row_search_window"": 0, ""disallow_one_site_gaps"": true, ""use_diamond_legalizer"": 1, ""disable_window_extension"": true}","{""max_displacement"": 10, ""site_search_window"": 10, ""row_search_window"": 2, ""disallow_one_site_gaps"": true, ""use_diamond_legalizer"": 1, ""disable_window_extension"": true}",FAILED,3708707.2,3708707.2,0.0,-100.0,-1.0,False
45,77,6,zero-riscy-a-1-c20,4,"{""max_displacement"": 10, ""site_search_window"": 10, ""row_search_window"": 2, ""disallow_one_site_gaps"": true, ""use_diamond_legalizer"": 1, ""disable_window_extension"": true}","{""max_displacement"": 10, ""site_search_window"": 0, ""row_search_window"": 0, ""disallow_one_site_gaps"": true, ""use_diamond_legalizer"": 1, ""disable_window_extension"": true}",FAILED,3708707.2,3708707.2,0.0,-100.0,-1.0,False
45,77,7,zero-riscy-a-1-c20,1,"{""max_displacement"": 10, ""site_search_window"": 0, ""row_search_window"": 0, ""disallow_one_site_gaps"": true, ""use_diamond_legalizer"": 1, ""disable_window_extension"": true}","{""max_displacement"": 20, ""site_search_window"": 10, ""row_search_window"": 2, ""disallow_one_site_gaps"": true, ""use_diamond_legalizer"": 1, ""disable_window_extension"": true}",VALID,3708707.2,3708707.2,0.0,0.0,0.0,False
45,77,8,zero-riscy-a-1-c20,6,"{""max_displacement"": 20, ""site_search_window"": 10, ""row_search_window"": 2, ""disallow_one_site_gaps"": true, ""use_diamond_legalizer"": 1, ""disable_window_extension"": true}","{""max_displacement"": 10, ""site_search_window"": 0, ""row_search_window"": 2, ""disallow_one_site_gaps"": true, ""use_diamond_legalizer"": 1, ""disable_window_extension"": true}",FAILED,3708707.2,3708707.2,0.0,-100.0,-1.0,False
45,77,9,zero-riscy-a-1-c20,1,"{""max_displacement"": 10, ""site_search_window"": 0, ""row_search_window"": 2, ""disallow_one_site_gaps"": true, ""use_diamond_legalizer"": 1, ""disable_window_extension"": true}","{""max_displacement"": 20, ""site_search_window"": 10, ""row_search_window"": 4, ""disallow_one_site_gaps"": true, ""use_diamond_legalizer"": 1, ""disable_window_extension"": true}",VALID,3708707.2,3708707.2,0.0,0.0,0.0,False
45,77,10,zero-riscy-a-1-c20,2,"{""max_displacement"": 20, ""site_search_window"": 10, ""row_search_window"": 4, ""disallow_one_site_gaps"": true, ""use_diamond_legalizer"": 1, ""disable_window_extension"": true}","{""max_displacement"": 10, ""site_search_window"": 0, ""row_search_window"": 2, ""disallow_one_site_gaps"": true, ""use_diamond_legalizer"": 1, ""disable_window_extension"": true}",FAILED,3708707.2,3708707.2,0.0,-100.0,-1.0,True
45,78,1,RISCY-b-1-c20,4,"{""max_displacement"": 0, ""site_search_window"": 0, ""row_search_window"": 0, ""disallow_one_site_gaps"": 0, ""use_diamond_legalizer"": 1, ""disable_window_extension"": 0}","{""max_displacement"": 0, ""site_search_window"": 0, ""row_search_window"": 0, ""disallow_one_site_gaps"": 0, ""use_diamond_legalizer"": 1, ""disable_window_extension"": 0}",VALID,3618038.1,3618038.1,0.0,0.0,0.0,False
45,78,2,RISCY-b-1-c20,4,"{""max_displacement"": 0, ""site_search_window"": 0, ""row_search_window"": 0, ""disallow_one_site_gaps"": 0, ""use_diamond_legalizer"": 1, ""disable_window_extension"": 0}","{""max_displacement"": 0, ""site_search_window"": 0, ""row_search_window"": 0, ""disallow_one_site_gaps"": 0, ""use_diamond_legalizer"": 1, ""disable_window_extension"": 0}",VALID,3618038.1,3618038.1,0.0,0.0,0.0,False
45,78,3,RISCY-b-1-c20,5,"{""max_displacement"": 0, ""site_search_window"": 0, ""row_search_window"": 0, ""disallow_one_site_gaps"": 0, ""use_diamond_legalizer"": 1, ""disable_window_extension"": 0}","{""max_displacement"": 10, ""site_search_window"": 10, ""row_search_window"": 0, ""disallow_one_site_gaps"": 0, ""use_diamond_legalizer"": 1, ""disable_window_extension"": 0}",FAILED,3618038.1,3618038.1,0.0,-100.0,-1.0,False
45,78,4,RISCY-b-1-c20,0,"{""max_displacement"": 10, ""site_search_window"": 10, ""row_search_window"": 0, ""disallow_one_site_gaps"": 0, ""use_diamond_legalizer"": 1, ""disable_window_extension"": 0}","{""max_displacement"": 10, ""site_search_window"": 10, ""row_search_window"": 0, ""disallow_one_site_gaps"": true, ""use_diamond_legalizer"": 1, ""disable_window_extension"": true}",FAILED,3618038.1,3618038.1,0.0,-100.0,-1.0,False
45,78,5,RISCY-b-1-c20,7,"{""max_displacement"": 10, ""site_search_window"": 10, ""row_search_window"": 0, ""disallow_one_site_gaps"": true, ""use_diamond_legalizer"": 1, ""disable_window_extension"": true}","{""max_displacement"": 10, ""site_search_window"": 10, ""row_search_window"": 0, ""disallow_one_site_gaps"": true, ""use_diamond_legalizer"": 1, ""disable_window_extension"": true}",FAILED,3618038.1,3618038.1,0.0,-100.0,-1.0,False
45,78,6,RISCY-b-1-c20,6,"{""max_displacement"": 10, ""site_search_window"": 10, ""row_search_window"": 0, ""disallow_one_site_gaps"": true, ""use_diamond_legalizer"": 1, ""disable_window_extension"": true}","{""max_displacement"": 0, ""site_search_window"": 0, ""row_search_window"": 0, ""disallow_one_site_gaps"": true, ""use_diamond_legalizer"": 1, ""disable_window_extension"": true}",VALID,3618038.1,3618038.1,0.0,0.0,0.0,False
45,78,7,RISCY-b-1-c20,5,"{""max_displacement"": 0, ""site_search_window"": 0, ""row_search_window"": 0, ""disallow_one_site_gaps"": true, ""use_diamond_legalizer"": 1, ""disable_window_extension"": true}","{""max_displacement"": 10, ""site_search_window"": 10, ""row_search_window"": 0, ""disallow_one_site_gaps"": true, ""use_diamond_legalizer"": 1, ""disable_window_extension"": true}",FAILED,3618038.1,3618038.1,0.0,-100.0,-1.0,False
45,78,8,RISCY-b-1-c20,0,"{""max_displacement"": 10, ""site_search_window"": 10, ""row_search_window"": 0, ""disallow_one_site_gaps"": true, ""use_diamond_legalizer"": 1, ""disable_window_extension"": true}","{""max_displacement"": 10, ""site_search_window"": 10, ""row_search_window"": 0, ""disallow_one_site_gaps"": false, ""use_diamond_legalizer"": 1, ""disable_window_extension"": false}",FAILED,3618038.1,3618038.1,0.0,-100.0,-1.0,False
45,78,9,RISCY-b-1-c20,4,"{""max_displacement"": 10, ""site_search_window"": 10, ""row_search_window"": 0, ""disallow_one_site_gaps"": false, ""use_diamond_legalizer"": 1, ""disable_window_extension"": false}","{""max_displacement"": 10, ""site_search_window"": 0, ""row_search_window"": 0, ""disallow_one_site_gaps"": false, ""use_diamond_legalizer"": 1, ""disable_window_extension"": false}",FAILED,3618038.1,3618038.1,0.0,-100.0,-1.0,False
45,78,10,RISCY-b-1-c20,4,"{""max_displacement"": 10, ""site_search_window"": 0, ""row_search_window"": 0, ""disallow_one_site_gaps"": false, ""use_diamond_legalizer"": 1, ""disable_window_extension"": false}","{""max_displacement"": 10, ""site_search_window"": 0, ""row_search_window"": 0, ""disallow_one_site_gaps"": false, ""use_diamond_legalizer"": 1, ""disable_window_extension"": false}",FAILED,3618038.1,3618038.1,0.0,-100.0,-1.0,True
45,79,1,RISCY-a-2-c5,4,"{""max_displacement"": 0, ""site_search_window"": 0, ""row_search_window"": 0, ""disallow_one_site_gaps"": 0, ""use_diamond_legalizer"": 1, ""disable_window_extension"": 0}","{""max_displacement"": 0, ""site_search_window"": 0, ""row_search_window"": 0, ""disallow_one_site_gaps"": 0, ""use_diamond_legalizer"": 1, ""disable_window_extension"": 0}",VALID,4814393.9,4814393.9,0.0,0.0,0.0,False
45,79,2,RISCY-a-2-c5,4,"{""max_displacement"": 0, ""site_search_window"": 0, ""row_search_window"": 0, ""disallow_one_site_gaps"": 0, ""use_diamond_legalizer"": 1, ""disable_window_extension"": 0}","{""max_displacement"": 0, ""site_search_window"": 0, ""row_search_window"": 0, ""disallow_one_site_gaps"": 0, ""use_diamond_legalizer"": 1, ""disable_window_extension"": 0}",VALID,4814393.9,4814393.9,0.0,0.0,0.0,False
45,79,3,RISCY-a-2-c5,3,"{""max_displacement"": 0, ""site_search_window"": 0, ""row_search_window"": 0, ""disallow_one_site_gaps"": 0, ""use_diamond_legalizer"": 1, ""disable_window_extension"": 0}","{""max_displacement"": 0, ""site_search_window"": 10, ""row_search_window"": 2, ""disallow_one_site_gaps"": 0, ""use_diamond_legalizer"": 1, ""disable_window_extension"": 0}",VALID,4814393.9,4814393.9,0.0,0.0,0.0,False
45,79,4,RISCY-a-2-c5,6,"{""max_displacement"": 0, ""site_search_window"": 10, ""row_search_window"": 2, ""disallow_one_site_gaps"": 0, ""use_diamond_legalizer"": 1, ""disable_window_extension"": 0}","{""max_displacement"": 0, ""site_search_window"": 0, ""row_search_window"": 2, ""disallow_one_site_gaps"": 0, ""use_diamond_legalizer"": 1, ""disable_window_extension"": 0}",VALID,4814393.9,4814393.9,0.0,0.0,0.0,False
45,79,5,RISCY-a-2-c5,7,"{""max_displacement"": 0, ""site_search_window"": 0, ""row_search_window"": 2, ""disallow_one_site_gaps"": 0, ""use_diamond_legalizer"": 1, ""disable_window_extension"": 0}","{""max_displacement"": 0, ""site_search_window"": 0, ""row_search_window"": 2, ""disallow_one_site_gaps"": 0, ""use_diamond_legalizer"": 1, ""disable_window_extension"": 0}",VALID,4814393.9,4814393.9,0.0,0.0,0.0,False
45,79,6,RISCY-a-2-c5,3,"{""max_displacement"": 0, ""site_search_window"": 0, ""row_search_window"": 2, ""disallow_one_site_gaps"": 0, ""use_diamond_legalizer"": 1, ""disable_window_extension"": 0}","{""max_displacement"": 0, ""site_search_window"": 10, ""row_search_window"": 4, ""disallow_one_site_gaps"": 0, ""use_diamond_legalizer"": 1, ""disable_window_extension"": 0}",VALID,4814393.9,4814393.9,0.0,0.0,0.0,False
45,79,7,RISCY-a-2-c5,2,"{""max_displacement"": 0, ""site_search_window"": 10, ""row_search_window"": 4, ""disallow_one_site_gaps"": 0, ""use_diamond_legalizer"": 1, ""disable_window_extension"": 0}","{""max_displacement"": 0, ""site_search_window"": 0, ""row_search_window"": 2, ""disallow_one_site_gaps"": 0, ""use_diamond_legalizer"": 1, ""disable_window_extension"": 0}",VALID,4814393.9,4814393.9,0.0,0.0,0.0,False
45,79,8,RISCY-a-2-c5,4,"{""max_displacement"": 0, ""site_search_window"": 0, ""row_search_window"": 2, ""disallow_one_site_gaps"": 0, ""use_diamond_legalizer"": 1, ""disable_window_extension"": 0}","{""max_displacement"": 0, ""site_search_window"": 0, ""row_search_window"": 0, ""disallow_one_site_gaps"": 0, ""use_diamond_legalizer"": 1, ""disable_window_extension"": 0}",VALID,4814393.9,4814393.9,0.0,0.0,0.0,False
45,79,9,RISCY-a-2-c5,1,"{""max_displacement"": 0, ""site_search_window"": 0, ""row_search_window"": 0, ""disallow_one_site_gaps"": 0, ""use_diamond_legalizer"": 1, ""disable_window_extension"": 0}","{""max_displacement"": 10, ""site_search_window"": 10, ""row_search_window"": 2, ""disallow_one_site_gaps"": 0, ""use_diamond_legalizer"": 1, ""disable_window_extension"": 0}",VALID,4814393.9,4814393.9,0.0,0.0,0.0,False
45,79,10,RISCY-a-2-c5,4,"{""max_displacement"": 10, ""site_search_window"": 10, ""row_search_window"": 2, ""disallow_one_site_gaps"": 0, ""use_diamond_legalizer"": 1, ""disable_window_extension"": 0}","{""max_displacement"": 10, ""site_search_window"": 0, ""row_search_window"": 0, ""disallow_one_site_gaps"": 0, ""use_diamond_legalizer"": 1, ""disable_window_extension"": 0}",VALID,4814393.9,4814393.9,0.0,0.0,0.0,True
45,80,1,zero-riscy-a-2-c20,0,"{""max_displacement"": 0, ""site_search_window"": 0, ""row_search_window"": 0, ""disallow_one_site_gaps"": 0, ""use_diamond_legalizer"": 1, ""disable_window_extension"": 0}","{""max_displacement"": 0, ""site_search_window"": 0, ""row_search_window"": 0, ""disallow_one_site_gaps"": true, ""use_diamond_legalizer"": 1, ""disable_window_extension"": true}",VALID,3884748.2,3884748.2,0.0,0.0,0.0,False
45,80,2,zero-riscy-a-2-c20,4,"{""max_displacement"": 0, ""site_search_window"": 0, ""row_search_window"": 0, ""disallow_one_site_gaps"": true, ""use_diamond_legalizer"": 1, ""disable_window_extension"": true}","{""max_displacement"": 0, ""site_search_window"": 0, ""row_search_window"": 0, ""disallow_one_site_gaps"": true, ""use_diamond_legalizer"": 1, ""disable_window_extension"": true}",VALID,3884748.2,3884748.2,0.0,0.0,0.0,False
45,80,3,zero-riscy-a-2-c20,6,"{""max_displacement"": 0, ""site_search_window"": 0, ""row_search_window"": 0, ""disallow_one_site_gaps"": true, ""use_diamond_legalizer"": 1, ""disable_window_extension"": true}","{""max_displacement"": 0, ""site_search_window"": 0, ""row_search_window"": 0, ""disallow_one_site_gaps"": true, ""use_diamond_legalizer"": 1, ""disable_window_extension"": true}",VALID,3884748.2,3884748.2,0.0,0.0,0.0,False
45,80,4,zero-riscy-a-2-c20,4,"{""max_displacement"": 0, ""site_search_window"": 0, ""row_search_window"": 0, ""disallow_one_site_gaps"": true, ""use_diamond_legalizer"": 1, ""disable_window_extension"": true}","{""max_displacement"": 0, ""site_search_window"": 0, ""row_search_window"": 0, ""disallow_one_site_gaps"": true, ""use_diamond_legalizer"": 1, ""disable_window_extension"": true}",VALID,3884748.2,3884748.2,0.0,0.0,0.0,False
45,80,5,zero-riscy-a-2-c20,7,"{""max_displacement"": 0, ""site_search_window"": 0, ""row_search_window"": 0, ""disallow_one_site_gaps"": true, ""use_diamond_legalizer"": 1, ""disable_window_extension"": true}","{""max_displacement"": 0, ""site_search_window"": 0, ""row_search_window"": 0, ""disallow_one_site_gaps"": true, ""use_diamond_legalizer"": 1, ""disable_window_extension"": true}",VALID,3884748.2,3884748.2,0.0,0.0,0.0,False
45,80,6,zero-riscy-a-2-c20,1,"{""max_displacement"": 0, ""site_search_window"": 0, ""row_search_window"": 0, ""disallow_one_site_gaps"": true, ""use_diamond_legalizer"": 1, ""disable_window_extension"": true}","{""max_displacement"": 10, ""site_search_window"": 10, ""row_search_window"": 2, ""disallow_one_site_gaps"": true, ""use_diamond_legalizer"": 1, ""disable_window_extension"": true}",VALID,3884748.2,3884737.2,11.0,0.00030000000000000003,2.8315863560989616e-06,False
45,80,7,zero-riscy-a-2-c20,6,"{""max_displacement"": 10, ""site_search_window"": 10, ""row_search_window"": 2, ""disallow_one_site_gaps"": true, ""use_diamond_legalizer"": 1, ""disable_window_extension"": true}","{""max_displacement"": 0, ""site_search_window"": 0, ""row_search_window"": 2, ""disallow_one_site_gaps"": true, ""use_diamond_legalizer"": 1, ""disable_window_extension"": true}",VALID,3884748.2,3884748.2,-11.0,-0.00030000000000000003,-2.831594374002957e-06,False
45,80,8,zero-riscy-a-2-c20,1,"{""max_displacement"": 0, ""site_search_window"": 0, ""row_search_window"": 2, ""disallow_one_site_gaps"": true, ""use_diamond_legalizer"": 1, ""disable_window_extension"": true}","{""max_displacement"": 10, ""site_search_window"": 10, ""row_search_window"": 4, ""disallow_one_site_gaps"": true, ""use_diamond_legalizer"": 1, ""disable_window_extension"": true}",VALID,3884748.2,3884737.2,11.0,0.00030000000000000003,2.8315863560989616e-06,False
45,80,9,zero-riscy-a-2-c20,6,"{""max_displacement"": 10, ""site_search_window"": 10, ""row_search_window"": 4, ""disallow_one_site_gaps"": true, ""use_diamond_legalizer"": 1, ""disable_window_extension"": true}","{""max_displacement"": 0, ""site_search_window"": 0, ""row_search_window"": 4, ""disallow_one_site_gaps"": true, ""use_diamond_legalizer"": 1, ""disable_window_extension"": true}",VALID,3884748.2,3884748.2,-11.0,-0.00030000000000000003,-2.831594374002957e-06,False
45,80,10,zero-riscy-a-2-c20,6,"{""max_displacement"": 0, ""site_search_window"": 0, ""row_search_window"": 4, ""disallow_one_site_gaps"": true, ""use_diamond_legalizer"": 1, ""disable_window_extension"": true}","{""max_displacement"": 0, ""site_search_window"": 0, ""row_search_window"": 4, ""disallow_one_site_gaps"": true, ""use_diamond_legalizer"": 1, ""disable_window_extension"": true}",VALID,3884748.2,3884748.2,0.0,0.0,0.0,True
45,81,1,zero-riscy-a-1-c2,4,"{""max_displacement"": 0, ""site_search_window"": 0, ""row_search_window"": 0, ""disallow_one_site_gaps"": 0, ""use_diamond_legalizer"": 1, ""disable_window_extension"": 0}","{""max_displacement"": 0, ""site_search_window"": 0, ""row_search_window"": 0, ""disallow_one_site_gaps"": 0, ""use_diamond_legalizer"": 1, ""disable_window_extension"": 0}",VALID,5098387.3,5098387.3,0.0,0.0,0.0,False
45,81,2,zero-riscy-a-1-c2,5,"{""max_displacement"": 0, ""site_search_window"": 0, ""row_search_window"": 0, ""disallow_one_site_gaps"": 0, ""use_diamond_legalizer"": 1, ""disable_window_extension"": 0}","{""max_displacement"": 10, ""site_search_window"": 10, ""row_search_window"": 0, ""disallow_one_site_gaps"": 0, ""use_diamond_legalizer"": 1, ""disable_window_extension"": 0}",FAILED,5098387.3,5098387.3,0.0,-100.0,-1.0,False
45,81,3,zero-riscy-a-1-c2,2,"{""max_displacement"": 10, ""site_search_window"": 10, ""row_search_window"": 0, ""disallow_one_site_gaps"": 0, ""use_diamond_legalizer"": 1, ""disable_window_extension"": 0}","{""max_displacement"": 0, ""site_search_window"": 0, ""row_search_window"": 0, ""disallow_one_site_gaps"": 0, ""use_diamond_legalizer"": 1, ""disable_window_extension"": 0}",VALID,5098387.3,5098387.3,0.0,0.0,0.0,False
45,81,4,zero-riscy-a-1-c2,1,"{""max_displacement"": 0, ""site_search_window"": 0, ""row_search_window"": 0, ""disallow_one_site_gaps"": 0, ""use_diamond_legalizer"": 1, ""disable_window_extension"": 0}","{""max_displacement"": 10, ""site_search_window"": 10, ""row_search_window"": 2, ""disallow_one_site_gaps"": 0, ""use_diamond_legalizer"": 1, ""disable_window_extension"": 0}",FAILED,5098387.3,5098387.3,0.0,-100.0,-1.0,False
45,81,5,zero-riscy-a-1-c2,5,"{""max_displacement"": 10, ""site_search_window"": 10, ""row_search_window"": 2, ""disallow_one_site_gaps"": 0, ""use_diamond_legalizer"": 1, ""disable_window_extension"": 0}","{""max_displacement"": 20, ""site_search_window"": 20, ""row_search_window"": 2, ""disallow_one_site_gaps"": 0, ""use_diamond_legalizer"": 1, ""disable_window_extension"": 0}",FAILED,5098387.3,5098387.3,0.0,-100.0,-1.0,False
45,81,6,zero-riscy-a-1-c2,5,"{""max_displacement"": 20, ""site_search_window"": 20, ""row_search_window"": 2, ""disallow_one_site_gaps"": 0, ""use_diamond_legalizer"": 1, ""disable_window_extension"": 0}","{""max_displacement"": 30, ""site_search_window"": 30, ""row_search_window"": 2, ""disallow_one_site_gaps"": 0, ""use_diamond_legalizer"": 1, ""disable_window_extension"": 0}",VALID,5098387.3,5098387.3,0.0,0.0,0.0,False
45,81,7,zero-riscy-a-1-c2,7,"{""max_displacement"": 30, ""site_search_window"": 30, ""row_search_window"": 2, ""disallow_one_site_gaps"": 0, ""use_diamond_legalizer"": 1, ""disable_window_extension"": 0}","{""max_displacement"": 30, ""site_search_window"": 30, ""row_search_window"": 2, ""disallow_one_site_gaps"": 0, ""use_diamond_legalizer"": 1, ""disable_window_extension"": 0}",VALID,5098387.3,5098387.3,0.0,0.0,0.0,False
45,81,8,zero-riscy-a-1-c2,4,"{""max_displacement"": 30, ""site_search_window"": 30, ""row_search_window"": 2, ""disallow_one_site_gaps"": 0, ""use_diamond_legalizer"": 1, ""disable_window_extension"": 0}","{""max_displacement"": 30, ""site_search_window"": 20, ""row_search_window"": 0, ""disallow_one_site_gaps"": 0, ""use_diamond_legalizer"": 1, ""disable_window_extension"": 0}",VALID,5098387.3,5098387.3,0.0,0.0,0.0,False
45,81,9,zero-riscy-a-1-c2,5,"{""max_displacement"": 30, ""site_search_window"": 20, ""row_search_window"": 0, ""disallow_one_site_gaps"": 0, ""use_diamond_legalizer"": 1, ""disable_window_extension"": 0}","{""max_displacement"": 40, ""site_search_window"": 30, ""row_search_window"": 0, ""disallow_one_site_gaps"": 0, ""use_diamond_legalizer"": 1, ""disable_window_extension"": 0}",VALID,5098387.3,5098387.3,0.0,0.0,0.0,False
45,81,10,zero-riscy-a-1-c2,7,"{""max_displacement"": 40, ""site_search_window"": 30, ""row_search_window"": 0, ""disallow_one_site_gaps"": 0, ""use_diamond_legalizer"": 1, ""disable_window_extension"": 0}","{""max_displacement"": 40, ""site_search_window"": 30, ""row_search_window"": 0, ""disallow_one_site_gaps"": 0, ""use_diamond_legalizer"": 1, ""disable_window_extension"": 0}",VALID,5098387.3,5098387.3,0.0,0.0,0.0,True
45,82,1,RISCY-a-3-c5,4,"{""max_displacement"": 0, ""site_search_window"": 0, ""row_search_window"": 0, ""disallow_one_site_gaps"": 0, ""use_diamond_legalizer"": 1, ""disable_window_extension"": 0}","{""max_displacement"": 0, ""site_search_window"": 0, ""row_search_window"": 0, ""disallow_one_site_gaps"": 0, ""use_diamond_legalizer"": 1, ""disable_window_extension"": 0}",VALID,5599044.1,5599044.1,0.0,0.0,0.0,False
45,82,2,RISCY-a-3-c5,2,"{""max_displacement"": 0, ""site_search_window"": 0, ""row_search_window"": 0, ""disallow_one_site_gaps"": 0, ""use_diamond_legalizer"": 1, ""disable_window_extension"": 0}","{""max_displacement"": 0, ""site_search_window"": 0, ""row_search_window"": 0, ""disallow_one_site_gaps"": 0, ""use_diamond_legalizer"": 1, ""disable_window_extension"": 0}",VALID,5599044.1,5599044.1,0.0,0.0,0.0,False
45,82,3,RISCY-a-3-c5,6,"{""max_displacement"": 0, ""site_search_window"": 0, ""row_search_window"": 0, ""disallow_one_site_gaps"": 0, ""use_diamond_legalizer"": 1, ""disable_window_extension"": 0}","{""max_displacement"": 0, ""site_search_window"": 0, ""row_search_window"": 0, ""disallow_one_site_gaps"": 0, ""use_diamond_legalizer"": 1, ""disable_window_extension"": 0}",VALID,5599044.1,5599044.1,0.0,0.0,0.0,False
45,82,4,RISCY-a-3-c5,6,"{""max_displacement"": 0, ""site_search_window"": 0, ""row_search_window"": 0, ""disallow_one_site_gaps"": 0, ""use_diamond_legalizer"": 1, ""disable_window_extension"": 0}","{""max_displacement"": 0, ""site_search_window"": 0, ""row_search_window"": 0, ""disallow_one_site_gaps"": 0, ""use_diamond_legalizer"": 1, ""disable_window_extension"": 0}",VALID,5599044.1,5599044.1,0.0,0.0,0.0,False
45,82,5,RISCY-a-3-c5,2,"{""max_displacement"": 0, ""site_search_window"": 0, ""row_search_window"": 0, ""disallow_one_site_gaps"": 0, ""use_diamond_legalizer"": 1, ""disable_window_extension"": 0}","{""max_displacement"": 0, ""site_search_window"": 0, ""row_search_window"": 0, ""disallow_one_site_gaps"": 0, ""use_diamond_legalizer"": 1, ""disable_window_extension"": 0}",VALID,5599044.1,5599044.1,0.0,0.0,0.0,False
45,82,6,RISCY-a-3-c5,2,"{""max_displacement"": 0, ""site_search_window"": 0, ""row_search_window"": 0, ""disallow_one_site_gaps"": 0, ""use_diamond_legalizer"": 1, ""disable_window_extension"": 0}","{""max_displacement"": 0, ""site_search_window"": 0, ""row_search_window"": 0, ""disallow_one_site_gaps"": 0, ""use_diamond_legalizer"": 1, ""disable_window_extension"": 0}",VALID,5599044.1,5599044.1,0.0,0.0,0.0,False
45,82,7,RISCY-a-3-c5,7,"{""max_displacement"": 0, ""site_search_window"": 0, ""row_search_window"": 0, ""disallow_one_site_gaps"": 0, ""use_diamond_legalizer"": 1, ""disable_window_extension"": 0}","{""max_displacement"": 0, ""site_search_window"": 0, ""row_search_window"": 0, ""disallow_one_site_gaps"": 0, ""use_diamond_legalizer"": 1, ""disable_window_extension"": 0}",VALID,5599044.1,5599044.1,0.0,0.0,0.0,False
45,82,8,RISCY-a-3-c5,4,"{""max_displacement"": 0, ""site_search_window"": 0, ""row_search_window"": 0, ""disallow_one_site_gaps"": 0, ""use_diamond_legalizer"": 1, ""disable_window_extension"": 0}","{""max_displacement"": 0, ""site_search_window"": 0, ""row_search_window"": 0, ""disallow_one_site_gaps"": 0, ""use_diamond_legalizer"": 1, ""disable_window_extension"": 0}",VALID,5599044.1,5599044.1,0.0,0.0,0.0,False
45,82,9,RISCY-a-3-c5,2,"{""max_displacement"": 0, ""site_search_window"": 0, ""row_search_window"": 0, ""disallow_one_site_gaps"": 0, ""use_diamond_legalizer"": 1, ""disable_window_extension"": 0}","{""max_displacement"": 0, ""site_search_window"": 0, ""row_search_window"": 0, ""disallow_one_site_gaps"": 0, ""use_diamond_legalizer"": 1, ""disable_window_extension"": 0}",VALID,5599044.1,5599044.1,0.0,0.0,0.0,False
45,82,10,RISCY-a-3-c5,7,"{""max_displacement"": 0, ""site_search_window"": 0, ""row_search_window"": 0, ""disallow_one_site_gaps"": 0, ""use_diamond_legalizer"": 1, ""disable_window_extension"": 0}","{""max_displacement"": 0, ""site_search_window"": 0, ""row_search_window"": 0, ""disallow_one_site_gaps"": 0, ""use_diamond_legalizer"": 1, ""disable_window_extension"": 0}",VALID,5599044.1,5599044.1,0.0,0.0,0.0,True
45,83,1,RISCY-FPU-b-3-c20,2,"{""max_displacement"": 0, ""site_search_window"": 0, ""row_search_window"": 0, ""disallow_one_site_gaps"": 0, ""use_diamond_legalizer"": 1, ""disable_window_extension"": 0}","{""max_displacement"": 0, ""site_search_window"": 0, ""row_search_window"": 0, ""disallow_one_site_gaps"": 0, ""use_diamond_legalizer"": 1, ""disable_window_extension"": 0}",VALID,5040703.3,5040703.3,0.0,0.0,0.0,False
45,83,2,RISCY-FPU-b-3-c20,7,"{""max_displacement"": 0, ""site_search_window"": 0, ""row_search_window"": 0, ""disallow_one_site_gaps"": 0, ""use_diamond_legalizer"": 1, ""disable_window_extension"": 0}","{""max_displacement"": 0, ""site_search_window"": 0, ""row_search_window"": 0, ""disallow_one_site_gaps"": 0, ""use_diamond_legalizer"": 1, ""disable_window_extension"": 0}",VALID,5040703.3,5040703.3,0.0,0.0,0.0,False
45,83,3,RISCY-FPU-b-3-c20,7,"{""max_displacement"": 0, ""site_search_window"": 0, ""row_search_window"": 0, ""disallow_one_site_gaps"": 0, ""use_diamond_legalizer"": 1, ""disable_window_extension"": 0}","{""max_displacement"": 0, ""site_search_window"": 0, ""row_search_window"": 0, ""disallow_one_site_gaps"": 0, ""use_diamond_legalizer"": 1, ""disable_window_extension"": 0}",VALID,5040703.3,5040703.3,0.0,0.0,0.0,False
45,83,4,RISCY-FPU-b-3-c20,1,"{""max_displacement"": 0, ""site_search_window"": 0, ""row_search_window"": 0, ""disallow_one_site_gaps"": 0, ""use_diamond_legalizer"": 1, ""disable_window_extension"": 0}","{""max_displacement"": 10, ""site_search_window"": 10, ""row_search_window"": 2, ""disallow_one_site_gaps"": 0, ""use_diamond_legalizer"": 1, ""disable_window_extension"": 0}",FAILED,5040703.3,5040703.3,0.0,-100.0,-1.0,False
45,83,5,RISCY-FPU-b-3-c20,0,"{""max_displacement"": 10, ""site_search_window"": 10, ""row_search_window"": 2, ""disallow_one_site_gaps"": 0, ""use_diamond_legalizer"": 1, ""disable_window_extension"": 0}","{""max_displacement"": 10, ""site_search_window"": 10, ""row_search_window"": 2, ""disallow_one_site_gaps"": true, ""use_diamond_legalizer"": 1, ""disable_window_extension"": true}",FAILED,5040703.3,5040703.3,0.0,-100.0,-1.0,False
45,83,6,RISCY-FPU-b-3-c20,1,"{""max_displacement"": 10, ""site_search_window"": 10, ""row_search_window"": 2, ""disallow_one_site_gaps"": true, ""use_diamond_legalizer"": 1, ""disable_window_extension"": true}","{""max_displacement"": 20, ""site_search_window"": 20, ""row_search_window"": 4, ""disallow_one_site_gaps"": true, ""use_diamond_legalizer"": 1, ""disable_window_extension"": true}",FAILED,5040703.3,5040703.3,0.0,-100.0,-1.0,False
45,83,7,RISCY-FPU-b-3-c20,2,"{""max_displacement"": 20, ""site_search_window"": 20, ""row_search_window"": 4, ""disallow_one_site_gaps"": true, ""use_diamond_legalizer"": 1, ""disable_window_extension"": true}","{""max_displacement"": 10, ""site_search_window"": 10, ""row_search_window"": 2, ""disallow_one_site_gaps"": true, ""use_diamond_legalizer"": 1, ""disable_window_extension"": true}",FAILED,5040703.3,5040703.3,0.0,-100.0,-1.0,False
45,83,8,RISCY-FPU-b-3-c20,4,"{""max_displacement"": 10, ""site_search_window"": 10, ""row_search_window"": 2, ""disallow_one_site_gaps"": true, ""use_diamond_legalizer"": 1, ""disable_window_extension"": true}","{""max_displacement"": 10, ""site_search_window"": 0, ""row_search_window"": 0, ""disallow_one_site_gaps"": true, ""use_diamond_legalizer"": 1, ""disable_window_extension"": true}",FAILED,5040703.3,5040703.3,0.0,-100.0,-1.0,False
45,83,9,RISCY-FPU-b-3-c20,7,"{""max_displacement"": 10, ""site_search_window"": 0, ""row_search_window"": 0, ""disallow_one_site_gaps"": true, ""use_diamond_legalizer"": 1, ""disable_window_extension"": true}","{""max_displacement"": 10, ""site_search_window"": 0, ""row_search_window"": 0, ""disallow_one_site_gaps"": true, ""use_diamond_legalizer"": 1, ""disable_window_extension"": true}",FAILED,5040703.3,5040703.3,0.0,-100.0,-1.0,False
45,83,10,RISCY-FPU-b-3-c20,6,"{""max_displacement"": 10, ""site_search_window"": 0, ""row_search_window"": 0, ""disallow_one_site_gaps"": true, ""use_diamond_legalizer"": 1, ""disable_window_extension"": true}","{""max_displacement"": 0, ""site_search_window"": 0, ""row_search_window"": 0, ""disallow_one_site_gaps"": true, ""use_diamond_legalizer"": 1, ""disable_window_extension"": true}",VALID,5040703.3,5040703.3,0.0,0.0,0.0,True
45,84,1,zero-riscy-b-3-c5,3,"{""max_displacement"": 0, ""site_search_window"": 0, ""row_search_window"": 0, ""disallow_one_site_gaps"": 0, ""use_diamond_legalizer"": 1, ""disable_window_extension"": 0}","{""max_displacement"": 0, ""site_search_window"": 10, ""row_search_window"": 2, ""disallow_one_site_gaps"": 0, ""use_diamond_legalizer"": 1, ""disable_window_extension"": 0}",VALID,2080758.2,2080758.2,0.0,0.0,0.0,False
45,84,2,zero-riscy-b-3-c5,2,"{""max_displacement"": 0, ""site_search_window"": 10, ""row_search_window"": 2, ""disallow_one_site_gaps"": 0, ""use_diamond_legalizer"": 1, ""disable_window_extension"": 0}","{""max_displacement"": 0, ""site_search_window"": 0, ""row_search_window"": 0, ""disallow_one_site_gaps"": 0, ""use_diamond_legalizer"": 1, ""disable_window_extension"": 0}",VALID,2080758.2,2080758.2,0.0,0.0,0.0,False
45,84,3,zero-riscy-b-3-c5,3,"{""max_displacement"": 0, ""site_search_window"": 0, ""row_search_window"": 0, ""disallow_one_site_gaps"": 0, ""use_diamond_legalizer"": 1, ""disable_window_extension"": 0}","{""max_displacement"": 0, ""site_search_window"": 10, ""row_search_window"": 2, ""disallow_one_site_gaps"": 0, ""use_diamond_legalizer"": 1, ""disable_window_extension"": 0}",VALID,2080758.2,2080758.2,0.0,0.0,0.0,False
45,84,4,zero-riscy-b-3-c5,4,"{""max_displacement"": 0, ""site_search_window"": 10, ""row_search_window"": 2, ""disallow_one_site_gaps"": 0, ""use_diamond_legalizer"": 1, ""disable_window_extension"": 0}","{""max_displacement"": 0, ""site_search_window"": 0, ""row_search_window"": 0, ""disallow_one_site_gaps"": 0, ""use_diamond_legalizer"": 1, ""disable_window_extension"": 0}",VALID,2080758.2,2080758.2,0.0,0.0,0.0,False
45,84,5,zero-riscy-b-3-c5,4,"{""max_displacement"": 0, ""site_search_window"": 0, ""row_search_window"": 0, ""disallow_one_site_gaps"": 0, ""use_diamond_legalizer"": 1, ""disable_window_extension"": 0}","{""max_displacement"": 0, ""site_search_window"": 0, ""row_search_window"": 0, ""disallow_one_site_gaps"": 0, ""use_diamond_legalizer"": 1, ""disable_window_extension"": 0}",VALID,2080758.2,2080758.2,0.0,0.0,0.0,False
45,84,6,zero-riscy-b-3-c5,7,"{""max_displacement"": 0, ""site_search_window"": 0, ""row_search_window"": 0, ""disallow_one_site_gaps"": 0, ""use_diamond_legalizer"": 1, ""disable_window_extension"": 0}","{""max_displacement"": 0, ""site_search_window"": 0, ""row_search_window"": 0, ""disallow_one_site_gaps"": 0, ""use_diamond_legalizer"": 1, ""disable_window_extension"": 0}",VALID,2080758.2,2080758.2,0.0,0.0,0.0,False
45,84,7,zero-riscy-b-3-c5,7,"{""max_displacement"": 0, ""site_search_window"": 0, ""row_search_window"": 0, ""disallow_one_site_gaps"": 0, ""use_diamond_legalizer"": 1, ""disable_window_extension"": 0}","{""max_displacement"": 0, ""site_search_window"": 0, ""row_search_window"": 0, ""disallow_one_site_gaps"": 0, ""use_diamond_legalizer"": 1, ""disable_window_extension"": 0}",VALID,2080758.2,2080758.2,0.0,0.0,0.0,False
45,84,8,zero-riscy-b-3-c5,7,"{""max_displacement"": 0, ""site_search_window"": 0, ""row_search_window"": 0, ""disallow_one_site_gaps"": 0, ""use_diamond_legalizer"": 1, ""disable_window_extension"": 0}","{""max_displacement"": 0, ""site_search_window"": 0, ""row_search_window"": 0, ""disallow_one_site_gaps"": 0, ""use_diamond_legalizer"": 1, ""disable_window_extension"": 0}",VALID,2080758.2,2080758.2,0.0,0.0,0.0,False
45,84,9,zero-riscy-b-3-c5,5,"{""max_displacement"": 0, ""site_search_window"": 0, ""row_search_window"": 0, ""disallow_one_site_gaps"": 0, ""use_diamond_legalizer"": 1, ""disable_window_extension"": 0}","{""max_displacement"": 10, ""site_search_window"": 10, ""row_search_window"": 0, ""disallow_one_site_gaps"": 0, ""use_diamond_legalizer"": 1, ""disable_window_extension"": 0}",VALID,2080758.2,2080758.2,0.0,0.0,0.0,False
45,84,10,zero-riscy-b-3-c5,7,"{""max_displacement"": 10, ""site_search_window"": 10, ""row_search_window"": 0, ""disallow_one_site_gaps"": 0, ""use_diamond_legalizer"": 1, ""disable_window_extension"": 0}","{""max_displacement"": 10, ""site_search_window"": 10, ""row_search_window"": 0, ""disallow_one_site_gaps"": 0, ""use_diamond_legalizer"": 1, ""disable_window_extension"": 0}",VALID,2080758.2,2080758.2,0.0,0.0,0.0,True
45,85,1,RISCY-a-3-c20,0,"{""max_displacement"": 0, ""site_search_window"": 0, ""row_search_window"": 0, ""disallow_one_site_gaps"": 0, ""use_diamond_legalizer"": 1, ""disable_window_extension"": 0}","{""max_displacement"": 0, ""site_search_window"": 0, ""row_search_window"": 0, ""disallow_one_site_gaps"": true, ""use_diamond_legalizer"": 1, ""disable_window_extension"": true}",VALID,5117723.0,5117723.0,0.0,0.0,0.0,False
45,85,2,RISCY-a-3-c20,7,"{""max_displacement"": 0, ""site_search_window"": 0, ""row_search_window"": 0, ""disallow_one_site_gaps"": true, ""use_diamond_legalizer"": 1, ""disable_window_extension"": true}","{""max_displacement"": 0, ""site_search_window"": 0, ""row_search_window"": 0, ""disallow_one_site_gaps"": true, ""use_diamond_legalizer"": 1, ""disable_window_extension"": true}",VALID,5117723.0,5117723.0,0.0,0.0,0.0,False
45,85,3,RISCY-a-3-c20,1,"{""max_displacement"": 0, ""site_search_window"": 0, ""row_search_window"": 0, ""disallow_one_site_gaps"": true, ""use_diamond_legalizer"": 1, ""disable_window_extension"": true}","{""max_displacement"": 10, ""site_search_window"": 10, ""row_search_window"": 2, ""disallow_one_site_gaps"": true, ""use_diamond_legalizer"": 1, ""disable_window_extension"": true}",FAILED,5117723.0,5117723.0,0.0,-100.0,-1.0,False
45,85,4,RISCY-a-3-c20,6,"{""max_displacement"": 10, ""site_search_window"": 10, ""row_search_window"": 2, ""disallow_one_site_gaps"": true, ""use_diamond_legalizer"": 1, ""disable_window_extension"": true}","{""max_displacement"": 0, ""site_search_window"": 0, ""row_search_window"": 2, ""disallow_one_site_gaps"": true, ""use_diamond_legalizer"": 1, ""disable_window_extension"": true}",VALID,5117723.0,5117723.0,0.0,0.0,0.0,False
45,85,5,RISCY-a-3-c20,3,"{""max_displacement"": 0, ""site_search_window"": 0, ""row_search_window"": 2, ""disallow_one_site_gaps"": true, ""use_diamond_legalizer"": 1, ""disable_window_extension"": true}","{""max_displacement"": 0, ""site_search_window"": 10, ""row_search_window"": 4, ""disallow_one_site_gaps"": true, ""use_diamond_legalizer"": 1, ""disable_window_extension"": true}",VALID,5117723.0,5117723.0,0.0,0.0,0.0,False
45,85,6,RISCY-a-3-c20,5,"{""max_displacement"": 0, ""site_search_window"": 10, ""row_search_window"": 4, ""disallow_one_site_gaps"": true, ""use_diamond_legalizer"": 1, ""disable_window_extension"": true}","{""max_displacement"": 10, ""site_search_window"": 20, ""row_search_window"": 4, ""disallow_one_site_gaps"": true, ""use_diamond_legalizer"": 1, ""disable_window_extension"": true}",FAILED,5117723.0,5117723.0,0.0,-100.0,-1.0,False
45,85,7,RISCY-a-3-c20,3,"{""max_displacement"": 10, ""site_search_window"": 20, ""row_search_window"": 4, ""disallow_one_site_gaps"": true, ""use_diamond_legalizer"": 1, ""disable_window_extension"": true}","{""max_displacement"": 10, ""site_search_window"": 30, ""row_search_window"": 6, ""disallow_one_site_gaps"": true, ""use_diamond_legalizer"": 1, ""disable_window_extension"": true}",FAILED,5117723.0,5117723.0,0.0,-100.0,-1.0,False
45,85,8,RISCY-a-3-c20,7,"{""max_displacement"": 10, ""site_search_window"": 30, ""row_search_window"": 6, ""disallow_one_site_gaps"": true, ""use_diamond_legalizer"": 1, ""disable_window_extension"": true}","{""max_displacement"": 10, ""site_search_window"": 30, ""row_search_window"": 6, ""disallow_one_site_gaps"": true, ""use_diamond_legalizer"": 1, ""disable_window_extension"": true}",FAILED,5117723.0,5117723.0,0.0,-100.0,-1.0,False
45,85,9,RISCY-a-3-c20,2,"{""max_displacement"": 10, ""site_search_window"": 30, ""row_search_window"": 6, ""disallow_one_site_gaps"": true, ""use_diamond_legalizer"": 1, ""disable_window_extension"": true}","{""max_displacement"": 0, ""site_search_window"": 20, ""row_search_window"": 4, ""disallow_one_site_gaps"": true, ""use_diamond_legalizer"": 1, ""disable_window_extension"": true}",VALID,5117723.0,5117723.0,0.0,0.0,0.0,False
45,85,10,RISCY-a-3-c20,3,"{""max_displacement"": 0, ""site_search_window"": 20, ""row_search_window"": 4, ""disallow_one_site_gaps"": true, ""use_diamond_legalizer"": 1, ""disable_window_extension"": true}","{""max_displacement"": 0, ""site_search_window"": 30, ""row_search_window"": 6, ""disallow_one_site_gaps"": true, ""use_diamond_legalizer"": 1, ""disable_window_extension"": true}",VALID,5117723.0,5117723.0,0.0,0.0,0.0,True
45,86,1,zero-riscy-a-3-c2,6,"{""max_displacement"": 0, ""site_search_window"": 0, ""row_search_window"": 0, ""disallow_one_site_gaps"": 0, ""use_diamond_legalizer"": 1, ""disable_window_extension"": 0}","{""max_displacement"": 0, ""site_search_window"": 0, ""row_search_window"": 0, ""disallow_one_site_gaps"": 0, ""use_diamond_legalizer"": 1, ""disable_window_extension"": 0}",VALID,4400147.4,4400147.4,0.0,0.0,0.0,False
45,86,2,zero-riscy-a-3-c2,7,"{""max_displacement"": 0, ""site_search_window"": 0, ""row_search_window"": 0, ""disallow_one_site_gaps"": 0, ""use_diamond_legalizer"": 1, ""disable_window_extension"": 0}","{""max_displacement"": 0, ""site_search_window"": 0, ""row_search_window"": 0, ""disallow_one_site_gaps"": 0, ""use_diamond_legalizer"": 1, ""disable_window_extension"": 0}",VALID,4400147.4,4400147.4,0.0,0.0,0.0,False
45,86,3,zero-riscy-a-3-c2,5,"{""max_displacement"": 0, ""site_search_window"": 0, ""row_search_window"": 0, ""disallow_one_site_gaps"": 0, ""use_diamond_legalizer"": 1, ""disable_window_extension"": 0}","{""max_displacement"": 10, ""site_search_window"": 10, ""row_search_window"": 0, ""disallow_one_site_gaps"": 0, ""use_diamond_legalizer"": 1, ""disable_window_extension"": 0}",VALID,4400147.4,4400152.7,-5.2999999998137355,-9.999999999999999e-05,-1.2045051035821516e-06,False
45,86,4,zero-riscy-a-3-c2,6,"{""max_displacement"": 10, ""site_search_window"": 10, ""row_search_window"": 0, ""disallow_one_site_gaps"": 0, ""use_diamond_legalizer"": 1, ""disable_window_extension"": 0}","{""max_displacement"": 0, ""site_search_window"": 0, ""row_search_window"": 0, ""disallow_one_site_gaps"": 0, ""use_diamond_legalizer"": 1, ""disable_window_extension"": 0}",VALID,4400147.4,4400147.4,5.2999999998137355,9.999999999999999e-05,1.2045036527513546e-06,False
45,86,5,zero-riscy-a-3-c2,3,"{""max_displacement"": 0, ""site_search_window"": 0, ""row_search_window"": 0, ""disallow_one_site_gaps"": 0, ""use_diamond_legalizer"": 1, ""disable_window_extension"": 0}","{""max_displacement"": 0, ""site_search_window"": 10, ""row_search_window"": 2, ""disallow_one_site_gaps"": 0, ""use_diamond_legalizer"": 1, ""disable_window_extension"": 0}",VALID,4400147.4,4400147.4,0.0,0.0,0.0,False
45,86,6,zero-riscy-a-3-c2,7,"{""max_displacement"": 0, ""site_search_window"": 10, ""row_search_window"": 2, ""disallow_one_site_gaps"": 0, ""use_diamond_legalizer"": 1, ""disable_window_extension"": 0}","{""max_displacement"": 0, ""site_search_window"": 10, ""row_search_window"": 2, ""disallow_one_site_gaps"": 0, ""use_diamond_legalizer"": 1, ""disable_window_extension"": 0}",VALID,4400147.4,4400147.4,0.0,0.0,0.0,False
45,86,7,zero-riscy-a-3-c2,7,"{""max_displacement"": 0, ""site_search_window"": 10, ""row_search_window"": 2, ""disallow_one_site_gaps"": 0, ""use_diamond_legalizer"": 1, ""disable_window_extension"": 0}","{""max_displacement"": 0, ""site_search_window"": 10, ""row_search_window"": 2, ""disallow_one_site_gaps"": 0, ""use_diamond_legalizer"": 1, ""disable_window_extension"": 0}",VALID,4400147.4,4400147.4,0.0,0.0,0.0,False
45,86,8,zero-riscy-a-3-c2,5,"{""max_displacement"": 0, ""site_search_window"": 10, ""row_search_window"": 2, ""disallow_one_site_gaps"": 0, ""use_diamond_legalizer"": 1, ""disable_window_extension"": 0}","{""max_displacement"": 10, ""site_search_window"": 20, ""row_search_window"": 2, ""disallow_one_site_gaps"": 0, ""use_diamond_legalizer"": 1, ""disable_window_extension"": 0}",VALID,4400147.4,4400152.7,-5.2999999998137355,-9.999999999999999e-05,-1.2045051035821516e-06,False
45,86,9,zero-riscy-a-3-c2,7,"{""max_displacement"": 10, ""site_search_window"": 20, ""row_search_window"": 2, ""disallow_one_site_gaps"": 0, ""use_diamond_legalizer"": 1, ""disable_window_extension"": 0}","{""max_displacement"": 10, ""site_search_window"": 20, ""row_search_window"": 2, ""disallow_one_site_gaps"": 0, ""use_diamond_legalizer"": 1, ""disable_window_extension"": 0}",VALID,4400147.4,4400152.7,0.0,0.0,0.0,False
45,86,10,zero-riscy-a-3-c2,7,"{""max_displacement"": 10, ""site_search_window"": 20, ""row_search_window"": 2, ""disallow_one_site_gaps"": 0, ""use_diamond_legalizer"": 1, ""disable_window_extension"": 0}","{""max_displacement"": 10, ""site_search_window"": 20, ""row_search_window"": 2, ""disallow_one_site_gaps"": 0, ""use_diamond_legalizer"": 1, ""disable_window_extension"": 0}",VALID,4400147.4,4400152.7,0.0,0.0,0.0,True
45,87,1,RISCY-FPU-a-3-c20,0,"{""max_displacement"": 0, ""site_search_window"": 0, ""row_search_window"": 0, ""disallow_one_site_gaps"": 0, ""use_diamond_legalizer"": 1, ""disable_window_extension"": 0}","{""max_displacement"": 0, ""site_search_window"": 0, ""row_search_window"": 0, ""disallow_one_site_gaps"": true, ""use_diamond_legalizer"": 1, ""disable_window_extension"": true}",VALID,7062334.5,7062334.5,0.0,0.0,0.0,False
45,87,2,RISCY-FPU-a-3-c20,3,"{""max_displacement"": 0, ""site_search_window"": 0, ""row_search_window"": 0, ""disallow_one_site_gaps"": true, ""use_diamond_legalizer"": 1, ""disable_window_extension"": true}","{""max_displacement"": 0, ""site_search_window"": 10, ""row_search_window"": 2, ""disallow_one_site_gaps"": true, ""use_diamond_legalizer"": 1, ""disable_window_extension"": true}",VALID,7062334.5,7062334.5,0.0,0.0,0.0,False
45,87,3,RISCY-FPU-a-3-c20,1,"{""max_displacement"": 0, ""site_search_window"": 10, ""row_search_window"": 2, ""disallow_one_site_gaps"": true, ""use_diamond_legalizer"": 1, ""disable_window_extension"": true}","{""max_displacement"": 10, ""site_search_window"": 20, ""row_search_window"": 4, ""disallow_one_site_gaps"": true, ""use_diamond_legalizer"": 1, ""disable_window_extension"": true}",FAILED,7062334.5,7062334.5,0.0,-100.0,-1.0,False
45,87,4,RISCY-FPU-a-3-c20,5,"{""max_displacement"": 10, ""site_search_window"": 20, ""row_search_window"": 4, ""disallow_one_site_gaps"": true, ""use_diamond_legalizer"": 1, ""disable_window_extension"": true}","{""max_displacement"": 20, ""site_search_window"": 30, ""row_search_window"": 4, ""disallow_one_site_gaps"": true, ""use_diamond_legalizer"": 1, ""disable_window_extension"": true}",FAILED,7062334.5,7062334.5,0.0,-100.0,-1.0,False
45,87,5,RISCY-FPU-a-3-c20,3,"{""max_displacement"": 20, ""site_search_window"": 30, ""row_search_window"": 4, ""disallow_one_site_gaps"": true, ""use_diamond_legalizer"": 1, ""disable_window_extension"": true}","{""max_displacement"": 20, ""site_search_window"": 40, ""row_search_window"": 6, ""disallow_one_site_gaps"": true, ""use_diamond_legalizer"": 1, ""disable_window_extension"": true}",FAILED,7062334.5,7062334.5,0.0,-100.0,-1.0,False
45,87,6,RISCY-FPU-a-3-c20,2,"{""max_displacement"": 20, ""site_search_window"": 40, ""row_search_window"": 6, ""disallow_one_site_gaps"": true, ""use_diamond_legalizer"": 1, ""disable_window_extension"": true}","{""max_displacement"": 10, ""site_search_window"": 30, ""row_search_window"": 4, ""disallow_one_site_gaps"": true, ""use_diamond_legalizer"": 1, ""disable_window_extension"": true}",FAILED,7062334.5,7062334.5,0.0,-100.0,-1.0,False
45,87,7,RISCY-FPU-a-3-c20,6,"{""max_displacement"": 10, ""site_search_window"": 30, ""row_search_window"": 4, ""disallow_one_site_gaps"": true, ""use_diamond_legalizer"": 1, ""disable_window_extension"": true}","{""max_displacement"": 0, ""site_search_window"": 20, ""row_search_window"": 4, ""disallow_one_site_gaps"": true, ""use_diamond_legalizer"": 1, ""disable_window_extension"": true}",VALID,7062334.5,7062334.5,0.0,0.0,0.0,False
45,87,8,RISCY-FPU-a-3-c20,4,"{""max_displacement"": 0, ""site_search_window"": 20, ""row_search_window"": 4, ""disallow_one_site_gaps"": true, ""use_diamond_legalizer"": 1, ""disable_window_extension"": true}","{""max_displacement"": 0, ""site_search_window"": 10, ""row_search_window"": 2, ""disallow_one_site_gaps"": true, ""use_diamond_legalizer"": 1, ""disable_window_extension"": true}",VALID,7062334.5,7062334.5,0.0,0.0,0.0,False
45,87,9,RISCY-FPU-a-3-c20,2,"{""max_displacement"": 0, ""site_search_window"": 10, ""row_search_window"": 2, ""disallow_one_site_gaps"": true, ""use_diamond_legalizer"": 1, ""disable_window_extension"": true}","{""max_displacement"": 0, ""site_search_window"": 0, ""row_search_window"": 0, ""disallow_one_site_gaps"": true, ""use_diamond_legalizer"": 1, ""disable_window_extension"": true}",VALID,7062334.5,7062334.5,0.0,0.0,0.0,False
45,87,10,RISCY-FPU-a-3-c20,7,"{""max_displacement"": 0, ""site_search_window"": 0, ""row_search_window"": 0, ""disallow_one_site_gaps"": true, ""use_diamond_legalizer"": 1, ""disable_window_extension"": true}","{""max_displacement"": 0, ""site_search_window"": 0, ""row_search_window"": 0, ""disallow_one_site_gaps"": true, ""use_diamond_legalizer"": 1, ""disable_window_extension"": true}",VALID,7062334.5,7062334.5,0.0,0.0,0.0,True
45,88,1,RISCY-a-3-c20,6,"{""max_displacement"": 0, ""site_search_window"": 0, ""row_search_window"": 0, ""disallow_one_site_gaps"": 0, ""use_diamond_legalizer"": 1, ""disable_window_extension"": 0}","{""max_displacement"": 0, ""site_search_window"": 0, ""row_search_window"": 0, ""disallow_one_site_gaps"": 0, ""use_diamond_legalizer"": 1, ""disable_window_extension"": 0}",VALID,5117723.0,5117723.0,0.0,0.0,0.0,False
45,88,2,RISCY-a-3-c20,3,"{""max_displacement"": 0, ""site_search_window"": 0, ""row_search_window"": 0, ""disallow_one_site_gaps"": 0, ""use_diamond_legalizer"": 1, ""disable_window_extension"": 0}","{""max_displacement"": 0, ""site_search_window"": 10, ""row_search_window"": 2, ""disallow_one_site_gaps"": 0, ""use_diamond_legalizer"": 1, ""disable_window_extension"": 0}",VALID,5117723.0,5117723.0,0.0,0.0,0.0,False
45,88,3,RISCY-a-3-c20,0,"{""max_displacement"": 0, ""site_search_window"": 10, ""row_search_window"": 2, ""disallow_one_site_gaps"": 0, ""use_diamond_legalizer"": 1, ""disable_window_extension"": 0}","{""max_displacement"": 0, ""site_search_window"": 10, ""row_search_window"": 2, ""disallow_one_site_gaps"": true, ""use_diamond_legalizer"": 1, ""disable_window_extension"": true}",VALID,5117723.0,5117723.0,0.0,0.0,0.0,False
45,88,4,RISCY-a-3-c20,6,"{""max_displacement"": 0, ""site_search_window"": 10, ""row_search_window"": 2, ""disallow_one_site_gaps"": true, ""use_diamond_legalizer"": 1, ""disable_window_extension"": true}","{""max_displacement"": 0, ""site_search_window"": 0, ""row_search_window"": 2, ""disallow_one_site_gaps"": true, ""use_diamond_legalizer"": 1, ""disable_window_extension"": true}",VALID,5117723.0,5117723.0,0.0,0.0,0.0,False
45,88,5,RISCY-a-3-c20,5,"{""max_displacement"": 0, ""site_search_window"": 0, ""row_search_window"": 2, ""disallow_one_site_gaps"": true, ""use_diamond_legalizer"": 1, ""disable_window_extension"": true}","{""max_displacement"": 10, ""site_search_window"": 10, ""row_search_window"": 2, ""disallow_one_site_gaps"": true, ""use_diamond_legalizer"": 1, ""disable_window_extension"": true}",FAILED,5117723.0,5117723.0,0.0,-100.0,-1.0,False
45,88,6,RISCY-a-3-c20,7,"{""max_displacement"": 10, ""site_search_window"": 10, ""row_search_window"": 2, ""disallow_one_site_gaps"": true, ""use_diamond_legalizer"": 1, ""disable_window_extension"": true}","{""max_displacement"": 10, ""site_search_window"": 10, ""row_search_window"": 2, ""disallow_one_site_gaps"": true, ""use_diamond_legalizer"": 1, ""disable_window_extension"": true}",FAILED,5117723.0,5117723.0,0.0,-100.0,-1.0,False
45,88,7,RISCY-a-3-c20,7,"{""max_displacement"": 10, ""site_search_window"": 10, ""row_search_window"": 2, ""disallow_one_site_gaps"": true, ""use_diamond_legalizer"": 1, ""disable_window_extension"": true}","{""max_displacement"": 10, ""site_search_window"": 10, ""row_search_window"": 2, ""disallow_one_site_gaps"": true, ""use_diamond_legalizer"": 1, ""disable_window_extension"": true}",FAILED,5117723.0,5117723.0,0.0,-100.0,-1.0,False
45,88,8,RISCY-a-3-c20,0,"{""max_displacement"": 10, ""site_search_window"": 10, ""row_search_window"": 2, ""disallow_one_site_gaps"": true, ""use_diamond_legalizer"": 1, ""disable_window_extension"": true}","{""max_displacement"": 10, ""site_search_window"": 10, ""row_search_window"": 2, ""disallow_one_site_gaps"": false, ""use_diamond_legalizer"": 1, ""disable_window_extension"": false}",FAILED,5117723.0,5117723.0,0.0,-100.0,-1.0,False
45,88,9,RISCY-a-3-c20,3,"{""max_displacement"": 10, ""site_search_window"": 10, ""row_search_window"": 2, ""disallow_one_site_gaps"": false, ""use_diamond_legalizer"": 1, ""disable_window_extension"": false}","{""max_displacement"": 10, ""site_search_window"": 20, ""row_search_window"": 4, ""disallow_one_site_gaps"": false, ""use_diamond_legalizer"": 1, ""disable_window_extension"": false}",FAILED,5117723.0,5117723.0,0.0,-100.0,-1.0,False
45,88,10,RISCY-a-3-c20,5,"{""max_displacement"": 10, ""site_search_window"": 20, ""row_search_window"": 4, ""disallow_one_site_gaps"": false, ""use_diamond_legalizer"": 1, ""disable_window_extension"": false}","{""max_displacement"": 20, ""site_search_window"": 30, ""row_search_window"": 4, ""disallow_one_site_gaps"": false, ""use_diamond_legalizer"": 1, ""disable_window_extension"": false}",FAILED,5117723.0,5117723.0,0.0,-100.0,-1.0,True
45,89,1,RISCY-FPU-b-3-c5,2,"{""max_displacement"": 0, ""site_search_window"": 0, ""row_search_window"": 0, ""disallow_one_site_gaps"": 0, ""use_diamond_legalizer"": 1, ""disable_window_extension"": 0}","{""max_displacement"": 0, ""site_search_window"": 0, ""row_search_window"": 0, ""disallow_one_site_gaps"": 0, ""use_diamond_legalizer"": 1, ""disable_window_extension"": 0}",VALID,4968947.9,4968947.9,0.0,0.0,0.0,False
45,89,2,RISCY-FPU-b-3-c5,6,"{""max_displacement"": 0, ""site_search_window"": 0, ""row_search_window"": 0, ""disallow_one_site_gaps"": 0, ""use_diamond_legalizer"": 1, ""disable_window_extension"": 0}","{""max_displacement"": 0, ""site_search_window"": 0, ""row_search_window"": 0, ""disallow_one_site_gaps"": 0, ""use_diamond_legalizer"": 1, ""disable_window_extension"": 0}",VALID,4968947.9,4968947.9,0.0,0.0,0.0,False
45,89,3,RISCY-FPU-b-3-c5,7,"{""max_displacement"": 0, ""site_search_window"": 0, ""row_search_window"": 0, ""disallow_one_site_gaps"": 0, ""use_diamond_legalizer"": 1, ""disable_window_extension"": 0}","{""max_displacement"": 0, ""site_search_window"": 0, ""row_search_window"": 0, ""disallow_one_site_gaps"": 0, ""use_diamond_legalizer"": 1, ""disable_window_extension"": 0}",VALID,4968947.9,4968947.9,0.0,0.0,0.0,False
45,89,4,RISCY-FPU-b-3-c5,6,"{""max_displacement"": 0, ""site_search_window"": 0, ""row_search_window"": 0, ""disallow_one_site_gaps"": 0, ""use_diamond_legalizer"": 1, ""disable_window_extension"": 0}","{""max_displacement"": 0, ""site_search_window"": 0, ""row_search_window"": 0, ""disallow_one_site_gaps"": 0, ""use_diamond_legalizer"": 1, ""disable_window_extension"": 0}",VALID,4968947.9,4968947.9,0.0,0.0,0.0,False
45,89,5,RISCY-FPU-b-3-c5,3,"{""max_displacement"": 0, ""site_search_window"": 0, ""row_search_window"": 0, ""disallow_one_site_gaps"": 0, ""use_diamond_legalizer"": 1, ""disable_window_extension"": 0}","{""max_displacement"": 0, ""site_search_window"": 10, ""row_search_window"": 2, ""disallow_one_site_gaps"": 0, ""use_diamond_legalizer"": 1, ""disable_window_extension"": 0}",VALID,4968947.9,4968947.9,0.0,0.0,0.0,False
45,89,6,RISCY-FPU-b-3-c5,1,"{""max_displacement"": 0, ""site_search_window"": 10, ""row_search_window"": 2, ""disallow_one_site_gaps"": 0, ""use_diamond_legalizer"": 1, ""disable_window_extension"": 0}","{""max_displacement"": 10, ""site_search_window"": 20, ""row_search_window"": 4, ""disallow_one_site_gaps"": 0, ""use_diamond_legalizer"": 1, ""disable_window_extension"": 0}",FAILED,4968947.9,4968947.9,0.0,-100.0,-1.0,False
45,89,7,RISCY-FPU-b-3-c5,3,"{""max_displacement"": 10, ""site_search_window"": 20, ""row_search_window"": 4, ""disallow_one_site_gaps"": 0, ""use_diamond_legalizer"": 1, ""disable_window_extension"": 0}","{""max_displacement"": 10, ""site_search_window"": 30, ""row_search_window"": 6, ""disallow_one_site_gaps"": 0, ""use_diamond_legalizer"": 1, ""disable_window_extension"": 0}",FAILED,4968947.9,4968947.9,0.0,-100.0,-1.0,False
45,89,8,RISCY-FPU-b-3-c5,1,"{""max_displacement"": 10, ""site_search_window"": 30, ""row_search_window"": 6, ""disallow_one_site_gaps"": 0, ""use_diamond_legalizer"": 1, ""disable_window_extension"": 0}","{""max_displacement"": 20, ""site_search_window"": 40, ""row_search_window"": 8, ""disallow_one_site_gaps"": 0, ""use_diamond_legalizer"": 1, ""disable_window_extension"": 0}",FAILED,4968947.9,4968947.9,0.0,-100.0,-1.0,False
45,89,9,RISCY-FPU-b-3-c5,3,"{""max_displacement"": 20, ""site_search_window"": 40, ""row_search_window"": 8, ""disallow_one_site_gaps"": 0, ""use_diamond_legalizer"": 1, ""disable_window_extension"": 0}","{""max_displacement"": 20, ""site_search_window"": 50, ""row_search_window"": 10, ""disallow_one_site_gaps"": 0, ""use_diamond_legalizer"": 1, ""disable_window_extension"": 0}",FAILED,4968947.9,4968947.9,0.0,-100.0,-1.0,False
45,89,10,RISCY-FPU-b-3-c5,0,"{""max_displacement"": 20, ""site_search_window"": 50, ""row_search_window"": 10, ""disallow_one_site_gaps"": 0, ""use_diamond_legalizer"": 1, ""disable_window_extension"": 0}","{""max_displacement"": 20, ""site_search_window"": 50, ""row_search_window"": 10, ""disallow_one_site_gaps"": true, ""use_diamond_legalizer"": 1, ""disable_window_extension"": true}",FAILED,4968947.9,4968947.9,0.0,-100.0,-1.0,True
45,90,1,zero-riscy-a-1-c5,6,"{""max_displacement"": 0, ""site_search_window"": 0, ""row_search_window"": 0, ""disallow_one_site_gaps"": 0, ""use_diamond_legalizer"": 1, ""disable_window_extension"": 0}","{""max_displacement"": 0, ""site_search_window"": 0, ""row_search_window"": 0, ""disallow_one_site_gaps"": 0, ""use_diamond_legalizer"": 1, ""disable_window_extension"": 0}",VALID,3677735.1,3677735.1,0.0,0.0,0.0,False
45,90,2,zero-riscy-a-1-c5,3,"{""max_displacement"": 0, ""site_search_window"": 0, ""row_search_window"": 0, ""disallow_one_site_gaps"": 0, ""use_diamond_legalizer"": 1, ""disable_window_extension"": 0}","{""max_displacement"": 0, ""site_search_window"": 10, ""row_search_window"": 2, ""disallow_one_site_gaps"": 0, ""use_diamond_legalizer"": 1, ""disable_window_extension"": 0}",VALID,3677735.1,3677735.1,0.0,0.0,0.0,False
45,90,3,zero-riscy-a-1-c5,0,"{""max_displacement"": 0, ""site_search_window"": 10, ""row_search_window"": 2, ""disallow_one_site_gaps"": 0, ""use_diamond_legalizer"": 1, ""disable_window_extension"": 0}","{""max_displacement"": 0, ""site_search_window"": 10, ""row_search_window"": 2, ""disallow_one_site_gaps"": true, ""use_diamond_legalizer"": 1, ""disable_window_extension"": true}",VALID,3677735.1,3677735.1,0.0,0.0,0.0,False
45,90,4,zero-riscy-a-1-c5,5,"{""max_displacement"": 0, ""site_search_window"": 10, ""row_search_window"": 2, ""disallow_one_site_gaps"": true, ""use_diamond_legalizer"": 1, ""disable_window_extension"": true}","{""max_displacement"": 10, ""site_search_window"": 20, ""row_search_window"": 2, ""disallow_one_site_gaps"": true, ""use_diamond_legalizer"": 1, ""disable_window_extension"": true}",VALID,3677735.1,3677735.1,0.0,0.0,0.0,False
45,90,5,zero-riscy-a-1-c5,7,"{""max_displacement"": 10, ""site_search_window"": 20, ""row_search_window"": 2, ""disallow_one_site_gaps"": true, ""use_diamond_legalizer"": 1, ""disable_window_extension"": true}","{""max_displacement"": 10, ""site_search_window"": 20, ""row_search_window"": 2, ""disallow_one_site_gaps"": true, ""use_diamond_legalizer"": 1, ""disable_window_extension"": true}",VALID,3677735.1,3677735.1,0.0,0.0,0.0,False
45,90,6,zero-riscy-a-1-c5,6,"{""max_displacement"": 10, ""site_search_window"": 20, ""row_search_window"": 2, ""disallow_one_site_gaps"": true, ""use_diamond_legalizer"": 1, ""disable_window_extension"": true}","{""max_displacement"": 0, ""site_search_window"": 10, ""row_search_window"": 2, ""disallow_one_site_gaps"": true, ""use_diamond_legalizer"": 1, ""disable_window_extension"": true}",VALID,3677735.1,3677735.1,0.0,0.0,0.0,False
45,90,7,zero-riscy-a-1-c5,7,"{""max_displacement"": 0, ""site_search_window"": 10, ""row_search_window"": 2, ""disallow_one_site_gaps"": true, ""use_diamond_legalizer"": 1, ""disable_window_extension"": true}","{""max_displacement"": 0, ""site_search_window"": 10, ""row_search_window"": 2, ""disallow_one_site_gaps"": true, ""use_diamond_legalizer"": 1, ""disable_window_extension"": true}",VALID,3677735.1,3677735.1,0.0,0.0,0.0,False
45,90,8,zero-riscy-a-1-c5,0,"{""max_displacement"": 0, ""site_search_window"": 10, ""row_search_window"": 2, ""disallow_one_site_gaps"": true, ""use_diamond_legalizer"": 1, ""disable_window_extension"": true}","{""max_displacement"": 0, ""site_search_window"": 10, ""row_search_window"": 2, ""disallow_one_site_gaps"": false, ""use_diamond_legalizer"": 1, ""disable_window_extension"": false}",VALID,3677735.1,3677735.1,0.0,0.0,0.0,False
45,90,9,zero-riscy-a-1-c5,7,"{""max_displacement"": 0, ""site_search_window"": 10, ""row_search_window"": 2, ""disallow_one_site_gaps"": false, ""use_diamond_legalizer"": 1, ""disable_window_extension"": false}","{""max_displacement"": 0, ""site_search_window"": 10, ""row_search_window"": 2, ""disallow_one_site_gaps"": false, ""use_diamond_legalizer"": 1, ""disable_window_extension"": false}",VALID,3677735.1,3677735.1,0.0,0.0,0.0,False
45,90,10,zero-riscy-a-1-c5,6,"{""max_displacement"": 0, ""site_search_window"": 10, ""row_search_window"": 2, ""disallow_one_site_gaps"": false, ""use_diamond_legalizer"": 1, ""disable_window_extension"": false}","{""max_displacement"": 0, ""site_search_window"": 0, ""row_search_window"": 2, ""disallow_one_site_gaps"": false, ""use_diamond_legalizer"": 1, ""disable_window_extension"": false}",VALID,3677735.1,3677735.1,0.0,0.0,0.0,True
45,91,1,RISCY-FPU-a-3-c5,3,"{""max_displacement"": 0, ""site_search_window"": 0, ""row_search_window"": 0, ""disallow_one_site_gaps"": 0, ""use_diamond_legalizer"": 1, ""disable_window_extension"": 0}","{""max_displacement"": 0, ""site_search_window"": 10, ""row_search_window"": 2, ""disallow_one_site_gaps"": 0, ""use_diamond_legalizer"": 1, ""disable_window_extension"": 0}",VALID,7615617.5,7615617.5,0.0,0.0,0.0,False
45,91,2,RISCY-FPU-a-3-c5,7,"{""max_displacement"": 0, ""site_search_window"": 10, ""row_search_window"": 2, ""disallow_one_site_gaps"": 0, ""use_diamond_legalizer"": 1, ""disable_window_extension"": 0}","{""max_displacement"": 0, ""site_search_window"": 10, ""row_search_window"": 2, ""disallow_one_site_gaps"": 0, ""use_diamond_legalizer"": 1, ""disable_window_extension"": 0}",VALID,7615617.5,7615617.5,0.0,0.0,0.0,False
45,91,3,RISCY-FPU-a-3-c5,0,"{""max_displacement"": 0, ""site_search_window"": 10, ""row_search_window"": 2, ""disallow_one_site_gaps"": 0, ""use_diamond_legalizer"": 1, ""disable_window_extension"": 0}","{""max_displacement"": 0, ""site_search_window"": 10, ""row_search_window"": 2, ""disallow_one_site_gaps"": true, ""use_diamond_legalizer"": 1, ""disable_window_extension"": true}",VALID,7615617.5,7615617.5,0.0,0.0,0.0,False
45,91,4,RISCY-FPU-a-3-c5,2,"{""max_displacement"": 0, ""site_search_window"": 10, ""row_search_window"": 2, ""disallow_one_site_gaps"": true, ""use_diamond_legalizer"": 1, ""disable_window_extension"": true}","{""max_displacement"": 0, ""site_search_window"": 0, ""row_search_window"": 0, ""disallow_one_site_gaps"": true, ""use_diamond_legalizer"": 1, ""disable_window_extension"": true}",VALID,7615617.5,7615617.5,0.0,0.0,0.0,False
45,91,5,RISCY-FPU-a-3-c5,3,"{""max_displacement"": 0, ""site_search_window"": 0, ""row_search_window"": 0, ""disallow_one_site_gaps"": true, ""use_diamond_legalizer"": 1, ""disable_window_extension"": true}","{""max_displacement"": 0, ""site_search_window"": 10, ""row_search_window"": 2, ""disallow_one_site_gaps"": true, ""use_diamond_legalizer"": 1, ""disable_window_extension"": true}",VALID,7615617.5,7615617.5,0.0,0.0,0.0,False
45,91,6,RISCY-FPU-a-3-c5,7,"{""max_displacement"": 0, ""site_search_window"": 10, ""row_search_window"": 2, ""disallow_one_site_gaps"": true, ""use_diamond_legalizer"": 1, ""disable_window_extension"": true}","{""max_displacement"": 0, ""site_search_window"": 10, ""row_search_window"": 2, ""disallow_one_site_gaps"": true, ""use_diamond_legalizer"": 1, ""disable_window_extension"": true}",VALID,7615617.5,7615617.5,0.0,0.0,0.0,False
45,91,7,RISCY-FPU-a-3-c5,6,"{""max_displacement"": 0, ""site_search_window"": 10, ""row_search_window"": 2, ""disallow_one_site_gaps"": true, ""use_diamond_legalizer"": 1, ""disable_window_extension"": true}","{""max_displacement"": 0, ""site_search_window"": 0, ""row_search_window"": 2, ""disallow_one_site_gaps"": true, ""use_diamond_legalizer"": 1, ""disable_window_extension"": true}",VALID,7615617.5,7615617.5,0.0,0.0,0.0,False
45,91,8,RISCY-FPU-a-3-c5,3,"{""max_displacement"": 0, ""site_search_window"": 0, ""row_search_window"": 2, ""disallow_one_site_gaps"": true, ""use_diamond_legalizer"": 1, ""disable_window_extension"": true}","{""max_displacement"": 0, ""site_search_window"": 10, ""row_search_window"": 4, ""disallow_one_site_gaps"": true, ""use_diamond_legalizer"": 1, ""disable_window_extension"": true}",VALID,7615617.5,7615617.5,0.0,0.0,0.0,False
45,91,9,RISCY-FPU-a-3-c5,5,"{""max_displacement"": 0, ""site_search_window"": 10, ""row_search_window"": 4, ""disallow_one_site_gaps"": true, ""use_diamond_legalizer"": 1, ""disable_window_extension"": true}","{""max_displacement"": 10, ""site_search_window"": 20, ""row_search_window"": 4, ""disallow_one_site_gaps"": true, ""use_diamond_legalizer"": 1, ""disable_window_extension"": true}",FAILED,7615617.5,7615617.5,0.0,-100.0,-1.0,False
45,91,10,RISCY-FPU-a-3-c5,6,"{""max_displacement"": 10, ""site_search_window"": 20, ""row_search_window"": 4, ""disallow_one_site_gaps"": true, ""use_diamond_legalizer"": 1, ""disable_window_extension"": true}","{""max_displacement"": 0, ""site_search_window"": 10, ""row_search_window"": 4, ""disallow_one_site_gaps"": true, ""use_diamond_legalizer"": 1, ""disable_window_extension"": true}",VALID,7615617.5,7615617.5,0.0,0.0,0.0,True
45,92,1,zero-riscy-a-2-c2,6,"{""max_displacement"": 0, ""site_search_window"": 0, ""row_search_window"": 0, ""disallow_one_site_gaps"": 0, ""use_diamond_legalizer"": 1, ""disable_window_extension"": 0}","{""max_displacement"": 0, ""site_search_window"": 0, ""row_search_window"": 0, ""disallow_one_site_gaps"": 0, ""use_diamond_legalizer"": 1, ""disable_window_extension"": 0}",VALID,4315225.9,4315225.9,0.0,0.0,0.0,False
45,92,2,zero-riscy-a-2-c2,3,"{""max_displacement"": 0, ""site_search_window"": 0, ""row_search_window"": 0, ""disallow_one_site_gaps"": 0, ""use_diamond_legalizer"": 1, ""disable_window_extension"": 0}","{""max_displacement"": 0, ""site_search_window"": 10, ""row_search_window"": 2, ""disallow_one_site_gaps"": 0, ""use_diamond_legalizer"": 1, ""disable_window_extension"": 0}",VALID,4315225.9,4315225.9,0.0,0.0,0.0,False
45,92,3,zero-riscy-a-2-c2,1,"{""max_displacement"": 0, ""site_search_window"": 10, ""row_search_window"": 2, ""disallow_one_site_gaps"": 0, ""use_diamond_legalizer"": 1, ""disable_window_extension"": 0}","{""max_displacement"": 10, ""site_search_window"": 20, ""row_search_window"": 4, ""disallow_one_site_gaps"": 0, ""use_diamond_legalizer"": 1, ""disable_window_extension"": 0}",FAILED,4315225.9,4315225.9,0.0,-100.0,-1.0,False
45,92,4,zero-riscy-a-2-c2,2,"{""max_displacement"": 10, ""site_search_window"": 20, ""row_search_window"": 4, ""disallow_one_site_gaps"": 0, ""use_diamond_legalizer"": 1, ""disable_window_extension"": 0}","{""max_displacement"": 0, ""site_search_window"": 10, ""row_search_window"": 2, ""disallow_one_site_gaps"": 0, ""use_diamond_legalizer"": 1, ""disable_window_extension"": 0}",VALID,4315225.9,4315225.9,0.0,0.0,0.0,False
45,92,5,zero-riscy-a-2-c2,6,"{""max_displacement"": 0, ""site_search_window"": 10, ""row_search_window"": 2, ""disallow_one_site_gaps"": 0, ""use_diamond_legalizer"": 1, ""disable_window_extension"": 0}","{""max_displacement"": 0, ""site_search_window"": 0, ""row_search_window"": 2, ""disallow_one_site_gaps"": 0, ""use_diamond_legalizer"": 1, ""disable_window_extension"": 0}",VALID,4315225.9,4315225.9,0.0,0.0,0.0,False
45,92,6,zero-riscy-a-2-c2,2,"{""max_displacement"": 0, ""site_search_window"": 0, ""row_search_window"": 2, ""disallow_one_site_gaps"": 0, ""use_diamond_legalizer"": 1, ""disable_window_extension"": 0}","{""max_displacement"": 0, ""site_search_window"": 0, ""row_search_window"": 0, ""disallow_one_site_gaps"": 0, ""use_diamond_legalizer"": 1, ""disable_window_extension"": 0}",VALID,4315225.9,4315225.9,0.0,0.0,0.0,False
45,92,7,zero-riscy-a-2-c2,6,"{""max_displacement"": 0, ""site_search_window"": 0, ""row_search_window"": 0, ""disallow_one_site_gaps"": 0, ""use_diamond_legalizer"": 1, ""disable_window_extension"": 0}","{""max_displacement"": 0, ""site_search_window"": 0, ""row_search_window"": 0, ""disallow_one_site_gaps"": 0, ""use_diamond_legalizer"": 1, ""disable_window_extension"": 0}",VALID,4315225.9,4315225.9,0.0,0.0,0.0,False
45,92,8,zero-riscy-a-2-c2,3,"{""max_displacement"": 0, ""site_search_window"": 0, ""row_search_window"": 0, ""disallow_one_site_gaps"": 0, ""use_diamond_legalizer"": 1, ""disable_window_extension"": 0}","{""max_displacement"": 0, ""site_search_window"": 10, ""row_search_window"": 2, ""disallow_one_site_gaps"": 0, ""use_diamond_legalizer"": 1, ""disable_window_extension"": 0}",VALID,4315225.9,4315225.9,0.0,0.0,0.0,False
45,92,9,zero-riscy-a-2-c2,6,"{""max_displacement"": 0, ""site_search_window"": 10, ""row_search_window"": 2, ""disallow_one_site_gaps"": 0, ""use_diamond_legalizer"": 1, ""disable_window_extension"": 0}","{""max_displacement"": 0, ""site_search_window"": 0, ""row_search_window"": 2, ""disallow_one_site_gaps"": 0, ""use_diamond_legalizer"": 1, ""disable_window_extension"": 0}",VALID,4315225.9,4315225.9,0.0,0.0,0.0,False
45,92,10,zero-riscy-a-2-c2,4,"{""max_displacement"": 0, ""site_search_window"": 0, ""row_search_window"": 2, ""disallow_one_site_gaps"": 0, ""use_diamond_legalizer"": 1, ""disable_window_extension"": 0}","{""max_displacement"": 0, ""site_search_window"": 0, ""row_search_window"": 0, ""disallow_one_site_gaps"": 0, ""use_diamond_legalizer"": 1, ""disable_window_extension"": 0}",VALID,4315225.9,4315225.9,0.0,0.0,0.0,True
45,93,1,RISCY-FPU-b-2-c5,1,"{""max_displacement"": 0, ""site_search_window"": 0, ""row_search_window"": 0, ""disallow_one_site_gaps"": 0, ""use_diamond_legalizer"": 1, ""disable_window_extension"": 0}","{""max_displacement"": 10, ""site_search_window"": 10, ""row_search_window"": 2, ""disallow_one_site_gaps"": 0, ""use_diamond_legalizer"": 1, ""disable_window_extension"": 0}",FAILED,5390089.0,5390089.0,0.0,-100.0,-1.0,False
45,93,2,RISCY-FPU-b-2-c5,7,"{""max_displacement"": 10, ""site_search_window"": 10, ""row_search_window"": 2, ""disallow_one_site_gaps"": 0, ""use_diamond_legalizer"": 1, ""disable_window_extension"": 0}","{""max_displacement"": 10, ""site_search_window"": 10, ""row_search_window"": 2, ""disallow_one_site_gaps"": 0, ""use_diamond_legalizer"": 1, ""disable_window_extension"": 0}",FAILED,5390089.0,5390089.0,0.0,-100.0,-1.0,False
45,93,3,RISCY-FPU-b-2-c5,7,"{""max_displacement"": 10, ""site_search_window"": 10, ""row_search_window"": 2, ""disallow_one_site_gaps"": 0, ""use_diamond_legalizer"": 1, ""disable_window_extension"": 0}","{""max_displacement"": 10, ""site_search_window"": 10, ""row_search_window"": 2, ""disallow_one_site_gaps"": 0, ""use_diamond_legalizer"": 1, ""disable_window_extension"": 0}",FAILED,5390089.0,5390089.0,0.0,-100.0,-1.0,False
45,93,4,RISCY-FPU-b-2-c5,1,"{""max_displacement"": 10, ""site_search_window"": 10, ""row_search_window"": 2, ""disallow_one_site_gaps"": 0, ""use_diamond_legalizer"": 1, ""disable_window_extension"": 0}","{""max_displacement"": 20, ""site_search_window"": 20, ""row_search_window"": 4, ""disallow_one_site_gaps"": 0, ""use_diamond_legalizer"": 1, ""disable_window_extension"": 0}",VALID,5390089.0,5390089.0,0.0,0.0,0.0,False
45,93,5,RISCY-FPU-b-2-c5,6,"{""max_displacement"": 20, ""site_search_window"": 20, ""row_search_window"": 4, ""disallow_one_site_gaps"": 0, ""use_diamond_legalizer"": 1, ""disable_window_extension"": 0}","{""max_displacement"": 10, ""site_search_window"": 10, ""row_search_window"": 4, ""disallow_one_site_gaps"": 0, ""use_diamond_legalizer"": 1, ""disable_window_extension"": 0}",FAILED,5390089.0,5390089.0,0.0,-100.0,-1.0,False
45,93,6,RISCY-FPU-b-2-c5,3,"{""max_displacement"": 10, ""site_search_window"": 10, ""row_search_window"": 4, ""disallow_one_site_gaps"": 0, ""use_diamond_legalizer"": 1, ""disable_window_extension"": 0}","{""max_displacement"": 10, ""site_search_window"": 20, ""row_search_window"": 6, ""disallow_one_site_gaps"": 0, ""use_diamond_legalizer"": 1, ""disable_window_extension"": 0}",FAILED,5390089.0,5390089.0,0.0,-100.0,-1.0,False
45,93,7,RISCY-FPU-b-2-c5,3,"{""max_displacement"": 10, ""site_search_window"": 20, ""row_search_window"": 6, ""disallow_one_site_gaps"": 0, ""use_diamond_legalizer"": 1, ""disable_window_extension"": 0}","{""max_displacement"": 10, ""site_search_window"": 30, ""row_search_window"": 8, ""disallow_one_site_gaps"": 0, ""use_diamond_legalizer"": 1, ""disable_window_extension"": 0}",FAILED,5390089.0,5390089.0,0.0,-100.0,-1.0,False
45,93,8,RISCY-FPU-b-2-c5,6,"{""max_displacement"": 10, ""site_search_window"": 30, ""row_search_window"": 8, ""disallow_one_site_gaps"": 0, ""use_diamond_legalizer"": 1, ""disable_window_extension"": 0}","{""max_displacement"": 0, ""site_search_window"": 20, ""row_search_window"": 8, ""disallow_one_site_gaps"": 0, ""use_diamond_legalizer"": 1, ""disable_window_extension"": 0}",VALID,5390089.0,5390089.0,0.0,0.0,0.0,False
45,93,9,RISCY-FPU-b-2-c5,6,"{""max_displacement"": 0, ""site_search_window"": 20, ""row_search_window"": 8, ""disallow_one_site_gaps"": 0, ""use_diamond_legalizer"": 1, ""disable_window_extension"": 0}","{""max_displacement"": 0, ""site_search_window"": 10, ""row_search_window"": 8, ""disallow_one_site_gaps"": 0, ""use_diamond_legalizer"": 1, ""disable_window_extension"": 0}",VALID,5390089.0,5390089.0,0.0,0.0,0.0,False
45,93,10,RISCY-FPU-b-2-c5,4,"{""max_displacement"": 0, ""site_search_window"": 10, ""row_search_window"": 8, ""disallow_one_site_gaps"": 0, ""use_diamond_legalizer"": 1, ""disable_window_extension"": 0}","{""max_displacement"": 0, ""site_search_window"": 0, ""row_search_window"": 6, ""disallow_one_site_gaps"": 0, ""use_diamond_legalizer"": 1, ""disable_window_extension"": 0}",VALID,5390089.0,5390089.0,0.0,0.0,0.0,True
45,94,1,RISCY-FPU-a-1-c20,6,"{""max_displacement"": 0, ""site_search_window"": 0, ""row_search_window"": 0, ""disallow_one_site_gaps"": 0, ""use_diamond_legalizer"": 1, ""disable_window_extension"": 0}","{""max_displacement"": 0, ""site_search_window"": 0, ""row_search_window"": 0, ""disallow_one_site_gaps"": 0, ""use_diamond_legalizer"": 1, ""disable_window_extension"": 0}",VALID,5621676.5,5621676.5,0.0,0.0,0.0,False
45,94,2,RISCY-FPU-a-1-c20,7,"{""max_displacement"": 0, ""site_search_window"": 0, ""row_search_window"": 0, ""disallow_one_site_gaps"": 0, ""use_diamond_legalizer"": 1, ""disable_window_extension"": 0}","{""max_displacement"": 0, ""site_search_window"": 0, ""row_search_window"": 0, ""disallow_one_site_gaps"": 0, ""use_diamond_legalizer"": 1, ""disable_window_extension"": 0}",VALID,5621676.5,5621676.5,0.0,0.0,0.0,False
45,94,3,RISCY-FPU-a-1-c20,7,"{""max_displacement"": 0, ""site_search_window"": 0, ""row_search_window"": 0, ""disallow_one_site_gaps"": 0, ""use_diamond_legalizer"": 1, ""disable_window_extension"": 0}","{""max_displacement"": 0, ""site_search_window"": 0, ""row_search_window"": 0, ""disallow_one_site_gaps"": 0, ""use_diamond_legalizer"": 1, ""disable_window_extension"": 0}",VALID,5621676.5,5621676.5,0.0,0.0,0.0,False
45,94,4,RISCY-FPU-a-1-c20,5,"{""max_displacement"": 0, ""site_search_window"": 0, ""row_search_window"": 0, ""disallow_one_site_gaps"": 0, ""use_diamond_legalizer"": 1, ""disable_window_extension"": 0}","{""max_displacement"": 10, ""site_search_window"": 10, ""row_search_window"": 0, ""disallow_one_site_gaps"": 0, ""use_diamond_legalizer"": 1, ""disable_window_extension"": 0}",FAILED,5621676.5,5621676.5,0.0,-100.0,-1.0,False
45,94,5,RISCY-FPU-a-1-c20,2,"{""max_displacement"": 10, ""site_search_window"": 10, ""row_search_window"": 0, ""disallow_one_site_gaps"": 0, ""use_diamond_legalizer"": 1, ""disable_window_extension"": 0}","{""max_displacement"": 0, ""site_search_window"": 0, ""row_search_window"": 0, ""disallow_one_site_gaps"": 0, ""use_diamond_legalizer"": 1, ""disable_window_extension"": 0}",VALID,5621676.5,5621676.5,0.0,0.0,0.0,False
45,94,6,RISCY-FPU-a-1-c20,1,"{""max_displacement"": 0, ""site_search_window"": 0, ""row_search_window"": 0, ""disallow_one_site_gaps"": 0, ""use_diamond_legalizer"": 1, ""disable_window_extension"": 0}","{""max_displacement"": 10, ""site_search_window"": 10, ""row_search_window"": 2, ""disallow_one_site_gaps"": 0, ""use_diamond_legalizer"": 1, ""disable_window_extension"": 0}",FAILED,5621676.5,5621676.5,0.0,-100.0,-1.0,False
45,94,7,RISCY-FPU-a-1-c20,4,"{""max_displacement"": 10, ""site_search_window"": 10, ""row_search_window"": 2, ""disallow_one_site_gaps"": 0, ""use_diamond_legalizer"": 1, ""disable_window_extension"": 0}","{""max_displacement"": 10, ""site_search_window"": 0, ""row_search_window"": 0, ""disallow_one_site_gaps"": 0, ""use_diamond_legalizer"": 1, ""disable_window_extension"": 0}",FAILED,5621676.5,5621676.5,0.0,-100.0,-1.0,False
45,94,8,RISCY-FPU-a-1-c20,5,"{""max_displacement"": 10, ""site_search_window"": 0, ""row_search_window"": 0, ""disallow_one_site_gaps"": 0, ""use_diamond_legalizer"": 1, ""disable_window_extension"": 0}","{""max_displacement"": 20, ""site_search_window"": 10, ""row_search_window"": 0, ""disallow_one_site_gaps"": 0, ""use_diamond_legalizer"": 1, ""disable_window_extension"": 0}",VALID,5621676.5,5621676.5,0.0,0.0,0.0,False
45,94,9,RISCY-FPU-a-1-c20,6,"{""max_displacement"": 20, ""site_search_window"": 10, ""row_search_window"": 0, ""disallow_one_site_gaps"": 0, ""use_diamond_legalizer"": 1, ""disable_window_extension"": 0}","{""max_displacement"": 10, ""site_search_window"": 0, ""row_search_window"": 0, ""disallow_one_site_gaps"": 0, ""use_diamond_legalizer"": 1, ""disable_window_extension"": 0}",FAILED,5621676.5,5621676.5,0.0,-100.0,-1.0,False
45,94,10,RISCY-FPU-a-1-c20,5,"{""max_displacement"": 10, ""site_search_window"": 0, ""row_search_window"": 0, ""disallow_one_site_gaps"": 0, ""use_diamond_legalizer"": 1, ""disable_window_extension"": 0}","{""max_displacement"": 20, ""site_search_window"": 10, ""row_search_window"": 0, ""disallow_one_site_gaps"": 0, ""use_diamond_legalizer"": 1, ""disable_window_extension"": 0}",VALID,5621676.5,5621676.5,0.0,0.0,0.0,True
45,95,1,RISCY-a-3-c20,0,"{""max_displacement"": 0, ""site_search_window"": 0, ""row_search_window"": 0, ""disallow_one_site_gaps"": 0, ""use_diamond_legalizer"": 1, ""disable_window_extension"": 0}","{""max_displacement"": 0, ""site_search_window"": 0, ""row_search_window"": 0, ""disallow_one_site_gaps"": true, ""use_diamond_legalizer"": 1, ""disable_window_extension"": true}",VALID,5117723.0,5117723.0,0.0,0.0,0.0,False
45,95,2,RISCY-a-3-c20,3,"{""max_displacement"": 0, ""site_search_window"": 0, ""row_search_window"": 0, ""disallow_one_site_gaps"": true, ""use_diamond_legalizer"": 1, ""disable_window_extension"": true}","{""max_displacement"": 0, ""site_search_window"": 10, ""row_search_window"": 2, ""disallow_one_site_gaps"": true, ""use_diamond_legalizer"": 1, ""disable_window_extension"": true}",VALID,5117723.0,5117723.0,0.0,0.0,0.0,False
45,95,3,RISCY-a-3-c20,4,"{""max_displacement"": 0, ""site_search_window"": 10, ""row_search_window"": 2, ""disallow_one_site_gaps"": true, ""use_diamond_legalizer"": 1, ""disable_window_extension"": true}","{""max_displacement"": 0, ""site_search_window"": 0, ""row_search_window"": 0, ""disallow_one_site_gaps"": true, ""use_diamond_legalizer"": 1, ""disable_window_extension"": true}",VALID,5117723.0,5117723.0,0.0,0.0,0.0,False
45,95,4,RISCY-a-3-c20,5,"{""max_displacement"": 0, ""site_search_window"": 0, ""row_search_window"": 0, ""disallow_one_site_gaps"": true, ""use_diamond_legalizer"": 1, ""disable_window_extension"": true}","{""max_displacement"": 10, ""site_search_window"": 10, ""row_search_window"": 0, ""disallow_one_site_gaps"": true, ""use_diamond_legalizer"": 1, ""disable_window_extension"": true}",FAILED,5117723.0,5117723.0,0.0,-100.0,-1.0,False
45,95,5,RISCY-a-3-c20,7,"{""max_displacement"": 10, ""site_search_window"": 10, ""row_search_window"": 0, ""disallow_one_site_gaps"": true, ""use_diamond_legalizer"": 1, ""disable_window_extension"": true}","{""max_displacement"": 10, ""site_search_window"": 10, ""row_search_window"": 0, ""disallow_one_site_gaps"": true, ""use_diamond_legalizer"": 1, ""disable_window_extension"": true}",FAILED,5117723.0,5117723.0,0.0,-100.0,-1.0,False
45,95,6,RISCY-a-3-c20,7,"{""max_displacement"": 10, ""site_search_window"": 10, ""row_search_window"": 0, ""disallow_one_site_gaps"": true, ""use_diamond_legalizer"": 1, ""disable_window_extension"": true}","{""max_displacement"": 10, ""site_search_window"": 10, ""row_search_window"": 0, ""disallow_one_site_gaps"": true, ""use_diamond_legalizer"": 1, ""disable_window_extension"": true}",FAILED,5117723.0,5117723.0,0.0,-100.0,-1.0,False
45,95,7,RISCY-a-3-c20,7,"{""max_displacement"": 10, ""site_search_window"": 10, ""row_search_window"": 0, ""disallow_one_site_gaps"": true, ""use_diamond_legalizer"": 1, ""disable_window_extension"": true}","{""max_displacement"": 10, ""site_search_window"": 10, ""row_search_window"": 0, ""disallow_one_site_gaps"": true, ""use_diamond_legalizer"": 1, ""disable_window_extension"": true}",FAILED,5117723.0,5117723.0,0.0,-100.0,-1.0,False
45,95,8,RISCY-a-3-c20,6,"{""max_displacement"": 10, ""site_search_window"": 10, ""row_search_window"": 0, ""disallow_one_site_gaps"": true, ""use_diamond_legalizer"": 1, ""disable_window_extension"": true}","{""max_displacement"": 0, ""site_search_window"": 0, ""row_search_window"": 0, ""disallow_one_site_gaps"": true, ""use_diamond_legalizer"": 1, ""disable_window_extension"": true}",VALID,5117723.0,5117723.0,0.0,0.0,0.0,False
45,95,9,RISCY-a-3-c20,7,"{""max_displacement"": 0, ""site_search_window"": 0, ""row_search_window"": 0, ""disallow_one_site_gaps"": true, ""use_diamond_legalizer"": 1, ""disable_window_extension"": true}","{""max_displacement"": 0, ""site_search_window"": 0, ""row_search_window"": 0, ""disallow_one_site_gaps"": true, ""use_diamond_legalizer"": 1, ""disable_window_extension"": true}",VALID,5117723.0,5117723.0,0.0,0.0,0.0,False
45,95,10,RISCY-a-3-c20,2,"{""max_displacement"": 0, ""site_search_window"": 0, ""row_search_window"": 0, ""disallow_one_site_gaps"": true, ""use_diamond_legalizer"": 1, ""disable_window_extension"": true}","{""max_displacement"": 0, ""site_search_window"": 0, ""row_search_window"": 0, ""disallow_one_site_gaps"": true, ""use_diamond_legalizer"": 1, ""disable_window_extension"": true}",VALID,5117723.0,5117723.0,0.0,0.0,0.0,True
45,96,1,RISCY-b-1-c5,7,"{""max_displacement"": 0, ""site_search_window"": 0, ""row_search_window"": 0, ""disallow_one_site_gaps"": 0, ""use_diamond_legalizer"": 1, ""disable_window_extension"": 0}","{""max_displacement"": 0, ""site_search_window"": 0, ""row_search_window"": 0, ""disallow_one_site_gaps"": 0, ""use_diamond_legalizer"": 1, ""disable_window_extension"": 0}",VALID,3939653.4,3939653.4,0.0,0.0,0.0,False
45,96,2,RISCY-b-1-c5,7,"{""max_displacement"": 0, ""site_search_window"": 0, ""row_search_window"": 0, ""disallow_one_site_gaps"": 0, ""use_diamond_legalizer"": 1, ""disable_window_extension"": 0}","{""max_displacement"": 0, ""site_search_window"": 0, ""row_search_window"": 0, ""disallow_one_site_gaps"": 0, ""use_diamond_legalizer"": 1, ""disable_window_extension"": 0}",VALID,3939653.4,3939653.4,0.0,0.0,0.0,False
45,96,3,RISCY-b-1-c5,2,"{""max_displacement"": 0, ""site_search_window"": 0, ""row_search_window"": 0, ""disallow_one_site_gaps"": 0, ""use_diamond_legalizer"": 1, ""disable_window_extension"": 0}","{""max_displacement"": 0, ""site_search_window"": 0, ""row_search_window"": 0, ""disallow_one_site_gaps"": 0, ""use_diamond_legalizer"": 1, ""disable_window_extension"": 0}",VALID,3939653.4,3939653.4,0.0,0.0,0.0,False
45,96,4,RISCY-b-1-c5,5,"{""max_displacement"": 0, ""site_search_window"": 0, ""row_search_window"": 0, ""disallow_one_site_gaps"": 0, ""use_diamond_legalizer"": 1, ""disable_window_extension"": 0}","{""max_displacement"": 10, ""site_search_window"": 10, ""row_search_window"": 0, ""disallow_one_site_gaps"": 0, ""use_diamond_legalizer"": 1, ""disable_window_extension"": 0}",FAILED,3939653.4,3939653.4,0.0,-100.0,-1.0,False
45,96,5,RISCY-b-1-c5,7,"{""max_displacement"": 10, ""site_search_window"": 10, ""row_search_window"": 0, ""disallow_one_site_gaps"": 0, ""use_diamond_legalizer"": 1, ""disable_window_extension"": 0}","{""max_displacement"": 10, ""site_search_window"": 10, ""row_search_window"": 0, ""disallow_one_site_gaps"": 0, ""use_diamond_legalizer"": 1, ""disable_window_extension"": 0}",FAILED,3939653.4,3939653.4,0.0,-100.0,-1.0,False
45,96,6,RISCY-b-1-c5,3,"{""max_displacement"": 10, ""site_search_window"": 10, ""row_search_window"": 0, ""disallow_one_site_gaps"": 0, ""use_diamond_legalizer"": 1, ""disable_window_extension"": 0}","{""max_displacement"": 10, ""site_search_window"": 20, ""row_search_window"": 2, ""disallow_one_site_gaps"": 0, ""use_diamond_legalizer"": 1, ""disable_window_extension"": 0}",FAILED,3939653.4,3939653.4,0.0,-100.0,-1.0,False
45,96,7,RISCY-b-1-c5,0,"{""max_displacement"": 10, ""site_search_window"": 20, ""row_search_window"": 2, ""disallow_one_site_gaps"": 0, ""use_diamond_legalizer"": 1, ""disable_window_extension"": 0}","{""max_displacement"": 10, ""site_search_window"": 20, ""row_search_window"": 2, ""disallow_one_site_gaps"": true, ""use_diamond_legalizer"": 1, ""disable_window_extension"": true}",FAILED,3939653.4,3939653.4,0.0,-100.0,-1.0,False
45,96,8,RISCY-b-1-c5,2,"{""max_displacement"": 10, ""site_search_window"": 20, ""row_search_window"": 2, ""disallow_one_site_gaps"": true, ""use_diamond_legalizer"": 1, ""disable_window_extension"": true}","{""max_displacement"": 0, ""site_search_window"": 10, ""row_search_window"": 0, ""disallow_one_site_gaps"": true, ""use_diamond_legalizer"": 1, ""disable_window_extension"": true}",VALID,3939653.4,3939653.4,0.0,0.0,0.0,False
45,96,9,RISCY-b-1-c5,7,"{""max_displacement"": 0, ""site_search_window"": 10, ""row_search_window"": 0, ""disallow_one_site_gaps"": true, ""use_diamond_legalizer"": 1, ""disable_window_extension"": true}","{""max_displacement"": 0, ""site_search_window"": 10, ""row_search_window"": 0, ""disallow_one_site_gaps"": true, ""use_diamond_legalizer"": 1, ""disable_window_extension"": true}",VALID,3939653.4,3939653.4,0.0,0.0,0.0,False
45,96,10,RISCY-b-1-c5,7,"{""max_displacement"": 0, ""site_search_window"": 10, ""row_search_window"": 0, ""disallow_one_site_gaps"": true, ""use_diamond_legalizer"": 1, ""disable_window_extension"": true}","{""max_displacement"": 0, ""site_search_window"": 10, ""row_search_window"": 0, ""disallow_one_site_gaps"": true, ""use_diamond_legalizer"": 1, ""disable_window_extension"": true}",VALID,3939653.4,3939653.4,0.0,0.0,0.0,True
45,97,1,RISCY-FPU-b-3-c20,6,"{""max_displacement"": 0, ""site_search_window"": 0, ""row_search_window"": 0, ""disallow_one_site_gaps"": 0, ""use_diamond_legalizer"": 1, ""disable_window_extension"": 0}","{""max_displacement"": 0, ""site_search_window"": 0, ""row_search_window"": 0, ""disallow_one_site_gaps"": 0, ""use_diamond_legalizer"": 1, ""disable_window_extension"": 0}",VALID,5040703.3,5040703.3,0.0,0.0,0.0,False
45,97,2,RISCY-FPU-b-3-c20,2,"{""max_displacement"": 0, ""site_search_window"": 0, ""row_search_window"": 0, ""disallow_one_site_gaps"": 0, ""use_diamond_legalizer"": 1, ""disable_window_extension"": 0}","{""max_displacement"": 0, ""site_search_window"": 0, ""row_search_window"": 0, ""disallow_one_site_gaps"": 0, ""use_diamond_legalizer"": 1, ""disable_window_extension"": 0}",VALID,5040703.3,5040703.3,0.0,0.0,0.0,False
45,97,3,RISCY-FPU-b-3-c20,4,"{""max_displacement"": 0, ""site_search_window"": 0, ""row_search_window"": 0, ""disallow_one_site_gaps"": 0, ""use_diamond_legalizer"": 1, ""disable_window_extension"": 0}","{""max_displacement"": 0, ""site_search_window"": 0, ""row_search_window"": 0, ""disallow_one_site_gaps"": 0, ""use_diamond_legalizer"": 1, ""disable_window_extension"": 0}",VALID,5040703.3,5040703.3,0.0,0.0,0.0,False
45,97,4,RISCY-FPU-b-3-c20,7,"{""max_displacement"": 0, ""site_search_window"": 0, ""row_search_window"": 0, ""disallow_one_site_gaps"": 0, ""use_diamond_legalizer"": 1, ""disable_window_extension"": 0}","{""max_displacement"": 0, ""site_search_window"": 0, ""row_search_window"": 0, ""disallow_one_site_gaps"": 0, ""use_diamond_legalizer"": 1, ""disable_window_extension"": 0}",VALID,5040703.3,5040703.3,0.0,0.0,0.0,False
45,97,5,RISCY-FPU-b-3-c20,0,"{""max_displacement"": 0, ""site_search_window"": 0, ""row_search_window"": 0, ""disallow_one_site_gaps"": 0, ""use_diamond_legalizer"": 1, ""disable_window_extension"": 0}","{""max_displacement"": 0, ""site_search_window"": 0, ""row_search_window"": 0, ""disallow_one_site_gaps"": true, ""use_diamond_legalizer"": 1, ""disable_window_extension"": true}",VALID,5040703.3,5040703.3,0.0,0.0,0.0,False
45,97,6,RISCY-FPU-b-3-c20,7,"{""max_displacement"": 0, ""site_search_window"": 0, ""row_search_window"": 0, ""disallow_one_site_gaps"": true, ""use_diamond_legalizer"": 1, ""disable_window_extension"": true}","{""max_displacement"": 0, ""site_search_window"": 0, ""row_search_window"": 0, ""disallow_one_site_gaps"": true, ""use_diamond_legalizer"": 1, ""disable_window_extension"": true}",VALID,5040703.3,5040703.3,0.0,0.0,0.0,False
45,97,7,RISCY-FPU-b-3-c20,6,"{""max_displacement"": 0, ""site_search_window"": 0, ""row_search_window"": 0, ""disallow_one_site_gaps"": true, ""use_diamond_legalizer"": 1, ""disable_window_extension"": true}","{""max_displacement"": 0, ""site_search_window"": 0, ""row_search_window"": 0, ""disallow_one_site_gaps"": true, ""use_diamond_legalizer"": 1, ""disable_window_extension"": true}",VALID,5040703.3,5040703.3,0.0,0.0,0.0,False
45,97,8,RISCY-FPU-b-3-c20,7,"{""max_displacement"": 0, ""site_search_window"": 0, ""row_search_window"": 0, ""disallow_one_site_gaps"": true, ""use_diamond_legalizer"": 1, ""disable_window_extension"": true}","{""max_displacement"": 0, ""site_search_window"": 0, ""row_search_window"": 0, ""disallow_one_site_gaps"": true, ""use_diamond_legalizer"": 1, ""disable_window_extension"": true}",VALID,5040703.3,5040703.3,0.0,0.0,0.0,False
45,97,9,RISCY-FPU-b-3-c20,4,"{""max_displacement"": 0, ""site_search_window"": 0, ""row_search_window"": 0, ""disallow_one_site_gaps"": true, ""use_diamond_legalizer"": 1, ""disable_window_extension"": true}","{""max_displacement"": 0, ""site_search_window"": 0, ""row_search_window"": 0, ""disallow_one_site_gaps"": true, ""use_diamond_legalizer"": 1, ""disable_window_extension"": true}",VALID,5040703.3,5040703.3,0.0,0.0,0.0,False
45,97,10,RISCY-FPU-b-3-c20,3,"{""max_displacement"": 0, ""site_search_window"": 0, ""row_search_window"": 0, ""disallow_one_site_gaps"": true, ""use_diamond_legalizer"": 1, ""disable_window_extension"": true}","{""max_displacement"": 0, ""site_search_window"": 10, ""row_search_window"": 2, ""disallow_one_site_gaps"": true, ""use_diamond_legalizer"": 1, ""disable_window_extension"": true}",VALID,5040703.3,5040703.3,0.0,0.0,0.0,True
45,98,1,RISCY-a-2-c5,2,"{""max_displacement"": 0, ""site_search_window"": 0, ""row_search_window"": 0, ""disallow_one_site_gaps"": 0, ""use_diamond_legalizer"": 1, ""disable_window_extension"": 0}","{""max_displacement"": 0, ""site_search_window"": 0, ""row_search_window"": 0, ""disallow_one_site_gaps"": 0, ""use_diamond_legalizer"": 1, ""disable_window_extension"": 0}",VALID,4814393.9,4814393.9,0.0,0.0,0.0,False
45,98,2,RISCY-a-2-c5,3,"{""max_displacement"": 0, ""site_search_window"": 0, ""row_search_window"": 0, ""disallow_one_site_gaps"": 0, ""use_diamond_legalizer"": 1, ""disable_window_extension"": 0}","{""max_displacement"": 0, ""site_search_window"": 10, ""row_search_window"": 2, ""disallow_one_site_gaps"": 0, ""use_diamond_legalizer"": 1, ""disable_window_extension"": 0}",VALID,4814393.9,4814393.9,0.0,0.0,0.0,False
45,98,3,RISCY-a-2-c5,1,"{""max_displacement"": 0, ""site_search_window"": 10, ""row_search_window"": 2, ""disallow_one_site_gaps"": 0, ""use_diamond_legalizer"": 1, ""disable_window_extension"": 0}","{""max_displacement"": 10, ""site_search_window"": 20, ""row_search_window"": 4, ""disallow_one_site_gaps"": 0, ""use_diamond_legalizer"": 1, ""disable_window_extension"": 0}",VALID,4814393.9,4814393.9,0.0,0.0,0.0,False
45,98,4,RISCY-a-2-c5,5,"{""max_displacement"": 10, ""site_search_window"": 20, ""row_search_window"": 4, ""disallow_one_site_gaps"": 0, ""use_diamond_legalizer"": 1, ""disable_window_extension"": 0}","{""max_displacement"": 20, ""site_search_window"": 30, ""row_search_window"": 4, ""disallow_one_site_gaps"": 0, ""use_diamond_legalizer"": 1, ""disable_window_extension"": 0}",VALID,4814393.9,4814393.9,0.0,0.0,0.0,False
45,98,5,RISCY-a-2-c5,2,"{""max_displacement"": 20, ""site_search_window"": 30, ""row_search_window"": 4, ""disallow_one_site_gaps"": 0, ""use_diamond_legalizer"": 1, ""disable_window_extension"": 0}","{""max_displacement"": 10, ""site_search_window"": 20, ""row_search_window"": 2, ""disallow_one_site_gaps"": 0, ""use_diamond_legalizer"": 1, ""disable_window_extension"": 0}",VALID,4814393.9,4814393.9,0.0,0.0,0.0,False
45,98,6,RISCY-a-2-c5,3,"{""max_displacement"": 10, ""site_search_window"": 20, ""row_search_window"": 2, ""disallow_one_site_gaps"": 0, ""use_diamond_legalizer"": 1, ""disable_window_extension"": 0}","{""max_displacement"": 10, ""site_search_window"": 30, ""row_search_window"": 4, ""disallow_one_site_gaps"": 0, ""use_diamond_legalizer"": 1, ""disable_window_extension"": 0}",VALID,4814393.9,4814393.9,0.0,0.0,0.0,False
45,98,7,RISCY-a-2-c5,0,"{""max_displacement"": 10, ""site_search_window"": 30, ""row_search_window"": 4, ""disallow_one_site_gaps"": 0, ""use_diamond_legalizer"": 1, ""disable_window_extension"": 0}","{""max_displacement"": 10, ""site_search_window"": 30, ""row_search_window"": 4, ""disallow_one_site_gaps"": true, ""use_diamond_legalizer"": 1, ""disable_window_extension"": true}",VALID,4814393.9,4814393.9,0.0,0.0,0.0,False
45,98,8,RISCY-a-2-c5,6,"{""max_displacement"": 10, ""site_search_window"": 30, ""row_search_window"": 4, ""disallow_one_site_gaps"": true, ""use_diamond_legalizer"": 1, ""disable_window_extension"": true}","{""max_displacement"": 0, ""site_search_window"": 20, ""row_search_window"": 4, ""disallow_one_site_gaps"": true, ""use_diamond_legalizer"": 1, ""disable_window_extension"": true}",VALID,4814393.9,4814393.9,0.0,0.0,0.0,False
45,98,9,RISCY-a-2-c5,2,"{""max_displacement"": 0, ""site_search_window"": 20, ""row_search_window"": 4, ""disallow_one_site_gaps"": true, ""use_diamond_legalizer"": 1, ""disable_window_extension"": true}","{""max_displacement"": 0, ""site_search_window"": 10, ""row_search_window"": 2, ""disallow_one_site_gaps"": true, ""use_diamond_legalizer"": 1, ""disable_window_extension"": true}",VALID,4814393.9,4814393.9,0.0,0.0,0.0,False
45,98,10,RISCY-a-2-c5,3,"{""max_displacement"": 0, ""site_search_window"": 10, ""row_search_window"": 2, ""disallow_one_site_gaps"": true, ""use_diamond_legalizer"": 1, ""disable_window_extension"": true}","{""max_displacement"": 0, ""site_search_window"": 20, ""row_search_window"": 4, ""disallow_one_site_gaps"": true, ""use_diamond_legalizer"": 1, ""disable_window_extension"": true}",VALID,4814393.9,4814393.9,0.0,0.0,0.0,True
45,99,1,zero-riscy-a-2-c2,4,"{""max_displacement"": 0, ""site_search_window"": 0, ""row_search_window"": 0, ""disallow_one_site_gaps"": 0, ""use_diamond_legalizer"": 1, ""disable_window_extension"": 0}","{""max_displacement"": 0, ""site_search_window"": 0, ""row_search_window"": 0, ""disallow_one_site_gaps"": 0, ""use_diamond_legalizer"": 1, ""disable_window_extension"": 0}",VALID,4315225.9,4315225.9,0.0,0.0,0.0,False
45,99,2,zero-riscy-a-2-c2,0,"{""max_displacement"": 0, ""site_search_window"": 0, ""row_search_window"": 0, ""disallow_one_site_gaps"": 0, ""use_diamond_legalizer"": 1, ""disable_window_extension"": 0}","{""max_displacement"": 0, ""site_search_window"": 0, ""row_search_window"": 0, ""disallow_one_site_gaps"": true, ""use_diamond_legalizer"": 1, ""disable_window_extension"": true}",VALID,4315225.9,4315225.9,0.0,0.0,0.0,False
45,99,3,zero-riscy-a-2-c2,6,"{""max_displacement"": 0, ""site_search_window"": 0, ""row_search_window"": 0, ""disallow_one_site_gaps"": true, ""use_diamond_legalizer"": 1, ""disable_window_extension"": true}","{""max_displacement"": 0, ""site_search_window"": 0, ""row_search_window"": 0, ""disallow_one_site_gaps"": true, ""use_diamond_legalizer"": 1, ""disable_window_extension"": true}",VALID,4315225.9,4315225.9,0.0,0.0,0.0,False
45,99,4,zero-riscy-a-2-c2,5,"{""max_displacement"": 0, ""site_search_window"": 0, ""row_search_window"": 0, ""disallow_one_site_gaps"": true, ""use_diamond_legalizer"": 1, ""disable_window_extension"": true}","{""max_displacement"": 10, ""site_search_window"": 10, ""row_search_window"": 0, ""disallow_one_site_gaps"": true, ""use_diamond_legalizer"": 1, ""disable_window_extension"": true}",FAILED,4315225.9,4315225.9,0.0,-100.0,-1.0,False
45,99,5,zero-riscy-a-2-c2,7,"{""max_displacement"": 10, ""site_search_window"": 10, ""row_search_window"": 0, ""disallow_one_site_gaps"": true, ""use_diamond_legalizer"": 1, ""disable_window_extension"": true}","{""max_displacement"": 10, ""site_search_window"": 10, ""row_search_window"": 0, ""disallow_one_site_gaps"": true, ""use_diamond_legalizer"": 1, ""disable_window_extension"": true}",FAILED,4315225.9,4315225.9,0.0,-100.0,-1.0,False
45,99,6,zero-riscy-a-2-c2,3,"{""max_displacement"": 10, ""site_search_window"": 10, ""row_search_window"": 0, ""disallow_one_site_gaps"": true, ""use_diamond_legalizer"": 1, ""disable_window_extension"": true}","{""max_displacement"": 10, ""site_search_window"": 20, ""row_search_window"": 2, ""disallow_one_site_gaps"": true, ""use_diamond_legalizer"": 1, ""disable_window_extension"": true}",FAILED,4315225.9,4315225.9,0.0,-100.0,-1.0,False
45,99,7,zero-riscy-a-2-c2,3,"{""max_displacement"": 10, ""site_search_window"": 20, ""row_search_window"": 2, ""disallow_one_site_gaps"": true, ""use_diamond_legalizer"": 1, ""disable_window_extension"": true}","{""max_displacement"": 10, ""site_search_window"": 30, ""row_search_window"": 4, ""disallow_one_site_gaps"": true, ""use_diamond_legalizer"": 1, ""disable_window_extension"": true}",FAILED,4315225.9,4315225.9,0.0,-100.0,-1.0,False
45,99,8,zero-riscy-a-2-c2,7,"{""max_displacement"": 10, ""site_search_window"": 30, ""row_search_window"": 4, ""disallow_one_site_gaps"": true, ""use_diamond_legalizer"": 1, ""disable_window_extension"": true}","{""max_displacement"": 10, ""site_search_window"": 30, ""row_search_window"": 4, ""disallow_one_site_gaps"": true, ""use_diamond_legalizer"": 1, ""disable_window_extension"": true}",FAILED,4315225.9,4315225.9,0.0,-100.0,-1.0,False
45,99,9,zero-riscy-a-2-c2,4,"{""max_displacement"": 10, ""site_search_window"": 30, ""row_search_window"": 4, ""disallow_one_site_gaps"": true, ""use_diamond_legalizer"": 1, ""disable_window_extension"": true}","{""max_displacement"": 10, ""site_search_window"": 20, ""row_search_window"": 2, ""disallow_one_site_gaps"": true, ""use_diamond_legalizer"": 1, ""disable_window_extension"": true}",FAILED,4315225.9,4315225.9,0.0,-100.0,-1.0,False
45,99,10,zero-riscy-a-2-c2,6,"{""max_displacement"": 10, ""site_search_window"": 20, ""row_search_window"": 2, ""disallow_one_site_gaps"": true, ""use_diamond_legalizer"": 1, ""disable_window_extension"": true}","{""max_displacement"": 0, ""site_search_window"": 10, ""row_search_window"": 2, ""disallow_one_site_gaps"": true, ""use_diamond_legalizer"": 1, ""disable_window_extension"": true}",VALID,4315225.9,4315225.9,0.0,0.0,0.0,True
45,100,1,RISCY-b-2-c5,6,"{""max_displacement"": 0, ""site_search_window"": 0, ""row_search_window"": 0, ""disallow_one_site_gaps"": 0, ""use_diamond_legalizer"": 1, ""disable_window_extension"": 0}","{""max_displacement"": 0, ""site_search_window"": 0, ""row_search_window"": 0, ""disallow_one_site_gaps"": 0, ""use_diamond_legalizer"": 1, ""disable_window_extension"": 0}",VALID,2887307.4,2887307.4,0.0,0.0,0.0,False
45,100,2,RISCY-b-2-c5,4,"{""max_displacement"": 0, ""site_search_window"": 0, ""row_search_window"": 0, ""disallow_one_site_gaps"": 0, ""use_diamond_legalizer"": 1, ""disable_window_extension"": 0}","{""max_displacement"": 0, ""site_search_window"": 0, ""row_search_window"": 0, ""disallow_one_site_gaps"": 0, ""use_diamond_legalizer"": 1, ""disable_window_extension"": 0}",VALID,2887307.4,2887307.4,0.0,0.0,0.0,False
45,100,3,RISCY-b-2-c5,6,"{""max_displacement"": 0, ""site_search_window"": 0, ""row_search_window"": 0, ""disallow_one_site_gaps"": 0, ""use_diamond_legalizer"": 1, ""disable_window_extension"": 0}","{""max_displacement"": 0, ""site_search_window"": 0, ""row_search_window"": 0, ""disallow_one_site_gaps"": 0, ""use_diamond_legalizer"": 1, ""disable_window_extension"": 0}",VALID,2887307.4,2887307.4,0.0,0.0,0.0,False
45,100,4,RISCY-b-2-c5,0,"{""max_displacement"": 0, ""site_search_window"": 0, ""row_search_window"": 0, ""disallow_one_site_gaps"": 0, ""use_diamond_legalizer"": 1, ""disable_window_extension"": 0}","{""max_displacement"": 0, ""site_search_window"": 0, ""row_search_window"": 0, ""disallow_one_site_gaps"": true, ""use_diamond_legalizer"": 1, ""disable_window_extension"": true}",VALID,2887307.4,2887307.4,0.0,0.0,0.0,False
45,100,5,RISCY-b-2-c5,6,"{""max_displacement"": 0, ""site_search_window"": 0, ""row_search_window"": 0, ""disallow_one_site_gaps"": true, ""use_diamond_legalizer"": 1, ""disable_window_extension"": true}","{""max_displacement"": 0, ""site_search_window"": 0, ""row_search_window"": 0, ""disallow_one_site_gaps"": true, ""use_diamond_legalizer"": 1, ""disable_window_extension"": true}",VALID,2887307.4,2887307.4,0.0,0.0,0.0,False
45,100,6,RISCY-b-2-c5,4,"{""max_displacement"": 0, ""site_search_window"": 0, ""row_search_window"": 0, ""disallow_one_site_gaps"": true, ""use_diamond_legalizer"": 1, ""disable_window_extension"": true}","{""max_displacement"": 0, ""site_search_window"": 0, ""row_search_window"": 0, ""disallow_one_site_gaps"": true, ""use_diamond_legalizer"": 1, ""disable_window_extension"": true}",VALID,2887307.4,2887307.4,0.0,0.0,0.0,False
45,100,7,RISCY-b-2-c5,3,"{""max_displacement"": 0, ""site_search_window"": 0, ""row_search_window"": 0, ""disallow_one_site_gaps"": true, ""use_diamond_legalizer"": 1, ""disable_window_extension"": true}","{""max_displacement"": 0, ""site_search_window"": 10, ""row_search_window"": 2, ""disallow_one_site_gaps"": true, ""use_diamond_legalizer"": 1, ""disable_window_extension"": true}",VALID,2887307.4,2887307.4,0.0,0.0,0.0,False
45,100,8,RISCY-b-2-c5,7,"{""max_displacement"": 0, ""site_search_window"": 10, ""row_search_window"": 2, ""disallow_one_site_gaps"": true, ""use_diamond_legalizer"": 1, ""disable_window_extension"": true}","{""max_displacement"": 0, ""site_search_window"": 10, ""row_search_window"": 2, ""disallow_one_site_gaps"": true, ""use_diamond_legalizer"": 1, ""disable_window_extension"": true}",VALID,2887307.4,2887307.4,0.0,0.0,0.0,False
45,100,9,RISCY-b-2-c5,6,"{""max_displacement"": 0, ""site_search_window"": 10, ""row_search_window"": 2, ""disallow_one_site_gaps"": true, ""use_diamond_legalizer"": 1, ""disable_window_extension"": true}","{""max_displacement"": 0, ""site_search_window"": 0, ""row_search_window"": 2, ""disallow_one_site_gaps"": true, ""use_diamond_legalizer"": 1, ""disable_window_extension"": true}",VALID,2887307.4,2887307.4,0.0,0.0,0.0,False
45,100,10,RISCY-b-2-c5,3,"{""max_displacement"": 0, ""site_search_window"": 0, ""row_search_window"": 2, ""disallow_one_site_gaps"": true, ""use_diamond_legalizer"": 1, ""disable_window_extension"": true}","{""max_displacement"": 0, ""site_search_window"": 10, ""row_search_window"": 4, ""disallow_one_site_gaps"": true, ""use_diamond_legalizer"": 1, ""disable_window_extension"": true}",VALID,2887307.4,2887307.4,0.0,0.0,0.0,True
