seed,episode,step,design_id,action,parameters_before,parameters_after,status,initial_hpwl,result_hpwl,delta_hpwl,delta_hpwl_percent,reward,done
43,1,1,zero-riscy-b-3-c5,0,"{""max_displacement"": 0, ""site_search_window"": 0, ""row_search_window"": 0, ""disallow_one_site_gaps"": 0, ""use_diamond_legalizer"": 1, ""disable_window_extension"": 0}","{""max_displacement"": 0, ""site_search_window"": 0, ""row_search_window"": 0, ""disallow_one_site_gaps"": true, ""use_diamond_legalizer"": 1, ""disable_window_extension"": true}",VALID,2080758.2,2080758.2,0.0,0.0,0.0,False
43,1,2,zero-riscy-b-3-c5,5,"{""max_displacement"": 0, ""site_search_window"": 0, ""row_search_window"": 0, ""disallow_one_site_gaps"": true, ""use_diamond_legalizer"": 1, ""disable_window_extension"": true}","{""max_displacement"": 10, ""site_search_window"": 10, ""row_search_window"": 0, ""disallow_one_site_gaps"": true, ""use_diamond_legalizer"": 1, ""disable_window_extension"": true}",VALID,2080758.2,2080758.2,0.0,0.0,0.0,False
43,1,3,zero-riscy-b-3-c5,7,"{""max_displacement"": 10, ""site_search_window"": 10, ""row_search_window"": 0, ""disallow_one_site_gaps"": true, ""use_diamond_legalizer"": 1, ""disable_window_extension"": true}","{""max_displacement"": 10, ""site_search_window"": 10, ""row_search_window"": 0, ""disallow_one_site_gaps"": true, ""use_diamond_legalizer"": 1, ""disable_window_extension"": true}",VALID,2080758.2,2080758.2,0.0,0.0,0.0,False
43,1,4,zero-riscy-b-3-c5,1,"{""max_displacement"": 10, ""site_search_window"": 10, ""row_search_window"": 0, ""disallow_one_site_gaps"": true, ""use_diamond_legalizer"": 1, ""disable_window_extension"": true}","{""max_displacement"": 20, ""site_search_window"": 20, ""row_search_window"": 2, ""disallow_one_site_gaps"": true, ""use_diamond_legalizer"": 1, ""disable_window_extension"": true}",VALID,2080758.2,2080758.2,0.0,0.0,0.0,False
43,1,5,zero-riscy-b-3-c5,1,"{""max_displacement"": 20, ""site_search_window"": 20, ""row_search_window"": 2, ""disallow_one_site_gaps"": true, ""use_diamond_legalizer"": 1, ""disable_window_extension"": true}","{""max_displacement"": 30, ""site_search_window"": 30, ""row_search_window"": 4, ""disallow_one_site_gaps"": true, ""use_diamond_legalizer"": 1, ""disable_window_extension"": true}",VALID,2080758.2,2080758.2,0.0,0.0,0.0,False
43,1,6,zero-riscy-b-3-c5,6,"{""max_displacement"": 30, ""site_search_window"": 30, ""row_search_window"": 4, ""disallow_one_site_gaps"": true, ""use_diamond_legalizer"": 1, ""disable_window_extension"": true}","{""max_displacement"": 20, ""site_search_window"": 20, ""row_search_window"": 4, ""disallow_one_site_gaps"": true, ""use_diamond_legalizer"": 1, ""disable_window_extension"": true}",VALID,2080758.2,2080758.2,0.0,0.0,0.0,False
43,1,7,zero-riscy-b-3-c5,6,"{""max_displacement"": 20, ""site_search_window"": 20, ""row_search_window"": 4, ""disallow_one_site_gaps"": true, ""use_diamond_legalizer"": 1, ""disable_window_extension"": true}","{""max_displacement"": 10, ""site_search_window"": 10, ""row_search_window"": 4, ""disallow_one_site_gaps"": true, ""use_diamond_legalizer"": 1, ""disable_window_extension"": true}",VALID,2080758.2,2080758.2,0.0,0.0,0.0,False
43,1,8,zero-riscy-b-3-c5,4,"{""max_displacement"": 10, ""site_search_window"": 10, ""row_search_window"": 4, ""disallow_one_site_gaps"": true, ""use_diamond_legalizer"": 1, ""disable_window_extension"": true}","{""max_displacement"": 10, ""site_search_window"": 0, ""row_search_window"": 2, ""disallow_one_site_gaps"": true, ""use_diamond_legalizer"": 1, ""disable_window_extension"": true}",VALID,2080758.2,2080758.2,0.0,0.0,0.0,False
43,1,9,zero-riscy-b-3-c5,7,"{""max_displacement"": 10, ""site_search_window"": 0, ""row_search_window"": 2, ""disallow_one_site_gaps"": true, ""use_diamond_legalizer"": 1, ""disable_window_extension"": true}","{""max_displacement"": 10, ""site_search_window"": 0, ""row_search_window"": 2, ""disallow_one_site_gaps"": true, ""use_diamond_legalizer"": 1, ""disable_window_extension"": true}",VALID,2080758.2,2080758.2,0.0,0.0,0.0,False
43,1,10,zero-riscy-b-3-c5,4,"{""max_displacement"": 10, ""site_search_window"": 0, ""row_search_window"": 2, ""disallow_one_site_gaps"": true, ""use_diamond_legalizer"": 1, ""disable_window_extension"": true}","{""max_displacement"": 10, ""site_search_window"": 0, ""row_search_window"": 0, ""disallow_one_site_gaps"": true, ""use_diamond_legalizer"": 1, ""disable_window_extension"": true}",VALID,2080758.2,2080758.2,0.0,0.0,0.0,True
43,2,1,zero-riscy-a-3-c20,1,"{""max_displacement"": 0, ""site_search_window"": 0, ""row_search_window"": 0, ""disallow_one_site_gaps"": 0, ""use_diamond_legalizer"": 1, ""disable_window_extension"": 0}","{""max_displacement"": 10, ""site_search_window"": 10, ""row_search_window"": 2, ""disallow_one_site_gaps"": 0, ""use_diamond_legalizer"": 1, ""disable_window_extension"": 0}",FAILED,4037614.6,4037614.6,0.0,-100.0,-1.0,False
43,2,2,zero-riscy-a-3-c20,4,"{""max_displacement"": 10, ""site_search_window"": 10, ""row_search_window"": 2, ""disallow_one_site_gaps"": 0, ""use_diamond_legalizer"": 1, ""disable_window_extension"": 0}","{""max_displacement"": 10, ""site_search_window"": 0, ""row_search_window"": 0, ""disallow_one_site_gaps"": 0, ""use_diamond_legalizer"": 1, ""disable_window_extension"": 0}",FAILED,4037614.6,4037614.6,0.0,-100.0,-1.0,False
43,2,3,zero-riscy-a-3-c20,6,"{""max_displacement"": 10, ""site_search_window"": 0, ""row_search_window"": 0, ""disallow_one_site_gaps"": 0, ""use_diamond_legalizer"": 1, ""disable_window_extension"": 0}","{""max_displacement"": 0, ""site_search_window"": 0, ""row_search_window"": 0, ""disallow_one_site_gaps"": 0, ""use_diamond_legalizer"": 1, ""disable_window_extension"": 0}",VALID,4037614.6,4037614.6,0.0,0.0,0.0,False
43,2,4,zero-riscy-a-3-c20,5,"{""max_displacement"": 0, ""site_search_window"": 0, ""row_search_window"": 0, ""disallow_one_site_gaps"": 0, ""use_diamond_legalizer"": 1, ""disable_window_extension"": 0}","{""max_displacement"": 10, ""site_search_window"": 10, ""row_search_window"": 0, ""disallow_one_site_gaps"": 0, ""use_diamond_legalizer"": 1, ""disable_window_extension"": 0}",FAILED,4037614.6,4037614.6,0.0,-100.0,-1.0,False
43,2,5,zero-riscy-a-3-c20,1,"{""max_displacement"": 10, ""site_search_window"": 10, ""row_search_window"": 0, ""disallow_one_site_gaps"": 0, ""use_diamond_legalizer"": 1, ""disable_window_extension"": 0}","{""max_displacement"": 20, ""site_search_window"": 20, ""row_search_window"": 2, ""disallow_one_site_gaps"": 0, ""use_diamond_legalizer"": 1, ""disable_window_extension"": 0}",VALID,4037614.6,4037567.8,46.8000000002794,0.0012000000000000001,1.1591002271558904e-05,False
43,2,6,zero-riscy-a-3-c20,0,"{""max_displacement"": 20, ""site_search_window"": 20, ""row_search_window"": 2, ""disallow_one_site_gaps"": 0, ""use_diamond_legalizer"": 1, ""disable_window_extension"": 0}","{""max_displacement"": 20, ""site_search_window"": 20, ""row_search_window"": 2, ""disallow_one_site_gaps"": true, ""use_diamond_legalizer"": 1, ""disable_window_extension"": true}",VALID,4037614.6,4037567.8,0.0,0.0,0.0,False
43,2,7,zero-riscy-a-3-c20,6,"{""max_displacement"": 20, ""site_search_window"": 20, ""row_search_window"": 2, ""disallow_one_site_gaps"": true, ""use_diamond_legalizer"": 1, ""disable_window_extension"": true}","{""max_displacement"": 10, ""site_search_window"": 10, ""row_search_window"": 2, ""disallow_one_site_gaps"": true, ""use_diamond_legalizer"": 1, ""disable_window_extension"": true}",FAILED,4037614.6,4037567.8,0.0,-100.0,-1.0,False
43,2,8,zero-riscy-a-3-c20,1,"{""max_displacement"": 10, ""site_search_window"": 10, ""row_search_window"": 2, ""disallow_one_site_gaps"": true, ""use_diamond_legalizer"": 1, ""disable_window_extension"": true}","{""max_displacement"": 20, ""site_search_window"": 20, ""row_search_window"": 4, ""disallow_one_site_gaps"": true, ""use_diamond_legalizer"": 1, ""disable_window_extension"": true}",VALID,4037614.6,4037567.8,0.0,0.0,0.0,False
43,2,9,zero-riscy-a-3-c20,4,"{""max_displacement"": 20, ""site_search_window"": 20, ""row_search_window"": 4, ""disallow_one_site_gaps"": true, ""use_diamond_legalizer"": 1, ""disable_window_extension"": true}","{""max_displacement"": 20, ""site_search_window"": 10, ""row_search_window"": 2, ""disallow_one_site_gaps"": true, ""use_diamond_legalizer"": 1, ""disable_window_extension"": true}",VALID,4037614.6,4037567.8,0.0,0.0,0.0,False
43,2,10,zero-riscy-a-3-c20,6,"{""max_displacement"": 20, ""site_search_window"": 10, ""row_search_window"": 2, ""disallow_one_site_gaps"": true, ""use_diamond_legalizer"": 1, ""disable_window_extension"": true}","{""max_displacement"": 10, ""site_search_window"": 0, ""row_search_window"": 2, ""disallow_one_site_gaps"": true, ""use_diamond_legalizer"": 1, ""disable_window_extension"": true}",FAILED,4037614.6,4037567.8,0.0,-100.0,-1.0,True
43,3,1,zero-riscy-a-2-c5,7,"{""max_displacement"": 0, ""site_search_window"": 0, ""row_search_window"": 0, ""disallow_one_site_gaps"": 0, ""use_diamond_legalizer"": 1, ""disable_window_extension"": 0}","{""max_displacement"": 0, ""site_search_window"": 0, ""row_search_window"": 0, ""disallow_one_site_gaps"": 0, ""use_diamond_legalizer"": 1, ""disable_window_extension"": 0}",VALID,3745024.3,3745024.3,0.0,0.0,0.0,False
43,3,2,zero-riscy-a-2-c5,0,"{""max_displacement"": 0, ""site_search_window"": 0, ""row_search_window"": 0, ""disallow_one_site_gaps"": 0, ""use_diamond_legalizer"": 1, ""disable_window_extension"": 0}","{""max_displacement"": 0, ""site_search_window"": 0, ""row_search_window"": 0, ""disallow_one_site_gaps"": true, ""use_diamond_legalizer"": 1, ""disable_window_extension"": true}",VALID,3745024.3,3745024.3,0.0,0.0,0.0,False
43,3,3,zero-riscy-a-2-c5,3,"{""max_displacement"": 0, ""site_search_window"": 0, ""row_search_window"": 0, ""disallow_one_site_gaps"": true, ""use_diamond_legalizer"": 1, ""disable_window_extension"": true}","{""max_displacement"": 0, ""site_search_window"": 10, ""row_search_window"": 2, ""disallow_one_site_gaps"": true, ""use_diamond_legalizer"": 1, ""disable_window_extension"": true}",VALID,3745024.3,3745024.3,0.0,0.0,0.0,False
43,3,4,zero-riscy-a-2-c5,3,"{""max_displacement"": 0, ""site_search_window"": 10, ""row_search_window"": 2, ""disallow_one_site_gaps"": true, ""use_diamond_legalizer"": 1, ""disable_window_extension"": true}","{""max_displacement"": 0, ""site_search_window"": 20, ""row_search_window"": 4, ""disallow_one_site_gaps"": true, ""use_diamond_legalizer"": 1, ""disable_window_extension"": true}",VALID,3745024.3,3745024.3,0.0,0.0,0.0,False
43,3,5,zero-riscy-a-2-c5,0,"{""max_displacement"": 0, ""site_search_window"": 20, ""row_search_window"": 4, ""disallow_one_site_gaps"": true, ""use_diamond_legalizer"": 1, ""disable_window_extension"": true}","{""max_displacement"": 0, ""site_search_window"": 20, ""row_search_window"": 4, ""disallow_one_site_gaps"": false, ""use_diamond_legalizer"": 1, ""disable_window_extension"": false}",VALID,3745024.3,3745024.3,0.0,0.0,0.0,False
43,3,6,zero-riscy-a-2-c5,3,"{""max_displacement"": 0, ""site_search_window"": 20, ""row_search_window"": 4, ""disallow_one_site_gaps"": false, ""use_diamond_legalizer"": 1, ""disable_window_extension"": false}","{""max_displacement"": 0, ""site_search_window"": 30, ""row_search_window"": 6, ""disallow_one_site_gaps"": false, ""use_diamond_legalizer"": 1, ""disable_window_extension"": false}",VALID,3745024.3,3745024.3,0.0,0.0,0.0,False
43,3,7,zero-riscy-a-2-c5,6,"{""max_displacement"": 0, ""site_search_window"": 30, ""row_search_window"": 6, ""disallow_one_site_gaps"": false, ""use_diamond_legalizer"": 1, ""disable_window_extension"": false}","{""max_displacement"": 0, ""site_search_window"": 20, ""row_search_window"": 6, ""disallow_one_site_gaps"": false, ""use_diamond_legalizer"": 1, ""disable_window_extension"": false}",VALID,3745024.3,3745024.3,0.0,0.0,0.0,False
43,3,8,zero-riscy-a-2-c5,7,"{""max_displacement"": 0, ""site_search_window"": 20, ""row_search_window"": 6, ""disallow_one_site_gaps"": false, ""use_diamond_legalizer"": 1, ""disable_window_extension"": false}","{""max_displacement"": 0, ""site_search_window"": 20, ""row_search_window"": 6, ""disallow_one_site_gaps"": false, ""use_diamond_legalizer"": 1, ""disable_window_extension"": false}",VALID,3745024.3,3745024.3,0.0,0.0,0.0,False
43,3,9,zero-riscy-a-2-c5,6,"{""max_displacement"": 0, ""site_search_window"": 20, ""row_search_window"": 6, ""disallow_one_site_gaps"": false, ""use_diamond_legalizer"": 1, ""disable_window_extension"": false}","{""max_displacement"": 0, ""site_search_window"": 10, ""row_search_window"": 6, ""disallow_one_site_gaps"": false, ""use_diamond_legalizer"": 1, ""disable_window_extension"": false}",VALID,3745024.3,3745024.3,0.0,0.0,0.0,False
43,3,10,zero-riscy-a-2-c5,1,"{""max_displacement"": 0, ""site_search_window"": 10, ""row_search_window"": 6, ""disallow_one_site_gaps"": false, ""use_diamond_legalizer"": 1, ""disable_window_extension"": false}","{""max_displacement"": 10, ""site_search_window"": 20, ""row_search_window"": 8, ""disallow_one_site_gaps"": false, ""use_diamond_legalizer"": 1, ""disable_window_extension"": false}",VALID,3745024.3,3745024.3,0.0,0.0,0.0,True
43,4,1,RISCY-FPU-b-2-c5,3,"{""max_displacement"": 0, ""site_search_window"": 0, ""row_search_window"": 0, ""disallow_one_site_gaps"": 0, ""use_diamond_legalizer"": 1, ""disable_window_extension"": 0}","{""max_displacement"": 0, ""site_search_window"": 10, ""row_search_window"": 2, ""disallow_one_site_gaps"": 0, ""use_diamond_legalizer"": 1, ""disable_window_extension"": 0}",VALID,5390089.0,5390089.0,0.0,0.0,0.0,False
43,4,2,RISCY-FPU-b-2-c5,6,"{""max_displacement"": 0, ""site_search_window"": 10, ""row_search_window"": 2, ""disallow_one_site_gaps"": 0, ""use_diamond_legalizer"": 1, ""disable_window_extension"": 0}","{""max_displacement"": 0, ""site_search_window"": 0, ""row_search_window"": 2, ""disallow_one_site_gaps"": 0, ""use_diamond_legalizer"": 1, ""disable_window_extension"": 0}",VALID,5390089.0,5390089.0,0.0,0.0,0.0,False
43,4,3,RISCY-FPU-b-2-c5,3,"{""max_displacement"": 0, ""site_search_window"": 0, ""row_search_window"": 2, ""disallow_one_site_gaps"": 0, ""use_diamond_legalizer"": 1, ""disable_window_extension"": 0}","{""max_displacement"": 0, ""site_search_window"": 10, ""row_search_window"": 4, ""disallow_one_site_gaps"": 0, ""use_diamond_legalizer"": 1, ""disable_window_extension"": 0}",VALID,5390089.0,5390089.0,0.0,0.0,0.0,False
43,4,4,RISCY-FPU-b-2-c5,5,"{""max_displacement"": 0, ""site_search_window"": 10, ""row_search_window"": 4, ""disallow_one_site_gaps"": 0, ""use_diamond_legalizer"": 1, ""disable_window_extension"": 0}","{""max_displacement"": 10, ""site_search_window"": 20, ""row_search_window"": 4, ""disallow_one_site_gaps"": 0, ""use_diamond_legalizer"": 1, ""disable_window_extension"": 0}",FAILED,5390089.0,5390089.0,0.0,-100.0,-1.0,False
43,4,5,RISCY-FPU-b-2-c5,0,"{""max_displacement"": 10, ""site_search_window"": 20, ""row_search_window"": 4, ""disallow_one_site_gaps"": 0, ""use_diamond_legalizer"": 1, ""disable_window_extension"": 0}","{""max_displacement"": 10, ""site_search_window"": 20, ""row_search_window"": 4, ""disallow_one_site_gaps"": true, ""use_diamond_legalizer"": 1, ""disable_window_extension"": true}",FAILED,5390089.0,5390089.0,0.0,-100.0,-1.0,False
43,4,6,RISCY-FPU-b-2-c5,0,"{""max_displacement"": 10, ""site_search_window"": 20, ""row_search_window"": 4, ""disallow_one_site_gaps"": true, ""use_diamond_legalizer"": 1, ""disable_window_extension"": true}","{""max_displacement"": 10, ""site_search_window"": 20, ""row_search_window"": 4, ""disallow_one_site_gaps"": false, ""use_diamond_legalizer"": 1, ""disable_window_extension"": false}",FAILED,5390089.0,5390089.0,0.0,-100.0,-1.0,False
43,4,7,RISCY-FPU-b-2-c5,4,"{""max_displacement"": 10, ""site_search_window"": 20, ""row_search_window"": 4, ""disallow_one_site_gaps"": false, ""use_diamond_legalizer"": 1, ""disable_window_extension"": false}","{""max_displacement"": 10, ""site_search_window"": 10, ""row_search_window"": 2, ""disallow_one_site_gaps"": false, ""use_diamond_legalizer"": 1, ""disable_window_extension"": false}",FAILED,5390089.0,5390089.0,0.0,-100.0,-1.0,False
43,4,8,RISCY-FPU-b-2-c5,0,"{""max_displacement"": 10, ""site_search_window"": 10, ""row_search_window"": 2, ""disallow_one_site_gaps"": false, ""use_diamond_legalizer"": 1, ""disable_window_extension"": false}","{""max_displacement"": 10, ""site_search_window"": 10, ""row_search_window"": 2, ""disallow_one_site_gaps"": true, ""use_diamond_legalizer"": 1, ""disable_window_extension"": true}",FAILED,5390089.0,5390089.0,0.0,-100.0,-1.0,False
43,4,9,RISCY-FPU-b-2-c5,4,"{""max_displacement"": 10, ""site_search_window"": 10, ""row_search_window"": 2, ""disallow_one_site_gaps"": true, ""use_diamond_legalizer"": 1, ""disable_window_extension"": true}","{""max_displacement"": 10, ""site_search_window"": 0, ""row_search_window"": 0, ""disallow_one_site_gaps"": true, ""use_diamond_legalizer"": 1, ""disable_window_extension"": true}",FAILED,5390089.0,5390089.0,0.0,-100.0,-1.0,False
43,4,10,RISCY-FPU-b-2-c5,1,"{""max_displacement"": 10, ""site_search_window"": 0, ""row_search_window"": 0, ""disallow_one_site_gaps"": true, ""use_diamond_legalizer"": 1, ""disable_window_extension"": true}","{""max_displacement"": 20, ""site_search_window"": 10, ""row_search_window"": 2, ""disallow_one_site_gaps"": true, ""use_diamond_legalizer"": 1, ""disable_window_extension"": true}",VALID,5390089.0,5390089.0,0.0,0.0,0.0,True
43,5,1,RISCY-FPU-b-3-c2,0,"{""max_displacement"": 0, ""site_search_window"": 0, ""row_search_window"": 0, ""disallow_one_site_gaps"": 0, ""use_diamond_legalizer"": 1, ""disable_window_extension"": 0}","{""max_displacement"": 0, ""site_search_window"": 0, ""row_search_window"": 0, ""disallow_one_site_gaps"": true, ""use_diamond_legalizer"": 1, ""disable_window_extension"": true}",VALID,6781434.9,6781434.9,0.0,0.0,0.0,False
43,5,2,RISCY-FPU-b-3-c2,1,"{""max_displacement"": 0, ""site_search_window"": 0, ""row_search_window"": 0, ""disallow_one_site_gaps"": true, ""use_diamond_legalizer"": 1, ""disable_window_extension"": true}","{""max_displacement"": 10, ""site_search_window"": 10, ""row_search_window"": 2, ""disallow_one_site_gaps"": true, ""use_diamond_legalizer"": 1, ""disable_window_extension"": true}",FAILED,6781434.9,6781434.9,0.0,-100.0,-1.0,False
43,5,3,RISCY-FPU-b-3-c2,6,"{""max_displacement"": 10, ""site_search_window"": 10, ""row_search_window"": 2, ""disallow_one_site_gaps"": true, ""use_diamond_legalizer"": 1, ""disable_window_extension"": true}","{""max_displacement"": 0, ""site_search_window"": 0, ""row_search_window"": 2, ""disallow_one_site_gaps"": true, ""use_diamond_legalizer"": 1, ""disable_window_extension"": true}",VALID,6781434.9,6781434.9,0.0,0.0,0.0,False
43,5,4,RISCY-FPU-b-3-c2,1,"{""max_displacement"": 0, ""site_search_window"": 0, ""row_search_window"": 2, ""disallow_one_site_gaps"": true, ""use_diamond_legalizer"": 1, ""disable_window_extension"": true}","{""max_displacement"": 10, ""site_search_window"": 10, ""row_search_window"": 4, ""disallow_one_site_gaps"": true, ""use_diamond_legalizer"": 1, ""disable_window_extension"": true}",FAILED,6781434.9,6781434.9,0.0,-100.0,-1.0,False
43,5,5,RISCY-FPU-b-3-c2,2,"{""max_displacement"": 10, ""site_search_window"": 10, ""row_search_window"": 4, ""disallow_one_site_gaps"": true, ""use_diamond_legalizer"": 1, ""disable_window_extension"": true}","{""max_displacement"": 0, ""site_search_window"": 0, ""row_search_window"": 2, ""disallow_one_site_gaps"": true, ""use_diamond_legalizer"": 1, ""disable_window_extension"": true}",VALID,6781434.9,6781434.9,0.0,0.0,0.0,False
43,5,6,RISCY-FPU-b-3-c2,3,"{""max_displacement"": 0, ""site_search_window"": 0, ""row_search_window"": 2, ""disallow_one_site_gaps"": true, ""use_diamond_legalizer"": 1, ""disable_window_extension"": true}","{""max_displacement"": 0, ""site_search_window"": 10, ""row_search_window"": 4, ""disallow_one_site_gaps"": true, ""use_diamond_legalizer"": 1, ""disable_window_extension"": true}",VALID,6781434.9,6781434.9,0.0,0.0,0.0,False
43,5,7,RISCY-FPU-b-3-c2,2,"{""max_displacement"": 0, ""site_search_window"": 10, ""row_search_window"": 4, ""disallow_one_site_gaps"": true, ""use_diamond_legalizer"": 1, ""disable_window_extension"": true}","{""max_displacement"": 0, ""site_search_window"": 0, ""row_search_window"": 2, ""disallow_one_site_gaps"": true, ""use_diamond_legalizer"": 1, ""disable_window_extension"": true}",VALID,6781434.9,6781434.9,0.0,0.0,0.0,False
43,5,8,RISCY-FPU-b-3-c2,5,"{""max_displacement"": 0, ""site_search_window"": 0, ""row_search_window"": 2, ""disallow_one_site_gaps"": true, ""use_diamond_legalizer"": 1, ""disable_window_extension"": true}","{""max_displacement"": 10, ""site_search_window"": 10, ""row_search_window"": 2, ""disallow_one_site_gaps"": true, ""use_diamond_legalizer"": 1, ""disable_window_extension"": true}",FAILED,6781434.9,6781434.9,0.0,-100.0,-1.0,False
43,5,9,RISCY-FPU-b-3-c2,7,"{""max_displacement"": 10, ""site_search_window"": 10, ""row_search_window"": 2, ""disallow_one_site_gaps"": true, ""use_diamond_legalizer"": 1, ""disable_window_extension"": true}","{""max_displacement"": 10, ""site_search_window"": 10, ""row_search_window"": 2, ""disallow_one_site_gaps"": true, ""use_diamond_legalizer"": 1, ""disable_window_extension"": true}",FAILED,6781434.9,6781434.9,0.0,-100.0,-1.0,False
43,5,10,RISCY-FPU-b-3-c2,4,"{""max_displacement"": 10, ""site_search_window"": 10, ""row_search_window"": 2, ""disallow_one_site_gaps"": true, ""use_diamond_legalizer"": 1, ""disable_window_extension"": true}","{""max_displacement"": 10, ""site_search_window"": 0, ""row_search_window"": 0, ""disallow_one_site_gaps"": true, ""use_diamond_legalizer"": 1, ""disable_window_extension"": true}",FAILED,6781434.9,6781434.9,0.0,-100.0,-1.0,True
43,6,1,zero-riscy-a-3-c20,6,"{""max_displacement"": 0, ""site_search_window"": 0, ""row_search_window"": 0, ""disallow_one_site_gaps"": 0, ""use_diamond_legalizer"": 1, ""disable_window_extension"": 0}","{""max_displacement"": 0, ""site_search_window"": 0, ""row_search_window"": 0, ""disallow_one_site_gaps"": 0, ""use_diamond_legalizer"": 1, ""disable_window_extension"": 0}",VALID,4037614.6,4037614.6,0.0,0.0,0.0,False
43,6,2,zero-riscy-a-3-c20,7,"{""max_displacement"": 0, ""site_search_window"": 0, ""row_search_window"": 0, ""disallow_one_site_gaps"": 0, ""use_diamond_legalizer"": 1, ""disable_window_extension"": 0}","{""max_displacement"": 0, ""site_search_window"": 0, ""row_search_window"": 0, ""disallow_one_site_gaps"": 0, ""use_diamond_legalizer"": 1, ""disable_window_extension"": 0}",VALID,4037614.6,4037614.6,0.0,0.0,0.0,False
43,6,3,zero-riscy-a-3-c20,3,"{""max_displacement"": 0, ""site_search_window"": 0, ""row_search_window"": 0, ""disallow_one_site_gaps"": 0, ""use_diamond_legalizer"": 1, ""disable_window_extension"": 0}","{""max_displacement"": 0, ""site_search_window"": 10, ""row_search_window"": 2, ""disallow_one_site_gaps"": 0, ""use_diamond_legalizer"": 1, ""disable_window_extension"": 0}",VALID,4037614.6,4037614.6,0.0,0.0,0.0,False
43,6,4,zero-riscy-a-3-c20,6,"{""max_displacement"": 0, ""site_search_window"": 10, ""row_search_window"": 2, ""disallow_one_site_gaps"": 0, ""use_diamond_legalizer"": 1, ""disable_window_extension"": 0}","{""max_displacement"": 0, ""site_search_window"": 0, ""row_search_window"": 2, ""disallow_one_site_gaps"": 0, ""use_diamond_legalizer"": 1, ""disable_window_extension"": 0}",VALID,4037614.6,4037614.6,0.0,0.0,0.0,False
43,6,5,zero-riscy-a-3-c20,7,"{""max_displacement"": 0, ""site_search_window"": 0, ""row_search_window"": 2, ""disallow_one_site_gaps"": 0, ""use_diamond_legalizer"": 1, ""disable_window_extension"": 0}","{""max_displacement"": 0, ""site_search_window"": 0, ""row_search_window"": 2, ""disallow_one_site_gaps"": 0, ""use_diamond_legalizer"": 1, ""disable_window_extension"": 0}",VALID,4037614.6,4037614.6,0.0,0.0,0.0,False
43,6,6,zero-riscy-a-3-c20,1,"{""max_displacement"": 0, ""site_search_window"": 0, ""row_search_window"": 2, ""disallow_one_site_gaps"": 0, ""use_diamond_legalizer"": 1, ""disable_window_extension"": 0}","{""max_displacement"": 10, ""site_search_window"": 10, ""row_search_window"": 4, ""disallow_one_site_gaps"": 0, ""use_diamond_legalizer"": 1, ""disable_window_extension"": 0}",FAILED,4037614.6,4037614.6,0.0,-100.0,-1.0,False
43,6,7,zero-riscy-a-3-c20,2,"{""max_displacement"": 10, ""site_search_window"": 10, ""row_search_window"": 4, ""disallow_one_site_gaps"": 0, ""use_diamond_legalizer"": 1, ""disable_window_extension"": 0}","{""max_displacement"": 0, ""site_search_window"": 0, ""row_search_window"": 2, ""disallow_one_site_gaps"": 0, ""use_diamond_legalizer"": 1, ""disable_window_extension"": 0}",VALID,4037614.6,4037614.6,0.0,0.0,0.0,False
43,6,8,zero-riscy-a-3-c20,5,"{""max_displacement"": 0, ""site_search_window"": 0, ""row_search_window"": 2, ""disallow_one_site_gaps"": 0, ""use_diamond_legalizer"": 1, ""disable_window_extension"": 0}","{""max_displacement"": 10, ""site_search_window"": 10, ""row_search_window"": 2, ""disallow_one_site_gaps"": 0, ""use_diamond_legalizer"": 1, ""disable_window_extension"": 0}",FAILED,4037614.6,4037614.6,0.0,-100.0,-1.0,False
43,6,9,zero-riscy-a-3-c20,3,"{""max_displacement"": 10, ""site_search_window"": 10, ""row_search_window"": 2, ""disallow_one_site_gaps"": 0, ""use_diamond_legalizer"": 1, ""disable_window_extension"": 0}","{""max_displacement"": 10, ""site_search_window"": 20, ""row_search_window"": 4, ""disallow_one_site_gaps"": 0, ""use_diamond_legalizer"": 1, ""disable_window_extension"": 0}",FAILED,4037614.6,4037614.6,0.0,-100.0,-1.0,False
43,6,10,zero-riscy-a-3-c20,5,"{""max_displacement"": 10, ""site_search_window"": 20, ""row_search_window"": 4, ""disallow_one_site_gaps"": 0, ""use_diamond_legalizer"": 1, ""disable_window_extension"": 0}","{""max_displacement"": 20, ""site_search_window"": 30, ""row_search_window"": 4, ""disallow_one_site_gaps"": 0, ""use_diamond_legalizer"": 1, ""disable_window_extension"": 0}",VALID,4037614.6,4037567.8,46.8000000002794,0.0012000000000000001,1.1591002271558904e-05,True
43,7,1,zero-riscy-b-1-c20,1,"{""max_displacement"": 0, ""site_search_window"": 0, ""row_search_window"": 0, ""disallow_one_site_gaps"": 0, ""use_diamond_legalizer"": 1, ""disable_window_extension"": 0}","{""max_displacement"": 10, ""site_search_window"": 10, ""row_search_window"": 2, ""disallow_one_site_gaps"": 0, ""use_diamond_legalizer"": 1, ""disable_window_extension"": 0}",VALID,1957747.6,1957747.6,0.0,0.0,0.0,False
43,7,2,zero-riscy-b-1-c20,5,"{""max_displacement"": 10, ""site_search_window"": 10, ""row_search_window"": 2, ""disallow_one_site_gaps"": 0, ""use_diamond_legalizer"": 1, ""disable_window_extension"": 0}","{""max_displacement"": 20, ""site_search_window"": 20, ""row_search_window"": 2, ""disallow_one_site_gaps"": 0, ""use_diamond_legalizer"": 1, ""disable_window_extension"": 0}",VALID,1957747.6,1957747.6,0.0,0.0,0.0,False
43,7,3,zero-riscy-b-1-c20,1,"{""max_displacement"": 20, ""site_search_window"": 20, ""row_search_window"": 2, ""disallow_one_site_gaps"": 0, ""use_diamond_legalizer"": 1, ""disable_window_extension"": 0}","{""max_displacement"": 30, ""site_search_window"": 30, ""row_search_window"": 4, ""disallow_one_site_gaps"": 0, ""use_diamond_legalizer"": 1, ""disable_window_extension"": 0}",VALID,1957747.6,1957747.6,0.0,0.0,0.0,False
43,7,4,zero-riscy-b-1-c20,2,"{""max_displacement"": 30, ""site_search_window"": 30, ""row_search_window"": 4, ""disallow_one_site_gaps"": 0, ""use_diamond_legalizer"": 1, ""disable_window_extension"": 0}","{""max_displacement"": 20, ""site_search_window"": 20, ""row_search_window"": 2, ""disallow_one_site_gaps"": 0, ""use_diamond_legalizer"": 1, ""disable_window_extension"": 0}",VALID,1957747.6,1957747.6,0.0,0.0,0.0,False
43,7,5,zero-riscy-b-1-c20,2,"{""max_displacement"": 20, ""site_search_window"": 20, ""row_search_window"": 2, ""disallow_one_site_gaps"": 0, ""use_diamond_legalizer"": 1, ""disable_window_extension"": 0}","{""max_displacement"": 10, ""site_search_window"": 10, ""row_search_window"": 0, ""disallow_one_site_gaps"": 0, ""use_diamond_legalizer"": 1, ""disable_window_extension"": 0}",VALID,1957747.6,1957747.6,0.0,0.0,0.0,False
43,7,6,zero-riscy-b-1-c20,3,"{""max_displacement"": 10, ""site_search_window"": 10, ""row_search_window"": 0, ""disallow_one_site_gaps"": 0, ""use_diamond_legalizer"": 1, ""disable_window_extension"": 0}","{""max_displacement"": 10, ""site_search_window"": 20, ""row_search_window"": 2, ""disallow_one_site_gaps"": 0, ""use_diamond_legalizer"": 1, ""disable_window_extension"": 0}",VALID,1957747.6,1957747.6,0.0,0.0,0.0,False
43,7,7,zero-riscy-b-1-c20,0,"{""max_displacement"": 10, ""site_search_window"": 20, ""row_search_window"": 2, ""disallow_one_site_gaps"": 0, ""use_diamond_legalizer"": 1, ""disable_window_extension"": 0}","{""max_displacement"": 10, ""site_search_window"": 20, ""row_search_window"": 2, ""disallow_one_site_gaps"": true, ""use_diamond_legalizer"": 1, ""disable_window_extension"": true}",VALID,1957747.6,1957747.6,0.0,0.0,0.0,False
43,7,8,zero-riscy-b-1-c20,1,"{""max_displacement"": 10, ""site_search_window"": 20, ""row_search_window"": 2, ""disallow_one_site_gaps"": true, ""use_diamond_legalizer"": 1, ""disable_window_extension"": true}","{""max_displacement"": 20, ""site_search_window"": 30, ""row_search_window"": 4, ""disallow_one_site_gaps"": true, ""use_diamond_legalizer"": 1, ""disable_window_extension"": true}",VALID,1957747.6,1957747.6,0.0,0.0,0.0,False
43,7,9,zero-riscy-b-1-c20,4,"{""max_displacement"": 20, ""site_search_window"": 30, ""row_search_window"": 4, ""disallow_one_site_gaps"": true, ""use_diamond_legalizer"": 1, ""disable_window_extension"": true}","{""max_displacement"": 20, ""site_search_window"": 20, ""row_search_window"": 2, ""disallow_one_site_gaps"": true, ""use_diamond_legalizer"": 1, ""disable_window_extension"": true}",VALID,1957747.6,1957747.6,0.0,0.0,0.0,False
43,7,10,zero-riscy-b-1-c20,1,"{""max_displacement"": 20, ""site_search_window"": 20, ""row_search_window"": 2, ""disallow_one_site_gaps"": true, ""use_diamond_legalizer"": 1, ""disable_window_extension"": true}","{""max_displacement"": 30, ""site_search_window"": 30, ""row_search_window"": 4, ""disallow_one_site_gaps"": true, ""use_diamond_legalizer"": 1, ""disable_window_extension"": true}",VALID,1957747.6,1957747.6,0.0,0.0,0.0,True
43,8,1,RISCY-a-2-c5,2,"{""max_displacement"": 0, ""site_search_window"": 0, ""row_search_window"": 0, ""disallow_one_site_gaps"": 0, ""use_diamond_legalizer"": 1, ""disable_window_extension"": 0}","{""max_displacement"": 0, ""site_search_window"": 0, ""row_search_window"": 0, ""disallow_one_site_gaps"": 0, ""use_diamond_legalizer"": 1, ""disable_window_extension"": 0}",VALID,4814393.9,4814393.9,0.0,0.0,0.0,False
43,8,2,RISCY-a-2-c5,3,"{""max_displacement"": 0, ""site_search_window"": 0, ""row_search_window"": 0, ""disallow_one_site_gaps"": 0, ""use_diamond_legalizer"": 1, ""disable_window_extension"": 0}","{""max_displacement"": 0, ""site_search_window"": 10, ""row_search_window"": 2, ""disallow_one_site_gaps"": 0, ""use_diamond_legalizer"": 1, ""disable_window_extension"": 0}",VALID,4814393.9,4814393.9,0.0,0.0,0.0,False
43,8,3,RISCY-a-2-c5,2,"{""max_displacement"": 0, ""site_search_window"": 10, ""row_search_window"": 2, ""disallow_one_site_gaps"": 0, ""use_diamond_legalizer"": 1, ""disable_window_extension"": 0}","{""max_displacement"": 0, ""site_search_window"": 0, ""row_search_window"": 0, ""disallow_one_site_gaps"": 0, ""use_diamond_legalizer"": 1, ""disable_window_extension"": 0}",VALID,4814393.9,4814393.9,0.0,0.0,0.0,False
43,8,4,RISCY-a-2-c5,1,"{""max_displacement"": 0, ""site_search_window"": 0, ""row_search_window"": 0, ""disallow_one_site_gaps"": 0, ""use_diamond_legalizer"": 1, ""disable_window_extension"": 0}","{""max_displacement"": 10, ""site_search_window"": 10, ""row_search_window"": 2, ""disallow_one_site_gaps"": 0, ""use_diamond_legalizer"": 1, ""disable_window_extension"": 0}",VALID,4814393.9,4814393.9,0.0,0.0,0.0,False
43,8,5,RISCY-a-2-c5,7,"{""max_displacement"": 10, ""site_search_window"": 10, ""row_search_window"": 2, ""disallow_one_site_gaps"": 0, ""use_diamond_legalizer"": 1, ""disable_window_extension"": 0}","{""max_displacement"": 10, ""site_search_window"": 10, ""row_search_window"": 2, ""disallow_one_site_gaps"": 0, ""use_diamond_legalizer"": 1, ""disable_window_extension"": 0}",VALID,4814393.9,4814393.9,0.0,0.0,0.0,False
43,8,6,RISCY-a-2-c5,0,"{""max_displacement"": 10, ""site_search_window"": 10, ""row_search_window"": 2, ""disallow_one_site_gaps"": 0, ""use_diamond_legalizer"": 1, ""disable_window_extension"": 0}","{""max_displacement"": 10, ""site_search_window"": 10, ""row_search_window"": 2, ""disallow_one_site_gaps"": true, ""use_diamond_legalizer"": 1, ""disable_window_extension"": true}",VALID,4814393.9,4814393.9,0.0,0.0,0.0,False
43,8,7,RISCY-a-2-c5,7,"{""max_displacement"": 10, ""site_search_window"": 10, ""row_search_window"": 2, ""disallow_one_site_gaps"": true, ""use_diamond_legalizer"": 1, ""disable_window_extension"": true}","{""max_displacement"": 10, ""site_search_window"": 10, ""row_search_window"": 2, ""disallow_one_site_gaps"": true, ""use_diamond_legalizer"": 1, ""disable_window_extension"": true}",VALID,4814393.9,4814393.9,0.0,0.0,0.0,False
43,8,8,RISCY-a-2-c5,0,"{""max_displacement"": 10, ""site_search_window"": 10, ""row_search_window"": 2, ""disallow_one_site_gaps"": true, ""use_diamond_legalizer"": 1, ""disable_window_extension"": true}","{""max_displacement"": 10, ""site_search_window"": 10, ""row_search_window"": 2, ""disallow_one_site_gaps"": false, ""use_diamond_legalizer"": 1, ""disable_window_extension"": false}",VALID,4814393.9,4814393.9,0.0,0.0,0.0,False
43,8,9,RISCY-a-2-c5,0,"{""max_displacement"": 10, ""site_search_window"": 10, ""row_search_window"": 2, ""disallow_one_site_gaps"": false, ""use_diamond_legalizer"": 1, ""disable_window_extension"": false}","{""max_displacement"": 10, ""site_search_window"": 10, ""row_search_window"": 2, ""disallow_one_site_gaps"": true, ""use_diamond_legalizer"": 1, ""disable_window_extension"": true}",VALID,4814393.9,4814393.9,0.0,0.0,0.0,False
43,8,10,RISCY-a-2-c5,4,"{""max_displacement"": 10, ""site_search_window"": 10, ""row_search_window"": 2, ""disallow_one_site_gaps"": true, ""use_diamond_legalizer"": 1, ""disable_window_extension"": true}","{""max_displacement"": 10, ""site_search_window"": 0, ""row_search_window"": 0, ""disallow_one_site_gaps"": true, ""use_diamond_legalizer"": 1, ""disable_window_extension"": true}",VALID,4814393.9,4814393.9,0.0,0.0,0.0,True
43,9,1,RISCY-FPU-a-3-c5,3,"{""max_displacement"": 0, ""site_search_window"": 0, ""row_search_window"": 0, ""disallow_one_site_gaps"": 0, ""use_diamond_legalizer"": 1, ""disable_window_extension"": 0}","{""max_displacement"": 0, ""site_search_window"": 10, ""row_search_window"": 2, ""disallow_one_site_gaps"": 0, ""use_diamond_legalizer"": 1, ""disable_window_extension"": 0}",VALID,7615617.5,7615617.5,0.0,0.0,0.0,False
43,9,2,RISCY-FPU-a-3-c5,5,"{""max_displacement"": 0, ""site_search_window"": 10, ""row_search_window"": 2, ""disallow_one_site_gaps"": 0, ""use_diamond_legalizer"": 1, ""disable_window_extension"": 0}","{""max_displacement"": 10, ""site_search_window"": 20, ""row_search_window"": 2, ""disallow_one_site_gaps"": 0, ""use_diamond_legalizer"": 1, ""disable_window_extension"": 0}",FAILED,7615617.5,7615617.5,0.0,-100.0,-1.0,False
43,9,3,RISCY-FPU-a-3-c5,7,"{""max_displacement"": 10, ""site_search_window"": 20, ""row_search_window"": 2, ""disallow_one_site_gaps"": 0, ""use_diamond_legalizer"": 1, ""disable_window_extension"": 0}","{""max_displacement"": 10, ""site_search_window"": 20, ""row_search_window"": 2, ""disallow_one_site_gaps"": 0, ""use_diamond_legalizer"": 1, ""disable_window_extension"": 0}",FAILED,7615617.5,7615617.5,0.0,-100.0,-1.0,False
43,9,4,RISCY-FPU-a-3-c5,2,"{""max_displacement"": 10, ""site_search_window"": 20, ""row_search_window"": 2, ""disallow_one_site_gaps"": 0, ""use_diamond_legalizer"": 1, ""disable_window_extension"": 0}","{""max_displacement"": 0, ""site_search_window"": 10, ""row_search_window"": 0, ""disallow_one_site_gaps"": 0, ""use_diamond_legalizer"": 1, ""disable_window_extension"": 0}",VALID,7615617.5,7615617.5,0.0,0.0,0.0,False
43,9,5,RISCY-FPU-a-3-c5,4,"{""max_displacement"": 0, ""site_search_window"": 10, ""row_search_window"": 0, ""disallow_one_site_gaps"": 0, ""use_diamond_legalizer"": 1, ""disable_window_extension"": 0}","{""max_displacement"": 0, ""site_search_window"": 0, ""row_search_window"": 0, ""disallow_one_site_gaps"": 0, ""use_diamond_legalizer"": 1, ""disable_window_extension"": 0}",VALID,7615617.5,7615617.5,0.0,0.0,0.0,False
43,9,6,RISCY-FPU-a-3-c5,6,"{""max_displacement"": 0, ""site_search_window"": 0, ""row_search_window"": 0, ""disallow_one_site_gaps"": 0, ""use_diamond_legalizer"": 1, ""disable_window_extension"": 0}","{""max_displacement"": 0, ""site_search_window"": 0, ""row_search_window"": 0, ""disallow_one_site_gaps"": 0, ""use_diamond_legalizer"": 1, ""disable_window_extension"": 0}",VALID,7615617.5,7615617.5,0.0,0.0,0.0,False
43,9,7,RISCY-FPU-a-3-c5,2,"{""max_displacement"": 0, ""site_search_window"": 0, ""row_search_window"": 0, ""disallow_one_site_gaps"": 0, ""use_diamond_legalizer"": 1, ""disable_window_extension"": 0}","{""max_displacement"": 0, ""site_search_window"": 0, ""row_search_window"": 0, ""disallow_one_site_gaps"": 0, ""use_diamond_legalizer"": 1, ""disable_window_extension"": 0}",VALID,7615617.5,7615617.5,0.0,0.0,0.0,False
43,9,8,RISCY-FPU-a-3-c5,0,"{""max_displacement"": 0, ""site_search_window"": 0, ""row_search_window"": 0, ""disallow_one_site_gaps"": 0, ""use_diamond_legalizer"": 1, ""disable_window_extension"": 0}","{""max_displacement"": 0, ""site_search_window"": 0, ""row_search_window"": 0, ""disallow_one_site_gaps"": true, ""use_diamond_legalizer"": 1, ""disable_window_extension"": true}",VALID,7615617.5,7615617.5,0.0,0.0,0.0,False
43,9,9,RISCY-FPU-a-3-c5,4,"{""max_displacement"": 0, ""site_search_window"": 0, ""row_search_window"": 0, ""disallow_one_site_gaps"": true, ""use_diamond_legalizer"": 1, ""disable_window_extension"": true}","{""max_displacement"": 0, ""site_search_window"": 0, ""row_search_window"": 0, ""disallow_one_site_gaps"": true, ""use_diamond_legalizer"": 1, ""disable_window_extension"": true}",VALID,7615617.5,7615617.5,0.0,0.0,0.0,False
43,9,10,RISCY-FPU-a-3-c5,3,"{""max_displacement"": 0, ""site_search_window"": 0, ""row_search_window"": 0, ""disallow_one_site_gaps"": true, ""use_diamond_legalizer"": 1, ""disable_window_extension"": true}","{""max_displacement"": 0, ""site_search_window"": 10, ""row_search_window"": 2, ""disallow_one_site_gaps"": true, ""use_diamond_legalizer"": 1, ""disable_window_extension"": true}",VALID,7615617.5,7615617.5,0.0,0.0,0.0,True
43,10,1,RISCY-FPU-a-3-c5,4,"{""max_displacement"": 0, ""site_search_window"": 0, ""row_search_window"": 0, ""disallow_one_site_gaps"": 0, ""use_diamond_legalizer"": 1, ""disable_window_extension"": 0}","{""max_displacement"": 0, ""site_search_window"": 0, ""row_search_window"": 0, ""disallow_one_site_gaps"": 0, ""use_diamond_legalizer"": 1, ""disable_window_extension"": 0}",VALID,7615617.5,7615617.5,0.0,0.0,0.0,False
43,10,2,RISCY-FPU-a-3-c5,7,"{""max_displacement"": 0, ""site_search_window"": 0, ""row_search_window"": 0, ""disallow_one_site_gaps"": 0, ""use_diamond_legalizer"": 1, ""disable_window_extension"": 0}","{""max_displacement"": 0, ""site_search_window"": 0, ""row_search_window"": 0, ""disallow_one_site_gaps"": 0, ""use_diamond_legalizer"": 1, ""disable_window_extension"": 0}",VALID,7615617.5,7615617.5,0.0,0.0,0.0,False
43,10,3,RISCY-FPU-a-3-c5,2,"{""max_displacement"": 0, ""site_search_window"": 0, ""row_search_window"": 0, ""disallow_one_site_gaps"": 0, ""use_diamond_legalizer"": 1, ""disable_window_extension"": 0}","{""max_displacement"": 0, ""site_search_window"": 0, ""row_search_window"": 0, ""disallow_one_site_gaps"": 0, ""use_diamond_legalizer"": 1, ""disable_window_extension"": 0}",VALID,7615617.5,7615617.5,0.0,0.0,0.0,False
43,10,4,RISCY-FPU-a-3-c5,1,"{""max_displacement"": 0, ""site_search_window"": 0, ""row_search_window"": 0, ""disallow_one_site_gaps"": 0, ""use_diamond_legalizer"": 1, ""disable_window_extension"": 0}","{""max_displacement"": 10, ""site_search_window"": 10, ""row_search_window"": 2, ""disallow_one_site_gaps"": 0, ""use_diamond_legalizer"": 1, ""disable_window_extension"": 0}",FAILED,7615617.5,7615617.5,0.0,-100.0,-1.0,False
43,10,5,RISCY-FPU-a-3-c5,6,"{""max_displacement"": 10, ""site_search_window"": 10, ""row_search_window"": 2, ""disallow_one_site_gaps"": 0, ""use_diamond_legalizer"": 1, ""disable_window_extension"": 0}","{""max_displacement"": 0, ""site_search_window"": 0, ""row_search_window"": 2, ""disallow_one_site_gaps"": 0, ""use_diamond_legalizer"": 1, ""disable_window_extension"": 0}",VALID,7615617.5,7615617.5,0.0,0.0,0.0,False
43,10,6,RISCY-FPU-a-3-c5,4,"{""max_displacement"": 0, ""site_search_window"": 0, ""row_search_window"": 2, ""disallow_one_site_gaps"": 0, ""use_diamond_legalizer"": 1, ""disable_window_extension"": 0}","{""max_displacement"": 0, ""site_search_window"": 0, ""row_search_window"": 0, ""disallow_one_site_gaps"": 0, ""use_diamond_legalizer"": 1, ""disable_window_extension"": 0}",VALID,7615617.5,7615617.5,0.0,0.0,0.0,False
43,10,7,RISCY-FPU-a-3-c5,3,"{""max_displacement"": 0, ""site_search_window"": 0, ""row_search_window"": 0, ""disallow_one_site_gaps"": 0, ""use_diamond_legalizer"": 1, ""disable_window_extension"": 0}","{""max_displacement"": 0, ""site_search_window"": 10, ""row_search_window"": 2, ""disallow_one_site_gaps"": 0, ""use_diamond_legalizer"": 1, ""disable_window_extension"": 0}",VALID,7615617.5,7615617.5,0.0,0.0,0.0,False
43,10,8,RISCY-FPU-a-3-c5,6,"{""max_displacement"": 0, ""site_search_window"": 10, ""row_search_window"": 2, ""disallow_one_site_gaps"": 0, ""use_diamond_legalizer"": 1, ""disable_window_extension"": 0}","{""max_displacement"": 0, ""site_search_window"": 0, ""row_search_window"": 2, ""disallow_one_site_gaps"": 0, ""use_diamond_legalizer"": 1, ""disable_window_extension"": 0}",VALID,7615617.5,7615617.5,0.0,0.0,0.0,False
43,10,9,RISCY-FPU-a-3-c5,2,"{""max_displacement"": 0, ""site_search_window"": 0, ""row_search_window"": 2, ""disallow_one_site_gaps"": 0, ""use_diamond_legalizer"": 1, ""disable_window_extension"": 0}","{""max_displacement"": 0, ""site_search_window"": 0, ""row_search_window"": 0, ""disallow_one_site_gaps"": 0, ""use_diamond_legalizer"": 1, ""disable_window_extension"": 0}",VALID,7615617.5,7615617.5,0.0,0.0,0.0,False
43,10,10,RISCY-FPU-a-3-c5,2,"{""max_displacement"": 0, ""site_search_window"": 0, ""row_search_window"": 0, ""disallow_one_site_gaps"": 0, ""use_diamond_legalizer"": 1, ""disable_window_extension"": 0}","{""max_displacement"": 0, ""site_search_window"": 0, ""row_search_window"": 0, ""disallow_one_site_gaps"": 0, ""use_diamond_legalizer"": 1, ""disable_window_extension"": 0}",VALID,7615617.5,7615617.5,0.0,0.0,0.0,True
43,11,1,zero-riscy-b-2-c5,7,"{""max_displacement"": 0, ""site_search_window"": 0, ""row_search_window"": 0, ""disallow_one_site_gaps"": 0, ""use_diamond_legalizer"": 1, ""disable_window_extension"": 0}","{""max_displacement"": 0, ""site_search_window"": 0, ""row_search_window"": 0, ""disallow_one_site_gaps"": 0, ""use_diamond_legalizer"": 1, ""disable_window_extension"": 0}",VALID,1887414.5,1887414.5,0.0,0.0,0.0,False
43,11,2,zero-riscy-b-2-c5,7,"{""max_displacement"": 0, ""site_search_window"": 0, ""row_search_window"": 0, ""disallow_one_site_gaps"": 0, ""use_diamond_legalizer"": 1, ""disable_window_extension"": 0}","{""max_displacement"": 0, ""site_search_window"": 0, ""row_search_window"": 0, ""disallow_one_site_gaps"": 0, ""use_diamond_legalizer"": 1, ""disable_window_extension"": 0}",VALID,1887414.5,1887414.5,0.0,0.0,0.0,False
43,11,3,zero-riscy-b-2-c5,3,"{""max_displacement"": 0, ""site_search_window"": 0, ""row_search_window"": 0, ""disallow_one_site_gaps"": 0, ""use_diamond_legalizer"": 1, ""disable_window_extension"": 0}","{""max_displacement"": 0, ""site_search_window"": 10, ""row_search_window"": 2, ""disallow_one_site_gaps"": 0, ""use_diamond_legalizer"": 1, ""disable_window_extension"": 0}",VALID,1887414.5,1887414.5,0.0,0.0,0.0,False
43,11,4,zero-riscy-b-2-c5,4,"{""max_displacement"": 0, ""site_search_window"": 10, ""row_search_window"": 2, ""disallow_one_site_gaps"": 0, ""use_diamond_legalizer"": 1, ""disable_window_extension"": 0}","{""max_displacement"": 0, ""site_search_window"": 0, ""row_search_window"": 0, ""disallow_one_site_gaps"": 0, ""use_diamond_legalizer"": 1, ""disable_window_extension"": 0}",VALID,1887414.5,1887414.5,0.0,0.0,0.0,False
43,11,5,zero-riscy-b-2-c5,1,"{""max_displacement"": 0, ""site_search_window"": 0, ""row_search_window"": 0, ""disallow_one_site_gaps"": 0, ""use_diamond_legalizer"": 1, ""disable_window_extension"": 0}","{""max_displacement"": 10, ""site_search_window"": 10, ""row_search_window"": 2, ""disallow_one_site_gaps"": 0, ""use_diamond_legalizer"": 1, ""disable_window_extension"": 0}",VALID,1887414.5,1887414.5,0.0,0.0,0.0,False
43,11,6,zero-riscy-b-2-c5,5,"{""max_displacement"": 10, ""site_search_window"": 10, ""row_search_window"": 2, ""disallow_one_site_gaps"": 0, ""use_diamond_legalizer"": 1, ""disable_window_extension"": 0}","{""max_displacement"": 20, ""site_search_window"": 20, ""row_search_window"": 2, ""disallow_one_site_gaps"": 0, ""use_diamond_legalizer"": 1, ""disable_window_extension"": 0}",VALID,1887414.5,1887414.5,0.0,0.0,0.0,False
43,11,7,zero-riscy-b-2-c5,2,"{""max_displacement"": 20, ""site_search_window"": 20, ""row_search_window"": 2, ""disallow_one_site_gaps"": 0, ""use_diamond_legalizer"": 1, ""disable_window_extension"": 0}","{""max_displacement"": 10, ""site_search_window"": 10, ""row_search_window"": 0, ""disallow_one_site_gaps"": 0, ""use_diamond_legalizer"": 1, ""disable_window_extension"": 0}",VALID,1887414.5,1887414.5,0.0,0.0,0.0,False
43,11,8,zero-riscy-b-2-c5,3,"{""max_displacement"": 10, ""site_search_window"": 10, ""row_search_window"": 0, ""disallow_one_site_gaps"": 0, ""use_diamond_legalizer"": 1, ""disable_window_extension"": 0}","{""max_displacement"": 10, ""site_search_window"": 20, ""row_search_window"": 2, ""disallow_one_site_gaps"": 0, ""use_diamond_legalizer"": 1, ""disable_window_extension"": 0}",VALID,1887414.5,1887414.5,0.0,0.0,0.0,False
43,11,9,zero-riscy-b-2-c5,4,"{""max_displacement"": 10, ""site_search_window"": 20, ""row_search_window"": 2, ""disallow_one_site_gaps"": 0, ""use_diamond_legalizer"": 1, ""disable_window_extension"": 0}","{""max_displacement"": 10, ""site_search_window"": 10, ""row_search_window"": 0, ""disallow_one_site_gaps"": 0, ""use_diamond_legalizer"": 1, ""disable_window_extension"": 0}",VALID,1887414.5,1887414.5,0.0,0.0,0.0,False
43,11,10,zero-riscy-b-2-c5,1,"{""max_displacement"": 10, ""site_search_window"": 10, ""row_search_window"": 0, ""disallow_one_site_gaps"": 0, ""use_diamond_legalizer"": 1, ""disable_window_extension"": 0}","{""max_displacement"": 20, ""site_search_window"": 20, ""row_search_window"": 2, ""disallow_one_site_gaps"": 0, ""use_diamond_legalizer"": 1, ""disable_window_extension"": 0}",VALID,1887414.5,1887414.5,0.0,0.0,0.0,True
43,12,1,zero-riscy-a-2-c20,2,"{""max_displacement"": 0, ""site_search_window"": 0, ""row_search_window"": 0, ""disallow_one_site_gaps"": 0, ""use_diamond_legalizer"": 1, ""disable_window_extension"": 0}","{""max_displacement"": 0, ""site_search_window"": 0, ""row_search_window"": 0, ""disallow_one_site_gaps"": 0, ""use_diamond_legalizer"": 1, ""disable_window_extension"": 0}",VALID,3884748.2,3884748.2,0.0,0.0,0.0,False
43,12,2,zero-riscy-a-2-c20,2,"{""max_displacement"": 0, ""site_search_window"": 0, ""row_search_window"": 0, ""disallow_one_site_gaps"": 0, ""use_diamond_legalizer"": 1, ""disable_window_extension"": 0}","{""max_displacement"": 0, ""site_search_window"": 0, ""row_search_window"": 0, ""disallow_one_site_gaps"": 0, ""use_diamond_legalizer"": 1, ""disable_window_extension"": 0}",VALID,3884748.2,3884748.2,0.0,0.0,0.0,False
43,12,3,zero-riscy-a-2-c20,3,"{""max_displacement"": 0, ""site_search_window"": 0, ""row_search_window"": 0, ""disallow_one_site_gaps"": 0, ""use_diamond_legalizer"": 1, ""disable_window_extension"": 0}","{""max_displacement"": 0, ""site_search_window"": 10, ""row_search_window"": 2, ""disallow_one_site_gaps"": 0, ""use_diamond_legalizer"": 1, ""disable_window_extension"": 0}",VALID,3884748.2,3884748.2,0.0,0.0,0.0,False
43,12,4,zero-riscy-a-2-c20,7,"{""max_displacement"": 0, ""site_search_window"": 10, ""row_search_window"": 2, ""disallow_one_site_gaps"": 0, ""use_diamond_legalizer"": 1, ""disable_window_extension"": 0}","{""max_displacement"": 0, ""site_search_window"": 10, ""row_search_window"": 2, ""disallow_one_site_gaps"": 0, ""use_diamond_legalizer"": 1, ""disable_window_extension"": 0}",VALID,3884748.2,3884748.2,0.0,0.0,0.0,False
43,12,5,zero-riscy-a-2-c20,7,"{""max_displacement"": 0, ""site_search_window"": 10, ""row_search_window"": 2, ""disallow_one_site_gaps"": 0, ""use_diamond_legalizer"": 1, ""disable_window_extension"": 0}","{""max_displacement"": 0, ""site_search_window"": 10, ""row_search_window"": 2, ""disallow_one_site_gaps"": 0, ""use_diamond_legalizer"": 1, ""disable_window_extension"": 0}",VALID,3884748.2,3884748.2,0.0,0.0,0.0,False
43,12,6,zero-riscy-a-2-c20,6,"{""max_displacement"": 0, ""site_search_window"": 10, ""row_search_window"": 2, ""disallow_one_site_gaps"": 0, ""use_diamond_legalizer"": 1, ""disable_window_extension"": 0}","{""max_displacement"": 0, ""site_search_window"": 0, ""row_search_window"": 2, ""disallow_one_site_gaps"": 0, ""use_diamond_legalizer"": 1, ""disable_window_extension"": 0}",VALID,3884748.2,3884748.2,0.0,0.0,0.0,False
43,12,7,zero-riscy-a-2-c20,7,"{""max_displacement"": 0, ""site_search_window"": 0, ""row_search_window"": 2, ""disallow_one_site_gaps"": 0, ""use_diamond_legalizer"": 1, ""disable_window_extension"": 0}","{""max_displacement"": 0, ""site_search_window"": 0, ""row_search_window"": 2, ""disallow_one_site_gaps"": 0, ""use_diamond_legalizer"": 1, ""disable_window_extension"": 0}",VALID,3884748.2,3884748.2,0.0,0.0,0.0,False
43,12,8,zero-riscy-a-2-c20,5,"{""max_displacement"": 0, ""site_search_window"": 0, ""row_search_window"": 2, ""disallow_one_site_gaps"": 0, ""use_diamond_legalizer"": 1, ""disable_window_extension"": 0}","{""max_displacement"": 10, ""site_search_window"": 10, ""row_search_window"": 2, ""disallow_one_site_gaps"": 0, ""use_diamond_legalizer"": 1, ""disable_window_extension"": 0}",VALID,3884748.2,3884737.2,11.0,0.00030000000000000003,2.8315863560989616e-06,False
43,12,9,zero-riscy-a-2-c20,4,"{""max_displacement"": 10, ""site_search_window"": 10, ""row_search_window"": 2, ""disallow_one_site_gaps"": 0, ""use_diamond_legalizer"": 1, ""disable_window_extension"": 0}","{""max_displacement"": 10, ""site_search_window"": 0, ""row_search_window"": 0, ""disallow_one_site_gaps"": 0, ""use_diamond_legalizer"": 1, ""disable_window_extension"": 0}",VALID,3884748.2,3884737.2,0.0,0.0,0.0,False
43,12,10,zero-riscy-a-2-c20,6,"{""max_displacement"": 10, ""site_search_window"": 0, ""row_search_window"": 0, ""disallow_one_site_gaps"": 0, ""use_diamond_legalizer"": 1, ""disable_window_extension"": 0}","{""max_displacement"": 0, ""site_search_window"": 0, ""row_search_window"": 0, ""disallow_one_site_gaps"": 0, ""use_diamond_legalizer"": 1, ""disable_window_extension"": 0}",VALID,3884748.2,3884748.2,-11.0,-0.00030000000000000003,-2.831594374002957e-06,True
43,13,1,RISCY-b-3-c20,3,"{""max_displacement"": 0, ""site_search_window"": 0, ""row_search_window"": 0, ""disallow_one_site_gaps"": 0, ""use_diamond_legalizer"": 1, ""disable_window_extension"": 0}","{""max_displacement"": 0, ""site_search_window"": 10, ""row_search_window"": 2, ""disallow_one_site_gaps"": 0, ""use_diamond_legalizer"": 1, ""disable_window_extension"": 0}",VALID,3036189.3,3036189.3,0.0,0.0,0.0,False
43,13,2,RISCY-b-3-c20,1,"{""max_displacement"": 0, ""site_search_window"": 10, ""row_search_window"": 2, ""disallow_one_site_gaps"": 0, ""use_diamond_legalizer"": 1, ""disable_window_extension"": 0}","{""max_displacement"": 10, ""site_search_window"": 20, ""row_search_window"": 4, ""disallow_one_site_gaps"": 0, ""use_diamond_legalizer"": 1, ""disable_window_extension"": 0}",VALID,3036189.3,3036189.3,0.0,0.0,0.0,False
43,13,3,RISCY-b-3-c20,2,"{""max_displacement"": 10, ""site_search_window"": 20, ""row_search_window"": 4, ""disallow_one_site_gaps"": 0, ""use_diamond_legalizer"": 1, ""disable_window_extension"": 0}","{""max_displacement"": 0, ""site_search_window"": 10, ""row_search_window"": 2, ""disallow_one_site_gaps"": 0, ""use_diamond_legalizer"": 1, ""disable_window_extension"": 0}",VALID,3036189.3,3036189.3,0.0,0.0,0.0,False
43,13,4,RISCY-b-3-c20,2,"{""max_displacement"": 0, ""site_search_window"": 10, ""row_search_window"": 2, ""disallow_one_site_gaps"": 0, ""use_diamond_legalizer"": 1, ""disable_window_extension"": 0}","{""max_displacement"": 0, ""site_search_window"": 0, ""row_search_window"": 0, ""disallow_one_site_gaps"": 0, ""use_diamond_legalizer"": 1, ""disable_window_extension"": 0}",VALID,3036189.3,3036189.3,0.0,0.0,0.0,False
43,13,5,RISCY-b-3-c20,6,"{""max_displacement"": 0, ""site_search_window"": 0, ""row_search_window"": 0, ""disallow_one_site_gaps"": 0, ""use_diamond_legalizer"": 1, ""disable_window_extension"": 0}","{""max_displacement"": 0, ""site_search_window"": 0, ""row_search_window"": 0, ""disallow_one_site_gaps"": 0, ""use_diamond_legalizer"": 1, ""disable_window_extension"": 0}",VALID,3036189.3,3036189.3,0.0,0.0,0.0,False
43,13,6,RISCY-b-3-c20,2,"{""max_displacement"": 0, ""site_search_window"": 0, ""row_search_window"": 0, ""disallow_one_site_gaps"": 0, ""use_diamond_legalizer"": 1, ""disable_window_extension"": 0}","{""max_displacement"": 0, ""site_search_window"": 0, ""row_search_window"": 0, ""disallow_one_site_gaps"": 0, ""use_diamond_legalizer"": 1, ""disable_window_extension"": 0}",VALID,3036189.3,3036189.3,0.0,0.0,0.0,False
43,13,7,RISCY-b-3-c20,4,"{""max_displacement"": 0, ""site_search_window"": 0, ""row_search_window"": 0, ""disallow_one_site_gaps"": 0, ""use_diamond_legalizer"": 1, ""disable_window_extension"": 0}","{""max_displacement"": 0, ""site_search_window"": 0, ""row_search_window"": 0, ""disallow_one_site_gaps"": 0, ""use_diamond_legalizer"": 1, ""disable_window_extension"": 0}",VALID,3036189.3,3036189.3,0.0,0.0,0.0,False
43,13,8,RISCY-b-3-c20,1,"{""max_displacement"": 0, ""site_search_window"": 0, ""row_search_window"": 0, ""disallow_one_site_gaps"": 0, ""use_diamond_legalizer"": 1, ""disable_window_extension"": 0}","{""max_displacement"": 10, ""site_search_window"": 10, ""row_search_window"": 2, ""disallow_one_site_gaps"": 0, ""use_diamond_legalizer"": 1, ""disable_window_extension"": 0}",VALID,3036189.3,3036189.3,0.0,0.0,0.0,False
43,13,9,RISCY-b-3-c20,4,"{""max_displacement"": 10, ""site_search_window"": 10, ""row_search_window"": 2, ""disallow_one_site_gaps"": 0, ""use_diamond_legalizer"": 1, ""disable_window_extension"": 0}","{""max_displacement"": 10, ""site_search_window"": 0, ""row_search_window"": 0, ""disallow_one_site_gaps"": 0, ""use_diamond_legalizer"": 1, ""disable_window_extension"": 0}",VALID,3036189.3,3036189.3,0.0,0.0,0.0,False
43,13,10,RISCY-b-3-c20,4,"{""max_displacement"": 10, ""site_search_window"": 0, ""row_search_window"": 0, ""disallow_one_site_gaps"": 0, ""use_diamond_legalizer"": 1, ""disable_window_extension"": 0}","{""max_displacement"": 10, ""site_search_window"": 0, ""row_search_window"": 0, ""disallow_one_site_gaps"": 0, ""use_diamond_legalizer"": 1, ""disable_window_extension"": 0}",VALID,3036189.3,3036189.3,0.0,0.0,0.0,True
43,14,1,RISCY-b-1-c20,7,"{""max_displacement"": 0, ""site_search_window"": 0, ""row_search_window"": 0, ""disallow_one_site_gaps"": 0, ""use_diamond_legalizer"": 1, ""disable_window_extension"": 0}","{""max_displacement"": 0, ""site_search_window"": 0, ""row_search_window"": 0, ""disallow_one_site_gaps"": 0, ""use_diamond_legalizer"": 1, ""disable_window_extension"": 0}",VALID,3618038.1,3618038.1,0.0,0.0,0.0,False
43,14,2,RISCY-b-1-c20,2,"{""max_displacement"": 0, ""site_search_window"": 0, ""row_search_window"": 0, ""disallow_one_site_gaps"": 0, ""use_diamond_legalizer"": 1, ""disable_window_extension"": 0}","{""max_displacement"": 0, ""site_search_window"": 0, ""row_search_window"": 0, ""disallow_one_site_gaps"": 0, ""use_diamond_legalizer"": 1, ""disable_window_extension"": 0}",VALID,3618038.1,3618038.1,0.0,0.0,0.0,False
43,14,3,RISCY-b-1-c20,7,"{""max_displacement"": 0, ""site_search_window"": 0, ""row_search_window"": 0, ""disallow_one_site_gaps"": 0, ""use_diamond_legalizer"": 1, ""disable_window_extension"": 0}","{""max_displacement"": 0, ""site_search_window"": 0, ""row_search_window"": 0, ""disallow_one_site_gaps"": 0, ""use_diamond_legalizer"": 1, ""disable_window_extension"": 0}",VALID,3618038.1,3618038.1,0.0,0.0,0.0,False
43,14,4,RISCY-b-1-c20,4,"{""max_displacement"": 0, ""site_search_window"": 0, ""row_search_window"": 0, ""disallow_one_site_gaps"": 0, ""use_diamond_legalizer"": 1, ""disable_window_extension"": 0}","{""max_displacement"": 0, ""site_search_window"": 0, ""row_search_window"": 0, ""disallow_one_site_gaps"": 0, ""use_diamond_legalizer"": 1, ""disable_window_extension"": 0}",VALID,3618038.1,3618038.1,0.0,0.0,0.0,False
43,14,5,RISCY-b-1-c20,5,"{""max_displacement"": 0, ""site_search_window"": 0, ""row_search_window"": 0, ""disallow_one_site_gaps"": 0, ""use_diamond_legalizer"": 1, ""disable_window_extension"": 0}","{""max_displacement"": 10, ""site_search_window"": 10, ""row_search_window"": 0, ""disallow_one_site_gaps"": 0, ""use_diamond_legalizer"": 1, ""disable_window_extension"": 0}",FAILED,3618038.1,3618038.1,0.0,-100.0,-1.0,False
43,14,6,RISCY-b-1-c20,1,"{""max_displacement"": 10, ""site_search_window"": 10, ""row_search_window"": 0, ""disallow_one_site_gaps"": 0, ""use_diamond_legalizer"": 1, ""disable_window_extension"": 0}","{""max_displacement"": 20, ""site_search_window"": 20, ""row_search_window"": 2, ""disallow_one_site_gaps"": 0, ""use_diamond_legalizer"": 1, ""disable_window_extension"": 0}",VALID,3618038.1,3618050.5,-12.399999999906868,-0.00030000000000000003,-3.4272718133915913e-06,False
43,14,7,RISCY-b-1-c20,5,"{""max_displacement"": 20, ""site_search_window"": 20, ""row_search_window"": 2, ""disallow_one_site_gaps"": 0, ""use_diamond_legalizer"": 1, ""disable_window_extension"": 0}","{""max_displacement"": 30, ""site_search_window"": 30, ""row_search_window"": 2, ""disallow_one_site_gaps"": 0, ""use_diamond_legalizer"": 1, ""disable_window_extension"": 0}",VALID,3618038.1,3618038.1,12.399999999906868,0.00030000000000000003,3.4272600672397657e-06,False
43,14,8,RISCY-b-1-c20,3,"{""max_displacement"": 30, ""site_search_window"": 30, ""row_search_window"": 2, ""disallow_one_site_gaps"": 0, ""use_diamond_legalizer"": 1, ""disable_window_extension"": 0}","{""max_displacement"": 30, ""site_search_window"": 40, ""row_search_window"": 4, ""disallow_one_site_gaps"": 0, ""use_diamond_legalizer"": 1, ""disable_window_extension"": 0}",VALID,3618038.1,3618038.1,0.0,0.0,0.0,False
43,14,9,RISCY-b-1-c20,4,"{""max_displacement"": 30, ""site_search_window"": 40, ""row_search_window"": 4, ""disallow_one_site_gaps"": 0, ""use_diamond_legalizer"": 1, ""disable_window_extension"": 0}","{""max_displacement"": 30, ""site_search_window"": 30, ""row_search_window"": 2, ""disallow_one_site_gaps"": 0, ""use_diamond_legalizer"": 1, ""disable_window_extension"": 0}",VALID,3618038.1,3618038.1,0.0,0.0,0.0,False
43,14,10,RISCY-b-1-c20,7,"{""max_displacement"": 30, ""site_search_window"": 30, ""row_search_window"": 2, ""disallow_one_site_gaps"": 0, ""use_diamond_legalizer"": 1, ""disable_window_extension"": 0}","{""max_displacement"": 30, ""site_search_window"": 30, ""row_search_window"": 2, ""disallow_one_site_gaps"": 0, ""use_diamond_legalizer"": 1, ""disable_window_extension"": 0}",VALID,3618038.1,3618038.1,0.0,0.0,0.0,True
43,15,1,RISCY-FPU-a-1-c5,4,"{""max_displacement"": 0, ""site_search_window"": 0, ""row_search_window"": 0, ""disallow_one_site_gaps"": 0, ""use_diamond_legalizer"": 1, ""disable_window_extension"": 0}","{""max_displacement"": 0, ""site_search_window"": 0, ""row_search_window"": 0, ""disallow_one_site_gaps"": 0, ""use_diamond_legalizer"": 1, ""disable_window_extension"": 0}",VALID,6071437.2,6071437.2,0.0,0.0,0.0,False
43,15,2,RISCY-FPU-a-1-c5,4,"{""max_displacement"": 0, ""site_search_window"": 0, ""row_search_window"": 0, ""disallow_one_site_gaps"": 0, ""use_diamond_legalizer"": 1, ""disable_window_extension"": 0}","{""max_displacement"": 0, ""site_search_window"": 0, ""row_search_window"": 0, ""disallow_one_site_gaps"": 0, ""use_diamond_legalizer"": 1, ""disable_window_extension"": 0}",VALID,6071437.2,6071437.2,0.0,0.0,0.0,False
43,15,3,RISCY-FPU-a-1-c5,1,"{""max_displacement"": 0, ""site_search_window"": 0, ""row_search_window"": 0, ""disallow_one_site_gaps"": 0, ""use_diamond_legalizer"": 1, ""disable_window_extension"": 0}","{""max_displacement"": 10, ""site_search_window"": 10, ""row_search_window"": 2, ""disallow_one_site_gaps"": 0, ""use_diamond_legalizer"": 1, ""disable_window_extension"": 0}",FAILED,6071437.2,6071437.2,0.0,-100.0,-1.0,False
43,15,4,RISCY-FPU-a-1-c5,6,"{""max_displacement"": 10, ""site_search_window"": 10, ""row_search_window"": 2, ""disallow_one_site_gaps"": 0, ""use_diamond_legalizer"": 1, ""disable_window_extension"": 0}","{""max_displacement"": 0, ""site_search_window"": 0, ""row_search_window"": 2, ""disallow_one_site_gaps"": 0, ""use_diamond_legalizer"": 1, ""disable_window_extension"": 0}",VALID,6071437.2,6071437.2,0.0,0.0,0.0,False
43,15,5,RISCY-FPU-a-1-c5,1,"{""max_displacement"": 0, ""site_search_window"": 0, ""row_search_window"": 2, ""disallow_one_site_gaps"": 0, ""use_diamond_legalizer"": 1, ""disable_window_extension"": 0}","{""max_displacement"": 10, ""site_search_window"": 10, ""row_search_window"": 4, ""disallow_one_site_gaps"": 0, ""use_diamond_legalizer"": 1, ""disable_window_extension"": 0}",FAILED,6071437.2,6071437.2,0.0,-100.0,-1.0,False
43,15,6,RISCY-FPU-a-1-c5,7,"{""max_displacement"": 10, ""site_search_window"": 10, ""row_search_window"": 4, ""disallow_one_site_gaps"": 0, ""use_diamond_legalizer"": 1, ""disable_window_extension"": 0}","{""max_displacement"": 10, ""site_search_window"": 10, ""row_search_window"": 4, ""disallow_one_site_gaps"": 0, ""use_diamond_legalizer"": 1, ""disable_window_extension"": 0}",FAILED,6071437.2,6071437.2,0.0,-100.0,-1.0,False
43,15,7,RISCY-FPU-a-1-c5,3,"{""max_displacement"": 10, ""site_search_window"": 10, ""row_search_window"": 4, ""disallow_one_site_gaps"": 0, ""use_diamond_legalizer"": 1, ""disable_window_extension"": 0}","{""max_displacement"": 10, ""site_search_window"": 20, ""row_search_window"": 6, ""disallow_one_site_gaps"": 0, ""use_diamond_legalizer"": 1, ""disable_window_extension"": 0}",FAILED,6071437.2,6071437.2,0.0,-100.0,-1.0,False
43,15,8,RISCY-FPU-a-1-c5,4,"{""max_displacement"": 10, ""site_search_window"": 20, ""row_search_window"": 6, ""disallow_one_site_gaps"": 0, ""use_diamond_legalizer"": 1, ""disable_window_extension"": 0}","{""max_displacement"": 10, ""site_search_window"": 10, ""row_search_window"": 4, ""disallow_one_site_gaps"": 0, ""use_diamond_legalizer"": 1, ""disable_window_extension"": 0}",FAILED,6071437.2,6071437.2,0.0,-100.0,-1.0,False
43,15,9,RISCY-FPU-a-1-c5,5,"{""max_displacement"": 10, ""site_search_window"": 10, ""row_search_window"": 4, ""disallow_one_site_gaps"": 0, ""use_diamond_legalizer"": 1, ""disable_window_extension"": 0}","{""max_displacement"": 20, ""site_search_window"": 20, ""row_search_window"": 4, ""disallow_one_site_gaps"": 0, ""use_diamond_legalizer"": 1, ""disable_window_extension"": 0}",VALID,6071437.2,6071437.2,0.0,0.0,0.0,False
43,15,10,RISCY-FPU-a-1-c5,3,"{""max_displacement"": 20, ""site_search_window"": 20, ""row_search_window"": 4, ""disallow_one_site_gaps"": 0, ""use_diamond_legalizer"": 1, ""disable_window_extension"": 0}","{""max_displacement"": 20, ""site_search_window"": 30, ""row_search_window"": 6, ""disallow_one_site_gaps"": 0, ""use_diamond_legalizer"": 1, ""disable_window_extension"": 0}",VALID,6071437.2,6071437.2,0.0,0.0,0.0,True
43,16,1,RISCY-b-1-c20,7,"{""max_displacement"": 0, ""site_search_window"": 0, ""row_search_window"": 0, ""disallow_one_site_gaps"": 0, ""use_diamond_legalizer"": 1, ""disable_window_extension"": 0}","{""max_displacement"": 0, ""site_search_window"": 0, ""row_search_window"": 0, ""disallow_one_site_gaps"": 0, ""use_diamond_legalizer"": 1, ""disable_window_extension"": 0}",VALID,3618038.1,3618038.1,0.0,0.0,0.0,False
43,16,2,RISCY-b-1-c20,3,"{""max_displacement"": 0, ""site_search_window"": 0, ""row_search_window"": 0, ""disallow_one_site_gaps"": 0, ""use_diamond_legalizer"": 1, ""disable_window_extension"": 0}","{""max_displacement"": 0, ""site_search_window"": 10, ""row_search_window"": 2, ""disallow_one_site_gaps"": 0, ""use_diamond_legalizer"": 1, ""disable_window_extension"": 0}",VALID,3618038.1,3618038.1,0.0,0.0,0.0,False
43,16,3,RISCY-b-1-c20,6,"{""max_displacement"": 0, ""site_search_window"": 10, ""row_search_window"": 2, ""disallow_one_site_gaps"": 0, ""use_diamond_legalizer"": 1, ""disable_window_extension"": 0}","{""max_displacement"": 0, ""site_search_window"": 0, ""row_search_window"": 2, ""disallow_one_site_gaps"": 0, ""use_diamond_legalizer"": 1, ""disable_window_extension"": 0}",VALID,3618038.1,3618038.1,0.0,0.0,0.0,False
43,16,4,RISCY-b-1-c20,3,"{""max_displacement"": 0, ""site_search_window"": 0, ""row_search_window"": 2, ""disallow_one_site_gaps"": 0, ""use_diamond_legalizer"": 1, ""disable_window_extension"": 0}","{""max_displacement"": 0, ""site_search_window"": 10, ""row_search_window"": 4, ""disallow_one_site_gaps"": 0, ""use_diamond_legalizer"": 1, ""disable_window_extension"": 0}",VALID,3618038.1,3618038.1,0.0,0.0,0.0,False
43,16,5,RISCY-b-1-c20,7,"{""max_displacement"": 0, ""site_search_window"": 10, ""row_search_window"": 4, ""disallow_one_site_gaps"": 0, ""use_diamond_legalizer"": 1, ""disable_window_extension"": 0}","{""max_displacement"": 0, ""site_search_window"": 10, ""row_search_window"": 4, ""disallow_one_site_gaps"": 0, ""use_diamond_legalizer"": 1, ""disable_window_extension"": 0}",VALID,3618038.1,3618038.1,0.0,0.0,0.0,False
43,16,6,RISCY-b-1-c20,5,"{""max_displacement"": 0, ""site_search_window"": 10, ""row_search_window"": 4, ""disallow_one_site_gaps"": 0, ""use_diamond_legalizer"": 1, ""disable_window_extension"": 0}","{""max_displacement"": 10, ""site_search_window"": 20, ""row_search_window"": 4, ""disallow_one_site_gaps"": 0, ""use_diamond_legalizer"": 1, ""disable_window_extension"": 0}",FAILED,3618038.1,3618038.1,0.0,-100.0,-1.0,False
43,16,7,RISCY-b-1-c20,3,"{""max_displacement"": 10, ""site_search_window"": 20, ""row_search_window"": 4, ""disallow_one_site_gaps"": 0, ""use_diamond_legalizer"": 1, ""disable_window_extension"": 0}","{""max_displacement"": 10, ""site_search_window"": 30, ""row_search_window"": 6, ""disallow_one_site_gaps"": 0, ""use_diamond_legalizer"": 1, ""disable_window_extension"": 0}",FAILED,3618038.1,3618038.1,0.0,-100.0,-1.0,False
43,16,8,RISCY-b-1-c20,5,"{""max_displacement"": 10, ""site_search_window"": 30, ""row_search_window"": 6, ""disallow_one_site_gaps"": 0, ""use_diamond_legalizer"": 1, ""disable_window_extension"": 0}","{""max_displacement"": 20, ""site_search_window"": 40, ""row_search_window"": 6, ""disallow_one_site_gaps"": 0, ""use_diamond_legalizer"": 1, ""disable_window_extension"": 0}",VALID,3618038.1,3618050.5,-12.399999999906868,-0.00030000000000000003,-3.4272718133915913e-06,False
43,16,9,RISCY-b-1-c20,7,"{""max_displacement"": 20, ""site_search_window"": 40, ""row_search_window"": 6, ""disallow_one_site_gaps"": 0, ""use_diamond_legalizer"": 1, ""disable_window_extension"": 0}","{""max_displacement"": 20, ""site_search_window"": 40, ""row_search_window"": 6, ""disallow_one_site_gaps"": 0, ""use_diamond_legalizer"": 1, ""disable_window_extension"": 0}",VALID,3618038.1,3618050.5,0.0,0.0,0.0,False
43,16,10,RISCY-b-1-c20,3,"{""max_displacement"": 20, ""site_search_window"": 40, ""row_search_window"": 6, ""disallow_one_site_gaps"": 0, ""use_diamond_legalizer"": 1, ""disable_window_extension"": 0}","{""max_displacement"": 20, ""site_search_window"": 50, ""row_search_window"": 8, ""disallow_one_site_gaps"": 0, ""use_diamond_legalizer"": 1, ""disable_window_extension"": 0}",VALID,3618038.1,3618050.5,0.0,0.0,0.0,True
43,17,1,RISCY-FPU-b-3-c20,5,"{""max_displacement"": 0, ""site_search_window"": 0, ""row_search_window"": 0, ""disallow_one_site_gaps"": 0, ""use_diamond_legalizer"": 1, ""disable_window_extension"": 0}","{""max_displacement"": 10, ""site_search_window"": 10, ""row_search_window"": 0, ""disallow_one_site_gaps"": 0, ""use_diamond_legalizer"": 1, ""disable_window_extension"": 0}",FAILED,5040703.3,5040703.3,0.0,-100.0,-1.0,False
43,17,2,RISCY-FPU-b-3-c20,4,"{""max_displacement"": 10, ""site_search_window"": 10, ""row_search_window"": 0, ""disallow_one_site_gaps"": 0, ""use_diamond_legalizer"": 1, ""disable_window_extension"": 0}","{""max_displacement"": 10, ""site_search_window"": 0, ""row_search_window"": 0, ""disallow_one_site_gaps"": 0, ""use_diamond_legalizer"": 1, ""disable_window_extension"": 0}",FAILED,5040703.3,5040703.3,0.0,-100.0,-1.0,False
43,17,3,RISCY-FPU-b-3-c20,2,"{""max_displacement"": 10, ""site_search_window"": 0, ""row_search_window"": 0, ""disallow_one_site_gaps"": 0, ""use_diamond_legalizer"": 1, ""disable_window_extension"": 0}","{""max_displacement"": 0, ""site_search_window"": 0, ""row_search_window"": 0, ""disallow_one_site_gaps"": 0, ""use_diamond_legalizer"": 1, ""disable_window_extension"": 0}",VALID,5040703.3,5040703.3,0.0,0.0,0.0,False
43,17,4,RISCY-FPU-b-3-c20,4,"{""max_displacement"": 0, ""site_search_window"": 0, ""row_search_window"": 0, ""disallow_one_site_gaps"": 0, ""use_diamond_legalizer"": 1, ""disable_window_extension"": 0}","{""max_displacement"": 0, ""site_search_window"": 0, ""row_search_window"": 0, ""disallow_one_site_gaps"": 0, ""use_diamond_legalizer"": 1, ""disable_window_extension"": 0}",VALID,5040703.3,5040703.3,0.0,0.0,0.0,False
43,17,5,RISCY-FPU-b-3-c20,2,"{""max_displacement"": 0, ""site_search_window"": 0, ""row_search_window"": 0, ""disallow_one_site_gaps"": 0, ""use_diamond_legalizer"": 1, ""disable_window_extension"": 0}","{""max_displacement"": 0, ""site_search_window"": 0, ""row_search_window"": 0, ""disallow_one_site_gaps"": 0, ""use_diamond_legalizer"": 1, ""disable_window_extension"": 0}",VALID,5040703.3,5040703.3,0.0,0.0,0.0,False
43,17,6,RISCY-FPU-b-3-c20,3,"{""max_displacement"": 0, ""site_search_window"": 0, ""row_search_window"": 0, ""disallow_one_site_gaps"": 0, ""use_diamond_legalizer"": 1, ""disable_window_extension"": 0}","{""max_displacement"": 0, ""site_search_window"": 10, ""row_search_window"": 2, ""disallow_one_site_gaps"": 0, ""use_diamond_legalizer"": 1, ""disable_window_extension"": 0}",VALID,5040703.3,5040703.3,0.0,0.0,0.0,False
43,17,7,RISCY-FPU-b-3-c20,1,"{""max_displacement"": 0, ""site_search_window"": 10, ""row_search_window"": 2, ""disallow_one_site_gaps"": 0, ""use_diamond_legalizer"": 1, ""disable_window_extension"": 0}","{""max_displacement"": 10, ""site_search_window"": 20, ""row_search_window"": 4, ""disallow_one_site_gaps"": 0, ""use_diamond_legalizer"": 1, ""disable_window_extension"": 0}",FAILED,5040703.3,5040703.3,0.0,-100.0,-1.0,False
43,17,8,RISCY-FPU-b-3-c20,5,"{""max_displacement"": 10, ""site_search_window"": 20, ""row_search_window"": 4, ""disallow_one_site_gaps"": 0, ""use_diamond_legalizer"": 1, ""disable_window_extension"": 0}","{""max_displacement"": 20, ""site_search_window"": 30, ""row_search_window"": 4, ""disallow_one_site_gaps"": 0, ""use_diamond_legalizer"": 1, ""disable_window_extension"": 0}",FAILED,5040703.3,5040703.3,0.0,-100.0,-1.0,False
43,17,9,RISCY-FPU-b-3-c20,5,"{""max_displacement"": 20, ""site_search_window"": 30, ""row_search_window"": 4, ""disallow_one_site_gaps"": 0, ""use_diamond_legalizer"": 1, ""disable_window_extension"": 0}","{""max_displacement"": 30, ""site_search_window"": 40, ""row_search_window"": 4, ""disallow_one_site_gaps"": 0, ""use_diamond_legalizer"": 1, ""disable_window_extension"": 0}",FAILED,5040703.3,5040703.3,0.0,-100.0,-1.0,False
43,17,10,RISCY-FPU-b-3-c20,4,"{""max_displacement"": 30, ""site_search_window"": 40, ""row_search_window"": 4, ""disallow_one_site_gaps"": 0, ""use_diamond_legalizer"": 1, ""disable_window_extension"": 0}","{""max_displacement"": 30, ""site_search_window"": 30, ""row_search_window"": 2, ""disallow_one_site_gaps"": 0, ""use_diamond_legalizer"": 1, ""disable_window_extension"": 0}",FAILED,5040703.3,5040703.3,0.0,-100.0,-1.0,True
43,18,1,RISCY-b-3-c20,0,"{""max_displacement"": 0, ""site_search_window"": 0, ""row_search_window"": 0, ""disallow_one_site_gaps"": 0, ""use_diamond_legalizer"": 1, ""disable_window_extension"": 0}","{""max_displacement"": 0, ""site_search_window"": 0, ""row_search_window"": 0, ""disallow_one_site_gaps"": true, ""use_diamond_legalizer"": 1, ""disable_window_extension"": true}",VALID,3036189.3,3036189.3,0.0,0.0,0.0,False
43,18,2,RISCY-b-3-c20,3,"{""max_displacement"": 0, ""site_search_window"": 0, ""row_search_window"": 0, ""disallow_one_site_gaps"": true, ""use_diamond_legalizer"": 1, ""disable_window_extension"": true}","{""max_displacement"": 0, ""site_search_window"": 10, ""row_search_window"": 2, ""disallow_one_site_gaps"": true, ""use_diamond_legalizer"": 1, ""disable_window_extension"": true}",VALID,3036189.3,3036189.3,0.0,0.0,0.0,False
43,18,3,RISCY-b-3-c20,2,"{""max_displacement"": 0, ""site_search_window"": 10, ""row_search_window"": 2, ""disallow_one_site_gaps"": true, ""use_diamond_legalizer"": 1, ""disable_window_extension"": true}","{""max_displacement"": 0, ""site_search_window"": 0, ""row_search_window"": 0, ""disallow_one_site_gaps"": true, ""use_diamond_legalizer"": 1, ""disable_window_extension"": true}",VALID,3036189.3,3036189.3,0.0,0.0,0.0,False
43,18,4,RISCY-b-3-c20,6,"{""max_displacement"": 0, ""site_search_window"": 0, ""row_search_window"": 0, ""disallow_one_site_gaps"": true, ""use_diamond_legalizer"": 1, ""disable_window_extension"": true}","{""max_displacement"": 0, ""site_search_window"": 0, ""row_search_window"": 0, ""disallow_one_site_gaps"": true, ""use_diamond_legalizer"": 1, ""disable_window_extension"": true}",VALID,3036189.3,3036189.3,0.0,0.0,0.0,False
43,18,5,RISCY-b-3-c20,4,"{""max_displacement"": 0, ""site_search_window"": 0, ""row_search_window"": 0, ""disallow_one_site_gaps"": true, ""use_diamond_legalizer"": 1, ""disable_window_extension"": true}","{""max_displacement"": 0, ""site_search_window"": 0, ""row_search_window"": 0, ""disallow_one_site_gaps"": true, ""use_diamond_legalizer"": 1, ""disable_window_extension"": true}",VALID,3036189.3,3036189.3,0.0,0.0,0.0,False
43,18,6,RISCY-b-3-c20,1,"{""max_displacement"": 0, ""site_search_window"": 0, ""row_search_window"": 0, ""disallow_one_site_gaps"": true, ""use_diamond_legalizer"": 1, ""disable_window_extension"": true}","{""max_displacement"": 10, ""site_search_window"": 10, ""row_search_window"": 2, ""disallow_one_site_gaps"": true, ""use_diamond_legalizer"": 1, ""disable_window_extension"": true}",VALID,3036189.3,3036189.3,0.0,0.0,0.0,False
43,18,7,RISCY-b-3-c20,3,"{""max_displacement"": 10, ""site_search_window"": 10, ""row_search_window"": 2, ""disallow_one_site_gaps"": true, ""use_diamond_legalizer"": 1, ""disable_window_extension"": true}","{""max_displacement"": 10, ""site_search_window"": 20, ""row_search_window"": 4, ""disallow_one_site_gaps"": true, ""use_diamond_legalizer"": 1, ""disable_window_extension"": true}",VALID,3036189.3,3036189.3,0.0,0.0,0.0,False
43,18,8,RISCY-b-3-c20,3,"{""max_displacement"": 10, ""site_search_window"": 20, ""row_search_window"": 4, ""disallow_one_site_gaps"": true, ""use_diamond_legalizer"": 1, ""disable_window_extension"": true}","{""max_displacement"": 10, ""site_search_window"": 30, ""row_search_window"": 6, ""disallow_one_site_gaps"": true, ""use_diamond_legalizer"": 1, ""disable_window_extension"": true}",VALID,3036189.3,3036189.3,0.0,0.0,0.0,False
43,18,9,RISCY-b-3-c20,1,"{""max_displacement"": 10, ""site_search_window"": 30, ""row_search_window"": 6, ""disallow_one_site_gaps"": true, ""use_diamond_legalizer"": 1, ""disable_window_extension"": true}","{""max_displacement"": 20, ""site_search_window"": 40, ""row_search_window"": 8, ""disallow_one_site_gaps"": true, ""use_diamond_legalizer"": 1, ""disable_window_extension"": true}",VALID,3036189.3,3036189.3,0.0,0.0,0.0,False
43,18,10,RISCY-b-3-c20,3,"{""max_displacement"": 20, ""site_search_window"": 40, ""row_search_window"": 8, ""disallow_one_site_gaps"": true, ""use_diamond_legalizer"": 1, ""disable_window_extension"": true}","{""max_displacement"": 20, ""site_search_window"": 50, ""row_search_window"": 10, ""disallow_one_site_gaps"": true, ""use_diamond_legalizer"": 1, ""disable_window_extension"": true}",VALID,3036189.3,3036189.3,0.0,0.0,0.0,True
43,19,1,RISCY-a-3-c2,0,"{""max_displacement"": 0, ""site_search_window"": 0, ""row_search_window"": 0, ""disallow_one_site_gaps"": 0, ""use_diamond_legalizer"": 1, ""disable_window_extension"": 0}","{""max_displacement"": 0, ""site_search_window"": 0, ""row_search_window"": 0, ""disallow_one_site_gaps"": true, ""use_diamond_legalizer"": 1, ""disable_window_extension"": true}",VALID,5865401.6,5865401.6,0.0,0.0,0.0,False
43,19,2,RISCY-a-3-c2,3,"{""max_displacement"": 0, ""site_search_window"": 0, ""row_search_window"": 0, ""disallow_one_site_gaps"": true, ""use_diamond_legalizer"": 1, ""disable_window_extension"": true}","{""max_displacement"": 0, ""site_search_window"": 10, ""row_search_window"": 2, ""disallow_one_site_gaps"": true, ""use_diamond_legalizer"": 1, ""disable_window_extension"": true}",VALID,5865401.6,5865401.6,0.0,0.0,0.0,False
43,19,3,RISCY-a-3-c2,7,"{""max_displacement"": 0, ""site_search_window"": 10, ""row_search_window"": 2, ""disallow_one_site_gaps"": true, ""use_diamond_legalizer"": 1, ""disable_window_extension"": true}","{""max_displacement"": 0, ""site_search_window"": 10, ""row_search_window"": 2, ""disallow_one_site_gaps"": true, ""use_diamond_legalizer"": 1, ""disable_window_extension"": true}",VALID,5865401.6,5865401.6,0.0,0.0,0.0,False
43,19,4,RISCY-a-3-c2,2,"{""max_displacement"": 0, ""site_search_window"": 10, ""row_search_window"": 2, ""disallow_one_site_gaps"": true, ""use_diamond_legalizer"": 1, ""disable_window_extension"": true}","{""max_displacement"": 0, ""site_search_window"": 0, ""row_search_window"": 0, ""disallow_one_site_gaps"": true, ""use_diamond_legalizer"": 1, ""disable_window_extension"": true}",VALID,5865401.6,5865401.6,0.0,0.0,0.0,False
43,19,5,RISCY-a-3-c2,3,"{""max_displacement"": 0, ""site_search_window"": 0, ""row_search_window"": 0, ""disallow_one_site_gaps"": true, ""use_diamond_legalizer"": 1, ""disable_window_extension"": true}","{""max_displacement"": 0, ""site_search_window"": 10, ""row_search_window"": 2, ""disallow_one_site_gaps"": true, ""use_diamond_legalizer"": 1, ""disable_window_extension"": true}",VALID,5865401.6,5865401.6,0.0,0.0,0.0,False
43,19,6,RISCY-a-3-c2,5,"{""max_displacement"": 0, ""site_search_window"": 10, ""row_search_window"": 2, ""disallow_one_site_gaps"": true, ""use_diamond_legalizer"": 1, ""disable_window_extension"": true}","{""max_displacement"": 10, ""site_search_window"": 20, ""row_search_window"": 2, ""disallow_one_site_gaps"": true, ""use_diamond_legalizer"": 1, ""disable_window_extension"": true}",FAILED,5865401.6,5865401.6,0.0,-100.0,-1.0,False
43,19,7,RISCY-a-3-c2,2,"{""max_displacement"": 10, ""site_search_window"": 20, ""row_search_window"": 2, ""disallow_one_site_gaps"": true, ""use_diamond_legalizer"": 1, ""disable_window_extension"": true}","{""max_displacement"": 0, ""site_search_window"": 10, ""row_search_window"": 0, ""disallow_one_site_gaps"": true, ""use_diamond_legalizer"": 1, ""disable_window_extension"": true}",VALID,5865401.6,5865401.6,0.0,0.0,0.0,False
43,19,8,RISCY-a-3-c2,3,"{""max_displacement"": 0, ""site_search_window"": 10, ""row_search_window"": 0, ""disallow_one_site_gaps"": true, ""use_diamond_legalizer"": 1, ""disable_window_extension"": true}","{""max_displacement"": 0, ""site_search_window"": 20, ""row_search_window"": 2, ""disallow_one_site_gaps"": true, ""use_diamond_legalizer"": 1, ""disable_window_extension"": true}",VALID,5865401.6,5865401.6,0.0,0.0,0.0,False
43,19,9,RISCY-a-3-c2,4,"{""max_displacement"": 0, ""site_search_window"": 20, ""row_search_window"": 2, ""disallow_one_site_gaps"": true, ""use_diamond_legalizer"": 1, ""disable_window_extension"": true}","{""max_displacement"": 0, ""site_search_window"": 10, ""row_search_window"": 0, ""disallow_one_site_gaps"": true, ""use_diamond_legalizer"": 1, ""disable_window_extension"": true}",VALID,5865401.6,5865401.6,0.0,0.0,0.0,False
43,19,10,RISCY-a-3-c2,1,"{""max_displacement"": 0, ""site_search_window"": 10, ""row_search_window"": 0, ""disallow_one_site_gaps"": true, ""use_diamond_legalizer"": 1, ""disable_window_extension"": true}","{""max_displacement"": 10, ""site_search_window"": 20, ""row_search_window"": 2, ""disallow_one_site_gaps"": true, ""use_diamond_legalizer"": 1, ""disable_window_extension"": true}",FAILED,5865401.6,5865401.6,0.0,-100.0,-1.0,True
43,20,1,RISCY-FPU-b-2-c5,5,"{""max_displacement"": 0, ""site_search_window"": 0, ""row_search_window"": 0, ""disallow_one_site_gaps"": 0, ""use_diamond_legalizer"": 1, ""disable_window_extension"": 0}","{""max_displacement"": 10, ""site_search_window"": 10, ""row_search_window"": 0, ""disallow_one_site_gaps"": 0, ""use_diamond_legalizer"": 1, ""disable_window_extension"": 0}",FAILED,5390089.0,5390089.0,0.0,-100.0,-1.0,False
43,20,2,RISCY-FPU-b-2-c5,7,"{""max_displacement"": 10, ""site_search_window"": 10, ""row_search_window"": 0, ""disallow_one_site_gaps"": 0, ""use_diamond_legalizer"": 1, ""disable_window_extension"": 0}","{""max_displacement"": 10, ""site_search_window"": 10, ""row_search_window"": 0, ""disallow_one_site_gaps"": 0, ""use_diamond_legalizer"": 1, ""disable_window_extension"": 0}",FAILED,5390089.0,5390089.0,0.0,-100.0,-1.0,False
43,20,3,RISCY-FPU-b-2-c5,7,"{""max_displacement"": 10, ""site_search_window"": 10, ""row_search_window"": 0, ""disallow_one_site_gaps"": 0, ""use_diamond_legalizer"": 1, ""disable_window_extension"": 0}","{""max_displacement"": 10, ""site_search_window"": 10, ""row_search_window"": 0, ""disallow_one_site_gaps"": 0, ""use_diamond_legalizer"": 1, ""disable_window_extension"": 0}",FAILED,5390089.0,5390089.0,0.0,-100.0,-1.0,False
43,20,4,RISCY-FPU-b-2-c5,7,"{""max_displacement"": 10, ""site_search_window"": 10, ""row_search_window"": 0, ""disallow_one_site_gaps"": 0, ""use_diamond_legalizer"": 1, ""disable_window_extension"": 0}","{""max_displacement"": 10, ""site_search_window"": 10, ""row_search_window"": 0, ""disallow_one_site_gaps"": 0, ""use_diamond_legalizer"": 1, ""disable_window_extension"": 0}",FAILED,5390089.0,5390089.0,0.0,-100.0,-1.0,False
43,20,5,RISCY-FPU-b-2-c5,4,"{""max_displacement"": 10, ""site_search_window"": 10, ""row_search_window"": 0, ""disallow_one_site_gaps"": 0, ""use_diamond_legalizer"": 1, ""disable_window_extension"": 0}","{""max_displacement"": 10, ""site_search_window"": 0, ""row_search_window"": 0, ""disallow_one_site_gaps"": 0, ""use_diamond_legalizer"": 1, ""disable_window_extension"": 0}",FAILED,5390089.0,5390089.0,0.0,-100.0,-1.0,False
43,20,6,RISCY-FPU-b-2-c5,0,"{""max_displacement"": 10, ""site_search_window"": 0, ""row_search_window"": 0, ""disallow_one_site_gaps"": 0, ""use_diamond_legalizer"": 1, ""disable_window_extension"": 0}","{""max_displacement"": 10, ""site_search_window"": 0, ""row_search_window"": 0, ""disallow_one_site_gaps"": true, ""use_diamond_legalizer"": 1, ""disable_window_extension"": true}",FAILED,5390089.0,5390089.0,0.0,-100.0,-1.0,False
43,20,7,RISCY-FPU-b-2-c5,4,"{""max_displacement"": 10, ""site_search_window"": 0, ""row_search_window"": 0, ""disallow_one_site_gaps"": true, ""use_diamond_legalizer"": 1, ""disable_window_extension"": true}","{""max_displacement"": 10, ""site_search_window"": 0, ""row_search_window"": 0, ""disallow_one_site_gaps"": true, ""use_diamond_legalizer"": 1, ""disable_window_extension"": true}",FAILED,5390089.0,5390089.0,0.0,-100.0,-1.0,False
43,20,8,RISCY-FPU-b-2-c5,7,"{""max_displacement"": 10, ""site_search_window"": 0, ""row_search_window"": 0, ""disallow_one_site_gaps"": true, ""use_diamond_legalizer"": 1, ""disable_window_extension"": true}","{""max_displacement"": 10, ""site_search_window"": 0, ""row_search_window"": 0, ""disallow_one_site_gaps"": true, ""use_diamond_legalizer"": 1, ""disable_window_extension"": true}",FAILED,5390089.0,5390089.0,0.0,-100.0,-1.0,False
43,20,9,RISCY-FPU-b-2-c5,5,"{""max_displacement"": 10, ""site_search_window"": 0, ""row_search_window"": 0, ""disallow_one_site_gaps"": true, ""use_diamond_legalizer"": 1, ""disable_window_extension"": true}","{""max_displacement"": 20, ""site_search_window"": 10, ""row_search_window"": 0, ""disallow_one_site_gaps"": true, ""use_diamond_legalizer"": 1, ""disable_window_extension"": true}",VALID,5390089.0,5390089.0,0.0,0.0,0.0,False
43,20,10,RISCY-FPU-b-2-c5,1,"{""max_displacement"": 20, ""site_search_window"": 10, ""row_search_window"": 0, ""disallow_one_site_gaps"": true, ""use_diamond_legalizer"": 1, ""disable_window_extension"": true}","{""max_displacement"": 30, ""site_search_window"": 20, ""row_search_window"": 2, ""disallow_one_site_gaps"": true, ""use_diamond_legalizer"": 1, ""disable_window_extension"": true}",VALID,5390089.0,5390089.0,0.0,0.0,0.0,True
43,21,1,RISCY-FPU-b-1-c2,7,"{""max_displacement"": 0, ""site_search_window"": 0, ""row_search_window"": 0, ""disallow_one_site_gaps"": 0, ""use_diamond_legalizer"": 1, ""disable_window_extension"": 0}","{""max_displacement"": 0, ""site_search_window"": 0, ""row_search_window"": 0, ""disallow_one_site_gaps"": 0, ""use_diamond_legalizer"": 1, ""disable_window_extension"": 0}",VALID,5067893.3,5067893.3,0.0,0.0,0.0,False
43,21,2,RISCY-FPU-b-1-c2,2,"{""max_displacement"": 0, ""site_search_window"": 0, ""row_search_window"": 0, ""disallow_one_site_gaps"": 0, ""use_diamond_legalizer"": 1, ""disable_window_extension"": 0}","{""max_displacement"": 0, ""site_search_window"": 0, ""row_search_window"": 0, ""disallow_one_site_gaps"": 0, ""use_diamond_legalizer"": 1, ""disable_window_extension"": 0}",VALID,5067893.3,5067893.3,0.0,0.0,0.0,False
43,21,3,RISCY-FPU-b-1-c2,7,"{""max_displacement"": 0, ""site_search_window"": 0, ""row_search_window"": 0, ""disallow_one_site_gaps"": 0, ""use_diamond_legalizer"": 1, ""disable_window_extension"": 0}","{""max_displacement"": 0, ""site_search_window"": 0, ""row_search_window"": 0, ""disallow_one_site_gaps"": 0, ""use_diamond_legalizer"": 1, ""disable_window_extension"": 0}",VALID,5067893.3,5067893.3,0.0,0.0,0.0,False
43,21,4,RISCY-FPU-b-1-c2,2,"{""max_displacement"": 0, ""site_search_window"": 0, ""row_search_window"": 0, ""disallow_one_site_gaps"": 0, ""use_diamond_legalizer"": 1, ""disable_window_extension"": 0}","{""max_displacement"": 0, ""site_search_window"": 0, ""row_search_window"": 0, ""disallow_one_site_gaps"": 0, ""use_diamond_legalizer"": 1, ""disable_window_extension"": 0}",VALID,5067893.3,5067893.3,0.0,0.0,0.0,False
43,21,5,RISCY-FPU-b-1-c2,2,"{""max_displacement"": 0, ""site_search_window"": 0, ""row_search_window"": 0, ""disallow_one_site_gaps"": 0, ""use_diamond_legalizer"": 1, ""disable_window_extension"": 0}","{""max_displacement"": 0, ""site_search_window"": 0, ""row_search_window"": 0, ""disallow_one_site_gaps"": 0, ""use_diamond_legalizer"": 1, ""disable_window_extension"": 0}",VALID,5067893.3,5067893.3,0.0,0.0,0.0,False
43,21,6,RISCY-FPU-b-1-c2,5,"{""max_displacement"": 0, ""site_search_window"": 0, ""row_search_window"": 0, ""disallow_one_site_gaps"": 0, ""use_diamond_legalizer"": 1, ""disable_window_extension"": 0}","{""max_displacement"": 10, ""site_search_window"": 10, ""row_search_window"": 0, ""disallow_one_site_gaps"": 0, ""use_diamond_legalizer"": 1, ""disable_window_extension"": 0}",VALID,5067893.3,5067893.3,0.0,0.0,0.0,False
43,21,7,RISCY-FPU-b-1-c2,2,"{""max_displacement"": 10, ""site_search_window"": 10, ""row_search_window"": 0, ""disallow_one_site_gaps"": 0, ""use_diamond_legalizer"": 1, ""disable_window_extension"": 0}","{""max_displacement"": 0, ""site_search_window"": 0, ""row_search_window"": 0, ""disallow_one_site_gaps"": 0, ""use_diamond_legalizer"": 1, ""disable_window_extension"": 0}",VALID,5067893.3,5067893.3,0.0,0.0,0.0,False
43,21,8,RISCY-FPU-b-1-c2,4,"{""max_displacement"": 0, ""site_search_window"": 0, ""row_search_window"": 0, ""disallow_one_site_gaps"": 0, ""use_diamond_legalizer"": 1, ""disable_window_extension"": 0}","{""max_displacement"": 0, ""site_search_window"": 0, ""row_search_window"": 0, ""disallow_one_site_gaps"": 0, ""use_diamond_legalizer"": 1, ""disable_window_extension"": 0}",VALID,5067893.3,5067893.3,0.0,0.0,0.0,False
43,21,9,RISCY-FPU-b-1-c2,0,"{""max_displacement"": 0, ""site_search_window"": 0, ""row_search_window"": 0, ""disallow_one_site_gaps"": 0, ""use_diamond_legalizer"": 1, ""disable_window_extension"": 0}","{""max_displacement"": 0, ""site_search_window"": 0, ""row_search_window"": 0, ""disallow_one_site_gaps"": true, ""use_diamond_legalizer"": 1, ""disable_window_extension"": true}",VALID,5067893.3,5067893.3,0.0,0.0,0.0,False
43,21,10,RISCY-FPU-b-1-c2,7,"{""max_displacement"": 0, ""site_search_window"": 0, ""row_search_window"": 0, ""disallow_one_site_gaps"": true, ""use_diamond_legalizer"": 1, ""disable_window_extension"": true}","{""max_displacement"": 0, ""site_search_window"": 0, ""row_search_window"": 0, ""disallow_one_site_gaps"": true, ""use_diamond_legalizer"": 1, ""disable_window_extension"": true}",VALID,5067893.3,5067893.3,0.0,0.0,0.0,True
43,22,1,zero-riscy-b-2-c5,4,"{""max_displacement"": 0, ""site_search_window"": 0, ""row_search_window"": 0, ""disallow_one_site_gaps"": 0, ""use_diamond_legalizer"": 1, ""disable_window_extension"": 0}","{""max_displacement"": 0, ""site_search_window"": 0, ""row_search_window"": 0, ""disallow_one_site_gaps"": 0, ""use_diamond_legalizer"": 1, ""disable_window_extension"": 0}",VALID,1887414.5,1887414.5,0.0,0.0,0.0,False
43,22,2,zero-riscy-b-2-c5,6,"{""max_displacement"": 0, ""site_search_window"": 0, ""row_search_window"": 0, ""disallow_one_site_gaps"": 0, ""use_diamond_legalizer"": 1, ""disable_window_extension"": 0}","{""max_displacement"": 0, ""site_search_window"": 0, ""row_search_window"": 0, ""disallow_one_site_gaps"": 0, ""use_diamond_legalizer"": 1, ""disable_window_extension"": 0}",VALID,1887414.5,1887414.5,0.0,0.0,0.0,False
43,22,3,zero-riscy-b-2-c5,6,"{""max_displacement"": 0, ""site_search_window"": 0, ""row_search_window"": 0, ""disallow_one_site_gaps"": 0, ""use_diamond_legalizer"": 1, ""disable_window_extension"": 0}","{""max_displacement"": 0, ""site_search_window"": 0, ""row_search_window"": 0, ""disallow_one_site_gaps"": 0, ""use_diamond_legalizer"": 1, ""disable_window_extension"": 0}",VALID,1887414.5,1887414.5,0.0,0.0,0.0,False
43,22,4,zero-riscy-b-2-c5,1,"{""max_displacement"": 0, ""site_search_window"": 0, ""row_search_window"": 0, ""disallow_one_site_gaps"": 0, ""use_diamond_legalizer"": 1, ""disable_window_extension"": 0}","{""max_displacement"": 10, ""site_search_window"": 10, ""row_search_window"": 2, ""disallow_one_site_gaps"": 0, ""use_diamond_legalizer"": 1, ""disable_window_extension"": 0}",VALID,1887414.5,1887414.5,0.0,0.0,0.0,False
43,22,5,zero-riscy-b-2-c5,3,"{""max_displacement"": 10, ""site_search_window"": 10, ""row_search_window"": 2, ""disallow_one_site_gaps"": 0, ""use_diamond_legalizer"": 1, ""disable_window_extension"": 0}","{""max_displacement"": 10, ""site_search_window"": 20, ""row_search_window"": 4, ""disallow_one_site_gaps"": 0, ""use_diamond_legalizer"": 1, ""disable_window_extension"": 0}",VALID,1887414.5,1887414.5,0.0,0.0,0.0,False
43,22,6,zero-riscy-b-2-c5,5,"{""max_displacement"": 10, ""site_search_window"": 20, ""row_search_window"": 4, ""disallow_one_site_gaps"": 0, ""use_diamond_legalizer"": 1, ""disable_window_extension"": 0}","{""max_displacement"": 20, ""site_search_window"": 30, ""row_search_window"": 4, ""disallow_one_site_gaps"": 0, ""use_diamond_legalizer"": 1, ""disable_window_extension"": 0}",VALID,1887414.5,1887414.5,0.0,0.0,0.0,False
43,22,7,zero-riscy-b-2-c5,1,"{""max_displacement"": 20, ""site_search_window"": 30, ""row_search_window"": 4, ""disallow_one_site_gaps"": 0, ""use_diamond_legalizer"": 1, ""disable_window_extension"": 0}","{""max_displacement"": 30, ""site_search_window"": 40, ""row_search_window"": 6, ""disallow_one_site_gaps"": 0, ""use_diamond_legalizer"": 1, ""disable_window_extension"": 0}",VALID,1887414.5,1887414.5,0.0,0.0,0.0,False
43,22,8,zero-riscy-b-2-c5,5,"{""max_displacement"": 30, ""site_search_window"": 40, ""row_search_window"": 6, ""disallow_one_site_gaps"": 0, ""use_diamond_legalizer"": 1, ""disable_window_extension"": 0}","{""max_displacement"": 40, ""site_search_window"": 50, ""row_search_window"": 6, ""disallow_one_site_gaps"": 0, ""use_diamond_legalizer"": 1, ""disable_window_extension"": 0}",VALID,1887414.5,1887414.5,0.0,0.0,0.0,False
43,22,9,zero-riscy-b-2-c5,7,"{""max_displacement"": 40, ""site_search_window"": 50, ""row_search_window"": 6, ""disallow_one_site_gaps"": 0, ""use_diamond_legalizer"": 1, ""disable_window_extension"": 0}","{""max_displacement"": 40, ""site_search_window"": 50, ""row_search_window"": 6, ""disallow_one_site_gaps"": 0, ""use_diamond_legalizer"": 1, ""disable_window_extension"": 0}",VALID,1887414.5,1887414.5,0.0,0.0,0.0,False
43,22,10,zero-riscy-b-2-c5,2,"{""max_displacement"": 40, ""site_search_window"": 50, ""row_search_window"": 6, ""disallow_one_site_gaps"": 0, ""use_diamond_legalizer"": 1, ""disable_window_extension"": 0}","{""max_displacement"": 30, ""site_search_window"": 40, ""row_search_window"": 4, ""disallow_one_site_gaps"": 0, ""use_diamond_legalizer"": 1, ""disable_window_extension"": 0}",VALID,1887414.5,1887414.5,0.0,0.0,0.0,True
43,23,1,zero-riscy-b-2-c5,6,"{""max_displacement"": 0, ""site_search_window"": 0, ""row_search_window"": 0, ""disallow_one_site_gaps"": 0, ""use_diamond_legalizer"": 1, ""disable_window_extension"": 0}","{""max_displacement"": 0, ""site_search_window"": 0, ""row_search_window"": 0, ""disallow_one_site_gaps"": 0, ""use_diamond_legalizer"": 1, ""disable_window_extension"": 0}",VALID,1887414.5,1887414.5,0.0,0.0,0.0,False
43,23,2,zero-riscy-b-2-c5,6,"{""max_displacement"": 0, ""site_search_window"": 0, ""row_search_window"": 0, ""disallow_one_site_gaps"": 0, ""use_diamond_legalizer"": 1, ""disable_window_extension"": 0}","{""max_displacement"": 0, ""site_search_window"": 0, ""row_search_window"": 0, ""disallow_one_site_gaps"": 0, ""use_diamond_legalizer"": 1, ""disable_window_extension"": 0}",VALID,1887414.5,1887414.5,0.0,0.0,0.0,False
43,23,3,zero-riscy-b-2-c5,6,"{""max_displacement"": 0, ""site_search_window"": 0, ""row_search_window"": 0, ""disallow_one_site_gaps"": 0, ""use_diamond_legalizer"": 1, ""disable_window_extension"": 0}","{""max_displacement"": 0, ""site_search_window"": 0, ""row_search_window"": 0, ""disallow_one_site_gaps"": 0, ""use_diamond_legalizer"": 1, ""disable_window_extension"": 0}",VALID,1887414.5,1887414.5,0.0,0.0,0.0,False
43,23,4,zero-riscy-b-2-c5,2,"{""max_displacement"": 0, ""site_search_window"": 0, ""row_search_window"": 0, ""disallow_one_site_gaps"": 0, ""use_diamond_legalizer"": 1, ""disable_window_extension"": 0}","{""max_displacement"": 0, ""site_search_window"": 0, ""row_search_window"": 0, ""disallow_one_site_gaps"": 0, ""use_diamond_legalizer"": 1, ""disable_window_extension"": 0}",VALID,1887414.5,1887414.5,0.0,0.0,0.0,False
43,23,5,zero-riscy-b-2-c5,0,"{""max_displacement"": 0, ""site_search_window"": 0, ""row_search_window"": 0, ""disallow_one_site_gaps"": 0, ""use_diamond_legalizer"": 1, ""disable_window_extension"": 0}","{""max_displacement"": 0, ""site_search_window"": 0, ""row_search_window"": 0, ""disallow_one_site_gaps"": true, ""use_diamond_legalizer"": 1, ""disable_window_extension"": true}",VALID,1887414.5,1887414.5,0.0,0.0,0.0,False
43,23,6,zero-riscy-b-2-c5,2,"{""max_displacement"": 0, ""site_search_window"": 0, ""row_search_window"": 0, ""disallow_one_site_gaps"": true, ""use_diamond_legalizer"": 1, ""disable_window_extension"": true}","{""max_displacement"": 0, ""site_search_window"": 0, ""row_search_window"": 0, ""disallow_one_site_gaps"": true, ""use_diamond_legalizer"": 1, ""disable_window_extension"": true}",VALID,1887414.5,1887414.5,0.0,0.0,0.0,False
43,23,7,zero-riscy-b-2-c5,7,"{""max_displacement"": 0, ""site_search_window"": 0, ""row_search_window"": 0, ""disallow_one_site_gaps"": true, ""use_diamond_legalizer"": 1, ""disable_window_extension"": true}","{""max_displacement"": 0, ""site_search_window"": 0, ""row_search_window"": 0, ""disallow_one_site_gaps"": true, ""use_diamond_legalizer"": 1, ""disable_window_extension"": true}",VALID,1887414.5,1887414.5,0.0,0.0,0.0,False
43,23,8,zero-riscy-b-2-c5,0,"{""max_displacement"": 0, ""site_search_window"": 0, ""row_search_window"": 0, ""disallow_one_site_gaps"": true, ""use_diamond_legalizer"": 1, ""disable_window_extension"": true}","{""max_displacement"": 0, ""site_search_window"": 0, ""row_search_window"": 0, ""disallow_one_site_gaps"": false, ""use_diamond_legalizer"": 1, ""disable_window_extension"": false}",VALID,1887414.5,1887414.5,0.0,0.0,0.0,False
43,23,9,zero-riscy-b-2-c5,0,"{""max_displacement"": 0, ""site_search_window"": 0, ""row_search_window"": 0, ""disallow_one_site_gaps"": false, ""use_diamond_legalizer"": 1, ""disable_window_extension"": false}","{""max_displacement"": 0, ""site_search_window"": 0, ""row_search_window"": 0, ""disallow_one_site_gaps"": true, ""use_diamond_legalizer"": 1, ""disable_window_extension"": true}",VALID,1887414.5,1887414.5,0.0,0.0,0.0,False
43,23,10,zero-riscy-b-2-c5,0,"{""max_displacement"": 0, ""site_search_window"": 0, ""row_search_window"": 0, ""disallow_one_site_gaps"": true, ""use_diamond_legalizer"": 1, ""disable_window_extension"": true}","{""max_displacement"": 0, ""site_search_window"": 0, ""row_search_window"": 0, ""disallow_one_site_gaps"": false, ""use_diamond_legalizer"": 1, ""disable_window_extension"": false}",VALID,1887414.5,1887414.5,0.0,0.0,0.0,True
43,24,1,zero-riscy-a-3-c20,4,"{""max_displacement"": 0, ""site_search_window"": 0, ""row_search_window"": 0, ""disallow_one_site_gaps"": 0, ""use_diamond_legalizer"": 1, ""disable_window_extension"": 0}","{""max_displacement"": 0, ""site_search_window"": 0, ""row_search_window"": 0, ""disallow_one_site_gaps"": 0, ""use_diamond_legalizer"": 1, ""disable_window_extension"": 0}",VALID,4037614.6,4037614.6,0.0,0.0,0.0,False
43,24,2,zero-riscy-a-3-c20,1,"{""max_displacement"": 0, ""site_search_window"": 0, ""row_search_window"": 0, ""disallow_one_site_gaps"": 0, ""use_diamond_legalizer"": 1, ""disable_window_extension"": 0}","{""max_displacement"": 10, ""site_search_window"": 10, ""row_search_window"": 2, ""disallow_one_site_gaps"": 0, ""use_diamond_legalizer"": 1, ""disable_window_extension"": 0}",FAILED,4037614.6,4037614.6,0.0,-100.0,-1.0,False
43,24,3,zero-riscy-a-3-c20,4,"{""max_displacement"": 10, ""site_search_window"": 10, ""row_search_window"": 2, ""disallow_one_site_gaps"": 0, ""use_diamond_legalizer"": 1, ""disable_window_extension"": 0}","{""max_displacement"": 10, ""site_search_window"": 0, ""row_search_window"": 0, ""disallow_one_site_gaps"": 0, ""use_diamond_legalizer"": 1, ""disable_window_extension"": 0}",FAILED,4037614.6,4037614.6,0.0,-100.0,-1.0,False
43,24,4,zero-riscy-a-3-c20,5,"{""max_displacement"": 10, ""site_search_window"": 0, ""row_search_window"": 0, ""disallow_one_site_gaps"": 0, ""use_diamond_legalizer"": 1, ""disable_window_extension"": 0}","{""max_displacement"": 20, ""site_search_window"": 10, ""row_search_window"": 0, ""disallow_one_site_gaps"": 0, ""use_diamond_legalizer"": 1, ""disable_window_extension"": 0}",VALID,4037614.6,4037567.8,46.8000000002794,0.0012000000000000001,1.1591002271558904e-05,False
43,24,5,zero-riscy-a-3-c20,1,"{""max_displacement"": 20, ""site_search_window"": 10, ""row_search_window"": 0, ""disallow_one_site_gaps"": 0, ""use_diamond_legalizer"": 1, ""disable_window_extension"": 0}","{""max_displacement"": 30, ""site_search_window"": 20, ""row_search_window"": 2, ""disallow_one_site_gaps"": 0, ""use_diamond_legalizer"": 1, ""disable_window_extension"": 0}",VALID,4037614.6,4037614.6,-46.8000000002794,-0.0012000000000000001,-1.1591136624449848e-05,False
43,24,6,zero-riscy-a-3-c20,1,"{""max_displacement"": 30, ""site_search_window"": 20, ""row_search_window"": 2, ""disallow_one_site_gaps"": 0, ""use_diamond_legalizer"": 1, ""disable_window_extension"": 0}","{""max_displacement"": 40, ""site_search_window"": 30, ""row_search_window"": 4, ""disallow_one_site_gaps"": 0, ""use_diamond_legalizer"": 1, ""disable_window_extension"": 0}",VALID,4037614.6,4037614.6,0.0,0.0,0.0,False
43,24,7,zero-riscy-a-3-c20,2,"{""max_displacement"": 40, ""site_search_window"": 30, ""row_search_window"": 4, ""disallow_one_site_gaps"": 0, ""use_diamond_legalizer"": 1, ""disable_window_extension"": 0}","{""max_displacement"": 30, ""site_search_window"": 20, ""row_search_window"": 2, ""disallow_one_site_gaps"": 0, ""use_diamond_legalizer"": 1, ""disable_window_extension"": 0}",VALID,4037614.6,4037614.6,0.0,0.0,0.0,False
43,24,8,zero-riscy-a-3-c20,0,"{""max_displacement"": 30, ""site_search_window"": 20, ""row_search_window"": 2, ""disallow_one_site_gaps"": 0, ""use_diamond_legalizer"": 1, ""disable_window_extension"": 0}","{""max_displacement"": 30, ""site_search_window"": 20, ""row_search_window"": 2, ""disallow_one_site_gaps"": true, ""use_diamond_legalizer"": 1, ""disable_window_extension"": true}",VALID,4037614.6,4037614.6,0.0,0.0,0.0,False
43,24,9,zero-riscy-a-3-c20,0,"{""max_displacement"": 30, ""site_search_window"": 20, ""row_search_window"": 2, ""disallow_one_site_gaps"": true, ""use_diamond_legalizer"": 1, ""disable_window_extension"": true}","{""max_displacement"": 30, ""site_search_window"": 20, ""row_search_window"": 2, ""disallow_one_site_gaps"": false, ""use_diamond_legalizer"": 1, ""disable_window_extension"": false}",VALID,4037614.6,4037614.6,0.0,0.0,0.0,False
43,24,10,zero-riscy-a-3-c20,1,"{""max_displacement"": 30, ""site_search_window"": 20, ""row_search_window"": 2, ""disallow_one_site_gaps"": false, ""use_diamond_legalizer"": 1, ""disable_window_extension"": false}","{""max_displacement"": 40, ""site_search_window"": 30, ""row_search_window"": 4, ""disallow_one_site_gaps"": false, ""use_diamond_legalizer"": 1, ""disable_window_extension"": false}",VALID,4037614.6,4037614.6,0.0,0.0,0.0,True
43,25,1,zero-riscy-b-1-c5,6,"{""max_displacement"": 0, ""site_search_window"": 0, ""row_search_window"": 0, ""disallow_one_site_gaps"": 0, ""use_diamond_legalizer"": 1, ""disable_window_extension"": 0}","{""max_displacement"": 0, ""site_search_window"": 0, ""row_search_window"": 0, ""disallow_one_site_gaps"": 0, ""use_diamond_legalizer"": 1, ""disable_window_extension"": 0}",VALID,2082484.8,2082484.8,0.0,0.0,0.0,False
43,25,2,zero-riscy-b-1-c5,1,"{""max_displacement"": 0, ""site_search_window"": 0, ""row_search_window"": 0, ""disallow_one_site_gaps"": 0, ""use_diamond_legalizer"": 1, ""disable_window_extension"": 0}","{""max_displacement"": 10, ""site_search_window"": 10, ""row_search_window"": 2, ""disallow_one_site_gaps"": 0, ""use_diamond_legalizer"": 1, ""disable_window_extension"": 0}",FAILED,2082484.8,2082484.8,0.0,-100.0,-1.0,False
43,25,3,zero-riscy-b-1-c5,1,"{""max_displacement"": 10, ""site_search_window"": 10, ""row_search_window"": 2, ""disallow_one_site_gaps"": 0, ""use_diamond_legalizer"": 1, ""disable_window_extension"": 0}","{""max_displacement"": 20, ""site_search_window"": 20, ""row_search_window"": 4, ""disallow_one_site_gaps"": 0, ""use_diamond_legalizer"": 1, ""disable_window_extension"": 0}",VALID,2082484.8,2082484.8,0.0,0.0,0.0,False
43,25,4,zero-riscy-b-1-c5,4,"{""max_displacement"": 20, ""site_search_window"": 20, ""row_search_window"": 4, ""disallow_one_site_gaps"": 0, ""use_diamond_legalizer"": 1, ""disable_window_extension"": 0}","{""max_displacement"": 20, ""site_search_window"": 10, ""row_search_window"": 2, ""disallow_one_site_gaps"": 0, ""use_diamond_legalizer"": 1, ""disable_window_extension"": 0}",VALID,2082484.8,2082484.8,0.0,0.0,0.0,False
43,25,5,zero-riscy-b-1-c5,5,"{""max_displacement"": 20, ""site_search_window"": 10, ""row_search_window"": 2, ""disallow_one_site_gaps"": 0, ""use_diamond_legalizer"": 1, ""disable_window_extension"": 0}","{""max_displacement"": 30, ""site_search_window"": 20, ""row_search_window"": 2, ""disallow_one_site_gaps"": 0, ""use_diamond_legalizer"": 1, ""disable_window_extension"": 0}",VALID,2082484.8,2082484.8,0.0,0.0,0.0,False
43,25,6,zero-riscy-b-1-c5,2,"{""max_displacement"": 30, ""site_search_window"": 20, ""row_search_window"": 2, ""disallow_one_site_gaps"": 0, ""use_diamond_legalizer"": 1, ""disable_window_extension"": 0}","{""max_displacement"": 20, ""site_search_window"": 10, ""row_search_window"": 0, ""disallow_one_site_gaps"": 0, ""use_diamond_legalizer"": 1, ""disable_window_extension"": 0}",VALID,2082484.8,2082484.8,0.0,0.0,0.0,False
43,25,7,zero-riscy-b-1-c5,2,"{""max_displacement"": 20, ""site_search_window"": 10, ""row_search_window"": 0, ""disallow_one_site_gaps"": 0, ""use_diamond_legalizer"": 1, ""disable_window_extension"": 0}","{""max_displacement"": 10, ""site_search_window"": 0, ""row_search_window"": 0, ""disallow_one_site_gaps"": 0, ""use_diamond_legalizer"": 1, ""disable_window_extension"": 0}",FAILED,2082484.8,2082484.8,0.0,-100.0,-1.0,False
43,25,8,zero-riscy-b-1-c5,7,"{""max_displacement"": 10, ""site_search_window"": 0, ""row_search_window"": 0, ""disallow_one_site_gaps"": 0, ""use_diamond_legalizer"": 1, ""disable_window_extension"": 0}","{""max_displacement"": 10, ""site_search_window"": 0, ""row_search_window"": 0, ""disallow_one_site_gaps"": 0, ""use_diamond_legalizer"": 1, ""disable_window_extension"": 0}",FAILED,2082484.8,2082484.8,0.0,-100.0,-1.0,False
43,25,9,zero-riscy-b-1-c5,6,"{""max_displacement"": 10, ""site_search_window"": 0, ""row_search_window"": 0, ""disallow_one_site_gaps"": 0, ""use_diamond_legalizer"": 1, ""disable_window_extension"": 0}","{""max_displacement"": 0, ""site_search_window"": 0, ""row_search_window"": 0, ""disallow_one_site_gaps"": 0, ""use_diamond_legalizer"": 1, ""disable_window_extension"": 0}",VALID,2082484.8,2082484.8,0.0,0.0,0.0,False
43,25,10,zero-riscy-b-1-c5,6,"{""max_displacement"": 0, ""site_search_window"": 0, ""row_search_window"": 0, ""disallow_one_site_gaps"": 0, ""use_diamond_legalizer"": 1, ""disable_window_extension"": 0}","{""max_displacement"": 0, ""site_search_window"": 0, ""row_search_window"": 0, ""disallow_one_site_gaps"": 0, ""use_diamond_legalizer"": 1, ""disable_window_extension"": 0}",VALID,2082484.8,2082484.8,0.0,0.0,0.0,True
43,26,1,zero-riscy-a-1-c5,6,"{""max_displacement"": 0, ""site_search_window"": 0, ""row_search_window"": 0, ""disallow_one_site_gaps"": 0, ""use_diamond_legalizer"": 1, ""disable_window_extension"": 0}","{""max_displacement"": 0, ""site_search_window"": 0, ""row_search_window"": 0, ""disallow_one_site_gaps"": 0, ""use_diamond_legalizer"": 1, ""disable_window_extension"": 0}",VALID,3677735.1,3677735.1,0.0,0.0,0.0,False
43,26,2,zero-riscy-a-1-c5,7,"{""max_displacement"": 0, ""site_search_window"": 0, ""row_search_window"": 0, ""disallow_one_site_gaps"": 0, ""use_diamond_legalizer"": 1, ""disable_window_extension"": 0}","{""max_displacement"": 0, ""site_search_window"": 0, ""row_search_window"": 0, ""disallow_one_site_gaps"": 0, ""use_diamond_legalizer"": 1, ""disable_window_extension"": 0}",VALID,3677735.1,3677735.1,0.0,0.0,0.0,False
43,26,3,zero-riscy-a-1-c5,2,"{""max_displacement"": 0, ""site_search_window"": 0, ""row_search_window"": 0, ""disallow_one_site_gaps"": 0, ""use_diamond_legalizer"": 1, ""disable_window_extension"": 0}","{""max_displacement"": 0, ""site_search_window"": 0, ""row_search_window"": 0, ""disallow_one_site_gaps"": 0, ""use_diamond_legalizer"": 1, ""disable_window_extension"": 0}",VALID,3677735.1,3677735.1,0.0,0.0,0.0,False
43,26,4,zero-riscy-a-1-c5,2,"{""max_displacement"": 0, ""site_search_window"": 0, ""row_search_window"": 0, ""disallow_one_site_gaps"": 0, ""use_diamond_legalizer"": 1, ""disable_window_extension"": 0}","{""max_displacement"": 0, ""site_search_window"": 0, ""row_search_window"": 0, ""disallow_one_site_gaps"": 0, ""use_diamond_legalizer"": 1, ""disable_window_extension"": 0}",VALID,3677735.1,3677735.1,0.0,0.0,0.0,False
43,26,5,zero-riscy-a-1-c5,3,"{""max_displacement"": 0, ""site_search_window"": 0, ""row_search_window"": 0, ""disallow_one_site_gaps"": 0, ""use_diamond_legalizer"": 1, ""disable_window_extension"": 0}","{""max_displacement"": 0, ""site_search_window"": 10, ""row_search_window"": 2, ""disallow_one_site_gaps"": 0, ""use_diamond_legalizer"": 1, ""disable_window_extension"": 0}",VALID,3677735.1,3677735.1,0.0,0.0,0.0,False
43,26,6,zero-riscy-a-1-c5,4,"{""max_displacement"": 0, ""site_search_window"": 10, ""row_search_window"": 2, ""disallow_one_site_gaps"": 0, ""use_diamond_legalizer"": 1, ""disable_window_extension"": 0}","{""max_displacement"": 0, ""site_search_window"": 0, ""row_search_window"": 0, ""disallow_one_site_gaps"": 0, ""use_diamond_legalizer"": 1, ""disable_window_extension"": 0}",VALID,3677735.1,3677735.1,0.0,0.0,0.0,False
43,26,7,zero-riscy-a-1-c5,1,"{""max_displacement"": 0, ""site_search_window"": 0, ""row_search_window"": 0, ""disallow_one_site_gaps"": 0, ""use_diamond_legalizer"": 1, ""disable_window_extension"": 0}","{""max_displacement"": 10, ""site_search_window"": 10, ""row_search_window"": 2, ""disallow_one_site_gaps"": 0, ""use_diamond_legalizer"": 1, ""disable_window_extension"": 0}",VALID,3677735.1,3677735.1,0.0,0.0,0.0,False
43,26,8,zero-riscy-a-1-c5,2,"{""max_displacement"": 10, ""site_search_window"": 10, ""row_search_window"": 2, ""disallow_one_site_gaps"": 0, ""use_diamond_legalizer"": 1, ""disable_window_extension"": 0}","{""max_displacement"": 0, ""site_search_window"": 0, ""row_search_window"": 0, ""disallow_one_site_gaps"": 0, ""use_diamond_legalizer"": 1, ""disable_window_extension"": 0}",VALID,3677735.1,3677735.1,0.0,0.0,0.0,False
43,26,9,zero-riscy-a-1-c5,4,"{""max_displacement"": 0, ""site_search_window"": 0, ""row_search_window"": 0, ""disallow_one_site_gaps"": 0, ""use_diamond_legalizer"": 1, ""disable_window_extension"": 0}","{""max_displacement"": 0, ""site_search_window"": 0, ""row_search_window"": 0, ""disallow_one_site_gaps"": 0, ""use_diamond_legalizer"": 1, ""disable_window_extension"": 0}",VALID,3677735.1,3677735.1,0.0,0.0,0.0,False
43,26,10,zero-riscy-a-1-c5,3,"{""max_displacement"": 0, ""site_search_window"": 0, ""row_search_window"": 0, ""disallow_one_site_gaps"": 0, ""use_diamond_legalizer"": 1, ""disable_window_extension"": 0}","{""max_displacement"": 0, ""site_search_window"": 10, ""row_search_window"": 2, ""disallow_one_site_gaps"": 0, ""use_diamond_legalizer"": 1, ""disable_window_extension"": 0}",VALID,3677735.1,3677735.1,0.0,0.0,0.0,True
43,27,1,RISCY-FPU-a-2-c2,5,"{""max_displacement"": 0, ""site_search_window"": 0, ""row_search_window"": 0, ""disallow_one_site_gaps"": 0, ""use_diamond_legalizer"": 1, ""disable_window_extension"": 0}","{""max_displacement"": 10, ""site_search_window"": 10, ""row_search_window"": 0, ""disallow_one_site_gaps"": 0, ""use_diamond_legalizer"": 1, ""disable_window_extension"": 0}",FAILED,10810430.6,10810430.6,0.0,-100.0,-1.0,False
43,27,2,RISCY-FPU-a-2-c2,1,"{""max_displacement"": 10, ""site_search_window"": 10, ""row_search_window"": 0, ""disallow_one_site_gaps"": 0, ""use_diamond_legalizer"": 1, ""disable_window_extension"": 0}","{""max_displacement"": 20, ""site_search_window"": 20, ""row_search_window"": 2, ""disallow_one_site_gaps"": 0, ""use_diamond_legalizer"": 1, ""disable_window_extension"": 0}",FAILED,10810430.6,10810430.6,0.0,-100.0,-1.0,False
43,27,3,RISCY-FPU-a-2-c2,5,"{""max_displacement"": 20, ""site_search_window"": 20, ""row_search_window"": 2, ""disallow_one_site_gaps"": 0, ""use_diamond_legalizer"": 1, ""disable_window_extension"": 0}","{""max_displacement"": 30, ""site_search_window"": 30, ""row_search_window"": 2, ""disallow_one_site_gaps"": 0, ""use_diamond_legalizer"": 1, ""disable_window_extension"": 0}",FAILED,10810430.6,10810430.6,0.0,-100.0,-1.0,False
43,27,4,RISCY-FPU-a-2-c2,7,"{""max_displacement"": 30, ""site_search_window"": 30, ""row_search_window"": 2, ""disallow_one_site_gaps"": 0, ""use_diamond_legalizer"": 1, ""disable_window_extension"": 0}","{""max_displacement"": 30, ""site_search_window"": 30, ""row_search_window"": 2, ""disallow_one_site_gaps"": 0, ""use_diamond_legalizer"": 1, ""disable_window_extension"": 0}",FAILED,10810430.6,10810430.6,0.0,-100.0,-1.0,False
43,27,5,RISCY-FPU-a-2-c2,3,"{""max_displacement"": 30, ""site_search_window"": 30, ""row_search_window"": 2, ""disallow_one_site_gaps"": 0, ""use_diamond_legalizer"": 1, ""disable_window_extension"": 0}","{""max_displacement"": 30, ""site_search_window"": 40, ""row_search_window"": 4, ""disallow_one_site_gaps"": 0, ""use_diamond_legalizer"": 1, ""disable_window_extension"": 0}",FAILED,10810430.6,10810430.6,0.0,-100.0,-1.0,False
43,27,6,RISCY-FPU-a-2-c2,3,"{""max_displacement"": 30, ""site_search_window"": 40, ""row_search_window"": 4, ""disallow_one_site_gaps"": 0, ""use_diamond_legalizer"": 1, ""disable_window_extension"": 0}","{""max_displacement"": 30, ""site_search_window"": 50, ""row_search_window"": 6, ""disallow_one_site_gaps"": 0, ""use_diamond_legalizer"": 1, ""disable_window_extension"": 0}",FAILED,10810430.6,10810430.6,0.0,-100.0,-1.0,False
43,27,7,RISCY-FPU-a-2-c2,7,"{""max_displacement"": 30, ""site_search_window"": 50, ""row_search_window"": 6, ""disallow_one_site_gaps"": 0, ""use_diamond_legalizer"": 1, ""disable_window_extension"": 0}","{""max_displacement"": 30, ""site_search_window"": 50, ""row_search_window"": 6, ""disallow_one_site_gaps"": 0, ""use_diamond_legalizer"": 1, ""disable_window_extension"": 0}",FAILED,10810430.6,10810430.6,0.0,-100.0,-1.0,False
43,27,8,RISCY-FPU-a-2-c2,1,"{""max_displacement"": 30, ""site_search_window"": 50, ""row_search_window"": 6, ""disallow_one_site_gaps"": 0, ""use_diamond_legalizer"": 1, ""disable_window_extension"": 0}","{""max_displacement"": 40, ""site_search_window"": 60, ""row_search_window"": 8, ""disallow_one_site_gaps"": 0, ""use_diamond_legalizer"": 1, ""disable_window_extension"": 0}",FAILED,10810430.6,10810430.6,0.0,-100.0,-1.0,False
43,27,9,RISCY-FPU-a-2-c2,6,"{""max_displacement"": 40, ""site_search_window"": 60, ""row_search_window"": 8, ""disallow_one_site_gaps"": 0, ""use_diamond_legalizer"": 1, ""disable_window_extension"": 0}","{""max_displacement"": 30, ""site_search_window"": 50, ""row_search_window"": 8, ""disallow_one_site_gaps"": 0, ""use_diamond_legalizer"": 1, ""disable_window_extension"": 0}",FAILED,10810430.6,10810430.6,0.0,-100.0,-1.0,False
43,27,10,RISCY-FPU-a-2-c2,7,"{""max_displacement"": 30, ""site_search_window"": 50, ""row_search_window"": 8, ""disallow_one_site_gaps"": 0, ""use_diamond_legalizer"": 1, ""disable_window_extension"": 0}","{""max_displacement"": 30, ""site_search_window"": 50, ""row_search_window"": 8, ""disallow_one_site_gaps"": 0, ""use_diamond_legalizer"": 1, ""disable_window_extension"": 0}",FAILED,10810430.6,10810430.6,0.0,-100.0,-1.0,True
43,28,1,RISCY-a-2-c5,2,"{""max_displacement"": 0, ""site_search_window"": 0, ""row_search_window"": 0, ""disallow_one_site_gaps"": 0, ""use_diamond_legalizer"": 1, ""disable_window_extension"": 0}","{""max_displacement"": 0, ""site_search_window"": 0, ""row_search_window"": 0, ""disallow_one_site_gaps"": 0, ""use_diamond_legalizer"": 1, ""disable_window_extension"": 0}",VALID,4814393.9,4814393.9,0.0,0.0,0.0,False
43,28,2,RISCY-a-2-c5,3,"{""max_displacement"": 0, ""site_search_window"": 0, ""row_search_window"": 0, ""disallow_one_site_gaps"": 0, ""use_diamond_legalizer"": 1, ""disable_window_extension"": 0}","{""max_displacement"": 0, ""site_search_window"": 10, ""row_search_window"": 2, ""disallow_one_site_gaps"": 0, ""use_diamond_legalizer"": 1, ""disable_window_extension"": 0}",VALID,4814393.9,4814393.9,0.0,0.0,0.0,False
43,28,3,RISCY-a-2-c5,6,"{""max_displacement"": 0, ""site_search_window"": 10, ""row_search_window"": 2, ""disallow_one_site_gaps"": 0, ""use_diamond_legalizer"": 1, ""disable_window_extension"": 0}","{""max_displacement"": 0, ""site_search_window"": 0, ""row_search_window"": 2, ""disallow_one_site_gaps"": 0, ""use_diamond_legalizer"": 1, ""disable_window_extension"": 0}",VALID,4814393.9,4814393.9,0.0,0.0,0.0,False
43,28,4,RISCY-a-2-c5,1,"{""max_displacement"": 0, ""site_search_window"": 0, ""row_search_window"": 2, ""disallow_one_site_gaps"": 0, ""use_diamond_legalizer"": 1, ""disable_window_extension"": 0}","{""max_displacement"": 10, ""site_search_window"": 10, ""row_search_window"": 4, ""disallow_one_site_gaps"": 0, ""use_diamond_legalizer"": 1, ""disable_window_extension"": 0}",VALID,4814393.9,4814393.9,0.0,0.0,0.0,False
43,28,5,RISCY-a-2-c5,3,"{""max_displacement"": 10, ""site_search_window"": 10, ""row_search_window"": 4, ""disallow_one_site_gaps"": 0, ""use_diamond_legalizer"": 1, ""disable_window_extension"": 0}","{""max_displacement"": 10, ""site_search_window"": 20, ""row_search_window"": 6, ""disallow_one_site_gaps"": 0, ""use_diamond_legalizer"": 1, ""disable_window_extension"": 0}",VALID,4814393.9,4814393.9,0.0,0.0,0.0,False
43,28,6,RISCY-a-2-c5,6,"{""max_displacement"": 10, ""site_search_window"": 20, ""row_search_window"": 6, ""disallow_one_site_gaps"": 0, ""use_diamond_legalizer"": 1, ""disable_window_extension"": 0}","{""max_displacement"": 0, ""site_search_window"": 10, ""row_search_window"": 6, ""disallow_one_site_gaps"": 0, ""use_diamond_legalizer"": 1, ""disable_window_extension"": 0}",VALID,4814393.9,4814393.9,0.0,0.0,0.0,False
43,28,7,RISCY-a-2-c5,2,"{""max_displacement"": 0, ""site_search_window"": 10, ""row_search_window"": 6, ""disallow_one_site_gaps"": 0, ""use_diamond_legalizer"": 1, ""disable_window_extension"": 0}","{""max_displacement"": 0, ""site_search_window"": 0, ""row_search_window"": 4, ""disallow_one_site_gaps"": 0, ""use_diamond_legalizer"": 1, ""disable_window_extension"": 0}",VALID,4814393.9,4814393.9,0.0,0.0,0.0,False
43,28,8,RISCY-a-2-c5,3,"{""max_displacement"": 0, ""site_search_window"": 0, ""row_search_window"": 4, ""disallow_one_site_gaps"": 0, ""use_diamond_legalizer"": 1, ""disable_window_extension"": 0}","{""max_displacement"": 0, ""site_search_window"": 10, ""row_search_window"": 6, ""disallow_one_site_gaps"": 0, ""use_diamond_legalizer"": 1, ""disable_window_extension"": 0}",VALID,4814393.9,4814393.9,0.0,0.0,0.0,False
43,28,9,RISCY-a-2-c5,2,"{""max_displacement"": 0, ""site_search_window"": 10, ""row_search_window"": 6, ""disallow_one_site_gaps"": 0, ""use_diamond_legalizer"": 1, ""disable_window_extension"": 0}","{""max_displacement"": 0, ""site_search_window"": 0, ""row_search_window"": 4, ""disallow_one_site_gaps"": 0, ""use_diamond_legalizer"": 1, ""disable_window_extension"": 0}",VALID,4814393.9,4814393.9,0.0,0.0,0.0,False
43,28,10,RISCY-a-2-c5,7,"{""max_displacement"": 0, ""site_search_window"": 0, ""row_search_window"": 4, ""disallow_one_site_gaps"": 0, ""use_diamond_legalizer"": 1, ""disable_window_extension"": 0}","{""max_displacement"": 0, ""site_search_window"": 0, ""row_search_window"": 4, ""disallow_one_site_gaps"": 0, ""use_diamond_legalizer"": 1, ""disable_window_extension"": 0}",VALID,4814393.9,4814393.9,0.0,0.0,0.0,True
43,29,1,RISCY-a-3-c5,5,"{""max_displacement"": 0, ""site_search_window"": 0, ""row_search_window"": 0, ""disallow_one_site_gaps"": 0, ""use_diamond_legalizer"": 1, ""disable_window_extension"": 0}","{""max_displacement"": 10, ""site_search_window"": 10, ""row_search_window"": 0, ""disallow_one_site_gaps"": 0, ""use_diamond_legalizer"": 1, ""disable_window_extension"": 0}",FAILED,5599044.1,5599044.1,0.0,-100.0,-1.0,False
43,29,2,RISCY-a-3-c5,4,"{""max_displacement"": 10, ""site_search_window"": 10, ""row_search_window"": 0, ""disallow_one_site_gaps"": 0, ""use_diamond_legalizer"": 1, ""disable_window_extension"": 0}","{""max_displacement"": 10, ""site_search_window"": 0, ""row_search_window"": 0, ""disallow_one_site_gaps"": 0, ""use_diamond_legalizer"": 1, ""disable_window_extension"": 0}",FAILED,5599044.1,5599044.1,0.0,-100.0,-1.0,False
43,29,3,RISCY-a-3-c5,6,"{""max_displacement"": 10, ""site_search_window"": 0, ""row_search_window"": 0, ""disallow_one_site_gaps"": 0, ""use_diamond_legalizer"": 1, ""disable_window_extension"": 0}","{""max_displacement"": 0, ""site_search_window"": 0, ""row_search_window"": 0, ""disallow_one_site_gaps"": 0, ""use_diamond_legalizer"": 1, ""disable_window_extension"": 0}",VALID,5599044.1,5599044.1,0.0,0.0,0.0,False
43,29,4,RISCY-a-3-c5,4,"{""max_displacement"": 0, ""site_search_window"": 0, ""row_search_window"": 0, ""disallow_one_site_gaps"": 0, ""use_diamond_legalizer"": 1, ""disable_window_extension"": 0}","{""max_displacement"": 0, ""site_search_window"": 0, ""row_search_window"": 0, ""disallow_one_site_gaps"": 0, ""use_diamond_legalizer"": 1, ""disable_window_extension"": 0}",VALID,5599044.1,5599044.1,0.0,0.0,0.0,False
43,29,5,RISCY-a-3-c5,1,"{""max_displacement"": 0, ""site_search_window"": 0, ""row_search_window"": 0, ""disallow_one_site_gaps"": 0, ""use_diamond_legalizer"": 1, ""disable_window_extension"": 0}","{""max_displacement"": 10, ""site_search_window"": 10, ""row_search_window"": 2, ""disallow_one_site_gaps"": 0, ""use_diamond_legalizer"": 1, ""disable_window_extension"": 0}",FAILED,5599044.1,5599044.1,0.0,-100.0,-1.0,False
43,29,6,RISCY-a-3-c5,0,"{""max_displacement"": 10, ""site_search_window"": 10, ""row_search_window"": 2, ""disallow_one_site_gaps"": 0, ""use_diamond_legalizer"": 1, ""disable_window_extension"": 0}","{""max_displacement"": 10, ""site_search_window"": 10, ""row_search_window"": 2, ""disallow_one_site_gaps"": true, ""use_diamond_legalizer"": 1, ""disable_window_extension"": true}",FAILED,5599044.1,5599044.1,0.0,-100.0,-1.0,False
43,29,7,RISCY-a-3-c5,0,"{""max_displacement"": 10, ""site_search_window"": 10, ""row_search_window"": 2, ""disallow_one_site_gaps"": true, ""use_diamond_legalizer"": 1, ""disable_window_extension"": true}","{""max_displacement"": 10, ""site_search_window"": 10, ""row_search_window"": 2, ""disallow_one_site_gaps"": false, ""use_diamond_legalizer"": 1, ""disable_window_extension"": false}",FAILED,5599044.1,5599044.1,0.0,-100.0,-1.0,False
43,29,8,RISCY-a-3-c5,0,"{""max_displacement"": 10, ""site_search_window"": 10, ""row_search_window"": 2, ""disallow_one_site_gaps"": false, ""use_diamond_legalizer"": 1, ""disable_window_extension"": false}","{""max_displacement"": 10, ""site_search_window"": 10, ""row_search_window"": 2, ""disallow_one_site_gaps"": true, ""use_diamond_legalizer"": 1, ""disable_window_extension"": true}",FAILED,5599044.1,5599044.1,0.0,-100.0,-1.0,False
43,29,9,RISCY-a-3-c5,3,"{""max_displacement"": 10, ""site_search_window"": 10, ""row_search_window"": 2, ""disallow_one_site_gaps"": true, ""use_diamond_legalizer"": 1, ""disable_window_extension"": true}","{""max_displacement"": 10, ""site_search_window"": 20, ""row_search_window"": 4, ""disallow_one_site_gaps"": true, ""use_diamond_legalizer"": 1, ""disable_window_extension"": true}",FAILED,5599044.1,5599044.1,0.0,-100.0,-1.0,False
43,29,10,RISCY-a-3-c5,7,"{""max_displacement"": 10, ""site_search_window"": 20, ""row_search_window"": 4, ""disallow_one_site_gaps"": true, ""use_diamond_legalizer"": 1, ""disable_window_extension"": true}","{""max_displacement"": 10, ""site_search_window"": 20, ""row_search_window"": 4, ""disallow_one_site_gaps"": true, ""use_diamond_legalizer"": 1, ""disable_window_extension"": true}",FAILED,5599044.1,5599044.1,0.0,-100.0,-1.0,True
43,30,1,RISCY-FPU-b-3-c2,0,"{""max_displacement"": 0, ""site_search_window"": 0, ""row_search_window"": 0, ""disallow_one_site_gaps"": 0, ""use_diamond_legalizer"": 1, ""disable_window_extension"": 0}","{""max_displacement"": 0, ""site_search_window"": 0, ""row_search_window"": 0, ""disallow_one_site_gaps"": true, ""use_diamond_legalizer"": 1, ""disable_window_extension"": true}",VALID,6781434.9,6781434.9,0.0,0.0,0.0,False
43,30,2,RISCY-FPU-b-3-c2,0,"{""max_displacement"": 0, ""site_search_window"": 0, ""row_search_window"": 0, ""disallow_one_site_gaps"": true, ""use_diamond_legalizer"": 1, ""disable_window_extension"": true}","{""max_displacement"": 0, ""site_search_window"": 0, ""row_search_window"": 0, ""disallow_one_site_gaps"": false, ""use_diamond_legalizer"": 1, ""disable_window_extension"": false}",VALID,6781434.9,6781434.9,0.0,0.0,0.0,False
43,30,3,RISCY-FPU-b-3-c2,2,"{""max_displacement"": 0, ""site_search_window"": 0, ""row_search_window"": 0, ""disallow_one_site_gaps"": false, ""use_diamond_legalizer"": 1, ""disable_window_extension"": false}","{""max_displacement"": 0, ""site_search_window"": 0, ""row_search_window"": 0, ""disallow_one_site_gaps"": false, ""use_diamond_legalizer"": 1, ""disable_window_extension"": false}",VALID,6781434.9,6781434.9,0.0,0.0,0.0,False
43,30,4,RISCY-FPU-b-3-c2,2,"{""max_displacement"": 0, ""site_search_window"": 0, ""row_search_window"": 0, ""disallow_one_site_gaps"": false, ""use_diamond_legalizer"": 1, ""disable_window_extension"": false}","{""max_displacement"": 0, ""site_search_window"": 0, ""row_search_window"": 0, ""disallow_one_site_gaps"": false, ""use_diamond_legalizer"": 1, ""disable_window_extension"": false}",VALID,6781434.9,6781434.9,0.0,0.0,0.0,False
43,30,5,RISCY-FPU-b-3-c2,6,"{""max_displacement"": 0, ""site_search_window"": 0, ""row_search_window"": 0, ""disallow_one_site_gaps"": false, ""use_diamond_legalizer"": 1, ""disable_window_extension"": false}","{""max_displacement"": 0, ""site_search_window"": 0, ""row_search_window"": 0, ""disallow_one_site_gaps"": false, ""use_diamond_legalizer"": 1, ""disable_window_extension"": false}",VALID,6781434.9,6781434.9,0.0,0.0,0.0,False
43,30,6,RISCY-FPU-b-3-c2,5,"{""max_displacement"": 0, ""site_search_window"": 0, ""row_search_window"": 0, ""disallow_one_site_gaps"": false, ""use_diamond_legalizer"": 1, ""disable_window_extension"": false}","{""max_displacement"": 10, ""site_search_window"": 10, ""row_search_window"": 0, ""disallow_one_site_gaps"": false, ""use_diamond_legalizer"": 1, ""disable_window_extension"": false}",FAILED,6781434.9,6781434.9,0.0,-100.0,-1.0,False
43,30,7,RISCY-FPU-b-3-c2,3,"{""max_displacement"": 10, ""site_search_window"": 10, ""row_search_window"": 0, ""disallow_one_site_gaps"": false, ""use_diamond_legalizer"": 1, ""disable_window_extension"": false}","{""max_displacement"": 10, ""site_search_window"": 20, ""row_search_window"": 2, ""disallow_one_site_gaps"": false, ""use_diamond_legalizer"": 1, ""disable_window_extension"": false}",FAILED,6781434.9,6781434.9,0.0,-100.0,-1.0,False
43,30,8,RISCY-FPU-b-3-c2,3,"{""max_displacement"": 10, ""site_search_window"": 20, ""row_search_window"": 2, ""disallow_one_site_gaps"": false, ""use_diamond_legalizer"": 1, ""disable_window_extension"": false}","{""max_displacement"": 10, ""site_search_window"": 30, ""row_search_window"": 4, ""disallow_one_site_gaps"": false, ""use_diamond_legalizer"": 1, ""disable_window_extension"": false}",FAILED,6781434.9,6781434.9,0.0,-100.0,-1.0,False
43,30,9,RISCY-FPU-b-3-c2,4,"{""max_displacement"": 10, ""site_search_window"": 30, ""row_search_window"": 4, ""disallow_one_site_gaps"": false, ""use_diamond_legalizer"": 1, ""disable_window_extension"": false}","{""max_displacement"": 10, ""site_search_window"": 20, ""row_search_window"": 2, ""disallow_one_site_gaps"": false, ""use_diamond_legalizer"": 1, ""disable_window_extension"": false}",FAILED,6781434.9,6781434.9,0.0,-100.0,-1.0,False
43,30,10,RISCY-FPU-b-3-c2,5,"{""max_displacement"": 10, ""site_search_window"": 20, ""row_search_window"": 2, ""disallow_one_site_gaps"": false, ""use_diamond_legalizer"": 1, ""disable_window_extension"": false}","{""max_displacement"": 20, ""site_search_window"": 30, ""row_search_window"": 2, ""disallow_one_site_gaps"": false, ""use_diamond_legalizer"": 1, ""disable_window_extension"": false}",FAILED,6781434.9,6781434.9,0.0,-100.0,-1.0,True
43,31,1,RISCY-b-2-c2,6,"{""max_displacement"": 0, ""site_search_window"": 0, ""row_search_window"": 0, ""disallow_one_site_gaps"": 0, ""use_diamond_legalizer"": 1, ""disable_window_extension"": 0}","{""max_displacement"": 0, ""site_search_window"": 0, ""row_search_window"": 0, ""disallow_one_site_gaps"": 0, ""use_diamond_legalizer"": 1, ""disable_window_extension"": 0}",VALID,3574287.5,3574287.5,0.0,0.0,0.0,False
43,31,2,RISCY-b-2-c2,3,"{""max_displacement"": 0, ""site_search_window"": 0, ""row_search_window"": 0, ""disallow_one_site_gaps"": 0, ""use_diamond_legalizer"": 1, ""disable_window_extension"": 0}","{""max_displacement"": 0, ""site_search_window"": 10, ""row_search_window"": 2, ""disallow_one_site_gaps"": 0, ""use_diamond_legalizer"": 1, ""disable_window_extension"": 0}",VALID,3574287.5,3574287.5,0.0,0.0,0.0,False
43,31,3,RISCY-b-2-c2,2,"{""max_displacement"": 0, ""site_search_window"": 10, ""row_search_window"": 2, ""disallow_one_site_gaps"": 0, ""use_diamond_legalizer"": 1, ""disable_window_extension"": 0}","{""max_displacement"": 0, ""site_search_window"": 0, ""row_search_window"": 0, ""disallow_one_site_gaps"": 0, ""use_diamond_legalizer"": 1, ""disable_window_extension"": 0}",VALID,3574287.5,3574287.5,0.0,0.0,0.0,False
43,31,4,RISCY-b-2-c2,7,"{""max_displacement"": 0, ""site_search_window"": 0, ""row_search_window"": 0, ""disallow_one_site_gaps"": 0, ""use_diamond_legalizer"": 1, ""disable_window_extension"": 0}","{""max_displacement"": 0, ""site_search_window"": 0, ""row_search_window"": 0, ""disallow_one_site_gaps"": 0, ""use_diamond_legalizer"": 1, ""disable_window_extension"": 0}",VALID,3574287.5,3574287.5,0.0,0.0,0.0,False
43,31,5,RISCY-b-2-c2,3,"{""max_displacement"": 0, ""site_search_window"": 0, ""row_search_window"": 0, ""disallow_one_site_gaps"": 0, ""use_diamond_legalizer"": 1, ""disable_window_extension"": 0}","{""max_displacement"": 0, ""site_search_window"": 10, ""row_search_window"": 2, ""disallow_one_site_gaps"": 0, ""use_diamond_legalizer"": 1, ""disable_window_extension"": 0}",VALID,3574287.5,3574287.5,0.0,0.0,0.0,False
43,31,6,RISCY-b-2-c2,2,"{""max_displacement"": 0, ""site_search_window"": 10, ""row_search_window"": 2, ""disallow_one_site_gaps"": 0, ""use_diamond_legalizer"": 1, ""disable_window_extension"": 0}","{""max_displacement"": 0, ""site_search_window"": 0, ""row_search_window"": 0, ""disallow_one_site_gaps"": 0, ""use_diamond_legalizer"": 1, ""disable_window_extension"": 0}",VALID,3574287.5,3574287.5,0.0,0.0,0.0,False
43,31,7,RISCY-b-2-c2,2,"{""max_displacement"": 0, ""site_search_window"": 0, ""row_search_window"": 0, ""disallow_one_site_gaps"": 0, ""use_diamond_legalizer"": 1, ""disable_window_extension"": 0}","{""max_displacement"": 0, ""site_search_window"": 0, ""row_search_window"": 0, ""disallow_one_site_gaps"": 0, ""use_diamond_legalizer"": 1, ""disable_window_extension"": 0}",VALID,3574287.5,3574287.5,0.0,0.0,0.0,False
43,31,8,RISCY-b-2-c2,6,"{""max_displacement"": 0, ""site_search_window"": 0, ""row_search_window"": 0, ""disallow_one_site_gaps"": 0, ""use_diamond_legalizer"": 1, ""disable_window_extension"": 0}","{""max_displacement"": 0, ""site_search_window"": 0, ""row_search_window"": 0, ""disallow_one_site_gaps"": 0, ""use_diamond_legalizer"": 1, ""disable_window_extension"": 0}",VALID,3574287.5,3574287.5,0.0,0.0,0.0,False
43,31,9,RISCY-b-2-c2,2,"{""max_displacement"": 0, ""site_search_window"": 0, ""row_search_window"": 0, ""disallow_one_site_gaps"": 0, ""use_diamond_legalizer"": 1, ""disable_window_extension"": 0}","{""max_displacement"": 0, ""site_search_window"": 0, ""row_search_window"": 0, ""disallow_one_site_gaps"": 0, ""use_diamond_legalizer"": 1, ""disable_window_extension"": 0}",VALID,3574287.5,3574287.5,0.0,0.0,0.0,False
43,31,10,RISCY-b-2-c2,1,"{""max_displacement"": 0, ""site_search_window"": 0, ""row_search_window"": 0, ""disallow_one_site_gaps"": 0, ""use_diamond_legalizer"": 1, ""disable_window_extension"": 0}","{""max_displacement"": 10, ""site_search_window"": 10, ""row_search_window"": 2, ""disallow_one_site_gaps"": 0, ""use_diamond_legalizer"": 1, ""disable_window_extension"": 0}",FAILED,3574287.5,3574287.5,0.0,-100.0,-1.0,True
43,32,1,zero-riscy-a-2-c2,2,"{""max_displacement"": 0, ""site_search_window"": 0, ""row_search_window"": 0, ""disallow_one_site_gaps"": 0, ""use_diamond_legalizer"": 1, ""disable_window_extension"": 0}","{""max_displacement"": 0, ""site_search_window"": 0, ""row_search_window"": 0, ""disallow_one_site_gaps"": 0, ""use_diamond_legalizer"": 1, ""disable_window_extension"": 0}",VALID,4315225.9,4315225.9,0.0,0.0,0.0,False
43,32,2,zero-riscy-a-2-c2,5,"{""max_displacement"": 0, ""site_search_window"": 0, ""row_search_window"": 0, ""disallow_one_site_gaps"": 0, ""use_diamond_legalizer"": 1, ""disable_window_extension"": 0}","{""max_displacement"": 10, ""site_search_window"": 10, ""row_search_window"": 0, ""disallow_one_site_gaps"": 0, ""use_diamond_legalizer"": 1, ""disable_window_extension"": 0}",FAILED,4315225.9,4315225.9,0.0,-100.0,-1.0,False
43,32,3,zero-riscy-a-2-c2,1,"{""max_displacement"": 10, ""site_search_window"": 10, ""row_search_window"": 0, ""disallow_one_site_gaps"": 0, ""use_diamond_legalizer"": 1, ""disable_window_extension"": 0}","{""max_displacement"": 20, ""site_search_window"": 20, ""row_search_window"": 2, ""disallow_one_site_gaps"": 0, ""use_diamond_legalizer"": 1, ""disable_window_extension"": 0}",VALID,4315225.9,4315225.9,0.0,0.0,0.0,False
43,32,4,zero-riscy-a-2-c2,3,"{""max_displacement"": 20, ""site_search_window"": 20, ""row_search_window"": 2, ""disallow_one_site_gaps"": 0, ""use_diamond_legalizer"": 1, ""disable_window_extension"": 0}","{""max_displacement"": 20, ""site_search_window"": 30, ""row_search_window"": 4, ""disallow_one_site_gaps"": 0, ""use_diamond_legalizer"": 1, ""disable_window_extension"": 0}",VALID,4315225.9,4315225.9,0.0,0.0,0.0,False
43,32,5,zero-riscy-a-2-c2,6,"{""max_displacement"": 20, ""site_search_window"": 30, ""row_search_window"": 4, ""disallow_one_site_gaps"": 0, ""use_diamond_legalizer"": 1, ""disable_window_extension"": 0}","{""max_displacement"": 10, ""site_search_window"": 20, ""row_search_window"": 4, ""disallow_one_site_gaps"": 0, ""use_diamond_legalizer"": 1, ""disable_window_extension"": 0}",FAILED,4315225.9,4315225.9,0.0,-100.0,-1.0,False
43,32,6,zero-riscy-a-2-c2,4,"{""max_displacement"": 10, ""site_search_window"": 20, ""row_search_window"": 4, ""disallow_one_site_gaps"": 0, ""use_diamond_legalizer"": 1, ""disable_window_extension"": 0}","{""max_displacement"": 10, ""site_search_window"": 10, ""row_search_window"": 2, ""disallow_one_site_gaps"": 0, ""use_diamond_legalizer"": 1, ""disable_window_extension"": 0}",FAILED,4315225.9,4315225.9,0.0,-100.0,-1.0,False
43,32,7,zero-riscy-a-2-c2,4,"{""max_displacement"": 10, ""site_search_window"": 10, ""row_search_window"": 2, ""disallow_one_site_gaps"": 0, ""use_diamond_legalizer"": 1, ""disable_window_extension"": 0}","{""max_displacement"": 10, ""site_search_window"": 0, ""row_search_window"": 0, ""disallow_one_site_gaps"": 0, ""use_diamond_legalizer"": 1, ""disable_window_extension"": 0}",FAILED,4315225.9,4315225.9,0.0,-100.0,-1.0,False
43,32,8,zero-riscy-a-2-c2,0,"{""max_displacement"": 10, ""site_search_window"": 0, ""row_search_window"": 0, ""disallow_one_site_gaps"": 0, ""use_diamond_legalizer"": 1, ""disable_window_extension"": 0}","{""max_displacement"": 10, ""site_search_window"": 0, ""row_search_window"": 0, ""disallow_one_site_gaps"": true, ""use_diamond_legalizer"": 1, ""disable_window_extension"": true}",FAILED,4315225.9,4315225.9,0.0,-100.0,-1.0,False
43,32,9,zero-riscy-a-2-c2,5,"{""max_displacement"": 10, ""site_search_window"": 0, ""row_search_window"": 0, ""disallow_one_site_gaps"": true, ""use_diamond_legalizer"": 1, ""disable_window_extension"": true}","{""max_displacement"": 20, ""site_search_window"": 10, ""row_search_window"": 0, ""disallow_one_site_gaps"": true, ""use_diamond_legalizer"": 1, ""disable_window_extension"": true}",VALID,4315225.9,4315225.9,0.0,0.0,0.0,False
43,32,10,zero-riscy-a-2-c2,0,"{""max_displacement"": 20, ""site_search_window"": 10, ""row_search_window"": 0, ""disallow_one_site_gaps"": true, ""use_diamond_legalizer"": 1, ""disable_window_extension"": true}","{""max_displacement"": 20, ""site_search_window"": 10, ""row_search_window"": 0, ""disallow_one_site_gaps"": false, ""use_diamond_legalizer"": 1, ""disable_window_extension"": false}",VALID,4315225.9,4315225.9,0.0,0.0,0.0,True
43,33,1,RISCY-a-2-c5,6,"{""max_displacement"": 0, ""site_search_window"": 0, ""row_search_window"": 0, ""disallow_one_site_gaps"": 0, ""use_diamond_legalizer"": 1, ""disable_window_extension"": 0}","{""max_displacement"": 0, ""site_search_window"": 0, ""row_search_window"": 0, ""disallow_one_site_gaps"": 0, ""use_diamond_legalizer"": 1, ""disable_window_extension"": 0}",VALID,4814393.9,4814393.9,0.0,0.0,0.0,False
43,33,2,RISCY-a-2-c5,5,"{""max_displacement"": 0, ""site_search_window"": 0, ""row_search_window"": 0, ""disallow_one_site_gaps"": 0, ""use_diamond_legalizer"": 1, ""disable_window_extension"": 0}","{""max_displacement"": 10, ""site_search_window"": 10, ""row_search_window"": 0, ""disallow_one_site_gaps"": 0, ""use_diamond_legalizer"": 1, ""disable_window_extension"": 0}",VALID,4814393.9,4814393.9,0.0,0.0,0.0,False
43,33,3,RISCY-a-2-c5,3,"{""max_displacement"": 10, ""site_search_window"": 10, ""row_search_window"": 0, ""disallow_one_site_gaps"": 0, ""use_diamond_legalizer"": 1, ""disable_window_extension"": 0}","{""max_displacement"": 10, ""site_search_window"": 20, ""row_search_window"": 2, ""disallow_one_site_gaps"": 0, ""use_diamond_legalizer"": 1, ""disable_window_extension"": 0}",VALID,4814393.9,4814393.9,0.0,0.0,0.0,False
43,33,4,RISCY-a-2-c5,2,"{""max_displacement"": 10, ""site_search_window"": 20, ""row_search_window"": 2, ""disallow_one_site_gaps"": 0, ""use_diamond_legalizer"": 1, ""disable_window_extension"": 0}","{""max_displacement"": 0, ""site_search_window"": 10, ""row_search_window"": 0, ""disallow_one_site_gaps"": 0, ""use_diamond_legalizer"": 1, ""disable_window_extension"": 0}",VALID,4814393.9,4814393.9,0.0,0.0,0.0,False
43,33,5,RISCY-a-2-c5,0,"{""max_displacement"": 0, ""site_search_window"": 10, ""row_search_window"": 0, ""disallow_one_site_gaps"": 0, ""use_diamond_legalizer"": 1, ""disable_window_extension"": 0}","{""max_displacement"": 0, ""site_search_window"": 10, ""row_search_window"": 0, ""disallow_one_site_gaps"": true, ""use_diamond_legalizer"": 1, ""disable_window_extension"": true}",VALID,4814393.9,4814393.9,0.0,0.0,0.0,False
43,33,6,RISCY-a-2-c5,7,"{""max_displacement"": 0, ""site_search_window"": 10, ""row_search_window"": 0, ""disallow_one_site_gaps"": true, ""use_diamond_legalizer"": 1, ""disable_window_extension"": true}","{""max_displacement"": 0, ""site_search_window"": 10, ""row_search_window"": 0, ""disallow_one_site_gaps"": true, ""use_diamond_legalizer"": 1, ""disable_window_extension"": true}",VALID,4814393.9,4814393.9,0.0,0.0,0.0,False
43,33,7,RISCY-a-2-c5,0,"{""max_displacement"": 0, ""site_search_window"": 10, ""row_search_window"": 0, ""disallow_one_site_gaps"": true, ""use_diamond_legalizer"": 1, ""disable_window_extension"": true}","{""max_displacement"": 0, ""site_search_window"": 10, ""row_search_window"": 0, ""disallow_one_site_gaps"": false, ""use_diamond_legalizer"": 1, ""disable_window_extension"": false}",VALID,4814393.9,4814393.9,0.0,0.0,0.0,False
43,33,8,RISCY-a-2-c5,3,"{""max_displacement"": 0, ""site_search_window"": 10, ""row_search_window"": 0, ""disallow_one_site_gaps"": false, ""use_diamond_legalizer"": 1, ""disable_window_extension"": false}","{""max_displacement"": 0, ""site_search_window"": 20, ""row_search_window"": 2, ""disallow_one_site_gaps"": false, ""use_diamond_legalizer"": 1, ""disable_window_extension"": false}",VALID,4814393.9,4814393.9,0.0,0.0,0.0,False
43,33,9,RISCY-a-2-c5,3,"{""max_displacement"": 0, ""site_search_window"": 20, ""row_search_window"": 2, ""disallow_one_site_gaps"": false, ""use_diamond_legalizer"": 1, ""disable_window_extension"": false}","{""max_displacement"": 0, ""site_search_window"": 30, ""row_search_window"": 4, ""disallow_one_site_gaps"": false, ""use_diamond_legalizer"": 1, ""disable_window_extension"": false}",VALID,4814393.9,4814393.9,0.0,0.0,0.0,False
43,33,10,RISCY-a-2-c5,5,"{""max_displacement"": 0, ""site_search_window"": 30, ""row_search_window"": 4, ""disallow_one_site_gaps"": false, ""use_diamond_legalizer"": 1, ""disable_window_extension"": false}","{""max_displacement"": 10, ""site_search_window"": 40, ""row_search_window"": 4, ""disallow_one_site_gaps"": false, ""use_diamond_legalizer"": 1, ""disable_window_extension"": false}",VALID,4814393.9,4814393.9,0.0,0.0,0.0,True
43,34,1,RISCY-a-3-c2,0,"{""max_displacement"": 0, ""site_search_window"": 0, ""row_search_window"": 0, ""disallow_one_site_gaps"": 0, ""use_diamond_legalizer"": 1, ""disable_window_extension"": 0}","{""max_displacement"": 0, ""site_search_window"": 0, ""row_search_window"": 0, ""disallow_one_site_gaps"": true, ""use_diamond_legalizer"": 1, ""disable_window_extension"": true}",VALID,5865401.6,5865401.6,0.0,0.0,0.0,False
43,34,2,RISCY-a-3-c2,6,"{""max_displacement"": 0, ""site_search_window"": 0, ""row_search_window"": 0, ""disallow_one_site_gaps"": true, ""use_diamond_legalizer"": 1, ""disable_window_extension"": true}","{""max_displacement"": 0, ""site_search_window"": 0, ""row_search_window"": 0, ""disallow_one_site_gaps"": true, ""use_diamond_legalizer"": 1, ""disable_window_extension"": true}",VALID,5865401.6,5865401.6,0.0,0.0,0.0,False
43,34,3,RISCY-a-3-c2,7,"{""max_displacement"": 0, ""site_search_window"": 0, ""row_search_window"": 0, ""disallow_one_site_gaps"": true, ""use_diamond_legalizer"": 1, ""disable_window_extension"": true}","{""max_displacement"": 0, ""site_search_window"": 0, ""row_search_window"": 0, ""disallow_one_site_gaps"": true, ""use_diamond_legalizer"": 1, ""disable_window_extension"": true}",VALID,5865401.6,5865401.6,0.0,0.0,0.0,False
43,34,4,RISCY-a-3-c2,2,"{""max_displacement"": 0, ""site_search_window"": 0, ""row_search_window"": 0, ""disallow_one_site_gaps"": true, ""use_diamond_legalizer"": 1, ""disable_window_extension"": true}","{""max_displacement"": 0, ""site_search_window"": 0, ""row_search_window"": 0, ""disallow_one_site_gaps"": true, ""use_diamond_legalizer"": 1, ""disable_window_extension"": true}",VALID,5865401.6,5865401.6,0.0,0.0,0.0,False
43,34,5,RISCY-a-3-c2,3,"{""max_displacement"": 0, ""site_search_window"": 0, ""row_search_window"": 0, ""disallow_one_site_gaps"": true, ""use_diamond_legalizer"": 1, ""disable_window_extension"": true}","{""max_displacement"": 0, ""site_search_window"": 10, ""row_search_window"": 2, ""disallow_one_site_gaps"": true, ""use_diamond_legalizer"": 1, ""disable_window_extension"": true}",VALID,5865401.6,5865401.6,0.0,0.0,0.0,False
43,34,6,RISCY-a-3-c2,0,"{""max_displacement"": 0, ""site_search_window"": 10, ""row_search_window"": 2, ""disallow_one_site_gaps"": true, ""use_diamond_legalizer"": 1, ""disable_window_extension"": true}","{""max_displacement"": 0, ""site_search_window"": 10, ""row_search_window"": 2, ""disallow_one_site_gaps"": false, ""use_diamond_legalizer"": 1, ""disable_window_extension"": false}",VALID,5865401.6,5865401.6,0.0,0.0,0.0,False
43,34,7,RISCY-a-3-c2,4,"{""max_displacement"": 0, ""site_search_window"": 10, ""row_search_window"": 2, ""disallow_one_site_gaps"": false, ""use_diamond_legalizer"": 1, ""disable_window_extension"": false}","{""max_displacement"": 0, ""site_search_window"": 0, ""row_search_window"": 0, ""disallow_one_site_gaps"": false, ""use_diamond_legalizer"": 1, ""disable_window_extension"": false}",VALID,5865401.6,5865401.6,0.0,0.0,0.0,False
43,34,8,RISCY-a-3-c2,3,"{""max_displacement"": 0, ""site_search_window"": 0, ""row_search_window"": 0, ""disallow_one_site_gaps"": false, ""use_diamond_legalizer"": 1, ""disable_window_extension"": false}","{""max_displacement"": 0, ""site_search_window"": 10, ""row_search_window"": 2, ""disallow_one_site_gaps"": false, ""use_diamond_legalizer"": 1, ""disable_window_extension"": false}",VALID,5865401.6,5865401.6,0.0,0.0,0.0,False
43,34,9,RISCY-a-3-c2,0,"{""max_displacement"": 0, ""site_search_window"": 10, ""row_search_window"": 2, ""disallow_one_site_gaps"": false, ""use_diamond_legalizer"": 1, ""disable_window_extension"": false}","{""max_displacement"": 0, ""site_search_window"": 10, ""row_search_window"": 2, ""disallow_one_site_gaps"": true, ""use_diamond_legalizer"": 1, ""disable_window_extension"": true}",VALID,5865401.6,5865401.6,0.0,0.0,0.0,False
43,34,10,RISCY-a-3-c2,6,"{""max_displacement"": 0, ""site_search_window"": 10, ""row_search_window"": 2, ""disallow_one_site_gaps"": true, ""use_diamond_legalizer"": 1, ""disable_window_extension"": true}","{""max_displacement"": 0, ""site_search_window"": 0, ""row_search_window"": 2, ""disallow_one_site_gaps"": true, ""use_diamond_legalizer"": 1, ""disable_window_extension"": true}",VALID,5865401.6,5865401.6,0.0,0.0,0.0,True
43,35,1,RISCY-FPU-b-2-c2,5,"{""max_displacement"": 0, ""site_search_window"": 0, ""row_search_window"": 0, ""disallow_one_site_gaps"": 0, ""use_diamond_legalizer"": 1, ""disable_window_extension"": 0}","{""max_displacement"": 10, ""site_search_window"": 10, ""row_search_window"": 0, ""disallow_one_site_gaps"": 0, ""use_diamond_legalizer"": 1, ""disable_window_extension"": 0}",FAILED,6307671.3,6307671.3,0.0,-100.0,-1.0,False
43,35,2,RISCY-FPU-b-2-c2,3,"{""max_displacement"": 10, ""site_search_window"": 10, ""row_search_window"": 0, ""disallow_one_site_gaps"": 0, ""use_diamond_legalizer"": 1, ""disable_window_extension"": 0}","{""max_displacement"": 10, ""site_search_window"": 20, ""row_search_window"": 2, ""disallow_one_site_gaps"": 0, ""use_diamond_legalizer"": 1, ""disable_window_extension"": 0}",FAILED,6307671.3,6307671.3,0.0,-100.0,-1.0,False
43,35,3,RISCY-FPU-b-2-c2,2,"{""max_displacement"": 10, ""site_search_window"": 20, ""row_search_window"": 2, ""disallow_one_site_gaps"": 0, ""use_diamond_legalizer"": 1, ""disable_window_extension"": 0}","{""max_displacement"": 0, ""site_search_window"": 10, ""row_search_window"": 0, ""disallow_one_site_gaps"": 0, ""use_diamond_legalizer"": 1, ""disable_window_extension"": 0}",VALID,6307671.3,6307671.3,0.0,0.0,0.0,False
43,35,4,RISCY-FPU-b-2-c2,4,"{""max_displacement"": 0, ""site_search_window"": 10, ""row_search_window"": 0, ""disallow_one_site_gaps"": 0, ""use_diamond_legalizer"": 1, ""disable_window_extension"": 0}","{""max_displacement"": 0, ""site_search_window"": 0, ""row_search_window"": 0, ""disallow_one_site_gaps"": 0, ""use_diamond_legalizer"": 1, ""disable_window_extension"": 0}",VALID,6307671.3,6307671.3,0.0,0.0,0.0,False
43,35,5,RISCY-FPU-b-2-c2,0,"{""max_displacement"": 0, ""site_search_window"": 0, ""row_search_window"": 0, ""disallow_one_site_gaps"": 0, ""use_diamond_legalizer"": 1, ""disable_window_extension"": 0}","{""max_displacement"": 0, ""site_search_window"": 0, ""row_search_window"": 0, ""disallow_one_site_gaps"": true, ""use_diamond_legalizer"": 1, ""disable_window_extension"": true}",VALID,6307671.3,6307671.3,0.0,0.0,0.0,False
43,35,6,RISCY-FPU-b-2-c2,4,"{""max_displacement"": 0, ""site_search_window"": 0, ""row_search_window"": 0, ""disallow_one_site_gaps"": true, ""use_diamond_legalizer"": 1, ""disable_window_extension"": true}","{""max_displacement"": 0, ""site_search_window"": 0, ""row_search_window"": 0, ""disallow_one_site_gaps"": true, ""use_diamond_legalizer"": 1, ""disable_window_extension"": true}",VALID,6307671.3,6307671.3,0.0,0.0,0.0,False
43,35,7,RISCY-FPU-b-2-c2,4,"{""max_displacement"": 0, ""site_search_window"": 0, ""row_search_window"": 0, ""disallow_one_site_gaps"": true, ""use_diamond_legalizer"": 1, ""disable_window_extension"": true}","{""max_displacement"": 0, ""site_search_window"": 0, ""row_search_window"": 0, ""disallow_one_site_gaps"": true, ""use_diamond_legalizer"": 1, ""disable_window_extension"": true}",VALID,6307671.3,6307671.3,0.0,0.0,0.0,False
43,35,8,RISCY-FPU-b-2-c2,5,"{""max_displacement"": 0, ""site_search_window"": 0, ""row_search_window"": 0, ""disallow_one_site_gaps"": true, ""use_diamond_legalizer"": 1, ""disable_window_extension"": true}","{""max_displacement"": 10, ""site_search_window"": 10, ""row_search_window"": 0, ""disallow_one_site_gaps"": true, ""use_diamond_legalizer"": 1, ""disable_window_extension"": true}",FAILED,6307671.3,6307671.3,0.0,-100.0,-1.0,False
43,35,9,RISCY-FPU-b-2-c2,1,"{""max_displacement"": 10, ""site_search_window"": 10, ""row_search_window"": 0, ""disallow_one_site_gaps"": true, ""use_diamond_legalizer"": 1, ""disable_window_extension"": true}","{""max_displacement"": 20, ""site_search_window"": 20, ""row_search_window"": 2, ""disallow_one_site_gaps"": true, ""use_diamond_legalizer"": 1, ""disable_window_extension"": true}",FAILED,6307671.3,6307671.3,0.0,-100.0,-1.0,False
43,35,10,RISCY-FPU-b-2-c2,7,"{""max_displacement"": 20, ""site_search_window"": 20, ""row_search_window"": 2, ""disallow_one_site_gaps"": true, ""use_diamond_legalizer"": 1, ""disable_window_extension"": true}","{""max_displacement"": 20, ""site_search_window"": 20, ""row_search_window"": 2, ""disallow_one_site_gaps"": true, ""use_diamond_legalizer"": 1, ""disable_window_extension"": true}",FAILED,6307671.3,6307671.3,0.0,-100.0,-1.0,True
43,36,1,RISCY-a-3-c2,3,"{""max_displacement"": 0, ""site_search_window"": 0, ""row_search_window"": 0, ""disallow_one_site_gaps"": 0, ""use_diamond_legalizer"": 1, ""disable_window_extension"": 0}","{""max_displacement"": 0, ""site_search_window"": 10, ""row_search_window"": 2, ""disallow_one_site_gaps"": 0, ""use_diamond_legalizer"": 1, ""disable_window_extension"": 0}",VALID,5865401.6,5865401.6,0.0,0.0,0.0,False
43,36,2,RISCY-a-3-c2,5,"{""max_displacement"": 0, ""site_search_window"": 10, ""row_search_window"": 2, ""disallow_one_site_gaps"": 0, ""use_diamond_legalizer"": 1, ""disable_window_extension"": 0}","{""max_displacement"": 10, ""site_search_window"": 20, ""row_search_window"": 2, ""disallow_one_site_gaps"": 0, ""use_diamond_legalizer"": 1, ""disable_window_extension"": 0}",FAILED,5865401.6,5865401.6,0.0,-100.0,-1.0,False
43,36,3,RISCY-a-3-c2,1,"{""max_displacement"": 10, ""site_search_window"": 20, ""row_search_window"": 2, ""disallow_one_site_gaps"": 0, ""use_diamond_legalizer"": 1, ""disable_window_extension"": 0}","{""max_displacement"": 20, ""site_search_window"": 30, ""row_search_window"": 4, ""disallow_one_site_gaps"": 0, ""use_diamond_legalizer"": 1, ""disable_window_extension"": 0}",VALID,5865401.6,5865401.6,0.0,0.0,0.0,False
43,36,4,RISCY-a-3-c2,2,"{""max_displacement"": 20, ""site_search_window"": 30, ""row_search_window"": 4, ""disallow_one_site_gaps"": 0, ""use_diamond_legalizer"": 1, ""disable_window_extension"": 0}","{""max_displacement"": 10, ""site_search_window"": 20, ""row_search_window"": 2, ""disallow_one_site_gaps"": 0, ""use_diamond_legalizer"": 1, ""disable_window_extension"": 0}",FAILED,5865401.6,5865401.6,0.0,-100.0,-1.0,False
43,36,5,RISCY-a-3-c2,1,"{""max_displacement"": 10, ""site_search_window"": 20, ""row_search_window"": 2, ""disallow_one_site_gaps"": 0, ""use_diamond_legalizer"": 1, ""disable_window_extension"": 0}","{""max_displacement"": 20, ""site_search_window"": 30, ""row_search_window"": 4, ""disallow_one_site_gaps"": 0, ""use_diamond_legalizer"": 1, ""disable_window_extension"": 0}",VALID,5865401.6,5865401.6,0.0,0.0,0.0,False
43,36,6,RISCY-a-3-c2,1,"{""max_displacement"": 20, ""site_search_window"": 30, ""row_search_window"": 4, ""disallow_one_site_gaps"": 0, ""use_diamond_legalizer"": 1, ""disable_window_extension"": 0}","{""max_displacement"": 30, ""site_search_window"": 40, ""row_search_window"": 6, ""disallow_one_site_gaps"": 0, ""use_diamond_legalizer"": 1, ""disable_window_extension"": 0}",VALID,5865401.6,5865401.6,0.0,0.0,0.0,False
43,36,7,RISCY-a-3-c2,0,"{""max_displacement"": 30, ""site_search_window"": 40, ""row_search_window"": 6, ""disallow_one_site_gaps"": 0, ""use_diamond_legalizer"": 1, ""disable_window_extension"": 0}","{""max_displacement"": 30, ""site_search_window"": 40, ""row_search_window"": 6, ""disallow_one_site_gaps"": true, ""use_diamond_legalizer"": 1, ""disable_window_extension"": true}",VALID,5865401.6,5865401.6,0.0,0.0,0.0,False
43,36,8,RISCY-a-3-c2,1,"{""max_displacement"": 30, ""site_search_window"": 40, ""row_search_window"": 6, ""disallow_one_site_gaps"": true, ""use_diamond_legalizer"": 1, ""disable_window_extension"": true}","{""max_displacement"": 40, ""site_search_window"": 50, ""row_search_window"": 8, ""disallow_one_site_gaps"": true, ""use_diamond_legalizer"": 1, ""disable_window_extension"": true}",VALID,5865401.6,5865401.6,0.0,0.0,0.0,False
43,36,9,RISCY-a-3-c2,3,"{""max_displacement"": 40, ""site_search_window"": 50, ""row_search_window"": 8, ""disallow_one_site_gaps"": true, ""use_diamond_legalizer"": 1, ""disable_window_extension"": true}","{""max_displacement"": 40, ""site_search_window"": 60, ""row_search_window"": 10, ""disallow_one_site_gaps"": true, ""use_diamond_legalizer"": 1, ""disable_window_extension"": true}",VALID,5865401.6,5865401.6,0.0,0.0,0.0,False
43,36,10,RISCY-a-3-c2,3,"{""max_displacement"": 40, ""site_search_window"": 60, ""row_search_window"": 10, ""disallow_one_site_gaps"": true, ""use_diamond_legalizer"": 1, ""disable_window_extension"": true}","{""max_displacement"": 40, ""site_search_window"": 70, ""row_search_window"": 12, ""disallow_one_site_gaps"": true, ""use_diamond_legalizer"": 1, ""disable_window_extension"": true}",VALID,5865401.6,5865401.6,0.0,0.0,0.0,True
43,37,1,RISCY-b-3-c2,4,"{""max_displacement"": 0, ""site_search_window"": 0, ""row_search_window"": 0, ""disallow_one_site_gaps"": 0, ""use_diamond_legalizer"": 1, ""disable_window_extension"": 0}","{""max_displacement"": 0, ""site_search_window"": 0, ""row_search_window"": 0, ""disallow_one_site_gaps"": 0, ""use_diamond_legalizer"": 1, ""disable_window_extension"": 0}",VALID,4119260.8,4119260.8,0.0,0.0,0.0,False
43,37,2,RISCY-b-3-c2,4,"{""max_displacement"": 0, ""site_search_window"": 0, ""row_search_window"": 0, ""disallow_one_site_gaps"": 0, ""use_diamond_legalizer"": 1, ""disable_window_extension"": 0}","{""max_displacement"": 0, ""site_search_window"": 0, ""row_search_window"": 0, ""disallow_one_site_gaps"": 0, ""use_diamond_legalizer"": 1, ""disable_window_extension"": 0}",VALID,4119260.8,4119260.8,0.0,0.0,0.0,False
43,37,3,RISCY-b-3-c2,5,"{""max_displacement"": 0, ""site_search_window"": 0, ""row_search_window"": 0, ""disallow_one_site_gaps"": 0, ""use_diamond_legalizer"": 1, ""disable_window_extension"": 0}","{""max_displacement"": 10, ""site_search_window"": 10, ""row_search_window"": 0, ""disallow_one_site_gaps"": 0, ""use_diamond_legalizer"": 1, ""disable_window_extension"": 0}",VALID,4119260.8,4119224.9,35.89999999990687,0.0009,8.715155884256435e-06,False
43,37,4,RISCY-b-3-c2,3,"{""max_displacement"": 10, ""site_search_window"": 10, ""row_search_window"": 0, ""disallow_one_site_gaps"": 0, ""use_diamond_legalizer"": 1, ""disable_window_extension"": 0}","{""max_displacement"": 10, ""site_search_window"": 20, ""row_search_window"": 2, ""disallow_one_site_gaps"": 0, ""use_diamond_legalizer"": 1, ""disable_window_extension"": 0}",VALID,4119260.8,4119224.9,0.0,0.0,0.0,False
43,37,5,RISCY-b-3-c2,3,"{""max_displacement"": 10, ""site_search_window"": 20, ""row_search_window"": 2, ""disallow_one_site_gaps"": 0, ""use_diamond_legalizer"": 1, ""disable_window_extension"": 0}","{""max_displacement"": 10, ""site_search_window"": 30, ""row_search_window"": 4, ""disallow_one_site_gaps"": 0, ""use_diamond_legalizer"": 1, ""disable_window_extension"": 0}",VALID,4119260.8,4119224.9,0.0,0.0,0.0,False
43,37,6,RISCY-b-3-c2,5,"{""max_displacement"": 10, ""site_search_window"": 30, ""row_search_window"": 4, ""disallow_one_site_gaps"": 0, ""use_diamond_legalizer"": 1, ""disable_window_extension"": 0}","{""max_displacement"": 20, ""site_search_window"": 40, ""row_search_window"": 4, ""disallow_one_site_gaps"": 0, ""use_diamond_legalizer"": 1, ""disable_window_extension"": 0}",VALID,4119260.8,4119260.8,-35.89999999990687,-0.0009,-8.715231838860478e-06,False
43,37,7,RISCY-b-3-c2,4,"{""max_displacement"": 20, ""site_search_window"": 40, ""row_search_window"": 4, ""disallow_one_site_gaps"": 0, ""use_diamond_legalizer"": 1, ""disable_window_extension"": 0}","{""max_displacement"": 20, ""site_search_window"": 30, ""row_search_window"": 2, ""disallow_one_site_gaps"": 0, ""use_diamond_legalizer"": 1, ""disable_window_extension"": 0}",VALID,4119260.8,4119260.8,0.0,0.0,0.0,False
43,37,8,RISCY-b-3-c2,3,"{""max_displacement"": 20, ""site_search_window"": 30, ""row_search_window"": 2, ""disallow_one_site_gaps"": 0, ""use_diamond_legalizer"": 1, ""disable_window_extension"": 0}","{""max_displacement"": 20, ""site_search_window"": 40, ""row_search_window"": 4, ""disallow_one_site_gaps"": 0, ""use_diamond_legalizer"": 1, ""disable_window_extension"": 0}",VALID,4119260.8,4119260.8,0.0,0.0,0.0,False
43,37,9,RISCY-b-3-c2,4,"{""max_displacement"": 20, ""site_search_window"": 40, ""row_search_window"": 4, ""disallow_one_site_gaps"": 0, ""use_diamond_legalizer"": 1, ""disable_window_extension"": 0}","{""max_displacement"": 20, ""site_search_window"": 30, ""row_search_window"": 2, ""disallow_one_site_gaps"": 0, ""use_diamond_legalizer"": 1, ""disable_window_extension"": 0}",VALID,4119260.8,4119260.8,0.0,0.0,0.0,False
43,37,10,RISCY-b-3-c2,5,"{""max_displacement"": 20, ""site_search_window"": 30, ""row_search_window"": 2, ""disallow_one_site_gaps"": 0, ""use_diamond_legalizer"": 1, ""disable_window_extension"": 0}","{""max_displacement"": 30, ""site_search_window"": 40, ""row_search_window"": 2, ""disallow_one_site_gaps"": 0, ""use_diamond_legalizer"": 1, ""disable_window_extension"": 0}",VALID,4119260.8,4119260.8,0.0,0.0,0.0,True
43,38,1,zero-riscy-a-3-c5,3,"{""max_displacement"": 0, ""site_search_window"": 0, ""row_search_window"": 0, ""disallow_one_site_gaps"": 0, ""use_diamond_legalizer"": 1, ""disable_window_extension"": 0}","{""max_displacement"": 0, ""site_search_window"": 10, ""row_search_window"": 2, ""disallow_one_site_gaps"": 0, ""use_diamond_legalizer"": 1, ""disable_window_extension"": 0}",VALID,3626760.8,3626760.8,0.0,0.0,0.0,False
43,38,2,zero-riscy-a-3-c5,3,"{""max_displacement"": 0, ""site_search_window"": 10, ""row_search_window"": 2, ""disallow_one_site_gaps"": 0, ""use_diamond_legalizer"": 1, ""disable_window_extension"": 0}","{""max_displacement"": 0, ""site_search_window"": 20, ""row_search_window"": 4, ""disallow_one_site_gaps"": 0, ""use_diamond_legalizer"": 1, ""disable_window_extension"": 0}",VALID,3626760.8,3626760.8,0.0,0.0,0.0,False
43,38,3,zero-riscy-a-3-c5,0,"{""max_displacement"": 0, ""site_search_window"": 20, ""row_search_window"": 4, ""disallow_one_site_gaps"": 0, ""use_diamond_legalizer"": 1, ""disable_window_extension"": 0}","{""max_displacement"": 0, ""site_search_window"": 20, ""row_search_window"": 4, ""disallow_one_site_gaps"": true, ""use_diamond_legalizer"": 1, ""disable_window_extension"": true}",VALID,3626760.8,3626760.8,0.0,0.0,0.0,False
43,38,4,zero-riscy-a-3-c5,4,"{""max_displacement"": 0, ""site_search_window"": 20, ""row_search_window"": 4, ""disallow_one_site_gaps"": true, ""use_diamond_legalizer"": 1, ""disable_window_extension"": true}","{""max_displacement"": 0, ""site_search_window"": 10, ""row_search_window"": 2, ""disallow_one_site_gaps"": true, ""use_diamond_legalizer"": 1, ""disable_window_extension"": true}",VALID,3626760.8,3626760.8,0.0,0.0,0.0,False
43,38,5,zero-riscy-a-3-c5,7,"{""max_displacement"": 0, ""site_search_window"": 10, ""row_search_window"": 2, ""disallow_one_site_gaps"": true, ""use_diamond_legalizer"": 1, ""disable_window_extension"": true}","{""max_displacement"": 0, ""site_search_window"": 10, ""row_search_window"": 2, ""disallow_one_site_gaps"": true, ""use_diamond_legalizer"": 1, ""disable_window_extension"": true}",VALID,3626760.8,3626760.8,0.0,0.0,0.0,False
43,38,6,zero-riscy-a-3-c5,1,"{""max_displacement"": 0, ""site_search_window"": 10, ""row_search_window"": 2, ""disallow_one_site_gaps"": true, ""use_diamond_legalizer"": 1, ""disable_window_extension"": true}","{""max_displacement"": 10, ""site_search_window"": 20, ""row_search_window"": 4, ""disallow_one_site_gaps"": true, ""use_diamond_legalizer"": 1, ""disable_window_extension"": true}",FAILED,3626760.8,3626760.8,0.0,-100.0,-1.0,False
43,38,7,zero-riscy-a-3-c5,6,"{""max_displacement"": 10, ""site_search_window"": 20, ""row_search_window"": 4, ""disallow_one_site_gaps"": true, ""use_diamond_legalizer"": 1, ""disable_window_extension"": true}","{""max_displacement"": 0, ""site_search_window"": 10, ""row_search_window"": 4, ""disallow_one_site_gaps"": true, ""use_diamond_legalizer"": 1, ""disable_window_extension"": true}",VALID,3626760.8,3626760.8,0.0,0.0,0.0,False
43,38,8,zero-riscy-a-3-c5,0,"{""max_displacement"": 0, ""site_search_window"": 10, ""row_search_window"": 4, ""disallow_one_site_gaps"": true, ""use_diamond_legalizer"": 1, ""disable_window_extension"": true}","{""max_displacement"": 0, ""site_search_window"": 10, ""row_search_window"": 4, ""disallow_one_site_gaps"": false, ""use_diamond_legalizer"": 1, ""disable_window_extension"": false}",VALID,3626760.8,3626760.8,0.0,0.0,0.0,False
43,38,9,zero-riscy-a-3-c5,2,"{""max_displacement"": 0, ""site_search_window"": 10, ""row_search_window"": 4, ""disallow_one_site_gaps"": false, ""use_diamond_legalizer"": 1, ""disable_window_extension"": false}","{""max_displacement"": 0, ""site_search_window"": 0, ""row_search_window"": 2, ""disallow_one_site_gaps"": false, ""use_diamond_legalizer"": 1, ""disable_window_extension"": false}",VALID,3626760.8,3626760.8,0.0,0.0,0.0,False
43,38,10,zero-riscy-a-3-c5,7,"{""max_displacement"": 0, ""site_search_window"": 0, ""row_search_window"": 2, ""disallow_one_site_gaps"": false, ""use_diamond_legalizer"": 1, ""disable_window_extension"": false}","{""max_displacement"": 0, ""site_search_window"": 0, ""row_search_window"": 2, ""disallow_one_site_gaps"": false, ""use_diamond_legalizer"": 1, ""disable_window_extension"": false}",VALID,3626760.8,3626760.8,0.0,0.0,0.0,True
43,39,1,RISCY-a-3-c5,5,"{""max_displacement"": 0, ""site_search_window"": 0, ""row_search_window"": 0, ""disallow_one_site_gaps"": 0, ""use_diamond_legalizer"": 1, ""disable_window_extension"": 0}","{""max_displacement"": 10, ""site_search_window"": 10, ""row_search_window"": 0, ""disallow_one_site_gaps"": 0, ""use_diamond_legalizer"": 1, ""disable_window_extension"": 0}",FAILED,5599044.1,5599044.1,0.0,-100.0,-1.0,False
43,39,2,RISCY-a-3-c5,6,"{""max_displacement"": 10, ""site_search_window"": 10, ""row_search_window"": 0, ""disallow_one_site_gaps"": 0, ""use_diamond_legalizer"": 1, ""disable_window_extension"": 0}","{""max_displacement"": 0, ""site_search_window"": 0, ""row_search_window"": 0, ""disallow_one_site_gaps"": 0, ""use_diamond_legalizer"": 1, ""disable_window_extension"": 0}",VALID,5599044.1,5599044.1,0.0,0.0,0.0,False
43,39,3,RISCY-a-3-c5,7,"{""max_displacement"": 0, ""site_search_window"": 0, ""row_search_window"": 0, ""disallow_one_site_gaps"": 0, ""use_diamond_legalizer"": 1, ""disable_window_extension"": 0}","{""max_displacement"": 0, ""site_search_window"": 0, ""row_search_window"": 0, ""disallow_one_site_gaps"": 0, ""use_diamond_legalizer"": 1, ""disable_window_extension"": 0}",VALID,5599044.1,5599044.1,0.0,0.0,0.0,False
43,39,4,RISCY-a-3-c5,4,"{""max_displacement"": 0, ""site_search_window"": 0, ""row_search_window"": 0, ""disallow_one_site_gaps"": 0, ""use_diamond_legalizer"": 1, ""disable_window_extension"": 0}","{""max_displacement"": 0, ""site_search_window"": 0, ""row_search_window"": 0, ""disallow_one_site_gaps"": 0, ""use_diamond_legalizer"": 1, ""disable_window_extension"": 0}",VALID,5599044.1,5599044.1,0.0,0.0,0.0,False
43,39,5,RISCY-a-3-c5,0,"{""max_displacement"": 0, ""site_search_window"": 0, ""row_search_window"": 0, ""disallow_one_site_gaps"": 0, ""use_diamond_legalizer"": 1, ""disable_window_extension"": 0}","{""max_displacement"": 0, ""site_search_window"": 0, ""row_search_window"": 0, ""disallow_one_site_gaps"": true, ""use_diamond_legalizer"": 1, ""disable_window_extension"": true}",VALID,5599044.1,5599044.1,0.0,0.0,0.0,False
43,39,6,RISCY-a-3-c5,4,"{""max_displacement"": 0, ""site_search_window"": 0, ""row_search_window"": 0, ""disallow_one_site_gaps"": true, ""use_diamond_legalizer"": 1, ""disable_window_extension"": true}","{""max_displacement"": 0, ""site_search_window"": 0, ""row_search_window"": 0, ""disallow_one_site_gaps"": true, ""use_diamond_legalizer"": 1, ""disable_window_extension"": true}",VALID,5599044.1,5599044.1,0.0,0.0,0.0,False
43,39,7,RISCY-a-3-c5,6,"{""max_displacement"": 0, ""site_search_window"": 0, ""row_search_window"": 0, ""disallow_one_site_gaps"": true, ""use_diamond_legalizer"": 1, ""disable_window_extension"": true}","{""max_displacement"": 0, ""site_search_window"": 0, ""row_search_window"": 0, ""disallow_one_site_gaps"": true, ""use_diamond_legalizer"": 1, ""disable_window_extension"": true}",VALID,5599044.1,5599044.1,0.0,0.0,0.0,False
43,39,8,RISCY-a-3-c5,1,"{""max_displacement"": 0, ""site_search_window"": 0, ""row_search_window"": 0, ""disallow_one_site_gaps"": true, ""use_diamond_legalizer"": 1, ""disable_window_extension"": true}","{""max_displacement"": 10, ""site_search_window"": 10, ""row_search_window"": 2, ""disallow_one_site_gaps"": true, ""use_diamond_legalizer"": 1, ""disable_window_extension"": true}",FAILED,5599044.1,5599044.1,0.0,-100.0,-1.0,False
43,39,9,RISCY-a-3-c5,2,"{""max_displacement"": 10, ""site_search_window"": 10, ""row_search_window"": 2, ""disallow_one_site_gaps"": true, ""use_diamond_legalizer"": 1, ""disable_window_extension"": true}","{""max_displacement"": 0, ""site_search_window"": 0, ""row_search_window"": 0, ""disallow_one_site_gaps"": true, ""use_diamond_legalizer"": 1, ""disable_window_extension"": true}",VALID,5599044.1,5599044.1,0.0,0.0,0.0,False
43,39,10,RISCY-a-3-c5,7,"{""max_displacement"": 0, ""site_search_window"": 0, ""row_search_window"": 0, ""disallow_one_site_gaps"": true, ""use_diamond_legalizer"": 1, ""disable_window_extension"": true}","{""max_displacement"": 0, ""site_search_window"": 0, ""row_search_window"": 0, ""disallow_one_site_gaps"": true, ""use_diamond_legalizer"": 1, ""disable_window_extension"": true}",VALID,5599044.1,5599044.1,0.0,0.0,0.0,True
43,40,1,RISCY-a-3-c5,6,"{""max_displacement"": 0, ""site_search_window"": 0, ""row_search_window"": 0, ""disallow_one_site_gaps"": 0, ""use_diamond_legalizer"": 1, ""disable_window_extension"": 0}","{""max_displacement"": 0, ""site_search_window"": 0, ""row_search_window"": 0, ""disallow_one_site_gaps"": 0, ""use_diamond_legalizer"": 1, ""disable_window_extension"": 0}",VALID,5599044.1,5599044.1,0.0,0.0,0.0,False
43,40,2,RISCY-a-3-c5,0,"{""max_displacement"": 0, ""site_search_window"": 0, ""row_search_window"": 0, ""disallow_one_site_gaps"": 0, ""use_diamond_legalizer"": 1, ""disable_window_extension"": 0}","{""max_displacement"": 0, ""site_search_window"": 0, ""row_search_window"": 0, ""disallow_one_site_gaps"": true, ""use_diamond_legalizer"": 1, ""disable_window_extension"": true}",VALID,5599044.1,5599044.1,0.0,0.0,0.0,False
43,40,3,RISCY-a-3-c5,7,"{""max_displacement"": 0, ""site_search_window"": 0, ""row_search_window"": 0, ""disallow_one_site_gaps"": true, ""use_diamond_legalizer"": 1, ""disable_window_extension"": true}","{""max_displacement"": 0, ""site_search_window"": 0, ""row_search_window"": 0, ""disallow_one_site_gaps"": true, ""use_diamond_legalizer"": 1, ""disable_window_extension"": true}",VALID,5599044.1,5599044.1,0.0,0.0,0.0,False
43,40,4,RISCY-a-3-c5,0,"{""max_displacement"": 0, ""site_search_window"": 0, ""row_search_window"": 0, ""disallow_one_site_gaps"": true, ""use_diamond_legalizer"": 1, ""disable_window_extension"": true}","{""max_displacement"": 0, ""site_search_window"": 0, ""row_search_window"": 0, ""disallow_one_site_gaps"": false, ""use_diamond_legalizer"": 1, ""disable_window_extension"": false}",VALID,5599044.1,5599044.1,0.0,0.0,0.0,False
43,40,5,RISCY-a-3-c5,0,"{""max_displacement"": 0, ""site_search_window"": 0, ""row_search_window"": 0, ""disallow_one_site_gaps"": false, ""use_diamond_legalizer"": 1, ""disable_window_extension"": false}","{""max_displacement"": 0, ""site_search_window"": 0, ""row_search_window"": 0, ""disallow_one_site_gaps"": true, ""use_diamond_legalizer"": 1, ""disable_window_extension"": true}",VALID,5599044.1,5599044.1,0.0,0.0,0.0,False
43,40,6,RISCY-a-3-c5,1,"{""max_displacement"": 0, ""site_search_window"": 0, ""row_search_window"": 0, ""disallow_one_site_gaps"": true, ""use_diamond_legalizer"": 1, ""disable_window_extension"": true}","{""max_displacement"": 10, ""site_search_window"": 10, ""row_search_window"": 2, ""disallow_one_site_gaps"": true, ""use_diamond_legalizer"": 1, ""disable_window_extension"": true}",FAILED,5599044.1,5599044.1,0.0,-100.0,-1.0,False
43,40,7,RISCY-a-3-c5,0,"{""max_displacement"": 10, ""site_search_window"": 10, ""row_search_window"": 2, ""disallow_one_site_gaps"": true, ""use_diamond_legalizer"": 1, ""disable_window_extension"": true}","{""max_displacement"": 10, ""site_search_window"": 10, ""row_search_window"": 2, ""disallow_one_site_gaps"": false, ""use_diamond_legalizer"": 1, ""disable_window_extension"": false}",FAILED,5599044.1,5599044.1,0.0,-100.0,-1.0,False
43,40,8,RISCY-a-3-c5,2,"{""max_displacement"": 10, ""site_search_window"": 10, ""row_search_window"": 2, ""disallow_one_site_gaps"": false, ""use_diamond_legalizer"": 1, ""disable_window_extension"": false}","{""max_displacement"": 0, ""site_search_window"": 0, ""row_search_window"": 0, ""disallow_one_site_gaps"": false, ""use_diamond_legalizer"": 1, ""disable_window_extension"": false}",VALID,5599044.1,5599044.1,0.0,0.0,0.0,False
43,40,9,RISCY-a-3-c5,1,"{""max_displacement"": 0, ""site_search_window"": 0, ""row_search_window"": 0, ""disallow_one_site_gaps"": false, ""use_diamond_legalizer"": 1, ""disable_window_extension"": false}","{""max_displacement"": 10, ""site_search_window"": 10, ""row_search_window"": 2, ""disallow_one_site_gaps"": false, ""use_diamond_legalizer"": 1, ""disable_window_extension"": false}",FAILED,5599044.1,5599044.1,0.0,-100.0,-1.0,False
43,40,10,RISCY-a-3-c5,1,"{""max_displacement"": 10, ""site_search_window"": 10, ""row_search_window"": 2, ""disallow_one_site_gaps"": false, ""use_diamond_legalizer"": 1, ""disable_window_extension"": false}","{""max_displacement"": 20, ""site_search_window"": 20, ""row_search_window"": 4, ""disallow_one_site_gaps"": false, ""use_diamond_legalizer"": 1, ""disable_window_extension"": false}",VALID,5599044.1,5598956.4,87.69999999925494,0.0015999999999999999,1.566338796996704e-05,True
43,41,1,RISCY-FPU-b-1-c5,6,"{""max_displacement"": 0, ""site_search_window"": 0, ""row_search_window"": 0, ""disallow_one_site_gaps"": 0, ""use_diamond_legalizer"": 1, ""disable_window_extension"": 0}","{""max_displacement"": 0, ""site_search_window"": 0, ""row_search_window"": 0, ""disallow_one_site_gaps"": 0, ""use_diamond_legalizer"": 1, ""disable_window_extension"": 0}",VALID,4682989.8,4682989.8,0.0,0.0,0.0,False
43,41,2,RISCY-FPU-b-1-c5,5,"{""max_displacement"": 0, ""site_search_window"": 0, ""row_search_window"": 0, ""disallow_one_site_gaps"": 0, ""use_diamond_legalizer"": 1, ""disable_window_extension"": 0}","{""max_displacement"": 10, ""site_search_window"": 10, ""row_search_window"": 0, ""disallow_one_site_gaps"": 0, ""use_diamond_legalizer"": 1, ""disable_window_extension"": 0}",VALID,4682989.8,4682989.8,0.0,0.0,0.0,False
43,41,3,RISCY-FPU-b-1-c5,6,"{""max_displacement"": 10, ""site_search_window"": 10, ""row_search_window"": 0, ""disallow_one_site_gaps"": 0, ""use_diamond_legalizer"": 1, ""disable_window_extension"": 0}","{""max_displacement"": 0, ""site_search_window"": 0, ""row_search_window"": 0, ""disallow_one_site_gaps"": 0, ""use_diamond_legalizer"": 1, ""disable_window_extension"": 0}",VALID,4682989.8,4682989.8,0.0,0.0,0.0,False
43,41,4,RISCY-FPU-b-1-c5,3,"{""max_displacement"": 0, ""site_search_window"": 0, ""row_search_window"": 0, ""disallow_one_site_gaps"": 0, ""use_diamond_legalizer"": 1, ""disable_window_extension"": 0}","{""max_displacement"": 0, ""site_search_window"": 10, ""row_search_window"": 2, ""disallow_one_site_gaps"": 0, ""use_diamond_legalizer"": 1, ""disable_window_extension"": 0}",VALID,4682989.8,4682989.8,0.0,0.0,0.0,False
43,41,5,RISCY-FPU-b-1-c5,6,"{""max_displacement"": 0, ""site_search_window"": 10, ""row_search_window"": 2, ""disallow_one_site_gaps"": 0, ""use_diamond_legalizer"": 1, ""disable_window_extension"": 0}","{""max_displacement"": 0, ""site_search_window"": 0, ""row_search_window"": 2, ""disallow_one_site_gaps"": 0, ""use_diamond_legalizer"": 1, ""disable_window_extension"": 0}",VALID,4682989.8,4682989.8,0.0,0.0,0.0,False
43,41,6,RISCY-FPU-b-1-c5,1,"{""max_displacement"": 0, ""site_search_window"": 0, ""row_search_window"": 2, ""disallow_one_site_gaps"": 0, ""use_diamond_legalizer"": 1, ""disable_window_extension"": 0}","{""max_displacement"": 10, ""site_search_window"": 10, ""row_search_window"": 4, ""disallow_one_site_gaps"": 0, ""use_diamond_legalizer"": 1, ""disable_window_extension"": 0}",VALID,4682989.8,4682989.8,0.0,0.0,0.0,False
43,41,7,RISCY-FPU-b-1-c5,3,"{""max_displacement"": 10, ""site_search_window"": 10, ""row_search_window"": 4, ""disallow_one_site_gaps"": 0, ""use_diamond_legalizer"": 1, ""disable_window_extension"": 0}","{""max_displacement"": 10, ""site_search_window"": 20, ""row_search_window"": 6, ""disallow_one_site_gaps"": 0, ""use_diamond_legalizer"": 1, ""disable_window_extension"": 0}",VALID,4682989.8,4682989.8,0.0,0.0,0.0,False
43,41,8,RISCY-FPU-b-1-c5,3,"{""max_displacement"": 10, ""site_search_window"": 20, ""row_search_window"": 6, ""disallow_one_site_gaps"": 0, ""use_diamond_legalizer"": 1, ""disable_window_extension"": 0}","{""max_displacement"": 10, ""site_search_window"": 30, ""row_search_window"": 8, ""disallow_one_site_gaps"": 0, ""use_diamond_legalizer"": 1, ""disable_window_extension"": 0}",VALID,4682989.8,4682989.8,0.0,0.0,0.0,False
43,41,9,RISCY-FPU-b-1-c5,5,"{""max_displacement"": 10, ""site_search_window"": 30, ""row_search_window"": 8, ""disallow_one_site_gaps"": 0, ""use_diamond_legalizer"": 1, ""disable_window_extension"": 0}","{""max_displacement"": 20, ""site_search_window"": 40, ""row_search_window"": 8, ""disallow_one_site_gaps"": 0, ""use_diamond_legalizer"": 1, ""disable_window_extension"": 0}",VALID,4682989.8,4682989.8,0.0,0.0,0.0,False
43,41,10,RISCY-FPU-b-1-c5,0,"{""max_displacement"": 20, ""site_search_window"": 40, ""row_search_window"": 8, ""disallow_one_site_gaps"": 0, ""use_diamond_legalizer"": 1, ""disable_window_extension"": 0}","{""max_displacement"": 20, ""site_search_window"": 40, ""row_search_window"": 8, ""disallow_one_site_gaps"": true, ""use_diamond_legalizer"": 1, ""disable_window_extension"": true}",VALID,4682989.8,4682989.8,0.0,0.0,0.0,True
43,42,1,RISCY-FPU-b-1-c2,4,"{""max_displacement"": 0, ""site_search_window"": 0, ""row_search_window"": 0, ""disallow_one_site_gaps"": 0, ""use_diamond_legalizer"": 1, ""disable_window_extension"": 0}","{""max_displacement"": 0, ""site_search_window"": 0, ""row_search_window"": 0, ""disallow_one_site_gaps"": 0, ""use_diamond_legalizer"": 1, ""disable_window_extension"": 0}",VALID,5067893.3,5067893.3,0.0,0.0,0.0,False
43,42,2,RISCY-FPU-b-1-c2,6,"{""max_displacement"": 0, ""site_search_window"": 0, ""row_search_window"": 0, ""disallow_one_site_gaps"": 0, ""use_diamond_legalizer"": 1, ""disable_window_extension"": 0}","{""max_displacement"": 0, ""site_search_window"": 0, ""row_search_window"": 0, ""disallow_one_site_gaps"": 0, ""use_diamond_legalizer"": 1, ""disable_window_extension"": 0}",VALID,5067893.3,5067893.3,0.0,0.0,0.0,False
43,42,3,RISCY-FPU-b-1-c2,0,"{""max_displacement"": 0, ""site_search_window"": 0, ""row_search_window"": 0, ""disallow_one_site_gaps"": 0, ""use_diamond_legalizer"": 1, ""disable_window_extension"": 0}","{""max_displacement"": 0, ""site_search_window"": 0, ""row_search_window"": 0, ""disallow_one_site_gaps"": true, ""use_diamond_legalizer"": 1, ""disable_window_extension"": true}",VALID,5067893.3,5067893.3,0.0,0.0,0.0,False
43,42,4,RISCY-FPU-b-1-c2,4,"{""max_displacement"": 0, ""site_search_window"": 0, ""row_search_window"": 0, ""disallow_one_site_gaps"": true, ""use_diamond_legalizer"": 1, ""disable_window_extension"": true}","{""max_displacement"": 0, ""site_search_window"": 0, ""row_search_window"": 0, ""disallow_one_site_gaps"": true, ""use_diamond_legalizer"": 1, ""disable_window_extension"": true}",VALID,5067893.3,5067893.3,0.0,0.0,0.0,False
43,42,5,RISCY-FPU-b-1-c2,2,"{""max_displacement"": 0, ""site_search_window"": 0, ""row_search_window"": 0, ""disallow_one_site_gaps"": true, ""use_diamond_legalizer"": 1, ""disable_window_extension"": true}","{""max_displacement"": 0, ""site_search_window"": 0, ""row_search_window"": 0, ""disallow_one_site_gaps"": true, ""use_diamond_legalizer"": 1, ""disable_window_extension"": true}",VALID,5067893.3,5067893.3,0.0,0.0,0.0,False
43,42,6,RISCY-FPU-b-1-c2,2,"{""max_displacement"": 0, ""site_search_window"": 0, ""row_search_window"": 0, ""disallow_one_site_gaps"": true, ""use_diamond_legalizer"": 1, ""disable_window_extension"": true}","{""max_displacement"": 0, ""site_search_window"": 0, ""row_search_window"": 0, ""disallow_one_site_gaps"": true, ""use_diamond_legalizer"": 1, ""disable_window_extension"": true}",VALID,5067893.3,5067893.3,0.0,0.0,0.0,False
43,42,7,RISCY-FPU-b-1-c2,4,"{""max_displacement"": 0, ""site_search_window"": 0, ""row_search_window"": 0, ""disallow_one_site_gaps"": true, ""use_diamond_legalizer"": 1, ""disable_window_extension"": true}","{""max_displacement"": 0, ""site_search_window"": 0, ""row_search_window"": 0, ""disallow_one_site_gaps"": true, ""use_diamond_legalizer"": 1, ""disable_window_extension"": true}",VALID,5067893.3,5067893.3,0.0,0.0,0.0,False
43,42,8,RISCY-FPU-b-1-c2,4,"{""max_displacement"": 0, ""site_search_window"": 0, ""row_search_window"": 0, ""disallow_one_site_gaps"": true, ""use_diamond_legalizer"": 1, ""disable_window_extension"": true}","{""max_displacement"": 0, ""site_search_window"": 0, ""row_search_window"": 0, ""disallow_one_site_gaps"": true, ""use_diamond_legalizer"": 1, ""disable_window_extension"": true}",VALID,5067893.3,5067893.3,0.0,0.0,0.0,False
43,42,9,RISCY-FPU-b-1-c2,7,"{""max_displacement"": 0, ""site_search_window"": 0, ""row_search_window"": 0, ""disallow_one_site_gaps"": true, ""use_diamond_legalizer"": 1, ""disable_window_extension"": true}","{""max_displacement"": 0, ""site_search_window"": 0, ""row_search_window"": 0, ""disallow_one_site_gaps"": true, ""use_diamond_legalizer"": 1, ""disable_window_extension"": true}",VALID,5067893.3,5067893.3,0.0,0.0,0.0,False
43,42,10,RISCY-FPU-b-1-c2,4,"{""max_displacement"": 0, ""site_search_window"": 0, ""row_search_window"": 0, ""disallow_one_site_gaps"": true, ""use_diamond_legalizer"": 1, ""disable_window_extension"": true}","{""max_displacement"": 0, ""site_search_window"": 0, ""row_search_window"": 0, ""disallow_one_site_gaps"": true, ""use_diamond_legalizer"": 1, ""disable_window_extension"": true}",VALID,5067893.3,5067893.3,0.0,0.0,0.0,True
43,43,1,RISCY-FPU-a-1-c20,4,"{""max_displacement"": 0, ""site_search_window"": 0, ""row_search_window"": 0, ""disallow_one_site_gaps"": 0, ""use_diamond_legalizer"": 1, ""disable_window_extension"": 0}","{""max_displacement"": 0, ""site_search_window"": 0, ""row_search_window"": 0, ""disallow_one_site_gaps"": 0, ""use_diamond_legalizer"": 1, ""disable_window_extension"": 0}",VALID,5621676.5,5621676.5,0.0,0.0,0.0,False
43,43,2,RISCY-FPU-a-1-c20,2,"{""max_displacement"": 0, ""site_search_window"": 0, ""row_search_window"": 0, ""disallow_one_site_gaps"": 0, ""use_diamond_legalizer"": 1, ""disable_window_extension"": 0}","{""max_displacement"": 0, ""site_search_window"": 0, ""row_search_window"": 0, ""disallow_one_site_gaps"": 0, ""use_diamond_legalizer"": 1, ""disable_window_extension"": 0}",VALID,5621676.5,5621676.5,0.0,0.0,0.0,False
43,43,3,RISCY-FPU-a-1-c20,0,"{""max_displacement"": 0, ""site_search_window"": 0, ""row_search_window"": 0, ""disallow_one_site_gaps"": 0, ""use_diamond_legalizer"": 1, ""disable_window_extension"": 0}","{""max_displacement"": 0, ""site_search_window"": 0, ""row_search_window"": 0, ""disallow_one_site_gaps"": true, ""use_diamond_legalizer"": 1, ""disable_window_extension"": true}",VALID,5621676.5,5621676.5,0.0,0.0,0.0,False
43,43,4,RISCY-FPU-a-1-c20,2,"{""max_displacement"": 0, ""site_search_window"": 0, ""row_search_window"": 0, ""disallow_one_site_gaps"": true, ""use_diamond_legalizer"": 1, ""disable_window_extension"": true}","{""max_displacement"": 0, ""site_search_window"": 0, ""row_search_window"": 0, ""disallow_one_site_gaps"": true, ""use_diamond_legalizer"": 1, ""disable_window_extension"": true}",VALID,5621676.5,5621676.5,0.0,0.0,0.0,False
43,43,5,RISCY-FPU-a-1-c20,5,"{""max_displacement"": 0, ""site_search_window"": 0, ""row_search_window"": 0, ""disallow_one_site_gaps"": true, ""use_diamond_legalizer"": 1, ""disable_window_extension"": true}","{""max_displacement"": 10, ""site_search_window"": 10, ""row_search_window"": 0, ""disallow_one_site_gaps"": true, ""use_diamond_legalizer"": 1, ""disable_window_extension"": true}",FAILED,5621676.5,5621676.5,0.0,-100.0,-1.0,False
43,43,6,RISCY-FPU-a-1-c20,2,"{""max_displacement"": 10, ""site_search_window"": 10, ""row_search_window"": 0, ""disallow_one_site_gaps"": true, ""use_diamond_legalizer"": 1, ""disable_window_extension"": true}","{""max_displacement"": 0, ""site_search_window"": 0, ""row_search_window"": 0, ""disallow_one_site_gaps"": true, ""use_diamond_legalizer"": 1, ""disable_window_extension"": true}",VALID,5621676.5,5621676.5,0.0,0.0,0.0,False
43,43,7,RISCY-FPU-a-1-c20,7,"{""max_displacement"": 0, ""site_search_window"": 0, ""row_search_window"": 0, ""disallow_one_site_gaps"": true, ""use_diamond_legalizer"": 1, ""disable_window_extension"": true}","{""max_displacement"": 0, ""site_search_window"": 0, ""row_search_window"": 0, ""disallow_one_site_gaps"": true, ""use_diamond_legalizer"": 1, ""disable_window_extension"": true}",VALID,5621676.5,5621676.5,0.0,0.0,0.0,False
43,43,8,RISCY-FPU-a-1-c20,2,"{""max_displacement"": 0, ""site_search_window"": 0, ""row_search_window"": 0, ""disallow_one_site_gaps"": true, ""use_diamond_legalizer"": 1, ""disable_window_extension"": true}","{""max_displacement"": 0, ""site_search_window"": 0, ""row_search_window"": 0, ""disallow_one_site_gaps"": true, ""use_diamond_legalizer"": 1, ""disable_window_extension"": true}",VALID,5621676.5,5621676.5,0.0,0.0,0.0,False
43,43,9,RISCY-FPU-a-1-c20,2,"{""max_displacement"": 0, ""site_search_window"": 0, ""row_search_window"": 0, ""disallow_one_site_gaps"": true, ""use_diamond_legalizer"": 1, ""disable_window_extension"": true}","{""max_displacement"": 0, ""site_search_window"": 0, ""row_search_window"": 0, ""disallow_one_site_gaps"": true, ""use_diamond_legalizer"": 1, ""disable_window_extension"": true}",VALID,5621676.5,5621676.5,0.0,0.0,0.0,False
43,43,10,RISCY-FPU-a-1-c20,7,"{""max_displacement"": 0, ""site_search_window"": 0, ""row_search_window"": 0, ""disallow_one_site_gaps"": true, ""use_diamond_legalizer"": 1, ""disable_window_extension"": true}","{""max_displacement"": 0, ""site_search_window"": 0, ""row_search_window"": 0, ""disallow_one_site_gaps"": true, ""use_diamond_legalizer"": 1, ""disable_window_extension"": true}",VALID,5621676.5,5621676.5,0.0,0.0,0.0,True
43,44,1,RISCY-b-2-c20,1,"{""max_displacement"": 0, ""site_search_window"": 0, ""row_search_window"": 0, ""disallow_one_site_gaps"": 0, ""use_diamond_legalizer"": 1, ""disable_window_extension"": 0}","{""max_displacement"": 10, ""site_search_window"": 10, ""row_search_window"": 2, ""disallow_one_site_gaps"": 0, ""use_diamond_legalizer"": 1, ""disable_window_extension"": 0}",FAILED,2782023.4,2782023.4,0.0,-100.0,-1.0,False
43,44,2,RISCY-b-2-c20,4,"{""max_displacement"": 10, ""site_search_window"": 10, ""row_search_window"": 2, ""disallow_one_site_gaps"": 0, ""use_diamond_legalizer"": 1, ""disable_window_extension"": 0}","{""max_displacement"": 10, ""site_search_window"": 0, ""row_search_window"": 0, ""disallow_one_site_gaps"": 0, ""use_diamond_legalizer"": 1, ""disable_window_extension"": 0}",FAILED,2782023.4,2782023.4,0.0,-100.0,-1.0,False
43,44,3,RISCY-b-2-c20,3,"{""max_displacement"": 10, ""site_search_window"": 0, ""row_search_window"": 0, ""disallow_one_site_gaps"": 0, ""use_diamond_legalizer"": 1, ""disable_window_extension"": 0}","{""max_displacement"": 10, ""site_search_window"": 10, ""row_search_window"": 2, ""disallow_one_site_gaps"": 0, ""use_diamond_legalizer"": 1, ""disable_window_extension"": 0}",FAILED,2782023.4,2782023.4,0.0,-100.0,-1.0,False
43,44,4,RISCY-b-2-c20,5,"{""max_displacement"": 10, ""site_search_window"": 10, ""row_search_window"": 2, ""disallow_one_site_gaps"": 0, ""use_diamond_legalizer"": 1, ""disable_window_extension"": 0}","{""max_displacement"": 20, ""site_search_window"": 20, ""row_search_window"": 2, ""disallow_one_site_gaps"": 0, ""use_diamond_legalizer"": 1, ""disable_window_extension"": 0}",FAILED,2782023.4,2782023.4,0.0,-100.0,-1.0,False
43,44,5,RISCY-b-2-c20,5,"{""max_displacement"": 20, ""site_search_window"": 20, ""row_search_window"": 2, ""disallow_one_site_gaps"": 0, ""use_diamond_legalizer"": 1, ""disable_window_extension"": 0}","{""max_displacement"": 30, ""site_search_window"": 30, ""row_search_window"": 2, ""disallow_one_site_gaps"": 0, ""use_diamond_legalizer"": 1, ""disable_window_extension"": 0}",FAILED,2782023.4,2782023.4,0.0,-100.0,-1.0,False
43,44,6,RISCY-b-2-c20,7,"{""max_displacement"": 30, ""site_search_window"": 30, ""row_search_window"": 2, ""disallow_one_site_gaps"": 0, ""use_diamond_legalizer"": 1, ""disable_window_extension"": 0}","{""max_displacement"": 30, ""site_search_window"": 30, ""row_search_window"": 2, ""disallow_one_site_gaps"": 0, ""use_diamond_legalizer"": 1, ""disable_window_extension"": 0}",FAILED,2782023.4,2782023.4,0.0,-100.0,-1.0,False
43,44,7,RISCY-b-2-c20,2,"{""max_displacement"": 30, ""site_search_window"": 30, ""row_search_window"": 2, ""disallow_one_site_gaps"": 0, ""use_diamond_legalizer"": 1, ""disable_window_extension"": 0}","{""max_displacement"": 20, ""site_search_window"": 20, ""row_search_window"": 0, ""disallow_one_site_gaps"": 0, ""use_diamond_legalizer"": 1, ""disable_window_extension"": 0}",FAILED,2782023.4,2782023.4,0.0,-100.0,-1.0,False
43,44,8,RISCY-b-2-c20,2,"{""max_displacement"": 20, ""site_search_window"": 20, ""row_search_window"": 0, ""disallow_one_site_gaps"": 0, ""use_diamond_legalizer"": 1, ""disable_window_extension"": 0}","{""max_displacement"": 10, ""site_search_window"": 10, ""row_search_window"": 0, ""disallow_one_site_gaps"": 0, ""use_diamond_legalizer"": 1, ""disable_window_extension"": 0}",FAILED,2782023.4,2782023.4,0.0,-100.0,-1.0,False
43,44,9,RISCY-b-2-c20,2,"{""max_displacement"": 10, ""site_search_window"": 10, ""row_search_window"": 0, ""disallow_one_site_gaps"": 0, ""use_diamond_legalizer"": 1, ""disable_window_extension"": 0}","{""max_displacement"": 0, ""site_search_window"": 0, ""row_search_window"": 0, ""disallow_one_site_gaps"": 0, ""use_diamond_legalizer"": 1, ""disable_window_extension"": 0}",VALID,2782023.4,2782023.4,0.0,0.0,0.0,False
43,44,10,RISCY-b-2-c20,2,"{""max_displacement"": 0, ""site_search_window"": 0, ""row_search_window"": 0, ""disallow_one_site_gaps"": 0, ""use_diamond_legalizer"": 1, ""disable_window_extension"": 0}","{""max_displacement"": 0, ""site_search_window"": 0, ""row_search_window"": 0, ""disallow_one_site_gaps"": 0, ""use_diamond_legalizer"": 1, ""disable_window_extension"": 0}",VALID,2782023.4,2782023.4,0.0,0.0,0.0,True
43,45,1,RISCY-b-2-c5,5,"{""max_displacement"": 0, ""site_search_window"": 0, ""row_search_window"": 0, ""disallow_one_site_gaps"": 0, ""use_diamond_legalizer"": 1, ""disable_window_extension"": 0}","{""max_displacement"": 10, ""site_search_window"": 10, ""row_search_window"": 0, ""disallow_one_site_gaps"": 0, ""use_diamond_legalizer"": 1, ""disable_window_extension"": 0}",VALID,2887307.4,2887171.1,136.29999999981374,0.004699999999999999,4.720661194572277e-05,False
43,45,2,RISCY-b-2-c5,0,"{""max_displacement"": 10, ""site_search_window"": 10, ""row_search_window"": 0, ""disallow_one_site_gaps"": 0, ""use_diamond_legalizer"": 1, ""disable_window_extension"": 0}","{""max_displacement"": 10, ""site_search_window"": 10, ""row_search_window"": 0, ""disallow_one_site_gaps"": true, ""use_diamond_legalizer"": 1, ""disable_window_extension"": true}",VALID,2887307.4,2887171.1,0.0,0.0,0.0,False
43,45,3,RISCY-b-2-c5,6,"{""max_displacement"": 10, ""site_search_window"": 10, ""row_search_window"": 0, ""disallow_one_site_gaps"": true, ""use_diamond_legalizer"": 1, ""disable_window_extension"": true}","{""max_displacement"": 0, ""site_search_window"": 0, ""row_search_window"": 0, ""disallow_one_site_gaps"": true, ""use_diamond_legalizer"": 1, ""disable_window_extension"": true}",VALID,2887307.4,2887307.4,-136.29999999981374,-0.004699999999999999,-4.720884051513737e-05,False
43,45,4,RISCY-b-2-c5,6,"{""max_displacement"": 0, ""site_search_window"": 0, ""row_search_window"": 0, ""disallow_one_site_gaps"": true, ""use_diamond_legalizer"": 1, ""disable_window_extension"": true}","{""max_displacement"": 0, ""site_search_window"": 0, ""row_search_window"": 0, ""disallow_one_site_gaps"": true, ""use_diamond_legalizer"": 1, ""disable_window_extension"": true}",VALID,2887307.4,2887307.4,0.0,0.0,0.0,False
43,45,5,RISCY-b-2-c5,0,"{""max_displacement"": 0, ""site_search_window"": 0, ""row_search_window"": 0, ""disallow_one_site_gaps"": true, ""use_diamond_legalizer"": 1, ""disable_window_extension"": true}","{""max_displacement"": 0, ""site_search_window"": 0, ""row_search_window"": 0, ""disallow_one_site_gaps"": false, ""use_diamond_legalizer"": 1, ""disable_window_extension"": false}",VALID,2887307.4,2887307.4,0.0,0.0,0.0,False
43,45,6,RISCY-b-2-c5,3,"{""max_displacement"": 0, ""site_search_window"": 0, ""row_search_window"": 0, ""disallow_one_site_gaps"": false, ""use_diamond_legalizer"": 1, ""disable_window_extension"": false}","{""max_displacement"": 0, ""site_search_window"": 10, ""row_search_window"": 2, ""disallow_one_site_gaps"": false, ""use_diamond_legalizer"": 1, ""disable_window_extension"": false}",VALID,2887307.4,2887307.4,0.0,0.0,0.0,False
43,45,7,RISCY-b-2-c5,4,"{""max_displacement"": 0, ""site_search_window"": 10, ""row_search_window"": 2, ""disallow_one_site_gaps"": false, ""use_diamond_legalizer"": 1, ""disable_window_extension"": false}","{""max_displacement"": 0, ""site_search_window"": 0, ""row_search_window"": 0, ""disallow_one_site_gaps"": false, ""use_diamond_legalizer"": 1, ""disable_window_extension"": false}",VALID,2887307.4,2887307.4,0.0,0.0,0.0,False
43,45,8,RISCY-b-2-c5,4,"{""max_displacement"": 0, ""site_search_window"": 0, ""row_search_window"": 0, ""disallow_one_site_gaps"": false, ""use_diamond_legalizer"": 1, ""disable_window_extension"": false}","{""max_displacement"": 0, ""site_search_window"": 0, ""row_search_window"": 0, ""disallow_one_site_gaps"": false, ""use_diamond_legalizer"": 1, ""disable_window_extension"": false}",VALID,2887307.4,2887307.4,0.0,0.0,0.0,False
43,45,9,RISCY-b-2-c5,0,"{""max_displacement"": 0, ""site_search_window"": 0, ""row_search_window"": 0, ""disallow_one_site_gaps"": false, ""use_diamond_legalizer"": 1, ""disable_window_extension"": false}","{""max_displacement"": 0, ""site_search_window"": 0, ""row_search_window"": 0, ""disallow_one_site_gaps"": true, ""use_diamond_legalizer"": 1, ""disable_window_extension"": true}",VALID,2887307.4,2887307.4,0.0,0.0,0.0,False
43,45,10,RISCY-b-2-c5,0,"{""max_displacement"": 0, ""site_search_window"": 0, ""row_search_window"": 0, ""disallow_one_site_gaps"": true, ""use_diamond_legalizer"": 1, ""disable_window_extension"": true}","{""max_displacement"": 0, ""site_search_window"": 0, ""row_search_window"": 0, ""disallow_one_site_gaps"": false, ""use_diamond_legalizer"": 1, ""disable_window_extension"": false}",VALID,2887307.4,2887307.4,0.0,0.0,0.0,True
43,46,1,RISCY-FPU-b-1-c2,6,"{""max_displacement"": 0, ""site_search_window"": 0, ""row_search_window"": 0, ""disallow_one_site_gaps"": 0, ""use_diamond_legalizer"": 1, ""disable_window_extension"": 0}","{""max_displacement"": 0, ""site_search_window"": 0, ""row_search_window"": 0, ""disallow_one_site_gaps"": 0, ""use_diamond_legalizer"": 1, ""disable_window_extension"": 0}",VALID,5067893.3,5067893.3,0.0,0.0,0.0,False
43,46,2,RISCY-FPU-b-1-c2,1,"{""max_displacement"": 0, ""site_search_window"": 0, ""row_search_window"": 0, ""disallow_one_site_gaps"": 0, ""use_diamond_legalizer"": 1, ""disable_window_extension"": 0}","{""max_displacement"": 10, ""site_search_window"": 10, ""row_search_window"": 2, ""disallow_one_site_gaps"": 0, ""use_diamond_legalizer"": 1, ""disable_window_extension"": 0}",VALID,5067893.3,5067893.3,0.0,0.0,0.0,False
43,46,3,RISCY-FPU-b-1-c2,6,"{""max_displacement"": 10, ""site_search_window"": 10, ""row_search_window"": 2, ""disallow_one_site_gaps"": 0, ""use_diamond_legalizer"": 1, ""disable_window_extension"": 0}","{""max_displacement"": 0, ""site_search_window"": 0, ""row_search_window"": 2, ""disallow_one_site_gaps"": 0, ""use_diamond_legalizer"": 1, ""disable_window_extension"": 0}",VALID,5067893.3,5067893.3,0.0,0.0,0.0,False
43,46,4,RISCY-FPU-b-1-c2,7,"{""max_displacement"": 0, ""site_search_window"": 0, ""row_search_window"": 2, ""disallow_one_site_gaps"": 0, ""use_diamond_legalizer"": 1, ""disable_window_extension"": 0}","{""max_displacement"": 0, ""site_search_window"": 0, ""row_search_window"": 2, ""disallow_one_site_gaps"": 0, ""use_diamond_legalizer"": 1, ""disable_window_extension"": 0}",VALID,5067893.3,5067893.3,0.0,0.0,0.0,False
43,46,5,RISCY-FPU-b-1-c2,0,"{""max_displacement"": 0, ""site_search_window"": 0, ""row_search_window"": 2, ""disallow_one_site_gaps"": 0, ""use_diamond_legalizer"": 1, ""disable_window_extension"": 0}","{""max_displacement"": 0, ""site_search_window"": 0, ""row_search_window"": 2, ""disallow_one_site_gaps"": true, ""use_diamond_legalizer"": 1, ""disable_window_extension"": true}",VALID,5067893.3,5067893.3,0.0,0.0,0.0,False
43,46,6,RISCY-FPU-b-1-c2,2,"{""max_displacement"": 0, ""site_search_window"": 0, ""row_search_window"": 2, ""disallow_one_site_gaps"": true, ""use_diamond_legalizer"": 1, ""disable_window_extension"": true}","{""max_displacement"": 0, ""site_search_window"": 0, ""row_search_window"": 0, ""disallow_one_site_gaps"": true, ""use_diamond_legalizer"": 1, ""disable_window_extension"": true}",VALID,5067893.3,5067893.3,0.0,0.0,0.0,False
43,46,7,RISCY-FPU-b-1-c2,1,"{""max_displacement"": 0, ""site_search_window"": 0, ""row_search_window"": 0, ""disallow_one_site_gaps"": true, ""use_diamond_legalizer"": 1, ""disable_window_extension"": true}","{""max_displacement"": 10, ""site_search_window"": 10, ""row_search_window"": 2, ""disallow_one_site_gaps"": true, ""use_diamond_legalizer"": 1, ""disable_window_extension"": true}",VALID,5067893.3,5067893.3,0.0,0.0,0.0,False
43,46,8,RISCY-FPU-b-1-c2,0,"{""max_displacement"": 10, ""site_search_window"": 10, ""row_search_window"": 2, ""disallow_one_site_gaps"": true, ""use_diamond_legalizer"": 1, ""disable_window_extension"": true}","{""max_displacement"": 10, ""site_search_window"": 10, ""row_search_window"": 2, ""disallow_one_site_gaps"": false, ""use_diamond_legalizer"": 1, ""disable_window_extension"": false}",VALID,5067893.3,5067893.3,0.0,0.0,0.0,False
43,46,9,RISCY-FPU-b-1-c2,4,"{""max_displacement"": 10, ""site_search_window"": 10, ""row_search_window"": 2, ""disallow_one_site_gaps"": false, ""use_diamond_legalizer"": 1, ""disable_window_extension"": false}","{""max_displacement"": 10, ""site_search_window"": 0, ""row_search_window"": 0, ""disallow_one_site_gaps"": false, ""use_diamond_legalizer"": 1, ""disable_window_extension"": false}",VALID,5067893.3,5067893.3,0.0,0.0,0.0,False
43,46,10,RISCY-FPU-b-1-c2,3,"{""max_displacement"": 10, ""site_search_window"": 0, ""row_search_window"": 0, ""disallow_one_site_gaps"": false, ""use_diamond_legalizer"": 1, ""disable_window_extension"": false}","{""max_displacement"": 10, ""site_search_window"": 10, ""row_search_window"": 2, ""disallow_one_site_gaps"": false, ""use_diamond_legalizer"": 1, ""disable_window_extension"": false}",VALID,5067893.3,5067893.3,0.0,0.0,0.0,True
43,47,1,zero-riscy-b-3-c20,6,"{""max_displacement"": 0, ""site_search_window"": 0, ""row_search_window"": 0, ""disallow_one_site_gaps"": 0, ""use_diamond_legalizer"": 1, ""disable_window_extension"": 0}","{""max_displacement"": 0, ""site_search_window"": 0, ""row_search_window"": 0, ""disallow_one_site_gaps"": 0, ""use_diamond_legalizer"": 1, ""disable_window_extension"": 0}",VALID,1996434.6,1996434.6,0.0,0.0,0.0,False
43,47,2,zero-riscy-b-3-c20,5,"{""max_displacement"": 0, ""site_search_window"": 0, ""row_search_window"": 0, ""disallow_one_site_gaps"": 0, ""use_diamond_legalizer"": 1, ""disable_window_extension"": 0}","{""max_displacement"": 10, ""site_search_window"": 10, ""row_search_window"": 0, ""disallow_one_site_gaps"": 0, ""use_diamond_legalizer"": 1, ""disable_window_extension"": 0}",VALID,1996434.6,1996434.6,0.0,0.0,0.0,False
43,47,3,zero-riscy-b-3-c20,5,"{""max_displacement"": 10, ""site_search_window"": 10, ""row_search_window"": 0, ""disallow_one_site_gaps"": 0, ""use_diamond_legalizer"": 1, ""disable_window_extension"": 0}","{""max_displacement"": 20, ""site_search_window"": 20, ""row_search_window"": 0, ""disallow_one_site_gaps"": 0, ""use_diamond_legalizer"": 1, ""disable_window_extension"": 0}",VALID,1996434.6,1996434.6,0.0,0.0,0.0,False
43,47,4,zero-riscy-b-3-c20,6,"{""max_displacement"": 20, ""site_search_window"": 20, ""row_search_window"": 0, ""disallow_one_site_gaps"": 0, ""use_diamond_legalizer"": 1, ""disable_window_extension"": 0}","{""max_displacement"": 10, ""site_search_window"": 10, ""row_search_window"": 0, ""disallow_one_site_gaps"": 0, ""use_diamond_legalizer"": 1, ""disable_window_extension"": 0}",VALID,1996434.6,1996434.6,0.0,0.0,0.0,False
43,47,5,zero-riscy-b-3-c20,1,"{""max_displacement"": 10, ""site_search_window"": 10, ""row_search_window"": 0, ""disallow_one_site_gaps"": 0, ""use_diamond_legalizer"": 1, ""disable_window_extension"": 0}","{""max_displacement"": 20, ""site_search_window"": 20, ""row_search_window"": 2, ""disallow_one_site_gaps"": 0, ""use_diamond_legalizer"": 1, ""disable_window_extension"": 0}",VALID,1996434.6,1996434.6,0.0,0.0,0.0,False
43,47,6,zero-riscy-b-3-c20,6,"{""max_displacement"": 20, ""site_search_window"": 20, ""row_search_window"": 2, ""disallow_one_site_gaps"": 0, ""use_diamond_legalizer"": 1, ""disable_window_extension"": 0}","{""max_displacement"": 10, ""site_search_window"": 10, ""row_search_window"": 2, ""disallow_one_site_gaps"": 0, ""use_diamond_legalizer"": 1, ""disable_window_extension"": 0}",VALID,1996434.6,1996434.6,0.0,0.0,0.0,False
43,47,7,zero-riscy-b-3-c20,5,"{""max_displacement"": 10, ""site_search_window"": 10, ""row_search_window"": 2, ""disallow_one_site_gaps"": 0, ""use_diamond_legalizer"": 1, ""disable_window_extension"": 0}","{""max_displacement"": 20, ""site_search_window"": 20, ""row_search_window"": 2, ""disallow_one_site_gaps"": 0, ""use_diamond_legalizer"": 1, ""disable_window_extension"": 0}",VALID,1996434.6,1996434.6,0.0,0.0,0.0,False
43,47,8,zero-riscy-b-3-c20,1,"{""max_displacement"": 20, ""site_search_window"": 20, ""row_search_window"": 2, ""disallow_one_site_gaps"": 0, ""use_diamond_legalizer"": 1, ""disable_window_extension"": 0}","{""max_displacement"": 30, ""site_search_window"": 30, ""row_search_window"": 4, ""disallow_one_site_gaps"": 0, ""use_diamond_legalizer"": 1, ""disable_window_extension"": 0}",VALID,1996434.6,1996434.6,0.0,0.0,0.0,False
43,47,9,zero-riscy-b-3-c20,7,"{""max_displacement"": 30, ""site_search_window"": 30, ""row_search_window"": 4, ""disallow_one_site_gaps"": 0, ""use_diamond_legalizer"": 1, ""disable_window_extension"": 0}","{""max_displacement"": 30, ""site_search_window"": 30, ""row_search_window"": 4, ""disallow_one_site_gaps"": 0, ""use_diamond_legalizer"": 1, ""disable_window_extension"": 0}",VALID,1996434.6,1996434.6,0.0,0.0,0.0,False
43,47,10,zero-riscy-b-3-c20,0,"{""max_displacement"": 30, ""site_search_window"": 30, ""row_search_window"": 4, ""disallow_one_site_gaps"": 0, ""use_diamond_legalizer"": 1, ""disable_window_extension"": 0}","{""max_displacement"": 30, ""site_search_window"": 30, ""row_search_window"": 4, ""disallow_one_site_gaps"": true, ""use_diamond_legalizer"": 1, ""disable_window_extension"": true}",VALID,1996434.6,1996434.6,0.0,0.0,0.0,True
43,48,1,RISCY-b-1-c2,6,"{""max_displacement"": 0, ""site_search_window"": 0, ""row_search_window"": 0, ""disallow_one_site_gaps"": 0, ""use_diamond_legalizer"": 1, ""disable_window_extension"": 0}","{""max_displacement"": 0, ""site_search_window"": 0, ""row_search_window"": 0, ""disallow_one_site_gaps"": 0, ""use_diamond_legalizer"": 1, ""disable_window_extension"": 0}",VALID,2943613.2,2943613.2,0.0,0.0,0.0,False
43,48,2,RISCY-b-1-c2,4,"{""max_displacement"": 0, ""site_search_window"": 0, ""row_search_window"": 0, ""disallow_one_site_gaps"": 0, ""use_diamond_legalizer"": 1, ""disable_window_extension"": 0}","{""max_displacement"": 0, ""site_search_window"": 0, ""row_search_window"": 0, ""disallow_one_site_gaps"": 0, ""use_diamond_legalizer"": 1, ""disable_window_extension"": 0}",VALID,2943613.2,2943613.2,0.0,0.0,0.0,False
43,48,3,RISCY-b-1-c2,5,"{""max_displacement"": 0, ""site_search_window"": 0, ""row_search_window"": 0, ""disallow_one_site_gaps"": 0, ""use_diamond_legalizer"": 1, ""disable_window_extension"": 0}","{""max_displacement"": 10, ""site_search_window"": 10, ""row_search_window"": 0, ""disallow_one_site_gaps"": 0, ""use_diamond_legalizer"": 1, ""disable_window_extension"": 0}",FAILED,2943613.2,2943613.2,0.0,-100.0,-1.0,False
43,48,4,RISCY-b-1-c2,1,"{""max_displacement"": 10, ""site_search_window"": 10, ""row_search_window"": 0, ""disallow_one_site_gaps"": 0, ""use_diamond_legalizer"": 1, ""disable_window_extension"": 0}","{""max_displacement"": 20, ""site_search_window"": 20, ""row_search_window"": 2, ""disallow_one_site_gaps"": 0, ""use_diamond_legalizer"": 1, ""disable_window_extension"": 0}",FAILED,2943613.2,2943613.2,0.0,-100.0,-1.0,False
43,48,5,RISCY-b-1-c2,6,"{""max_displacement"": 20, ""site_search_window"": 20, ""row_search_window"": 2, ""disallow_one_site_gaps"": 0, ""use_diamond_legalizer"": 1, ""disable_window_extension"": 0}","{""max_displacement"": 10, ""site_search_window"": 10, ""row_search_window"": 2, ""disallow_one_site_gaps"": 0, ""use_diamond_legalizer"": 1, ""disable_window_extension"": 0}",FAILED,2943613.2,2943613.2,0.0,-100.0,-1.0,False
43,48,6,RISCY-b-1-c2,4,"{""max_displacement"": 10, ""site_search_window"": 10, ""row_search_window"": 2, ""disallow_one_site_gaps"": 0, ""use_diamond_legalizer"": 1, ""disable_window_extension"": 0}","{""max_displacement"": 10, ""site_search_window"": 0, ""row_search_window"": 0, ""disallow_one_site_gaps"": 0, ""use_diamond_legalizer"": 1, ""disable_window_extension"": 0}",FAILED,2943613.2,2943613.2,0.0,-100.0,-1.0,False
43,48,7,RISCY-b-1-c2,0,"{""max_displacement"": 10, ""site_search_window"": 0, ""row_search_window"": 0, ""disallow_one_site_gaps"": 0, ""use_diamond_legalizer"": 1, ""disable_window_extension"": 0}","{""max_displacement"": 10, ""site_search_window"": 0, ""row_search_window"": 0, ""disallow_one_site_gaps"": true, ""use_diamond_legalizer"": 1, ""disable_window_extension"": true}",FAILED,2943613.2,2943613.2,0.0,-100.0,-1.0,False
43,48,8,RISCY-b-1-c2,0,"{""max_displacement"": 10, ""site_search_window"": 0, ""row_search_window"": 0, ""disallow_one_site_gaps"": true, ""use_diamond_legalizer"": 1, ""disable_window_extension"": true}","{""max_displacement"": 10, ""site_search_window"": 0, ""row_search_window"": 0, ""disallow_one_site_gaps"": false, ""use_diamond_legalizer"": 1, ""disable_window_extension"": false}",FAILED,2943613.2,2943613.2,0.0,-100.0,-1.0,False
43,48,9,RISCY-b-1-c2,7,"{""max_displacement"": 10, ""site_search_window"": 0, ""row_search_window"": 0, ""disallow_one_site_gaps"": false, ""use_diamond_legalizer"": 1, ""disable_window_extension"": false}","{""max_displacement"": 10, ""site_search_window"": 0, ""row_search_window"": 0, ""disallow_one_site_gaps"": false, ""use_diamond_legalizer"": 1, ""disable_window_extension"": false}",FAILED,2943613.2,2943613.2,0.0,-100.0,-1.0,False
43,48,10,RISCY-b-1-c2,4,"{""max_displacement"": 10, ""site_search_window"": 0, ""row_search_window"": 0, ""disallow_one_site_gaps"": false, ""use_diamond_legalizer"": 1, ""disable_window_extension"": false}","{""max_displacement"": 10, ""site_search_window"": 0, ""row_search_window"": 0, ""disallow_one_site_gaps"": false, ""use_diamond_legalizer"": 1, ""disable_window_extension"": false}",FAILED,2943613.2,2943613.2,0.0,-100.0,-1.0,True
43,49,1,zero-riscy-b-3-c5,1,"{""max_displacement"": 0, ""site_search_window"": 0, ""row_search_window"": 0, ""disallow_one_site_gaps"": 0, ""use_diamond_legalizer"": 1, ""disable_window_extension"": 0}","{""max_displacement"": 10, ""site_search_window"": 10, ""row_search_window"": 2, ""disallow_one_site_gaps"": 0, ""use_diamond_legalizer"": 1, ""disable_window_extension"": 0}",VALID,2080758.2,2080758.2,0.0,0.0,0.0,False
43,49,2,zero-riscy-b-3-c5,2,"{""max_displacement"": 10, ""site_search_window"": 10, ""row_search_window"": 2, ""disallow_one_site_gaps"": 0, ""use_diamond_legalizer"": 1, ""disable_window_extension"": 0}","{""max_displacement"": 0, ""site_search_window"": 0, ""row_search_window"": 0, ""disallow_one_site_gaps"": 0, ""use_diamond_legalizer"": 1, ""disable_window_extension"": 0}",VALID,2080758.2,2080758.2,0.0,0.0,0.0,False
43,49,3,zero-riscy-b-3-c5,3,"{""max_displacement"": 0, ""site_search_window"": 0, ""row_search_window"": 0, ""disallow_one_site_gaps"": 0, ""use_diamond_legalizer"": 1, ""disable_window_extension"": 0}","{""max_displacement"": 0, ""site_search_window"": 10, ""row_search_window"": 2, ""disallow_one_site_gaps"": 0, ""use_diamond_legalizer"": 1, ""disable_window_extension"": 0}",VALID,2080758.2,2080758.2,0.0,0.0,0.0,False
43,49,4,zero-riscy-b-3-c5,5,"{""max_displacement"": 0, ""site_search_window"": 10, ""row_search_window"": 2, ""disallow_one_site_gaps"": 0, ""use_diamond_legalizer"": 1, ""disable_window_extension"": 0}","{""max_displacement"": 10, ""site_search_window"": 20, ""row_search_window"": 2, ""disallow_one_site_gaps"": 0, ""use_diamond_legalizer"": 1, ""disable_window_extension"": 0}",VALID,2080758.2,2080758.2,0.0,0.0,0.0,False
43,49,5,zero-riscy-b-3-c5,7,"{""max_displacement"": 10, ""site_search_window"": 20, ""row_search_window"": 2, ""disallow_one_site_gaps"": 0, ""use_diamond_legalizer"": 1, ""disable_window_extension"": 0}","{""max_displacement"": 10, ""site_search_window"": 20, ""row_search_window"": 2, ""disallow_one_site_gaps"": 0, ""use_diamond_legalizer"": 1, ""disable_window_extension"": 0}",VALID,2080758.2,2080758.2,0.0,0.0,0.0,False
43,49,6,zero-riscy-b-3-c5,1,"{""max_displacement"": 10, ""site_search_window"": 20, ""row_search_window"": 2, ""disallow_one_site_gaps"": 0, ""use_diamond_legalizer"": 1, ""disable_window_extension"": 0}","{""max_displacement"": 20, ""site_search_window"": 30, ""row_search_window"": 4, ""disallow_one_site_gaps"": 0, ""use_diamond_legalizer"": 1, ""disable_window_extension"": 0}",VALID,2080758.2,2080758.2,0.0,0.0,0.0,False
43,49,7,zero-riscy-b-3-c5,3,"{""max_displacement"": 20, ""site_search_window"": 30, ""row_search_window"": 4, ""disallow_one_site_gaps"": 0, ""use_diamond_legalizer"": 1, ""disable_window_extension"": 0}","{""max_displacement"": 20, ""site_search_window"": 40, ""row_search_window"": 6, ""disallow_one_site_gaps"": 0, ""use_diamond_legalizer"": 1, ""disable_window_extension"": 0}",VALID,2080758.2,2080758.2,0.0,0.0,0.0,False
43,49,8,zero-riscy-b-3-c5,4,"{""max_displacement"": 20, ""site_search_window"": 40, ""row_search_window"": 6, ""disallow_one_site_gaps"": 0, ""use_diamond_legalizer"": 1, ""disable_window_extension"": 0}","{""max_displacement"": 20, ""site_search_window"": 30, ""row_search_window"": 4, ""disallow_one_site_gaps"": 0, ""use_diamond_legalizer"": 1, ""disable_window_extension"": 0}",VALID,2080758.2,2080758.2,0.0,0.0,0.0,False
43,49,9,zero-riscy-b-3-c5,2,"{""max_displacement"": 20, ""site_search_window"": 30, ""row_search_window"": 4, ""disallow_one_site_gaps"": 0, ""use_diamond_legalizer"": 1, ""disable_window_extension"": 0}","{""max_displacement"": 10, ""site_search_window"": 20, ""row_search_window"": 2, ""disallow_one_site_gaps"": 0, ""use_diamond_legalizer"": 1, ""disable_window_extension"": 0}",VALID,2080758.2,2080758.2,0.0,0.0,0.0,False
43,49,10,zero-riscy-b-3-c5,4,"{""max_displacement"": 10, ""site_search_window"": 20, ""row_search_window"": 2, ""disallow_one_site_gaps"": 0, ""use_diamond_legalizer"": 1, ""disable_window_extension"": 0}","{""max_displacement"": 10, ""site_search_window"": 10, ""row_search_window"": 0, ""disallow_one_site_gaps"": 0, ""use_diamond_legalizer"": 1, ""disable_window_extension"": 0}",VALID,2080758.2,2080758.2,0.0,0.0,0.0,True
43,50,1,RISCY-FPU-b-1-c5,7,"{""max_displacement"": 0, ""site_search_window"": 0, ""row_search_window"": 0, ""disallow_one_site_gaps"": 0, ""use_diamond_legalizer"": 1, ""disable_window_extension"": 0}","{""max_displacement"": 0, ""site_search_window"": 0, ""row_search_window"": 0, ""disallow_one_site_gaps"": 0, ""use_diamond_legalizer"": 1, ""disable_window_extension"": 0}",VALID,4682989.8,4682989.8,0.0,0.0,0.0,False
43,50,2,RISCY-FPU-b-1-c5,5,"{""max_displacement"": 0, ""site_search_window"": 0, ""row_search_window"": 0, ""disallow_one_site_gaps"": 0, ""use_diamond_legalizer"": 1, ""disable_window_extension"": 0}","{""max_displacement"": 10, ""site_search_window"": 10, ""row_search_window"": 0, ""disallow_one_site_gaps"": 0, ""use_diamond_legalizer"": 1, ""disable_window_extension"": 0}",VALID,4682989.8,4682989.8,0.0,0.0,0.0,False
43,50,3,RISCY-FPU-b-1-c5,0,"{""max_displacement"": 10, ""site_search_window"": 10, ""row_search_window"": 0, ""disallow_one_site_gaps"": 0, ""use_diamond_legalizer"": 1, ""disable_window_extension"": 0}","{""max_displacement"": 10, ""site_search_window"": 10, ""row_search_window"": 0, ""disallow_one_site_gaps"": true, ""use_diamond_legalizer"": 1, ""disable_window_extension"": true}",VALID,4682989.8,4682989.8,0.0,0.0,0.0,False
43,50,4,RISCY-FPU-b-1-c5,1,"{""max_displacement"": 10, ""site_search_window"": 10, ""row_search_window"": 0, ""disallow_one_site_gaps"": true, ""use_diamond_legalizer"": 1, ""disable_window_extension"": true}","{""max_displacement"": 20, ""site_search_window"": 20, ""row_search_window"": 2, ""disallow_one_site_gaps"": true, ""use_diamond_legalizer"": 1, ""disable_window_extension"": true}",VALID,4682989.8,4682989.8,0.0,0.0,0.0,False
43,50,5,RISCY-FPU-b-1-c5,2,"{""max_displacement"": 20, ""site_search_window"": 20, ""row_search_window"": 2, ""disallow_one_site_gaps"": true, ""use_diamond_legalizer"": 1, ""disable_window_extension"": true}","{""max_displacement"": 10, ""site_search_window"": 10, ""row_search_window"": 0, ""disallow_one_site_gaps"": true, ""use_diamond_legalizer"": 1, ""disable_window_extension"": true}",VALID,4682989.8,4682989.8,0.0,0.0,0.0,False
43,50,6,RISCY-FPU-b-1-c5,1,"{""max_displacement"": 10, ""site_search_window"": 10, ""row_search_window"": 0, ""disallow_one_site_gaps"": true, ""use_diamond_legalizer"": 1, ""disable_window_extension"": true}","{""max_displacement"": 20, ""site_search_window"": 20, ""row_search_window"": 2, ""disallow_one_site_gaps"": true, ""use_diamond_legalizer"": 1, ""disable_window_extension"": true}",VALID,4682989.8,4682989.8,0.0,0.0,0.0,False
43,50,7,RISCY-FPU-b-1-c5,4,"{""max_displacement"": 20, ""site_search_window"": 20, ""row_search_window"": 2, ""disallow_one_site_gaps"": true, ""use_diamond_legalizer"": 1, ""disable_window_extension"": true}","{""max_displacement"": 20, ""site_search_window"": 10, ""row_search_window"": 0, ""disallow_one_site_gaps"": true, ""use_diamond_legalizer"": 1, ""disable_window_extension"": true}",VALID,4682989.8,4682989.8,0.0,0.0,0.0,False
43,50,8,RISCY-FPU-b-1-c5,0,"{""max_displacement"": 20, ""site_search_window"": 10, ""row_search_window"": 0, ""disallow_one_site_gaps"": true, ""use_diamond_legalizer"": 1, ""disable_window_extension"": true}","{""max_displacement"": 20, ""site_search_window"": 10, ""row_search_window"": 0, ""disallow_one_site_gaps"": false, ""use_diamond_legalizer"": 1, ""disable_window_extension"": false}",VALID,4682989.8,4682989.8,0.0,0.0,0.0,False
43,50,9,RISCY-FPU-b-1-c5,2,"{""max_displacement"": 20, ""site_search_window"": 10, ""row_search_window"": 0, ""disallow_one_site_gaps"": false, ""use_diamond_legalizer"": 1, ""disable_window_extension"": false}","{""max_displacement"": 10, ""site_search_window"": 0, ""row_search_window"": 0, ""disallow_one_site_gaps"": false, ""use_diamond_legalizer"": 1, ""disable_window_extension"": false}",VALID,4682989.8,4682989.8,0.0,0.0,0.0,False
43,50,10,RISCY-FPU-b-1-c5,3,"{""max_displacement"": 10, ""site_search_window"": 0, ""row_search_window"": 0, ""disallow_one_site_gaps"": false, ""use_diamond_legalizer"": 1, ""disable_window_extension"": false}","{""max_displacement"": 10, ""site_search_window"": 10, ""row_search_window"": 2, ""disallow_one_site_gaps"": false, ""use_diamond_legalizer"": 1, ""disable_window_extension"": false}",VALID,4682989.8,4682989.8,0.0,0.0,0.0,True
43,51,1,RISCY-b-3-c5,3,"{""max_displacement"": 0, ""site_search_window"": 0, ""row_search_window"": 0, ""disallow_one_site_gaps"": 0, ""use_diamond_legalizer"": 1, ""disable_window_extension"": 0}","{""max_displacement"": 0, ""site_search_window"": 10, ""row_search_window"": 2, ""disallow_one_site_gaps"": 0, ""use_diamond_legalizer"": 1, ""disable_window_extension"": 0}",VALID,3393677.9,3393677.9,0.0,0.0,0.0,False
43,51,2,RISCY-b-3-c5,5,"{""max_displacement"": 0, ""site_search_window"": 10, ""row_search_window"": 2, ""disallow_one_site_gaps"": 0, ""use_diamond_legalizer"": 1, ""disable_window_extension"": 0}","{""max_displacement"": 10, ""site_search_window"": 20, ""row_search_window"": 2, ""disallow_one_site_gaps"": 0, ""use_diamond_legalizer"": 1, ""disable_window_extension"": 0}",VALID,3393677.9,3393677.9,0.0,0.0,0.0,False
43,51,3,RISCY-b-3-c5,6,"{""max_displacement"": 10, ""site_search_window"": 20, ""row_search_window"": 2, ""disallow_one_site_gaps"": 0, ""use_diamond_legalizer"": 1, ""disable_window_extension"": 0}","{""max_displacement"": 0, ""site_search_window"": 10, ""row_search_window"": 2, ""disallow_one_site_gaps"": 0, ""use_diamond_legalizer"": 1, ""disable_window_extension"": 0}",VALID,3393677.9,3393677.9,0.0,0.0,0.0,False
43,51,4,RISCY-b-3-c5,6,"{""max_displacement"": 0, ""site_search_window"": 10, ""row_search_window"": 2, ""disallow_one_site_gaps"": 0, ""use_diamond_legalizer"": 1, ""disable_window_extension"": 0}","{""max_displacement"": 0, ""site_search_window"": 0, ""row_search_window"": 2, ""disallow_one_site_gaps"": 0, ""use_diamond_legalizer"": 1, ""disable_window_extension"": 0}",VALID,3393677.9,3393677.9,0.0,0.0,0.0,False
43,51,5,RISCY-b-3-c5,5,"{""max_displacement"": 0, ""site_search_window"": 0, ""row_search_window"": 2, ""disallow_one_site_gaps"": 0, ""use_diamond_legalizer"": 1, ""disable_window_extension"": 0}","{""max_displacement"": 10, ""site_search_window"": 10, ""row_search_window"": 2, ""disallow_one_site_gaps"": 0, ""use_diamond_legalizer"": 1, ""disable_window_extension"": 0}",VALID,3393677.9,3393677.9,0.0,0.0,0.0,False
43,51,6,RISCY-b-3-c5,7,"{""max_displacement"": 10, ""site_search_window"": 10, ""row_search_window"": 2, ""disallow_one_site_gaps"": 0, ""use_diamond_legalizer"": 1, ""disable_window_extension"": 0}","{""max_displacement"": 10, ""site_search_window"": 10, ""row_search_window"": 2, ""disallow_one_site_gaps"": 0, ""use_diamond_legalizer"": 1, ""disable_window_extension"": 0}",VALID,3393677.9,3393677.9,0.0,0.0,0.0,False
43,51,7,RISCY-b-3-c5,7,"{""max_displacement"": 10, ""site_search_window"": 10, ""row_search_window"": 2, ""disallow_one_site_gaps"": 0, ""use_diamond_legalizer"": 1, ""disable_window_extension"": 0}","{""max_displacement"": 10, ""site_search_window"": 10, ""row_search_window"": 2, ""disallow_one_site_gaps"": 0, ""use_diamond_legalizer"": 1, ""disable_window_extension"": 0}",VALID,3393677.9,3393677.9,0.0,0.0,0.0,False
43,51,8,RISCY-b-3-c5,1,"{""max_displacement"": 10, ""site_search_window"": 10, ""row_search_window"": 2, ""disallow_one_site_gaps"": 0, ""use_diamond_legalizer"": 1, ""disable_window_extension"": 0}","{""max_displacement"": 20, ""site_search_window"": 20, ""row_search_window"": 4, ""disallow_one_site_gaps"": 0, ""use_diamond_legalizer"": 1, ""disable_window_extension"": 0}",VALID,3393677.9,3393677.9,0.0,0.0,0.0,False
43,51,9,RISCY-b-3-c5,1,"{""max_displacement"": 20, ""site_search_window"": 20, ""row_search_window"": 4, ""disallow_one_site_gaps"": 0, ""use_diamond_legalizer"": 1, ""disable_window_extension"": 0}","{""max_displacement"": 30, ""site_search_window"": 30, ""row_search_window"": 6, ""disallow_one_site_gaps"": 0, ""use_diamond_legalizer"": 1, ""disable_window_extension"": 0}",VALID,3393677.9,3393677.9,0.0,0.0,0.0,False
43,51,10,RISCY-b-3-c5,1,"{""max_displacement"": 30, ""site_search_window"": 30, ""row_search_window"": 6, ""disallow_one_site_gaps"": 0, ""use_diamond_legalizer"": 1, ""disable_window_extension"": 0}","{""max_displacement"": 40, ""site_search_window"": 40, ""row_search_window"": 8, ""disallow_one_site_gaps"": 0, ""use_diamond_legalizer"": 1, ""disable_window_extension"": 0}",VALID,3393677.9,3393677.9,0.0,0.0,0.0,True
43,52,1,RISCY-FPU-a-2-c2,5,"{""max_displacement"": 0, ""site_search_window"": 0, ""row_search_window"": 0, ""disallow_one_site_gaps"": 0, ""use_diamond_legalizer"": 1, ""disable_window_extension"": 0}","{""max_displacement"": 10, ""site_search_window"": 10, ""row_search_window"": 0, ""disallow_one_site_gaps"": 0, ""use_diamond_legalizer"": 1, ""disable_window_extension"": 0}",FAILED,10810430.6,10810430.6,0.0,-100.0,-1.0,False
43,52,2,RISCY-FPU-a-2-c2,1,"{""max_displacement"": 10, ""site_search_window"": 10, ""row_search_window"": 0, ""disallow_one_site_gaps"": 0, ""use_diamond_legalizer"": 1, ""disable_window_extension"": 0}","{""max_displacement"": 20, ""site_search_window"": 20, ""row_search_window"": 2, ""disallow_one_site_gaps"": 0, ""use_diamond_legalizer"": 1, ""disable_window_extension"": 0}",FAILED,10810430.6,10810430.6,0.0,-100.0,-1.0,False
43,52,3,RISCY-FPU-a-2-c2,2,"{""max_displacement"": 20, ""site_search_window"": 20, ""row_search_window"": 2, ""disallow_one_site_gaps"": 0, ""use_diamond_legalizer"": 1, ""disable_window_extension"": 0}","{""max_displacement"": 10, ""site_search_window"": 10, ""row_search_window"": 0, ""disallow_one_site_gaps"": 0, ""use_diamond_legalizer"": 1, ""disable_window_extension"": 0}",FAILED,10810430.6,10810430.6,0.0,-100.0,-1.0,False
43,52,4,RISCY-FPU-a-2-c2,5,"{""max_displacement"": 10, ""site_search_window"": 10, ""row_search_window"": 0, ""disallow_one_site_gaps"": 0, ""use_diamond_legalizer"": 1, ""disable_window_extension"": 0}","{""max_displacement"": 20, ""site_search_window"": 20, ""row_search_window"": 0, ""disallow_one_site_gaps"": 0, ""use_diamond_legalizer"": 1, ""disable_window_extension"": 0}",FAILED,10810430.6,10810430.6,0.0,-100.0,-1.0,False
43,52,5,RISCY-FPU-a-2-c2,2,"{""max_displacement"": 20, ""site_search_window"": 20, ""row_search_window"": 0, ""disallow_one_site_gaps"": 0, ""use_diamond_legalizer"": 1, ""disable_window_extension"": 0}","{""max_displacement"": 10, ""site_search_window"": 10, ""row_search_window"": 0, ""disallow_one_site_gaps"": 0, ""use_diamond_legalizer"": 1, ""disable_window_extension"": 0}",FAILED,10810430.6,10810430.6,0.0,-100.0,-1.0,False
43,52,6,RISCY-FPU-a-2-c2,2,"{""max_displacement"": 10, ""site_search_window"": 10, ""row_search_window"": 0, ""disallow_one_site_gaps"": 0, ""use_diamond_legalizer"": 1, ""disable_window_extension"": 0}","{""max_displacement"": 0, ""site_search_window"": 0, ""row_search_window"": 0, ""disallow_one_site_gaps"": 0, ""use_diamond_legalizer"": 1, ""disable_window_extension"": 0}",VALID,10810430.6,10810430.6,0.0,0.0,0.0,False
43,52,7,RISCY-FPU-a-2-c2,3,"{""max_displacement"": 0, ""site_search_window"": 0, ""row_search_window"": 0, ""disallow_one_site_gaps"": 0, ""use_diamond_legalizer"": 1, ""disable_window_extension"": 0}","{""max_displacement"": 0, ""site_search_window"": 10, ""row_search_window"": 2, ""disallow_one_site_gaps"": 0, ""use_diamond_legalizer"": 1, ""disable_window_extension"": 0}",VALID,10810430.6,10810430.6,0.0,0.0,0.0,False
43,52,8,RISCY-FPU-a-2-c2,6,"{""max_displacement"": 0, ""site_search_window"": 10, ""row_search_window"": 2, ""disallow_one_site_gaps"": 0, ""use_diamond_legalizer"": 1, ""disable_window_extension"": 0}","{""max_displacement"": 0, ""site_search_window"": 0, ""row_search_window"": 2, ""disallow_one_site_gaps"": 0, ""use_diamond_legalizer"": 1, ""disable_window_extension"": 0}",VALID,10810430.6,10810430.6,0.0,0.0,0.0,False
43,52,9,RISCY-FPU-a-2-c2,3,"{""max_displacement"": 0, ""site_search_window"": 0, ""row_search_window"": 2, ""disallow_one_site_gaps"": 0, ""use_diamond_legalizer"": 1, ""disable_window_extension"": 0}","{""max_displacement"": 0, ""site_search_window"": 10, ""row_search_window"": 4, ""disallow_one_site_gaps"": 0, ""use_diamond_legalizer"": 1, ""disable_window_extension"": 0}",VALID,10810430.6,10810430.6,0.0,0.0,0.0,False
43,52,10,RISCY-FPU-a-2-c2,1,"{""max_displacement"": 0, ""site_search_window"": 10, ""row_search_window"": 4, ""disallow_one_site_gaps"": 0, ""use_diamond_legalizer"": 1, ""disable_window_extension"": 0}","{""max_displacement"": 10, ""site_search_window"": 20, ""row_search_window"": 6, ""disallow_one_site_gaps"": 0, ""use_diamond_legalizer"": 1, ""disable_window_extension"": 0}",FAILED,10810430.6,10810430.6,0.0,-100.0,-1.0,True
43,53,1,RISCY-FPU-a-3-c5,1,"{""max_displacement"": 0, ""site_search_window"": 0, ""row_search_window"": 0, ""disallow_one_site_gaps"": 0, ""use_diamond_legalizer"": 1, ""disable_window_extension"": 0}","{""max_displacement"": 10, ""site_search_window"": 10, ""row_search_window"": 2, ""disallow_one_site_gaps"": 0, ""use_diamond_legalizer"": 1, ""disable_window_extension"": 0}",FAILED,7615617.5,7615617.5,0.0,-100.0,-1.0,False
43,53,2,RISCY-FPU-a-3-c5,5,"{""max_displacement"": 10, ""site_search_window"": 10, ""row_search_window"": 2, ""disallow_one_site_gaps"": 0, ""use_diamond_legalizer"": 1, ""disable_window_extension"": 0}","{""max_displacement"": 20, ""site_search_window"": 20, ""row_search_window"": 2, ""disallow_one_site_gaps"": 0, ""use_diamond_legalizer"": 1, ""disable_window_extension"": 0}",FAILED,7615617.5,7615617.5,0.0,-100.0,-1.0,False
43,53,3,RISCY-FPU-a-3-c5,1,"{""max_displacement"": 20, ""site_search_window"": 20, ""row_search_window"": 2, ""disallow_one_site_gaps"": 0, ""use_diamond_legalizer"": 1, ""disable_window_extension"": 0}","{""max_displacement"": 30, ""site_search_window"": 30, ""row_search_window"": 4, ""disallow_one_site_gaps"": 0, ""use_diamond_legalizer"": 1, ""disable_window_extension"": 0}",FAILED,7615617.5,7615617.5,0.0,-100.0,-1.0,False
43,53,4,RISCY-FPU-a-3-c5,1,"{""max_displacement"": 30, ""site_search_window"": 30, ""row_search_window"": 4, ""disallow_one_site_gaps"": 0, ""use_diamond_legalizer"": 1, ""disable_window_extension"": 0}","{""max_displacement"": 40, ""site_search_window"": 40, ""row_search_window"": 6, ""disallow_one_site_gaps"": 0, ""use_diamond_legalizer"": 1, ""disable_window_extension"": 0}",FAILED,7615617.5,7615617.5,0.0,-100.0,-1.0,False
43,53,5,RISCY-FPU-a-3-c5,4,"{""max_displacement"": 40, ""site_search_window"": 40, ""row_search_window"": 6, ""disallow_one_site_gaps"": 0, ""use_diamond_legalizer"": 1, ""disable_window_extension"": 0}","{""max_displacement"": 40, ""site_search_window"": 30, ""row_search_window"": 4, ""disallow_one_site_gaps"": 0, ""use_diamond_legalizer"": 1, ""disable_window_extension"": 0}",FAILED,7615617.5,7615617.5,0.0,-100.0,-1.0,False
43,53,6,RISCY-FPU-a-3-c5,0,"{""max_displacement"": 40, ""site_search_window"": 30, ""row_search_window"": 4, ""disallow_one_site_gaps"": 0, ""use_diamond_legalizer"": 1, ""disable_window_extension"": 0}","{""max_displacement"": 40, ""site_search_window"": 30, ""row_search_window"": 4, ""disallow_one_site_gaps"": true, ""use_diamond_legalizer"": 1, ""disable_window_extension"": true}",FAILED,7615617.5,7615617.5,0.0,-100.0,-1.0,False
43,53,7,RISCY-FPU-a-3-c5,2,"{""max_displacement"": 40, ""site_search_window"": 30, ""row_search_window"": 4, ""disallow_one_site_gaps"": true, ""use_diamond_legalizer"": 1, ""disable_window_extension"": true}","{""max_displacement"": 30, ""site_search_window"": 20, ""row_search_window"": 2, ""disallow_one_site_gaps"": true, ""use_diamond_legalizer"": 1, ""disable_window_extension"": true}",FAILED,7615617.5,7615617.5,0.0,-100.0,-1.0,False
43,53,8,RISCY-FPU-a-3-c5,2,"{""max_displacement"": 30, ""site_search_window"": 20, ""row_search_window"": 2, ""disallow_one_site_gaps"": true, ""use_diamond_legalizer"": 1, ""disable_window_extension"": true}","{""max_displacement"": 20, ""site_search_window"": 10, ""row_search_window"": 0, ""disallow_one_site_gaps"": true, ""use_diamond_legalizer"": 1, ""disable_window_extension"": true}",FAILED,7615617.5,7615617.5,0.0,-100.0,-1.0,False
43,53,9,RISCY-FPU-a-3-c5,0,"{""max_displacement"": 20, ""site_search_window"": 10, ""row_search_window"": 0, ""disallow_one_site_gaps"": true, ""use_diamond_legalizer"": 1, ""disable_window_extension"": true}","{""max_displacement"": 20, ""site_search_window"": 10, ""row_search_window"": 0, ""disallow_one_site_gaps"": false, ""use_diamond_legalizer"": 1, ""disable_window_extension"": false}",FAILED,7615617.5,7615617.5,0.0,-100.0,-1.0,False
43,53,10,RISCY-FPU-a-3-c5,7,"{""max_displacement"": 20, ""site_search_window"": 10, ""row_search_window"": 0, ""disallow_one_site_gaps"": false, ""use_diamond_legalizer"": 1, ""disable_window_extension"": false}","{""max_displacement"": 20, ""site_search_window"": 10, ""row_search_window"": 0, ""disallow_one_site_gaps"": false, ""use_diamond_legalizer"": 1, ""disable_window_extension"": false}",FAILED,7615617.5,7615617.5,0.0,-100.0,-1.0,True
43,54,1,zero-riscy-a-3-c20,2,"{""max_displacement"": 0, ""site_search_window"": 0, ""row_search_window"": 0, ""disallow_one_site_gaps"": 0, ""use_diamond_legalizer"": 1, ""disable_window_extension"": 0}","{""max_displacement"": 0, ""site_search_window"": 0, ""row_search_window"": 0, ""disallow_one_site_gaps"": 0, ""use_diamond_legalizer"": 1, ""disable_window_extension"": 0}",VALID,4037614.6,4037614.6,0.0,0.0,0.0,False
43,54,2,zero-riscy-a-3-c20,7,"{""max_displacement"": 0, ""site_search_window"": 0, ""row_search_window"": 0, ""disallow_one_site_gaps"": 0, ""use_diamond_legalizer"": 1, ""disable_window_extension"": 0}","{""max_displacement"": 0, ""site_search_window"": 0, ""row_search_window"": 0, ""disallow_one_site_gaps"": 0, ""use_diamond_legalizer"": 1, ""disable_window_extension"": 0}",VALID,4037614.6,4037614.6,0.0,0.0,0.0,False
43,54,3,zero-riscy-a-3-c20,6,"{""max_displacement"": 0, ""site_search_window"": 0, ""row_search_window"": 0, ""disallow_one_site_gaps"": 0, ""use_diamond_legalizer"": 1, ""disable_window_extension"": 0}","{""max_displacement"": 0, ""site_search_window"": 0, ""row_search_window"": 0, ""disallow_one_site_gaps"": 0, ""use_diamond_legalizer"": 1, ""disable_window_extension"": 0}",VALID,4037614.6,4037614.6,0.0,0.0,0.0,False
43,54,4,zero-riscy-a-3-c20,1,"{""max_displacement"": 0, ""site_search_window"": 0, ""row_search_window"": 0, ""disallow_one_site_gaps"": 0, ""use_diamond_legalizer"": 1, ""disable_window_extension"": 0}","{""max_displacement"": 10, ""site_search_window"": 10, ""row_search_window"": 2, ""disallow_one_site_gaps"": 0, ""use_diamond_legalizer"": 1, ""disable_window_extension"": 0}",FAILED,4037614.6,4037614.6,0.0,-100.0,-1.0,False
43,54,5,zero-riscy-a-3-c20,0,"{""max_displacement"": 10, ""site_search_window"": 10, ""row_search_window"": 2, ""disallow_one_site_gaps"": 0, ""use_diamond_legalizer"": 1, ""disable_window_extension"": 0}","{""max_displacement"": 10, ""site_search_window"": 10, ""row_search_window"": 2, ""disallow_one_site_gaps"": true, ""use_diamond_legalizer"": 1, ""disable_window_extension"": true}",FAILED,4037614.6,4037614.6,0.0,-100.0,-1.0,False
43,54,6,zero-riscy-a-3-c20,3,"{""max_displacement"": 10, ""site_search_window"": 10, ""row_search_window"": 2, ""disallow_one_site_gaps"": true, ""use_diamond_legalizer"": 1, ""disable_window_extension"": true}","{""max_displacement"": 10, ""site_search_window"": 20, ""row_search_window"": 4, ""disallow_one_site_gaps"": true, ""use_diamond_legalizer"": 1, ""disable_window_extension"": true}",FAILED,4037614.6,4037614.6,0.0,-100.0,-1.0,False
43,54,7,zero-riscy-a-3-c20,0,"{""max_displacement"": 10, ""site_search_window"": 20, ""row_search_window"": 4, ""disallow_one_site_gaps"": true, ""use_diamond_legalizer"": 1, ""disable_window_extension"": true}","{""max_displacement"": 10, ""site_search_window"": 20, ""row_search_window"": 4, ""disallow_one_site_gaps"": false, ""use_diamond_legalizer"": 1, ""disable_window_extension"": false}",FAILED,4037614.6,4037614.6,0.0,-100.0,-1.0,False
43,54,8,zero-riscy-a-3-c20,6,"{""max_displacement"": 10, ""site_search_window"": 20, ""row_search_window"": 4, ""disallow_one_site_gaps"": false, ""use_diamond_legalizer"": 1, ""disable_window_extension"": false}","{""max_displacement"": 0, ""site_search_window"": 10, ""row_search_window"": 4, ""disallow_one_site_gaps"": false, ""use_diamond_legalizer"": 1, ""disable_window_extension"": false}",VALID,4037614.6,4037614.6,0.0,0.0,0.0,False
43,54,9,zero-riscy-a-3-c20,4,"{""max_displacement"": 0, ""site_search_window"": 10, ""row_search_window"": 4, ""disallow_one_site_gaps"": false, ""use_diamond_legalizer"": 1, ""disable_window_extension"": false}","{""max_displacement"": 0, ""site_search_window"": 0, ""row_search_window"": 2, ""disallow_one_site_gaps"": false, ""use_diamond_legalizer"": 1, ""disable_window_extension"": false}",VALID,4037614.6,4037614.6,0.0,0.0,0.0,False
43,54,10,zero-riscy-a-3-c20,2,"{""max_displacement"": 0, ""site_search_window"": 0, ""row_search_window"": 2, ""disallow_one_site_gaps"": false, ""use_diamond_legalizer"": 1, ""disable_window_extension"": false}","{""max_displacement"": 0, ""site_search_window"": 0, ""row_search_window"": 0, ""disallow_one_site_gaps"": false, ""use_diamond_legalizer"": 1, ""disable_window_extension"": false}",VALID,4037614.6,4037614.6,0.0,0.0,0.0,True
43,55,1,zero-riscy-b-3-c5,4,"{""max_displacement"": 0, ""site_search_window"": 0, ""row_search_window"": 0, ""disallow_one_site_gaps"": 0, ""use_diamond_legalizer"": 1, ""disable_window_extension"": 0}","{""max_displacement"": 0, ""site_search_window"": 0, ""row_search_window"": 0, ""disallow_one_site_gaps"": 0, ""use_diamond_legalizer"": 1, ""disable_window_extension"": 0}",VALID,2080758.2,2080758.2,0.0,0.0,0.0,False
43,55,2,zero-riscy-b-3-c5,2,"{""max_displacement"": 0, ""site_search_window"": 0, ""row_search_window"": 0, ""disallow_one_site_gaps"": 0, ""use_diamond_legalizer"": 1, ""disable_window_extension"": 0}","{""max_displacement"": 0, ""site_search_window"": 0, ""row_search_window"": 0, ""disallow_one_site_gaps"": 0, ""use_diamond_legalizer"": 1, ""disable_window_extension"": 0}",VALID,2080758.2,2080758.2,0.0,0.0,0.0,False
43,55,3,zero-riscy-b-3-c5,3,"{""max_displacement"": 0, ""site_search_window"": 0, ""row_search_window"": 0, ""disallow_one_site_gaps"": 0, ""use_diamond_legalizer"": 1, ""disable_window_extension"": 0}","{""max_displacement"": 0, ""site_search_window"": 10, ""row_search_window"": 2, ""disallow_one_site_gaps"": 0, ""use_diamond_legalizer"": 1, ""disable_window_extension"": 0}",VALID,2080758.2,2080758.2,0.0,0.0,0.0,False
43,55,4,zero-riscy-b-3-c5,1,"{""max_displacement"": 0, ""site_search_window"": 10, ""row_search_window"": 2, ""disallow_one_site_gaps"": 0, ""use_diamond_legalizer"": 1, ""disable_window_extension"": 0}","{""max_displacement"": 10, ""site_search_window"": 20, ""row_search_window"": 4, ""disallow_one_site_gaps"": 0, ""use_diamond_legalizer"": 1, ""disable_window_extension"": 0}",VALID,2080758.2,2080758.2,0.0,0.0,0.0,False
43,55,5,zero-riscy-b-3-c5,5,"{""max_displacement"": 10, ""site_search_window"": 20, ""row_search_window"": 4, ""disallow_one_site_gaps"": 0, ""use_diamond_legalizer"": 1, ""disable_window_extension"": 0}","{""max_displacement"": 20, ""site_search_window"": 30, ""row_search_window"": 4, ""disallow_one_site_gaps"": 0, ""use_diamond_legalizer"": 1, ""disable_window_extension"": 0}",VALID,2080758.2,2080758.2,0.0,0.0,0.0,False
43,55,6,zero-riscy-b-3-c5,1,"{""max_displacement"": 20, ""site_search_window"": 30, ""row_search_window"": 4, ""disallow_one_site_gaps"": 0, ""use_diamond_legalizer"": 1, ""disable_window_extension"": 0}","{""max_displacement"": 30, ""site_search_window"": 40, ""row_search_window"": 6, ""disallow_one_site_gaps"": 0, ""use_diamond_legalizer"": 1, ""disable_window_extension"": 0}",VALID,2080758.2,2080758.2,0.0,0.0,0.0,False
43,55,7,zero-riscy-b-3-c5,0,"{""max_displacement"": 30, ""site_search_window"": 40, ""row_search_window"": 6, ""disallow_one_site_gaps"": 0, ""use_diamond_legalizer"": 1, ""disable_window_extension"": 0}","{""max_displacement"": 30, ""site_search_window"": 40, ""row_search_window"": 6, ""disallow_one_site_gaps"": true, ""use_diamond_legalizer"": 1, ""disable_window_extension"": true}",VALID,2080758.2,2080758.2,0.0,0.0,0.0,False
43,55,8,zero-riscy-b-3-c5,5,"{""max_displacement"": 30, ""site_search_window"": 40, ""row_search_window"": 6, ""disallow_one_site_gaps"": true, ""use_diamond_legalizer"": 1, ""disable_window_extension"": true}","{""max_displacement"": 40, ""site_search_window"": 50, ""row_search_window"": 6, ""disallow_one_site_gaps"": true, ""use_diamond_legalizer"": 1, ""disable_window_extension"": true}",VALID,2080758.2,2080758.2,0.0,0.0,0.0,False
43,55,9,zero-riscy-b-3-c5,1,"{""max_displacement"": 40, ""site_search_window"": 50, ""row_search_window"": 6, ""disallow_one_site_gaps"": true, ""use_diamond_legalizer"": 1, ""disable_window_extension"": true}","{""max_displacement"": 50, ""site_search_window"": 60, ""row_search_window"": 8, ""disallow_one_site_gaps"": true, ""use_diamond_legalizer"": 1, ""disable_window_extension"": true}",VALID,2080758.2,2080758.2,0.0,0.0,0.0,False
43,55,10,zero-riscy-b-3-c5,0,"{""max_displacement"": 50, ""site_search_window"": 60, ""row_search_window"": 8, ""disallow_one_site_gaps"": true, ""use_diamond_legalizer"": 1, ""disable_window_extension"": true}","{""max_displacement"": 50, ""site_search_window"": 60, ""row_search_window"": 8, ""disallow_one_site_gaps"": false, ""use_diamond_legalizer"": 1, ""disable_window_extension"": false}",VALID,2080758.2,2080758.2,0.0,0.0,0.0,True
43,56,1,zero-riscy-b-2-c5,2,"{""max_displacement"": 0, ""site_search_window"": 0, ""row_search_window"": 0, ""disallow_one_site_gaps"": 0, ""use_diamond_legalizer"": 1, ""disable_window_extension"": 0}","{""max_displacement"": 0, ""site_search_window"": 0, ""row_search_window"": 0, ""disallow_one_site_gaps"": 0, ""use_diamond_legalizer"": 1, ""disable_window_extension"": 0}",VALID,1887414.5,1887414.5,0.0,0.0,0.0,False
43,56,2,zero-riscy-b-2-c5,7,"{""max_displacement"": 0, ""site_search_window"": 0, ""row_search_window"": 0, ""disallow_one_site_gaps"": 0, ""use_diamond_legalizer"": 1, ""disable_window_extension"": 0}","{""max_displacement"": 0, ""site_search_window"": 0, ""row_search_window"": 0, ""disallow_one_site_gaps"": 0, ""use_diamond_legalizer"": 1, ""disable_window_extension"": 0}",VALID,1887414.5,1887414.5,0.0,0.0,0.0,False
43,56,3,zero-riscy-b-2-c5,1,"{""max_displacement"": 0, ""site_search_window"": 0, ""row_search_window"": 0, ""disallow_one_site_gaps"": 0, ""use_diamond_legalizer"": 1, ""disable_window_extension"": 0}","{""max_displacement"": 10, ""site_search_window"": 10, ""row_search_window"": 2, ""disallow_one_site_gaps"": 0, ""use_diamond_legalizer"": 1, ""disable_window_extension"": 0}",VALID,1887414.5,1887414.5,0.0,0.0,0.0,False
43,56,4,zero-riscy-b-2-c5,7,"{""max_displacement"": 10, ""site_search_window"": 10, ""row_search_window"": 2, ""disallow_one_site_gaps"": 0, ""use_diamond_legalizer"": 1, ""disable_window_extension"": 0}","{""max_displacement"": 10, ""site_search_window"": 10, ""row_search_window"": 2, ""disallow_one_site_gaps"": 0, ""use_diamond_legalizer"": 1, ""disable_window_extension"": 0}",VALID,1887414.5,1887414.5,0.0,0.0,0.0,False
43,56,5,zero-riscy-b-2-c5,1,"{""max_displacement"": 10, ""site_search_window"": 10, ""row_search_window"": 2, ""disallow_one_site_gaps"": 0, ""use_diamond_legalizer"": 1, ""disable_window_extension"": 0}","{""max_displacement"": 20, ""site_search_window"": 20, ""row_search_window"": 4, ""disallow_one_site_gaps"": 0, ""use_diamond_legalizer"": 1, ""disable_window_extension"": 0}",VALID,1887414.5,1887414.5,0.0,0.0,0.0,False
43,56,6,zero-riscy-b-2-c5,0,"{""max_displacement"": 20, ""site_search_window"": 20, ""row_search_window"": 4, ""disallow_one_site_gaps"": 0, ""use_diamond_legalizer"": 1, ""disable_window_extension"": 0}","{""max_displacement"": 20, ""site_search_window"": 20, ""row_search_window"": 4, ""disallow_one_site_gaps"": true, ""use_diamond_legalizer"": 1, ""disable_window_extension"": true}",VALID,1887414.5,1887414.5,0.0,0.0,0.0,False
43,56,7,zero-riscy-b-2-c5,0,"{""max_displacement"": 20, ""site_search_window"": 20, ""row_search_window"": 4, ""disallow_one_site_gaps"": true, ""use_diamond_legalizer"": 1, ""disable_window_extension"": true}","{""max_displacement"": 20, ""site_search_window"": 20, ""row_search_window"": 4, ""disallow_one_site_gaps"": false, ""use_diamond_legalizer"": 1, ""disable_window_extension"": false}",VALID,1887414.5,1887414.5,0.0,0.0,0.0,False
43,56,8,zero-riscy-b-2-c5,4,"{""max_displacement"": 20, ""site_search_window"": 20, ""row_search_window"": 4, ""disallow_one_site_gaps"": false, ""use_diamond_legalizer"": 1, ""disable_window_extension"": false}","{""max_displacement"": 20, ""site_search_window"": 10, ""row_search_window"": 2, ""disallow_one_site_gaps"": false, ""use_diamond_legalizer"": 1, ""disable_window_extension"": false}",VALID,1887414.5,1887414.5,0.0,0.0,0.0,False
43,56,9,zero-riscy-b-2-c5,2,"{""max_displacement"": 20, ""site_search_window"": 10, ""row_search_window"": 2, ""disallow_one_site_gaps"": false, ""use_diamond_legalizer"": 1, ""disable_window_extension"": false}","{""max_displacement"": 10, ""site_search_window"": 0, ""row_search_window"": 0, ""disallow_one_site_gaps"": false, ""use_diamond_legalizer"": 1, ""disable_window_extension"": false}",VALID,1887414.5,1887414.5,0.0,0.0,0.0,False
43,56,10,zero-riscy-b-2-c5,7,"{""max_displacement"": 10, ""site_search_window"": 0, ""row_search_window"": 0, ""disallow_one_site_gaps"": false, ""use_diamond_legalizer"": 1, ""disable_window_extension"": false}","{""max_displacement"": 10, ""site_search_window"": 0, ""row_search_window"": 0, ""disallow_one_site_gaps"": false, ""use_diamond_legalizer"": 1, ""disable_window_extension"": false}",VALID,1887414.5,1887414.5,0.0,0.0,0.0,True
43,57,1,RISCY-a-3-c20,0,"{""max_displacement"": 0, ""site_search_window"": 0, ""row_search_window"": 0, ""disallow_one_site_gaps"": 0, ""use_diamond_legalizer"": 1, ""disable_window_extension"": 0}","{""max_displacement"": 0, ""site_search_window"": 0, ""row_search_window"": 0, ""disallow_one_site_gaps"": true, ""use_diamond_legalizer"": 1, ""disable_window_extension"": true}",VALID,5117723.0,5117723.0,0.0,0.0,0.0,False
43,57,2,RISCY-a-3-c20,1,"{""max_displacement"": 0, ""site_search_window"": 0, ""row_search_window"": 0, ""disallow_one_site_gaps"": true, ""use_diamond_legalizer"": 1, ""disable_window_extension"": true}","{""max_displacement"": 10, ""site_search_window"": 10, ""row_search_window"": 2, ""disallow_one_site_gaps"": true, ""use_diamond_legalizer"": 1, ""disable_window_extension"": true}",FAILED,5117723.0,5117723.0,0.0,-100.0,-1.0,False
43,57,3,RISCY-a-3-c20,0,"{""max_displacement"": 10, ""site_search_window"": 10, ""row_search_window"": 2, ""disallow_one_site_gaps"": true, ""use_diamond_legalizer"": 1, ""disable_window_extension"": true}","{""max_displacement"": 10, ""site_search_window"": 10, ""row_search_window"": 2, ""disallow_one_site_gaps"": false, ""use_diamond_legalizer"": 1, ""disable_window_extension"": false}",FAILED,5117723.0,5117723.0,0.0,-100.0,-1.0,False
43,57,4,RISCY-a-3-c20,2,"{""max_displacement"": 10, ""site_search_window"": 10, ""row_search_window"": 2, ""disallow_one_site_gaps"": false, ""use_diamond_legalizer"": 1, ""disable_window_extension"": false}","{""max_displacement"": 0, ""site_search_window"": 0, ""row_search_window"": 0, ""disallow_one_site_gaps"": false, ""use_diamond_legalizer"": 1, ""disable_window_extension"": false}",VALID,5117723.0,5117723.0,0.0,0.0,0.0,False
43,57,5,RISCY-a-3-c20,6,"{""max_displacement"": 0, ""site_search_window"": 0, ""row_search_window"": 0, ""disallow_one_site_gaps"": false, ""use_diamond_legalizer"": 1, ""disable_window_extension"": false}","{""max_displacement"": 0, ""site_search_window"": 0, ""row_search_window"": 0, ""disallow_one_site_gaps"": false, ""use_diamond_legalizer"": 1, ""disable_window_extension"": false}",VALID,5117723.0,5117723.0,0.0,0.0,0.0,False
43,57,6,RISCY-a-3-c20,6,"{""max_displacement"": 0, ""site_search_window"": 0, ""row_search_window"": 0, ""disallow_one_site_gaps"": false, ""use_diamond_legalizer"": 1, ""disable_window_extension"": false}","{""max_displacement"": 0, ""site_search_window"": 0, ""row_search_window"": 0, ""disallow_one_site_gaps"": false, ""use_diamond_legalizer"": 1, ""disable_window_extension"": false}",VALID,5117723.0,5117723.0,0.0,0.0,0.0,False
43,57,7,RISCY-a-3-c20,1,"{""max_displacement"": 0, ""site_search_window"": 0, ""row_search_window"": 0, ""disallow_one_site_gaps"": false, ""use_diamond_legalizer"": 1, ""disable_window_extension"": false}","{""max_displacement"": 10, ""site_search_window"": 10, ""row_search_window"": 2, ""disallow_one_site_gaps"": false, ""use_diamond_legalizer"": 1, ""disable_window_extension"": false}",FAILED,5117723.0,5117723.0,0.0,-100.0,-1.0,False
43,57,8,RISCY-a-3-c20,7,"{""max_displacement"": 10, ""site_search_window"": 10, ""row_search_window"": 2, ""disallow_one_site_gaps"": false, ""use_diamond_legalizer"": 1, ""disable_window_extension"": false}","{""max_displacement"": 10, ""site_search_window"": 10, ""row_search_window"": 2, ""disallow_one_site_gaps"": false, ""use_diamond_legalizer"": 1, ""disable_window_extension"": false}",FAILED,5117723.0,5117723.0,0.0,-100.0,-1.0,False
43,57,9,RISCY-a-3-c20,0,"{""max_displacement"": 10, ""site_search_window"": 10, ""row_search_window"": 2, ""disallow_one_site_gaps"": false, ""use_diamond_legalizer"": 1, ""disable_window_extension"": false}","{""max_displacement"": 10, ""site_search_window"": 10, ""row_search_window"": 2, ""disallow_one_site_gaps"": true, ""use_diamond_legalizer"": 1, ""disable_window_extension"": true}",FAILED,5117723.0,5117723.0,0.0,-100.0,-1.0,False
43,57,10,RISCY-a-3-c20,3,"{""max_displacement"": 10, ""site_search_window"": 10, ""row_search_window"": 2, ""disallow_one_site_gaps"": true, ""use_diamond_legalizer"": 1, ""disable_window_extension"": true}","{""max_displacement"": 10, ""site_search_window"": 20, ""row_search_window"": 4, ""disallow_one_site_gaps"": true, ""use_diamond_legalizer"": 1, ""disable_window_extension"": true}",FAILED,5117723.0,5117723.0,0.0,-100.0,-1.0,True
43,58,1,zero-riscy-a-1-c5,7,"{""max_displacement"": 0, ""site_search_window"": 0, ""row_search_window"": 0, ""disallow_one_site_gaps"": 0, ""use_diamond_legalizer"": 1, ""disable_window_extension"": 0}","{""max_displacement"": 0, ""site_search_window"": 0, ""row_search_window"": 0, ""disallow_one_site_gaps"": 0, ""use_diamond_legalizer"": 1, ""disable_window_extension"": 0}",VALID,3677735.1,3677735.1,0.0,0.0,0.0,False
43,58,2,zero-riscy-a-1-c5,4,"{""max_displacement"": 0, ""site_search_window"": 0, ""row_search_window"": 0, ""disallow_one_site_gaps"": 0, ""use_diamond_legalizer"": 1, ""disable_window_extension"": 0}","{""max_displacement"": 0, ""site_search_window"": 0, ""row_search_window"": 0, ""disallow_one_site_gaps"": 0, ""use_diamond_legalizer"": 1, ""disable_window_extension"": 0}",VALID,3677735.1,3677735.1,0.0,0.0,0.0,False
43,58,3,zero-riscy-a-1-c5,6,"{""max_displacement"": 0, ""site_search_window"": 0, ""row_search_window"": 0, ""disallow_one_site_gaps"": 0, ""use_diamond_legalizer"": 1, ""disable_window_extension"": 0}","{""max_displacement"": 0, ""site_search_window"": 0, ""row_search_window"": 0, ""disallow_one_site_gaps"": 0, ""use_diamond_legalizer"": 1, ""disable_window_extension"": 0}",VALID,3677735.1,3677735.1,0.0,0.0,0.0,False
43,58,4,zero-riscy-a-1-c5,1,"{""max_displacement"": 0, ""site_search_window"": 0, ""row_search_window"": 0, ""disallow_one_site_gaps"": 0, ""use_diamond_legalizer"": 1, ""disable_window_extension"": 0}","{""max_displacement"": 10, ""site_search_window"": 10, ""row_search_window"": 2, ""disallow_one_site_gaps"": 0, ""use_diamond_legalizer"": 1, ""disable_window_extension"": 0}",VALID,3677735.1,3677735.1,0.0,0.0,0.0,False
43,58,5,zero-riscy-a-1-c5,2,"{""max_displacement"": 10, ""site_search_window"": 10, ""row_search_window"": 2, ""disallow_one_site_gaps"": 0, ""use_diamond_legalizer"": 1, ""disable_window_extension"": 0}","{""max_displacement"": 0, ""site_search_window"": 0, ""row_search_window"": 0, ""disallow_one_site_gaps"": 0, ""use_diamond_legalizer"": 1, ""disable_window_extension"": 0}",VALID,3677735.1,3677735.1,0.0,0.0,0.0,False
43,58,6,zero-riscy-a-1-c5,2,"{""max_displacement"": 0, ""site_search_window"": 0, ""row_search_window"": 0, ""disallow_one_site_gaps"": 0, ""use_diamond_legalizer"": 1, ""disable_window_extension"": 0}","{""max_displacement"": 0, ""site_search_window"": 0, ""row_search_window"": 0, ""disallow_one_site_gaps"": 0, ""use_diamond_legalizer"": 1, ""disable_window_extension"": 0}",VALID,3677735.1,3677735.1,0.0,0.0,0.0,False
43,58,7,zero-riscy-a-1-c5,1,"{""max_displacement"": 0, ""site_search_window"": 0, ""row_search_window"": 0, ""disallow_one_site_gaps"": 0, ""use_diamond_legalizer"": 1, ""disable_window_extension"": 0}","{""max_displacement"": 10, ""site_search_window"": 10, ""row_search_window"": 2, ""disallow_one_site_gaps"": 0, ""use_diamond_legalizer"": 1, ""disable_window_extension"": 0}",VALID,3677735.1,3677735.1,0.0,0.0,0.0,False
43,58,8,zero-riscy-a-1-c5,6,"{""max_displacement"": 10, ""site_search_window"": 10, ""row_search_window"": 2, ""disallow_one_site_gaps"": 0, ""use_diamond_legalizer"": 1, ""disable_window_extension"": 0}","{""max_displacement"": 0, ""site_search_window"": 0, ""row_search_window"": 2, ""disallow_one_site_gaps"": 0, ""use_diamond_legalizer"": 1, ""disable_window_extension"": 0}",VALID,3677735.1,3677735.1,0.0,0.0,0.0,False
43,58,9,zero-riscy-a-1-c5,0,"{""max_displacement"": 0, ""site_search_window"": 0, ""row_search_window"": 2, ""disallow_one_site_gaps"": 0, ""use_diamond_legalizer"": 1, ""disable_window_extension"": 0}","{""max_displacement"": 0, ""site_search_window"": 0, ""row_search_window"": 2, ""disallow_one_site_gaps"": true, ""use_diamond_legalizer"": 1, ""disable_window_extension"": true}",VALID,3677735.1,3677735.1,0.0,0.0,0.0,False
43,58,10,zero-riscy-a-1-c5,4,"{""max_displacement"": 0, ""site_search_window"": 0, ""row_search_window"": 2, ""disallow_one_site_gaps"": true, ""use_diamond_legalizer"": 1, ""disable_window_extension"": true}","{""max_displacement"": 0, ""site_search_window"": 0, ""row_search_window"": 0, ""disallow_one_site_gaps"": true, ""use_diamond_legalizer"": 1, ""disable_window_extension"": true}",VALID,3677735.1,3677735.1,0.0,0.0,0.0,True
43,59,1,RISCY-FPU-b-3-c2,1,"{""max_displacement"": 0, ""site_search_window"": 0, ""row_search_window"": 0, ""disallow_one_site_gaps"": 0, ""use_diamond_legalizer"": 1, ""disable_window_extension"": 0}","{""max_displacement"": 10, ""site_search_window"": 10, ""row_search_window"": 2, ""disallow_one_site_gaps"": 0, ""use_diamond_legalizer"": 1, ""disable_window_extension"": 0}",FAILED,6781434.9,6781434.9,0.0,-100.0,-1.0,False
43,59,2,RISCY-FPU-b-3-c2,7,"{""max_displacement"": 10, ""site_search_window"": 10, ""row_search_window"": 2, ""disallow_one_site_gaps"": 0, ""use_diamond_legalizer"": 1, ""disable_window_extension"": 0}","{""max_displacement"": 10, ""site_search_window"": 10, ""row_search_window"": 2, ""disallow_one_site_gaps"": 0, ""use_diamond_legalizer"": 1, ""disable_window_extension"": 0}",FAILED,6781434.9,6781434.9,0.0,-100.0,-1.0,False
43,59,3,RISCY-FPU-b-3-c2,2,"{""max_displacement"": 10, ""site_search_window"": 10, ""row_search_window"": 2, ""disallow_one_site_gaps"": 0, ""use_diamond_legalizer"": 1, ""disable_window_extension"": 0}","{""max_displacement"": 0, ""site_search_window"": 0, ""row_search_window"": 0, ""disallow_one_site_gaps"": 0, ""use_diamond_legalizer"": 1, ""disable_window_extension"": 0}",VALID,6781434.9,6781434.9,0.0,0.0,0.0,False
43,59,4,RISCY-FPU-b-3-c2,0,"{""max_displacement"": 0, ""site_search_window"": 0, ""row_search_window"": 0, ""disallow_one_site_gaps"": 0, ""use_diamond_legalizer"": 1, ""disable_window_extension"": 0}","{""max_displacement"": 0, ""site_search_window"": 0, ""row_search_window"": 0, ""disallow_one_site_gaps"": true, ""use_diamond_legalizer"": 1, ""disable_window_extension"": true}",VALID,6781434.9,6781434.9,0.0,0.0,0.0,False
43,59,5,RISCY-FPU-b-3-c2,2,"{""max_displacement"": 0, ""site_search_window"": 0, ""row_search_window"": 0, ""disallow_one_site_gaps"": true, ""use_diamond_legalizer"": 1, ""disable_window_extension"": true}","{""max_displacement"": 0, ""site_search_window"": 0, ""row_search_window"": 0, ""disallow_one_site_gaps"": true, ""use_diamond_legalizer"": 1, ""disable_window_extension"": true}",VALID,6781434.9,6781434.9,0.0,0.0,0.0,False
43,59,6,RISCY-FPU-b-3-c2,0,"{""max_displacement"": 0, ""site_search_window"": 0, ""row_search_window"": 0, ""disallow_one_site_gaps"": true, ""use_diamond_legalizer"": 1, ""disable_window_extension"": true}","{""max_displacement"": 0, ""site_search_window"": 0, ""row_search_window"": 0, ""disallow_one_site_gaps"": false, ""use_diamond_legalizer"": 1, ""disable_window_extension"": false}",VALID,6781434.9,6781434.9,0.0,0.0,0.0,False
43,59,7,RISCY-FPU-b-3-c2,2,"{""max_displacement"": 0, ""site_search_window"": 0, ""row_search_window"": 0, ""disallow_one_site_gaps"": false, ""use_diamond_legalizer"": 1, ""disable_window_extension"": false}","{""max_displacement"": 0, ""site_search_window"": 0, ""row_search_window"": 0, ""disallow_one_site_gaps"": false, ""use_diamond_legalizer"": 1, ""disable_window_extension"": false}",VALID,6781434.9,6781434.9,0.0,0.0,0.0,False
43,59,8,RISCY-FPU-b-3-c2,3,"{""max_displacement"": 0, ""site_search_window"": 0, ""row_search_window"": 0, ""disallow_one_site_gaps"": false, ""use_diamond_legalizer"": 1, ""disable_window_extension"": false}","{""max_displacement"": 0, ""site_search_window"": 10, ""row_search_window"": 2, ""disallow_one_site_gaps"": false, ""use_diamond_legalizer"": 1, ""disable_window_extension"": false}",VALID,6781434.9,6781434.9,0.0,0.0,0.0,False
43,59,9,RISCY-FPU-b-3-c2,7,"{""max_displacement"": 0, ""site_search_window"": 10, ""row_search_window"": 2, ""disallow_one_site_gaps"": false, ""use_diamond_legalizer"": 1, ""disable_window_extension"": false}","{""max_displacement"": 0, ""site_search_window"": 10, ""row_search_window"": 2, ""disallow_one_site_gaps"": false, ""use_diamond_legalizer"": 1, ""disable_window_extension"": false}",VALID,6781434.9,6781434.9,0.0,0.0,0.0,False
43,59,10,RISCY-FPU-b-3-c2,6,"{""max_displacement"": 0, ""site_search_window"": 10, ""row_search_window"": 2, ""disallow_one_site_gaps"": false, ""use_diamond_legalizer"": 1, ""disable_window_extension"": false}","{""max_displacement"": 0, ""site_search_window"": 0, ""row_search_window"": 2, ""disallow_one_site_gaps"": false, ""use_diamond_legalizer"": 1, ""disable_window_extension"": false}",VALID,6781434.9,6781434.9,0.0,0.0,0.0,True
43,60,1,RISCY-FPU-a-2-c20,4,"{""max_displacement"": 0, ""site_search_window"": 0, ""row_search_window"": 0, ""disallow_one_site_gaps"": 0, ""use_diamond_legalizer"": 1, ""disable_window_extension"": 0}","{""max_displacement"": 0, ""site_search_window"": 0, ""row_search_window"": 0, ""disallow_one_site_gaps"": 0, ""use_diamond_legalizer"": 1, ""disable_window_extension"": 0}",VALID,7925768.4,7925768.4,0.0,0.0,0.0,False
43,60,2,RISCY-FPU-a-2-c20,2,"{""max_displacement"": 0, ""site_search_window"": 0, ""row_search_window"": 0, ""disallow_one_site_gaps"": 0, ""use_diamond_legalizer"": 1, ""disable_window_extension"": 0}","{""max_displacement"": 0, ""site_search_window"": 0, ""row_search_window"": 0, ""disallow_one_site_gaps"": 0, ""use_diamond_legalizer"": 1, ""disable_window_extension"": 0}",VALID,7925768.4,7925768.4,0.0,0.0,0.0,False
43,60,3,RISCY-FPU-a-2-c20,4,"{""max_displacement"": 0, ""site_search_window"": 0, ""row_search_window"": 0, ""disallow_one_site_gaps"": 0, ""use_diamond_legalizer"": 1, ""disable_window_extension"": 0}","{""max_displacement"": 0, ""site_search_window"": 0, ""row_search_window"": 0, ""disallow_one_site_gaps"": 0, ""use_diamond_legalizer"": 1, ""disable_window_extension"": 0}",VALID,7925768.4,7925768.4,0.0,0.0,0.0,False
43,60,4,RISCY-FPU-a-2-c20,3,"{""max_displacement"": 0, ""site_search_window"": 0, ""row_search_window"": 0, ""disallow_one_site_gaps"": 0, ""use_diamond_legalizer"": 1, ""disable_window_extension"": 0}","{""max_displacement"": 0, ""site_search_window"": 10, ""row_search_window"": 2, ""disallow_one_site_gaps"": 0, ""use_diamond_legalizer"": 1, ""disable_window_extension"": 0}",VALID,7925768.4,7925768.4,0.0,0.0,0.0,False
43,60,5,RISCY-FPU-a-2-c20,4,"{""max_displacement"": 0, ""site_search_window"": 10, ""row_search_window"": 2, ""disallow_one_site_gaps"": 0, ""use_diamond_legalizer"": 1, ""disable_window_extension"": 0}","{""max_displacement"": 0, ""site_search_window"": 0, ""row_search_window"": 0, ""disallow_one_site_gaps"": 0, ""use_diamond_legalizer"": 1, ""disable_window_extension"": 0}",VALID,7925768.4,7925768.4,0.0,0.0,0.0,False
43,60,6,RISCY-FPU-a-2-c20,4,"{""max_displacement"": 0, ""site_search_window"": 0, ""row_search_window"": 0, ""disallow_one_site_gaps"": 0, ""use_diamond_legalizer"": 1, ""disable_window_extension"": 0}","{""max_displacement"": 0, ""site_search_window"": 0, ""row_search_window"": 0, ""disallow_one_site_gaps"": 0, ""use_diamond_legalizer"": 1, ""disable_window_extension"": 0}",VALID,7925768.4,7925768.4,0.0,0.0,0.0,False
43,60,7,RISCY-FPU-a-2-c20,3,"{""max_displacement"": 0, ""site_search_window"": 0, ""row_search_window"": 0, ""disallow_one_site_gaps"": 0, ""use_diamond_legalizer"": 1, ""disable_window_extension"": 0}","{""max_displacement"": 0, ""site_search_window"": 10, ""row_search_window"": 2, ""disallow_one_site_gaps"": 0, ""use_diamond_legalizer"": 1, ""disable_window_extension"": 0}",VALID,7925768.4,7925768.4,0.0,0.0,0.0,False
43,60,8,RISCY-FPU-a-2-c20,0,"{""max_displacement"": 0, ""site_search_window"": 10, ""row_search_window"": 2, ""disallow_one_site_gaps"": 0, ""use_diamond_legalizer"": 1, ""disable_window_extension"": 0}","{""max_displacement"": 0, ""site_search_window"": 10, ""row_search_window"": 2, ""disallow_one_site_gaps"": true, ""use_diamond_legalizer"": 1, ""disable_window_extension"": true}",VALID,7925768.4,7925768.4,0.0,0.0,0.0,False
43,60,9,RISCY-FPU-a-2-c20,4,"{""max_displacement"": 0, ""site_search_window"": 10, ""row_search_window"": 2, ""disallow_one_site_gaps"": true, ""use_diamond_legalizer"": 1, ""disable_window_extension"": true}","{""max_displacement"": 0, ""site_search_window"": 0, ""row_search_window"": 0, ""disallow_one_site_gaps"": true, ""use_diamond_legalizer"": 1, ""disable_window_extension"": true}",VALID,7925768.4,7925768.4,0.0,0.0,0.0,False
43,60,10,RISCY-FPU-a-2-c20,1,"{""max_displacement"": 0, ""site_search_window"": 0, ""row_search_window"": 0, ""disallow_one_site_gaps"": true, ""use_diamond_legalizer"": 1, ""disable_window_extension"": true}","{""max_displacement"": 10, ""site_search_window"": 10, ""row_search_window"": 2, ""disallow_one_site_gaps"": true, ""use_diamond_legalizer"": 1, ""disable_window_extension"": true}",FAILED,7925768.4,7925768.4,0.0,-100.0,-1.0,True
43,61,1,RISCY-FPU-a-2-c5,0,"{""max_displacement"": 0, ""site_search_window"": 0, ""row_search_window"": 0, ""disallow_one_site_gaps"": 0, ""use_diamond_legalizer"": 1, ""disable_window_extension"": 0}","{""max_displacement"": 0, ""site_search_window"": 0, ""row_search_window"": 0, ""disallow_one_site_gaps"": true, ""use_diamond_legalizer"": 1, ""disable_window_extension"": true}",VALID,6590100.9,6590100.9,0.0,0.0,0.0,False
43,61,2,RISCY-FPU-a-2-c5,4,"{""max_displacement"": 0, ""site_search_window"": 0, ""row_search_window"": 0, ""disallow_one_site_gaps"": true, ""use_diamond_legalizer"": 1, ""disable_window_extension"": true}","{""max_displacement"": 0, ""site_search_window"": 0, ""row_search_window"": 0, ""disallow_one_site_gaps"": true, ""use_diamond_legalizer"": 1, ""disable_window_extension"": true}",VALID,6590100.9,6590100.9,0.0,0.0,0.0,False
43,61,3,RISCY-FPU-a-2-c5,7,"{""max_displacement"": 0, ""site_search_window"": 0, ""row_search_window"": 0, ""disallow_one_site_gaps"": true, ""use_diamond_legalizer"": 1, ""disable_window_extension"": true}","{""max_displacement"": 0, ""site_search_window"": 0, ""row_search_window"": 0, ""disallow_one_site_gaps"": true, ""use_diamond_legalizer"": 1, ""disable_window_extension"": true}",VALID,6590100.9,6590100.9,0.0,0.0,0.0,False
43,61,4,RISCY-FPU-a-2-c5,0,"{""max_displacement"": 0, ""site_search_window"": 0, ""row_search_window"": 0, ""disallow_one_site_gaps"": true, ""use_diamond_legalizer"": 1, ""disable_window_extension"": true}","{""max_displacement"": 0, ""site_search_window"": 0, ""row_search_window"": 0, ""disallow_one_site_gaps"": false, ""use_diamond_legalizer"": 1, ""disable_window_extension"": false}",VALID,6590100.9,6590100.9,0.0,0.0,0.0,False
43,61,5,RISCY-FPU-a-2-c5,7,"{""max_displacement"": 0, ""site_search_window"": 0, ""row_search_window"": 0, ""disallow_one_site_gaps"": false, ""use_diamond_legalizer"": 1, ""disable_window_extension"": false}","{""max_displacement"": 0, ""site_search_window"": 0, ""row_search_window"": 0, ""disallow_one_site_gaps"": false, ""use_diamond_legalizer"": 1, ""disable_window_extension"": false}",VALID,6590100.9,6590100.9,0.0,0.0,0.0,False
43,61,6,RISCY-FPU-a-2-c5,5,"{""max_displacement"": 0, ""site_search_window"": 0, ""row_search_window"": 0, ""disallow_one_site_gaps"": false, ""use_diamond_legalizer"": 1, ""disable_window_extension"": false}","{""max_displacement"": 10, ""site_search_window"": 10, ""row_search_window"": 0, ""disallow_one_site_gaps"": false, ""use_diamond_legalizer"": 1, ""disable_window_extension"": false}",FAILED,6590100.9,6590100.9,0.0,-100.0,-1.0,False
43,61,7,RISCY-FPU-a-2-c5,5,"{""max_displacement"": 10, ""site_search_window"": 10, ""row_search_window"": 0, ""disallow_one_site_gaps"": false, ""use_diamond_legalizer"": 1, ""disable_window_extension"": false}","{""max_displacement"": 20, ""site_search_window"": 20, ""row_search_window"": 0, ""disallow_one_site_gaps"": false, ""use_diamond_legalizer"": 1, ""disable_window_extension"": false}",FAILED,6590100.9,6590100.9,0.0,-100.0,-1.0,False
43,61,8,RISCY-FPU-a-2-c5,3,"{""max_displacement"": 20, ""site_search_window"": 20, ""row_search_window"": 0, ""disallow_one_site_gaps"": false, ""use_diamond_legalizer"": 1, ""disable_window_extension"": false}","{""max_displacement"": 20, ""site_search_window"": 30, ""row_search_window"": 2, ""disallow_one_site_gaps"": false, ""use_diamond_legalizer"": 1, ""disable_window_extension"": false}",FAILED,6590100.9,6590100.9,0.0,-100.0,-1.0,False
43,61,9,RISCY-FPU-a-2-c5,4,"{""max_displacement"": 20, ""site_search_window"": 30, ""row_search_window"": 2, ""disallow_one_site_gaps"": false, ""use_diamond_legalizer"": 1, ""disable_window_extension"": false}","{""max_displacement"": 20, ""site_search_window"": 20, ""row_search_window"": 0, ""disallow_one_site_gaps"": false, ""use_diamond_legalizer"": 1, ""disable_window_extension"": false}",FAILED,6590100.9,6590100.9,0.0,-100.0,-1.0,False
43,61,10,RISCY-FPU-a-2-c5,2,"{""max_displacement"": 20, ""site_search_window"": 20, ""row_search_window"": 0, ""disallow_one_site_gaps"": false, ""use_diamond_legalizer"": 1, ""disable_window_extension"": false}","{""max_displacement"": 10, ""site_search_window"": 10, ""row_search_window"": 0, ""disallow_one_site_gaps"": false, ""use_diamond_legalizer"": 1, ""disable_window_extension"": false}",FAILED,6590100.9,6590100.9,0.0,-100.0,-1.0,True
43,62,1,zero-riscy-a-2-c5,5,"{""max_displacement"": 0, ""site_search_window"": 0, ""row_search_window"": 0, ""disallow_one_site_gaps"": 0, ""use_diamond_legalizer"": 1, ""disable_window_extension"": 0}","{""max_displacement"": 10, ""site_search_window"": 10, ""row_search_window"": 0, ""disallow_one_site_gaps"": 0, ""use_diamond_legalizer"": 1, ""disable_window_extension"": 0}",VALID,3745024.3,3745024.3,0.0,0.0,0.0,False
43,62,2,zero-riscy-a-2-c5,0,"{""max_displacement"": 10, ""site_search_window"": 10, ""row_search_window"": 0, ""disallow_one_site_gaps"": 0, ""use_diamond_legalizer"": 1, ""disable_window_extension"": 0}","{""max_displacement"": 10, ""site_search_window"": 10, ""row_search_window"": 0, ""disallow_one_site_gaps"": true, ""use_diamond_legalizer"": 1, ""disable_window_extension"": true}",VALID,3745024.3,3745024.3,0.0,0.0,0.0,False
43,62,3,zero-riscy-a-2-c5,1,"{""max_displacement"": 10, ""site_search_window"": 10, ""row_search_window"": 0, ""disallow_one_site_gaps"": true, ""use_diamond_legalizer"": 1, ""disable_window_extension"": true}","{""max_displacement"": 20, ""site_search_window"": 20, ""row_search_window"": 2, ""disallow_one_site_gaps"": true, ""use_diamond_legalizer"": 1, ""disable_window_extension"": true}",VALID,3745024.3,3745024.3,0.0,0.0,0.0,False
43,62,4,zero-riscy-a-2-c5,2,"{""max_displacement"": 20, ""site_search_window"": 20, ""row_search_window"": 2, ""disallow_one_site_gaps"": true, ""use_diamond_legalizer"": 1, ""disable_window_extension"": true}","{""max_displacement"": 10, ""site_search_window"": 10, ""row_search_window"": 0, ""disallow_one_site_gaps"": true, ""use_diamond_legalizer"": 1, ""disable_window_extension"": true}",VALID,3745024.3,3745024.3,0.0,0.0,0.0,False
43,62,5,zero-riscy-a-2-c5,1,"{""max_displacement"": 10, ""site_search_window"": 10, ""row_search_window"": 0, ""disallow_one_site_gaps"": true, ""use_diamond_legalizer"": 1, ""disable_window_extension"": true}","{""max_displacement"": 20, ""site_search_window"": 20, ""row_search_window"": 2, ""disallow_one_site_gaps"": true, ""use_diamond_legalizer"": 1, ""disable_window_extension"": true}",VALID,3745024.3,3745024.3,0.0,0.0,0.0,False
43,62,6,zero-riscy-a-2-c5,4,"{""max_displacement"": 20, ""site_search_window"": 20, ""row_search_window"": 2, ""disallow_one_site_gaps"": true, ""use_diamond_legalizer"": 1, ""disable_window_extension"": true}","{""max_displacement"": 20, ""site_search_window"": 10, ""row_search_window"": 0, ""disallow_one_site_gaps"": true, ""use_diamond_legalizer"": 1, ""disable_window_extension"": true}",VALID,3745024.3,3745024.3,0.0,0.0,0.0,False
43,62,7,zero-riscy-a-2-c5,1,"{""max_displacement"": 20, ""site_search_window"": 10, ""row_search_window"": 0, ""disallow_one_site_gaps"": true, ""use_diamond_legalizer"": 1, ""disable_window_extension"": true}","{""max_displacement"": 30, ""site_search_window"": 20, ""row_search_window"": 2, ""disallow_one_site_gaps"": true, ""use_diamond_legalizer"": 1, ""disable_window_extension"": true}",VALID,3745024.3,3745024.3,0.0,0.0,0.0,False
43,62,8,zero-riscy-a-2-c5,0,"{""max_displacement"": 30, ""site_search_window"": 20, ""row_search_window"": 2, ""disallow_one_site_gaps"": true, ""use_diamond_legalizer"": 1, ""disable_window_extension"": true}","{""max_displacement"": 30, ""site_search_window"": 20, ""row_search_window"": 2, ""disallow_one_site_gaps"": false, ""use_diamond_legalizer"": 1, ""disable_window_extension"": false}",VALID,3745024.3,3745024.3,0.0,0.0,0.0,False
43,62,9,zero-riscy-a-2-c5,2,"{""max_displacement"": 30, ""site_search_window"": 20, ""row_search_window"": 2, ""disallow_one_site_gaps"": false, ""use_diamond_legalizer"": 1, ""disable_window_extension"": false}","{""max_displacement"": 20, ""site_search_window"": 10, ""row_search_window"": 0, ""disallow_one_site_gaps"": false, ""use_diamond_legalizer"": 1, ""disable_window_extension"": false}",VALID,3745024.3,3745024.3,0.0,0.0,0.0,False
43,62,10,zero-riscy-a-2-c5,6,"{""max_displacement"": 20, ""site_search_window"": 10, ""row_search_window"": 0, ""disallow_one_site_gaps"": false, ""use_diamond_legalizer"": 1, ""disable_window_extension"": false}","{""max_displacement"": 10, ""site_search_window"": 0, ""row_search_window"": 0, ""disallow_one_site_gaps"": false, ""use_diamond_legalizer"": 1, ""disable_window_extension"": false}",VALID,3745024.3,3745024.3,0.0,0.0,0.0,True
43,63,1,zero-riscy-a-3-c5,4,"{""max_displacement"": 0, ""site_search_window"": 0, ""row_search_window"": 0, ""disallow_one_site_gaps"": 0, ""use_diamond_legalizer"": 1, ""disable_window_extension"": 0}","{""max_displacement"": 0, ""site_search_window"": 0, ""row_search_window"": 0, ""disallow_one_site_gaps"": 0, ""use_diamond_legalizer"": 1, ""disable_window_extension"": 0}",VALID,3626760.8,3626760.8,0.0,0.0,0.0,False
43,63,2,zero-riscy-a-3-c5,3,"{""max_displacement"": 0, ""site_search_window"": 0, ""row_search_window"": 0, ""disallow_one_site_gaps"": 0, ""use_diamond_legalizer"": 1, ""disable_window_extension"": 0}","{""max_displacement"": 0, ""site_search_window"": 10, ""row_search_window"": 2, ""disallow_one_site_gaps"": 0, ""use_diamond_legalizer"": 1, ""disable_window_extension"": 0}",VALID,3626760.8,3626760.8,0.0,0.0,0.0,False
43,63,3,zero-riscy-a-3-c5,6,"{""max_displacement"": 0, ""site_search_window"": 10, ""row_search_window"": 2, ""disallow_one_site_gaps"": 0, ""use_diamond_legalizer"": 1, ""disable_window_extension"": 0}","{""max_displacement"": 0, ""site_search_window"": 0, ""row_search_window"": 2, ""disallow_one_site_gaps"": 0, ""use_diamond_legalizer"": 1, ""disable_window_extension"": 0}",VALID,3626760.8,3626760.8,0.0,0.0,0.0,False
43,63,4,zero-riscy-a-3-c5,4,"{""max_displacement"": 0, ""site_search_window"": 0, ""row_search_window"": 2, ""disallow_one_site_gaps"": 0, ""use_diamond_legalizer"": 1, ""disable_window_extension"": 0}","{""max_displacement"": 0, ""site_search_window"": 0, ""row_search_window"": 0, ""disallow_one_site_gaps"": 0, ""use_diamond_legalizer"": 1, ""disable_window_extension"": 0}",VALID,3626760.8,3626760.8,0.0,0.0,0.0,False
43,63,5,zero-riscy-a-3-c5,1,"{""max_displacement"": 0, ""site_search_window"": 0, ""row_search_window"": 0, ""disallow_one_site_gaps"": 0, ""use_diamond_legalizer"": 1, ""disable_window_extension"": 0}","{""max_displacement"": 10, ""site_search_window"": 10, ""row_search_window"": 2, ""disallow_one_site_gaps"": 0, ""use_diamond_legalizer"": 1, ""disable_window_extension"": 0}",FAILED,3626760.8,3626760.8,0.0,-100.0,-1.0,False
43,63,6,zero-riscy-a-3-c5,7,"{""max_displacement"": 10, ""site_search_window"": 10, ""row_search_window"": 2, ""disallow_one_site_gaps"": 0, ""use_diamond_legalizer"": 1, ""disable_window_extension"": 0}","{""max_displacement"": 10, ""site_search_window"": 10, ""row_search_window"": 2, ""disallow_one_site_gaps"": 0, ""use_diamond_legalizer"": 1, ""disable_window_extension"": 0}",FAILED,3626760.8,3626760.8,0.0,-100.0,-1.0,False
43,63,7,zero-riscy-a-3-c5,0,"{""max_displacement"": 10, ""site_search_window"": 10, ""row_search_window"": 2, ""disallow_one_site_gaps"": 0, ""use_diamond_legalizer"": 1, ""disable_window_extension"": 0}","{""max_displacement"": 10, ""site_search_window"": 10, ""row_search_window"": 2, ""disallow_one_site_gaps"": true, ""use_diamond_legalizer"": 1, ""disable_window_extension"": true}",FAILED,3626760.8,3626760.8,0.0,-100.0,-1.0,False
43,63,8,zero-riscy-a-3-c5,6,"{""max_displacement"": 10, ""site_search_window"": 10, ""row_search_window"": 2, ""disallow_one_site_gaps"": true, ""use_diamond_legalizer"": 1, ""disable_window_extension"": true}","{""max_displacement"": 0, ""site_search_window"": 0, ""row_search_window"": 2, ""disallow_one_site_gaps"": true, ""use_diamond_legalizer"": 1, ""disable_window_extension"": true}",VALID,3626760.8,3626760.8,0.0,0.0,0.0,False
43,63,9,zero-riscy-a-3-c5,4,"{""max_displacement"": 0, ""site_search_window"": 0, ""row_search_window"": 2, ""disallow_one_site_gaps"": true, ""use_diamond_legalizer"": 1, ""disable_window_extension"": true}","{""max_displacement"": 0, ""site_search_window"": 0, ""row_search_window"": 0, ""disallow_one_site_gaps"": true, ""use_diamond_legalizer"": 1, ""disable_window_extension"": true}",VALID,3626760.8,3626760.8,0.0,0.0,0.0,False
43,63,10,zero-riscy-a-3-c5,0,"{""max_displacement"": 0, ""site_search_window"": 0, ""row_search_window"": 0, ""disallow_one_site_gaps"": true, ""use_diamond_legalizer"": 1, ""disable_window_extension"": true}","{""max_displacement"": 0, ""site_search_window"": 0, ""row_search_window"": 0, ""disallow_one_site_gaps"": false, ""use_diamond_legalizer"": 1, ""disable_window_extension"": false}",VALID,3626760.8,3626760.8,0.0,0.0,0.0,True
43,64,1,zero-riscy-b-1-c2,2,"{""max_displacement"": 0, ""site_search_window"": 0, ""row_search_window"": 0, ""disallow_one_site_gaps"": 0, ""use_diamond_legalizer"": 1, ""disable_window_extension"": 0}","{""max_displacement"": 0, ""site_search_window"": 0, ""row_search_window"": 0, ""disallow_one_site_gaps"": 0, ""use_diamond_legalizer"": 1, ""disable_window_extension"": 0}",VALID,2386646.3,2386646.3,0.0,0.0,0.0,False
43,64,2,zero-riscy-b-1-c2,7,"{""max_displacement"": 0, ""site_search_window"": 0, ""row_search_window"": 0, ""disallow_one_site_gaps"": 0, ""use_diamond_legalizer"": 1, ""disable_window_extension"": 0}","{""max_displacement"": 0, ""site_search_window"": 0, ""row_search_window"": 0, ""disallow_one_site_gaps"": 0, ""use_diamond_legalizer"": 1, ""disable_window_extension"": 0}",VALID,2386646.3,2386646.3,0.0,0.0,0.0,False
43,64,3,zero-riscy-b-1-c2,2,"{""max_displacement"": 0, ""site_search_window"": 0, ""row_search_window"": 0, ""disallow_one_site_gaps"": 0, ""use_diamond_legalizer"": 1, ""disable_window_extension"": 0}","{""max_displacement"": 0, ""site_search_window"": 0, ""row_search_window"": 0, ""disallow_one_site_gaps"": 0, ""use_diamond_legalizer"": 1, ""disable_window_extension"": 0}",VALID,2386646.3,2386646.3,0.0,0.0,0.0,False
43,64,4,zero-riscy-b-1-c2,0,"{""max_displacement"": 0, ""site_search_window"": 0, ""row_search_window"": 0, ""disallow_one_site_gaps"": 0, ""use_diamond_legalizer"": 1, ""disable_window_extension"": 0}","{""max_displacement"": 0, ""site_search_window"": 0, ""row_search_window"": 0, ""disallow_one_site_gaps"": true, ""use_diamond_legalizer"": 1, ""disable_window_extension"": true}",VALID,2386646.3,2386646.3,0.0,0.0,0.0,False
43,64,5,zero-riscy-b-1-c2,4,"{""max_displacement"": 0, ""site_search_window"": 0, ""row_search_window"": 0, ""disallow_one_site_gaps"": true, ""use_diamond_legalizer"": 1, ""disable_window_extension"": true}","{""max_displacement"": 0, ""site_search_window"": 0, ""row_search_window"": 0, ""disallow_one_site_gaps"": true, ""use_diamond_legalizer"": 1, ""disable_window_extension"": true}",VALID,2386646.3,2386646.3,0.0,0.0,0.0,False
43,64,6,zero-riscy-b-1-c2,0,"{""max_displacement"": 0, ""site_search_window"": 0, ""row_search_window"": 0, ""disallow_one_site_gaps"": true, ""use_diamond_legalizer"": 1, ""disable_window_extension"": true}","{""max_displacement"": 0, ""site_search_window"": 0, ""row_search_window"": 0, ""disallow_one_site_gaps"": false, ""use_diamond_legalizer"": 1, ""disable_window_extension"": false}",VALID,2386646.3,2386646.3,0.0,0.0,0.0,False
43,64,7,zero-riscy-b-1-c2,4,"{""max_displacement"": 0, ""site_search_window"": 0, ""row_search_window"": 0, ""disallow_one_site_gaps"": false, ""use_diamond_legalizer"": 1, ""disable_window_extension"": false}","{""max_displacement"": 0, ""site_search_window"": 0, ""row_search_window"": 0, ""disallow_one_site_gaps"": false, ""use_diamond_legalizer"": 1, ""disable_window_extension"": false}",VALID,2386646.3,2386646.3,0.0,0.0,0.0,False
43,64,8,zero-riscy-b-1-c2,1,"{""max_displacement"": 0, ""site_search_window"": 0, ""row_search_window"": 0, ""disallow_one_site_gaps"": false, ""use_diamond_legalizer"": 1, ""disable_window_extension"": false}","{""max_displacement"": 10, ""site_search_window"": 10, ""row_search_window"": 2, ""disallow_one_site_gaps"": false, ""use_diamond_legalizer"": 1, ""disable_window_extension"": false}",FAILED,2386646.3,2386646.3,0.0,-100.0,-1.0,False
43,64,9,zero-riscy-b-1-c2,3,"{""max_displacement"": 10, ""site_search_window"": 10, ""row_search_window"": 2, ""disallow_one_site_gaps"": false, ""use_diamond_legalizer"": 1, ""disable_window_extension"": false}","{""max_displacement"": 10, ""site_search_window"": 20, ""row_search_window"": 4, ""disallow_one_site_gaps"": false, ""use_diamond_legalizer"": 1, ""disable_window_extension"": false}",FAILED,2386646.3,2386646.3,0.0,-100.0,-1.0,False
43,64,10,zero-riscy-b-1-c2,7,"{""max_displacement"": 10, ""site_search_window"": 20, ""row_search_window"": 4, ""disallow_one_site_gaps"": false, ""use_diamond_legalizer"": 1, ""disable_window_extension"": false}","{""max_displacement"": 10, ""site_search_window"": 20, ""row_search_window"": 4, ""disallow_one_site_gaps"": false, ""use_diamond_legalizer"": 1, ""disable_window_extension"": false}",FAILED,2386646.3,2386646.3,0.0,-100.0,-1.0,True
43,65,1,RISCY-FPU-b-2-c2,4,"{""max_displacement"": 0, ""site_search_window"": 0, ""row_search_window"": 0, ""disallow_one_site_gaps"": 0, ""use_diamond_legalizer"": 1, ""disable_window_extension"": 0}","{""max_displacement"": 0, ""site_search_window"": 0, ""row_search_window"": 0, ""disallow_one_site_gaps"": 0, ""use_diamond_legalizer"": 1, ""disable_window_extension"": 0}",VALID,6307671.3,6307671.3,0.0,0.0,0.0,False
43,65,2,RISCY-FPU-b-2-c2,2,"{""max_displacement"": 0, ""site_search_window"": 0, ""row_search_window"": 0, ""disallow_one_site_gaps"": 0, ""use_diamond_legalizer"": 1, ""disable_window_extension"": 0}","{""max_displacement"": 0, ""site_search_window"": 0, ""row_search_window"": 0, ""disallow_one_site_gaps"": 0, ""use_diamond_legalizer"": 1, ""disable_window_extension"": 0}",VALID,6307671.3,6307671.3,0.0,0.0,0.0,False
43,65,3,RISCY-FPU-b-2-c2,3,"{""max_displacement"": 0, ""site_search_window"": 0, ""row_search_window"": 0, ""disallow_one_site_gaps"": 0, ""use_diamond_legalizer"": 1, ""disable_window_extension"": 0}","{""max_displacement"": 0, ""site_search_window"": 10, ""row_search_window"": 2, ""disallow_one_site_gaps"": 0, ""use_diamond_legalizer"": 1, ""disable_window_extension"": 0}",VALID,6307671.3,6307671.3,0.0,0.0,0.0,False
43,65,4,RISCY-FPU-b-2-c2,6,"{""max_displacement"": 0, ""site_search_window"": 10, ""row_search_window"": 2, ""disallow_one_site_gaps"": 0, ""use_diamond_legalizer"": 1, ""disable_window_extension"": 0}","{""max_displacement"": 0, ""site_search_window"": 0, ""row_search_window"": 2, ""disallow_one_site_gaps"": 0, ""use_diamond_legalizer"": 1, ""disable_window_extension"": 0}",VALID,6307671.3,6307671.3,0.0,0.0,0.0,False
43,65,5,RISCY-FPU-b-2-c2,4,"{""max_displacement"": 0, ""site_search_window"": 0, ""row_search_window"": 2, ""disallow_one_site_gaps"": 0, ""use_diamond_legalizer"": 1, ""disable_window_extension"": 0}","{""max_displacement"": 0, ""site_search_window"": 0, ""row_search_window"": 0, ""disallow_one_site_gaps"": 0, ""use_diamond_legalizer"": 1, ""disable_window_extension"": 0}",VALID,6307671.3,6307671.3,0.0,0.0,0.0,False
43,65,6,RISCY-FPU-b-2-c2,0,"{""max_displacement"": 0, ""site_search_window"": 0, ""row_search_window"": 0, ""disallow_one_site_gaps"": 0, ""use_diamond_legalizer"": 1, ""disable_window_extension"": 0}","{""max_displacement"": 0, ""site_search_window"": 0, ""row_search_window"": 0, ""disallow_one_site_gaps"": true, ""use_diamond_legalizer"": 1, ""disable_window_extension"": true}",VALID,6307671.3,6307671.3,0.0,0.0,0.0,False
43,65,7,RISCY-FPU-b-2-c2,6,"{""max_displacement"": 0, ""site_search_window"": 0, ""row_search_window"": 0, ""disallow_one_site_gaps"": true, ""use_diamond_legalizer"": 1, ""disable_window_extension"": true}","{""max_displacement"": 0, ""site_search_window"": 0, ""row_search_window"": 0, ""disallow_one_site_gaps"": true, ""use_diamond_legalizer"": 1, ""disable_window_extension"": true}",VALID,6307671.3,6307671.3,0.0,0.0,0.0,False
43,65,8,RISCY-FPU-b-2-c2,5,"{""max_displacement"": 0, ""site_search_window"": 0, ""row_search_window"": 0, ""disallow_one_site_gaps"": true, ""use_diamond_legalizer"": 1, ""disable_window_extension"": true}","{""max_displacement"": 10, ""site_search_window"": 10, ""row_search_window"": 0, ""disallow_one_site_gaps"": true, ""use_diamond_legalizer"": 1, ""disable_window_extension"": true}",FAILED,6307671.3,6307671.3,0.0,-100.0,-1.0,False
43,65,9,RISCY-FPU-b-2-c2,2,"{""max_displacement"": 10, ""site_search_window"": 10, ""row_search_window"": 0, ""disallow_one_site_gaps"": true, ""use_diamond_legalizer"": 1, ""disable_window_extension"": true}","{""max_displacement"": 0, ""site_search_window"": 0, ""row_search_window"": 0, ""disallow_one_site_gaps"": true, ""use_diamond_legalizer"": 1, ""disable_window_extension"": true}",VALID,6307671.3,6307671.3,0.0,0.0,0.0,False
43,65,10,RISCY-FPU-b-2-c2,7,"{""max_displacement"": 0, ""site_search_window"": 0, ""row_search_window"": 0, ""disallow_one_site_gaps"": true, ""use_diamond_legalizer"": 1, ""disable_window_extension"": true}","{""max_displacement"": 0, ""site_search_window"": 0, ""row_search_window"": 0, ""disallow_one_site_gaps"": true, ""use_diamond_legalizer"": 1, ""disable_window_extension"": true}",VALID,6307671.3,6307671.3,0.0,0.0,0.0,True
43,66,1,zero-riscy-b-1-c5,1,"{""max_displacement"": 0, ""site_search_window"": 0, ""row_search_window"": 0, ""disallow_one_site_gaps"": 0, ""use_diamond_legalizer"": 1, ""disable_window_extension"": 0}","{""max_displacement"": 10, ""site_search_window"": 10, ""row_search_window"": 2, ""disallow_one_site_gaps"": 0, ""use_diamond_legalizer"": 1, ""disable_window_extension"": 0}",FAILED,2082484.8,2082484.8,0.0,-100.0,-1.0,False
43,66,2,zero-riscy-b-1-c5,2,"{""max_displacement"": 10, ""site_search_window"": 10, ""row_search_window"": 2, ""disallow_one_site_gaps"": 0, ""use_diamond_legalizer"": 1, ""disable_window_extension"": 0}","{""max_displacement"": 0, ""site_search_window"": 0, ""row_search_window"": 0, ""disallow_one_site_gaps"": 0, ""use_diamond_legalizer"": 1, ""disable_window_extension"": 0}",VALID,2082484.8,2082484.8,0.0,0.0,0.0,False
43,66,3,zero-riscy-b-1-c5,2,"{""max_displacement"": 0, ""site_search_window"": 0, ""row_search_window"": 0, ""disallow_one_site_gaps"": 0, ""use_diamond_legalizer"": 1, ""disable_window_extension"": 0}","{""max_displacement"": 0, ""site_search_window"": 0, ""row_search_window"": 0, ""disallow_one_site_gaps"": 0, ""use_diamond_legalizer"": 1, ""disable_window_extension"": 0}",VALID,2082484.8,2082484.8,0.0,0.0,0.0,False
43,66,4,zero-riscy-b-1-c5,2,"{""max_displacement"": 0, ""site_search_window"": 0, ""row_search_window"": 0, ""disallow_one_site_gaps"": 0, ""use_diamond_legalizer"": 1, ""disable_window_extension"": 0}","{""max_displacement"": 0, ""site_search_window"": 0, ""row_search_window"": 0, ""disallow_one_site_gaps"": 0, ""use_diamond_legalizer"": 1, ""disable_window_extension"": 0}",VALID,2082484.8,2082484.8,0.0,0.0,0.0,False
43,66,5,zero-riscy-b-1-c5,3,"{""max_displacement"": 0, ""site_search_window"": 0, ""row_search_window"": 0, ""disallow_one_site_gaps"": 0, ""use_diamond_legalizer"": 1, ""disable_window_extension"": 0}","{""max_displacement"": 0, ""site_search_window"": 10, ""row_search_window"": 2, ""disallow_one_site_gaps"": 0, ""use_diamond_legalizer"": 1, ""disable_window_extension"": 0}",VALID,2082484.8,2082484.8,0.0,0.0,0.0,False
43,66,6,zero-riscy-b-1-c5,4,"{""max_displacement"": 0, ""site_search_window"": 10, ""row_search_window"": 2, ""disallow_one_site_gaps"": 0, ""use_diamond_legalizer"": 1, ""disable_window_extension"": 0}","{""max_displacement"": 0, ""site_search_window"": 0, ""row_search_window"": 0, ""disallow_one_site_gaps"": 0, ""use_diamond_legalizer"": 1, ""disable_window_extension"": 0}",VALID,2082484.8,2082484.8,0.0,0.0,0.0,False
43,66,7,zero-riscy-b-1-c5,0,"{""max_displacement"": 0, ""site_search_window"": 0, ""row_search_window"": 0, ""disallow_one_site_gaps"": 0, ""use_diamond_legalizer"": 1, ""disable_window_extension"": 0}","{""max_displacement"": 0, ""site_search_window"": 0, ""row_search_window"": 0, ""disallow_one_site_gaps"": true, ""use_diamond_legalizer"": 1, ""disable_window_extension"": true}",VALID,2082484.8,2082484.8,0.0,0.0,0.0,False
43,66,8,zero-riscy-b-1-c5,7,"{""max_displacement"": 0, ""site_search_window"": 0, ""row_search_window"": 0, ""disallow_one_site_gaps"": true, ""use_diamond_legalizer"": 1, ""disable_window_extension"": true}","{""max_displacement"": 0, ""site_search_window"": 0, ""row_search_window"": 0, ""disallow_one_site_gaps"": true, ""use_diamond_legalizer"": 1, ""disable_window_extension"": true}",VALID,2082484.8,2082484.8,0.0,0.0,0.0,False
43,66,9,zero-riscy-b-1-c5,7,"{""max_displacement"": 0, ""site_search_window"": 0, ""row_search_window"": 0, ""disallow_one_site_gaps"": true, ""use_diamond_legalizer"": 1, ""disable_window_extension"": true}","{""max_displacement"": 0, ""site_search_window"": 0, ""row_search_window"": 0, ""disallow_one_site_gaps"": true, ""use_diamond_legalizer"": 1, ""disable_window_extension"": true}",VALID,2082484.8,2082484.8,0.0,0.0,0.0,False
43,66,10,zero-riscy-b-1-c5,3,"{""max_displacement"": 0, ""site_search_window"": 0, ""row_search_window"": 0, ""disallow_one_site_gaps"": true, ""use_diamond_legalizer"": 1, ""disable_window_extension"": true}","{""max_displacement"": 0, ""site_search_window"": 10, ""row_search_window"": 2, ""disallow_one_site_gaps"": true, ""use_diamond_legalizer"": 1, ""disable_window_extension"": true}",VALID,2082484.8,2082484.8,0.0,0.0,0.0,True
43,67,1,RISCY-FPU-b-1-c20,1,"{""max_displacement"": 0, ""site_search_window"": 0, ""row_search_window"": 0, ""disallow_one_site_gaps"": 0, ""use_diamond_legalizer"": 1, ""disable_window_extension"": 0}","{""max_displacement"": 10, ""site_search_window"": 10, ""row_search_window"": 2, ""disallow_one_site_gaps"": 0, ""use_diamond_legalizer"": 1, ""disable_window_extension"": 0}",FAILED,3678521.9,3678521.9,0.0,-100.0,-1.0,False
43,67,2,RISCY-FPU-b-1-c20,2,"{""max_displacement"": 10, ""site_search_window"": 10, ""row_search_window"": 2, ""disallow_one_site_gaps"": 0, ""use_diamond_legalizer"": 1, ""disable_window_extension"": 0}","{""max_displacement"": 0, ""site_search_window"": 0, ""row_search_window"": 0, ""disallow_one_site_gaps"": 0, ""use_diamond_legalizer"": 1, ""disable_window_extension"": 0}",VALID,3678521.9,3678521.9,0.0,0.0,0.0,False
43,67,3,RISCY-FPU-b-1-c20,5,"{""max_displacement"": 0, ""site_search_window"": 0, ""row_search_window"": 0, ""disallow_one_site_gaps"": 0, ""use_diamond_legalizer"": 1, ""disable_window_extension"": 0}","{""max_displacement"": 10, ""site_search_window"": 10, ""row_search_window"": 0, ""disallow_one_site_gaps"": 0, ""use_diamond_legalizer"": 1, ""disable_window_extension"": 0}",FAILED,3678521.9,3678521.9,0.0,-100.0,-1.0,False
43,67,4,RISCY-FPU-b-1-c20,1,"{""max_displacement"": 10, ""site_search_window"": 10, ""row_search_window"": 0, ""disallow_one_site_gaps"": 0, ""use_diamond_legalizer"": 1, ""disable_window_extension"": 0}","{""max_displacement"": 20, ""site_search_window"": 20, ""row_search_window"": 2, ""disallow_one_site_gaps"": 0, ""use_diamond_legalizer"": 1, ""disable_window_extension"": 0}",VALID,3678521.9,3678521.9,0.0,0.0,0.0,False
43,67,5,RISCY-FPU-b-1-c20,0,"{""max_displacement"": 20, ""site_search_window"": 20, ""row_search_window"": 2, ""disallow_one_site_gaps"": 0, ""use_diamond_legalizer"": 1, ""disable_window_extension"": 0}","{""max_displacement"": 20, ""site_search_window"": 20, ""row_search_window"": 2, ""disallow_one_site_gaps"": true, ""use_diamond_legalizer"": 1, ""disable_window_extension"": true}",VALID,3678521.9,3678521.9,0.0,0.0,0.0,False
43,67,6,RISCY-FPU-b-1-c20,2,"{""max_displacement"": 20, ""site_search_window"": 20, ""row_search_window"": 2, ""disallow_one_site_gaps"": true, ""use_diamond_legalizer"": 1, ""disable_window_extension"": true}","{""max_displacement"": 10, ""site_search_window"": 10, ""row_search_window"": 0, ""disallow_one_site_gaps"": true, ""use_diamond_legalizer"": 1, ""disable_window_extension"": true}",FAILED,3678521.9,3678521.9,0.0,-100.0,-1.0,False
43,67,7,RISCY-FPU-b-1-c20,7,"{""max_displacement"": 10, ""site_search_window"": 10, ""row_search_window"": 0, ""disallow_one_site_gaps"": true, ""use_diamond_legalizer"": 1, ""disable_window_extension"": true}","{""max_displacement"": 10, ""site_search_window"": 10, ""row_search_window"": 0, ""disallow_one_site_gaps"": true, ""use_diamond_legalizer"": 1, ""disable_window_extension"": true}",FAILED,3678521.9,3678521.9,0.0,-100.0,-1.0,False
43,67,8,RISCY-FPU-b-1-c20,2,"{""max_displacement"": 10, ""site_search_window"": 10, ""row_search_window"": 0, ""disallow_one_site_gaps"": true, ""use_diamond_legalizer"": 1, ""disable_window_extension"": true}","{""max_displacement"": 0, ""site_search_window"": 0, ""row_search_window"": 0, ""disallow_one_site_gaps"": true, ""use_diamond_legalizer"": 1, ""disable_window_extension"": true}",VALID,3678521.9,3678521.9,0.0,0.0,0.0,False
43,67,9,RISCY-FPU-b-1-c20,2,"{""max_displacement"": 0, ""site_search_window"": 0, ""row_search_window"": 0, ""disallow_one_site_gaps"": true, ""use_diamond_legalizer"": 1, ""disable_window_extension"": true}","{""max_displacement"": 0, ""site_search_window"": 0, ""row_search_window"": 0, ""disallow_one_site_gaps"": true, ""use_diamond_legalizer"": 1, ""disable_window_extension"": true}",VALID,3678521.9,3678521.9,0.0,0.0,0.0,False
43,67,10,RISCY-FPU-b-1-c20,4,"{""max_displacement"": 0, ""site_search_window"": 0, ""row_search_window"": 0, ""disallow_one_site_gaps"": true, ""use_diamond_legalizer"": 1, ""disable_window_extension"": true}","{""max_displacement"": 0, ""site_search_window"": 0, ""row_search_window"": 0, ""disallow_one_site_gaps"": true, ""use_diamond_legalizer"": 1, ""disable_window_extension"": true}",VALID,3678521.9,3678521.9,0.0,0.0,0.0,True
43,68,1,RISCY-a-3-c5,7,"{""max_displacement"": 0, ""site_search_window"": 0, ""row_search_window"": 0, ""disallow_one_site_gaps"": 0, ""use_diamond_legalizer"": 1, ""disable_window_extension"": 0}","{""max_displacement"": 0, ""site_search_window"": 0, ""row_search_window"": 0, ""disallow_one_site_gaps"": 0, ""use_diamond_legalizer"": 1, ""disable_window_extension"": 0}",VALID,5599044.1,5599044.1,0.0,0.0,0.0,False
43,68,2,RISCY-a-3-c5,3,"{""max_displacement"": 0, ""site_search_window"": 0, ""row_search_window"": 0, ""disallow_one_site_gaps"": 0, ""use_diamond_legalizer"": 1, ""disable_window_extension"": 0}","{""max_displacement"": 0, ""site_search_window"": 10, ""row_search_window"": 2, ""disallow_one_site_gaps"": 0, ""use_diamond_legalizer"": 1, ""disable_window_extension"": 0}",VALID,5599044.1,5599044.1,0.0,0.0,0.0,False
43,68,3,RISCY-a-3-c5,5,"{""max_displacement"": 0, ""site_search_window"": 10, ""row_search_window"": 2, ""disallow_one_site_gaps"": 0, ""use_diamond_legalizer"": 1, ""disable_window_extension"": 0}","{""max_displacement"": 10, ""site_search_window"": 20, ""row_search_window"": 2, ""disallow_one_site_gaps"": 0, ""use_diamond_legalizer"": 1, ""disable_window_extension"": 0}",FAILED,5599044.1,5599044.1,0.0,-100.0,-1.0,False
43,68,4,RISCY-a-3-c5,0,"{""max_displacement"": 10, ""site_search_window"": 20, ""row_search_window"": 2, ""disallow_one_site_gaps"": 0, ""use_diamond_legalizer"": 1, ""disable_window_extension"": 0}","{""max_displacement"": 10, ""site_search_window"": 20, ""row_search_window"": 2, ""disallow_one_site_gaps"": true, ""use_diamond_legalizer"": 1, ""disable_window_extension"": true}",FAILED,5599044.1,5599044.1,0.0,-100.0,-1.0,False
43,68,5,RISCY-a-3-c5,4,"{""max_displacement"": 10, ""site_search_window"": 20, ""row_search_window"": 2, ""disallow_one_site_gaps"": true, ""use_diamond_legalizer"": 1, ""disable_window_extension"": true}","{""max_displacement"": 10, ""site_search_window"": 10, ""row_search_window"": 0, ""disallow_one_site_gaps"": true, ""use_diamond_legalizer"": 1, ""disable_window_extension"": true}",FAILED,5599044.1,5599044.1,0.0,-100.0,-1.0,False
43,68,6,RISCY-a-3-c5,7,"{""max_displacement"": 10, ""site_search_window"": 10, ""row_search_window"": 0, ""disallow_one_site_gaps"": true, ""use_diamond_legalizer"": 1, ""disable_window_extension"": true}","{""max_displacement"": 10, ""site_search_window"": 10, ""row_search_window"": 0, ""disallow_one_site_gaps"": true, ""use_diamond_legalizer"": 1, ""disable_window_extension"": true}",FAILED,5599044.1,5599044.1,0.0,-100.0,-1.0,False
43,68,7,RISCY-a-3-c5,1,"{""max_displacement"": 10, ""site_search_window"": 10, ""row_search_window"": 0, ""disallow_one_site_gaps"": true, ""use_diamond_legalizer"": 1, ""disable_window_extension"": true}","{""max_displacement"": 20, ""site_search_window"": 20, ""row_search_window"": 2, ""disallow_one_site_gaps"": true, ""use_diamond_legalizer"": 1, ""disable_window_extension"": true}",VALID,5599044.1,5598956.4,87.69999999925494,0.0015999999999999999,1.566338796996704e-05,False
43,68,8,RISCY-a-3-c5,7,"{""max_displacement"": 20, ""site_search_window"": 20, ""row_search_window"": 2, ""disallow_one_site_gaps"": true, ""use_diamond_legalizer"": 1, ""disable_window_extension"": true}","{""max_displacement"": 20, ""site_search_window"": 20, ""row_search_window"": 2, ""disallow_one_site_gaps"": true, ""use_diamond_legalizer"": 1, ""disable_window_extension"": true}",VALID,5599044.1,5598956.4,0.0,0.0,0.0,False
43,68,9,RISCY-a-3-c5,1,"{""max_displacement"": 20, ""site_search_window"": 20, ""row_search_window"": 2, ""disallow_one_site_gaps"": true, ""use_diamond_legalizer"": 1, ""disable_window_extension"": true}","{""max_displacement"": 30, ""site_search_window"": 30, ""row_search_window"": 4, ""disallow_one_site_gaps"": true, ""use_diamond_legalizer"": 1, ""disable_window_extension"": true}",VALID,5599044.1,5599044.1,-87.69999999925494,-0.0015999999999999999,-1.5663633315532682e-05,False
43,68,10,RISCY-a-3-c5,6,"{""max_displacement"": 30, ""site_search_window"": 30, ""row_search_window"": 4, ""disallow_one_site_gaps"": true, ""use_diamond_legalizer"": 1, ""disable_window_extension"": true}","{""max_displacement"": 20, ""site_search_window"": 20, ""row_search_window"": 4, ""disallow_one_site_gaps"": true, ""use_diamond_legalizer"": 1, ""disable_window_extension"": true}",VALID,5599044.1,5598956.4,87.69999999925494,0.0015999999999999999,1.566338796996704e-05,True
43,69,1,RISCY-FPU-a-1-c20,2,"{""max_displacement"": 0, ""site_search_window"": 0, ""row_search_window"": 0, ""disallow_one_site_gaps"": 0, ""use_diamond_legalizer"": 1, ""disable_window_extension"": 0}","{""max_displacement"": 0, ""site_search_window"": 0, ""row_search_window"": 0, ""disallow_one_site_gaps"": 0, ""use_diamond_legalizer"": 1, ""disable_window_extension"": 0}",VALID,5621676.5,5621676.5,0.0,0.0,0.0,False
43,69,2,RISCY-FPU-a-1-c20,6,"{""max_displacement"": 0, ""site_search_window"": 0, ""row_search_window"": 0, ""disallow_one_site_gaps"": 0, ""use_diamond_legalizer"": 1, ""disable_window_extension"": 0}","{""max_displacement"": 0, ""site_search_window"": 0, ""row_search_window"": 0, ""disallow_one_site_gaps"": 0, ""use_diamond_legalizer"": 1, ""disable_window_extension"": 0}",VALID,5621676.5,5621676.5,0.0,0.0,0.0,False
43,69,3,RISCY-FPU-a-1-c20,6,"{""max_displacement"": 0, ""site_search_window"": 0, ""row_search_window"": 0, ""disallow_one_site_gaps"": 0, ""use_diamond_legalizer"": 1, ""disable_window_extension"": 0}","{""max_displacement"": 0, ""site_search_window"": 0, ""row_search_window"": 0, ""disallow_one_site_gaps"": 0, ""use_diamond_legalizer"": 1, ""disable_window_extension"": 0}",VALID,5621676.5,5621676.5,0.0,0.0,0.0,False
43,69,4,RISCY-FPU-a-1-c20,3,"{""max_displacement"": 0, ""site_search_window"": 0, ""row_search_window"": 0, ""disallow_one_site_gaps"": 0, ""use_diamond_legalizer"": 1, ""disable_window_extension"": 0}","{""max_displacement"": 0, ""site_search_window"": 10, ""row_search_window"": 2, ""disallow_one_site_gaps"": 0, ""use_diamond_legalizer"": 1, ""disable_window_extension"": 0}",VALID,5621676.5,5621676.5,0.0,0.0,0.0,False
43,69,5,RISCY-FPU-a-1-c20,4,"{""max_displacement"": 0, ""site_search_window"": 10, ""row_search_window"": 2, ""disallow_one_site_gaps"": 0, ""use_diamond_legalizer"": 1, ""disable_window_extension"": 0}","{""max_displacement"": 0, ""site_search_window"": 0, ""row_search_window"": 0, ""disallow_one_site_gaps"": 0, ""use_diamond_legalizer"": 1, ""disable_window_extension"": 0}",VALID,5621676.5,5621676.5,0.0,0.0,0.0,False
43,69,6,RISCY-FPU-a-1-c20,7,"{""max_displacement"": 0, ""site_search_window"": 0, ""row_search_window"": 0, ""disallow_one_site_gaps"": 0, ""use_diamond_legalizer"": 1, ""disable_window_extension"": 0}","{""max_displacement"": 0, ""site_search_window"": 0, ""row_search_window"": 0, ""disallow_one_site_gaps"": 0, ""use_diamond_legalizer"": 1, ""disable_window_extension"": 0}",VALID,5621676.5,5621676.5,0.0,0.0,0.0,False
43,69,7,RISCY-FPU-a-1-c20,7,"{""max_displacement"": 0, ""site_search_window"": 0, ""row_search_window"": 0, ""disallow_one_site_gaps"": 0, ""use_diamond_legalizer"": 1, ""disable_window_extension"": 0}","{""max_displacement"": 0, ""site_search_window"": 0, ""row_search_window"": 0, ""disallow_one_site_gaps"": 0, ""use_diamond_legalizer"": 1, ""disable_window_extension"": 0}",VALID,5621676.5,5621676.5,0.0,0.0,0.0,False
43,69,8,RISCY-FPU-a-1-c20,3,"{""max_displacement"": 0, ""site_search_window"": 0, ""row_search_window"": 0, ""disallow_one_site_gaps"": 0, ""use_diamond_legalizer"": 1, ""disable_window_extension"": 0}","{""max_displacement"": 0, ""site_search_window"": 10, ""row_search_window"": 2, ""disallow_one_site_gaps"": 0, ""use_diamond_legalizer"": 1, ""disable_window_extension"": 0}",VALID,5621676.5,5621676.5,0.0,0.0,0.0,False
43,69,9,RISCY-FPU-a-1-c20,1,"{""max_displacement"": 0, ""site_search_window"": 10, ""row_search_window"": 2, ""disallow_one_site_gaps"": 0, ""use_diamond_legalizer"": 1, ""disable_window_extension"": 0}","{""max_displacement"": 10, ""site_search_window"": 20, ""row_search_window"": 4, ""disallow_one_site_gaps"": 0, ""use_diamond_legalizer"": 1, ""disable_window_extension"": 0}",FAILED,5621676.5,5621676.5,0.0,-100.0,-1.0,False
43,69,10,RISCY-FPU-a-1-c20,6,"{""max_displacement"": 10, ""site_search_window"": 20, ""row_search_window"": 4, ""disallow_one_site_gaps"": 0, ""use_diamond_legalizer"": 1, ""disable_window_extension"": 0}","{""max_displacement"": 0, ""site_search_window"": 10, ""row_search_window"": 4, ""disallow_one_site_gaps"": 0, ""use_diamond_legalizer"": 1, ""disable_window_extension"": 0}",VALID,5621676.5,5621676.5,0.0,0.0,0.0,True
43,70,1,RISCY-b-3-c2,3,"{""max_displacement"": 0, ""site_search_window"": 0, ""row_search_window"": 0, ""disallow_one_site_gaps"": 0, ""use_diamond_legalizer"": 1, ""disable_window_extension"": 0}","{""max_displacement"": 0, ""site_search_window"": 10, ""row_search_window"": 2, ""disallow_one_site_gaps"": 0, ""use_diamond_legalizer"": 1, ""disable_window_extension"": 0}",VALID,4119260.8,4119260.8,0.0,0.0,0.0,False
43,70,2,RISCY-b-3-c2,2,"{""max_displacement"": 0, ""site_search_window"": 10, ""row_search_window"": 2, ""disallow_one_site_gaps"": 0, ""use_diamond_legalizer"": 1, ""disable_window_extension"": 0}","{""max_displacement"": 0, ""site_search_window"": 0, ""row_search_window"": 0, ""disallow_one_site_gaps"": 0, ""use_diamond_legalizer"": 1, ""disable_window_extension"": 0}",VALID,4119260.8,4119260.8,0.0,0.0,0.0,False
43,70,3,RISCY-b-3-c2,4,"{""max_displacement"": 0, ""site_search_window"": 0, ""row_search_window"": 0, ""disallow_one_site_gaps"": 0, ""use_diamond_legalizer"": 1, ""disable_window_extension"": 0}","{""max_displacement"": 0, ""site_search_window"": 0, ""row_search_window"": 0, ""disallow_one_site_gaps"": 0, ""use_diamond_legalizer"": 1, ""disable_window_extension"": 0}",VALID,4119260.8,4119260.8,0.0,0.0,0.0,False
43,70,4,RISCY-b-3-c2,3,"{""max_displacement"": 0, ""site_search_window"": 0, ""row_search_window"": 0, ""disallow_one_site_gaps"": 0, ""use_diamond_legalizer"": 1, ""disable_window_extension"": 0}","{""max_displacement"": 0, ""site_search_window"": 10, ""row_search_window"": 2, ""disallow_one_site_gaps"": 0, ""use_diamond_legalizer"": 1, ""disable_window_extension"": 0}",VALID,4119260.8,4119260.8,0.0,0.0,0.0,False
43,70,5,RISCY-b-3-c2,1,"{""max_displacement"": 0, ""site_search_window"": 10, ""row_search_window"": 2, ""disallow_one_site_gaps"": 0, ""use_diamond_legalizer"": 1, ""disable_window_extension"": 0}","{""max_displacement"": 10, ""site_search_window"": 20, ""row_search_window"": 4, ""disallow_one_site_gaps"": 0, ""use_diamond_legalizer"": 1, ""disable_window_extension"": 0}",VALID,4119260.8,4119224.9,35.89999999990687,0.0009,8.715155884256435e-06,False
43,70,6,RISCY-b-3-c2,3,"{""max_displacement"": 10, ""site_search_window"": 20, ""row_search_window"": 4, ""disallow_one_site_gaps"": 0, ""use_diamond_legalizer"": 1, ""disable_window_extension"": 0}","{""max_displacement"": 10, ""site_search_window"": 30, ""row_search_window"": 6, ""disallow_one_site_gaps"": 0, ""use_diamond_legalizer"": 1, ""disable_window_extension"": 0}",VALID,4119260.8,4119224.9,0.0,0.0,0.0,False
43,70,7,RISCY-b-3-c2,2,"{""max_displacement"": 10, ""site_search_window"": 30, ""row_search_window"": 6, ""disallow_one_site_gaps"": 0, ""use_diamond_legalizer"": 1, ""disable_window_extension"": 0}","{""max_displacement"": 0, ""site_search_window"": 20, ""row_search_window"": 4, ""disallow_one_site_gaps"": 0, ""use_diamond_legalizer"": 1, ""disable_window_extension"": 0}",VALID,4119260.8,4119260.8,-35.89999999990687,-0.0009,-8.715231838860478e-06,False
43,70,8,RISCY-b-3-c2,3,"{""max_displacement"": 0, ""site_search_window"": 20, ""row_search_window"": 4, ""disallow_one_site_gaps"": 0, ""use_diamond_legalizer"": 1, ""disable_window_extension"": 0}","{""max_displacement"": 0, ""site_search_window"": 30, ""row_search_window"": 6, ""disallow_one_site_gaps"": 0, ""use_diamond_legalizer"": 1, ""disable_window_extension"": 0}",VALID,4119260.8,4119260.8,0.0,0.0,0.0,False
43,70,9,RISCY-b-3-c2,0,"{""max_displacement"": 0, ""site_search_window"": 30, ""row_search_window"": 6, ""disallow_one_site_gaps"": 0, ""use_diamond_legalizer"": 1, ""disable_window_extension"": 0}","{""max_displacement"": 0, ""site_search_window"": 30, ""row_search_window"": 6, ""disallow_one_site_gaps"": true, ""use_diamond_legalizer"": 1, ""disable_window_extension"": true}",VALID,4119260.8,4119260.8,0.0,0.0,0.0,False
43,70,10,RISCY-b-3-c2,1,"{""max_displacement"": 0, ""site_search_window"": 30, ""row_search_window"": 6, ""disallow_one_site_gaps"": true, ""use_diamond_legalizer"": 1, ""disable_window_extension"": true}","{""max_displacement"": 10, ""site_search_window"": 40, ""row_search_window"": 8, ""disallow_one_site_gaps"": true, ""use_diamond_legalizer"": 1, ""disable_window_extension"": true}",VALID,4119260.8,4119224.9,35.89999999990687,0.0009,8.715155884256435e-06,True
43,71,1,RISCY-a-3-c2,0,"{""max_displacement"": 0, ""site_search_window"": 0, ""row_search_window"": 0, ""disallow_one_site_gaps"": 0, ""use_diamond_legalizer"": 1, ""disable_window_extension"": 0}","{""max_displacement"": 0, ""site_search_window"": 0, ""row_search_window"": 0, ""disallow_one_site_gaps"": true, ""use_diamond_legalizer"": 1, ""disable_window_extension"": true}",VALID,5865401.6,5865401.6,0.0,0.0,0.0,False
43,71,2,RISCY-a-3-c2,2,"{""max_displacement"": 0, ""site_search_window"": 0, ""row_search_window"": 0, ""disallow_one_site_gaps"": true, ""use_diamond_legalizer"": 1, ""disable_window_extension"": true}","{""max_displacement"": 0, ""site_search_window"": 0, ""row_search_window"": 0, ""disallow_one_site_gaps"": true, ""use_diamond_legalizer"": 1, ""disable_window_extension"": true}",VALID,5865401.6,5865401.6,0.0,0.0,0.0,False
43,71,3,RISCY-a-3-c2,4,"{""max_displacement"": 0, ""site_search_window"": 0, ""row_search_window"": 0, ""disallow_one_site_gaps"": true, ""use_diamond_legalizer"": 1, ""disable_window_extension"": true}","{""max_displacement"": 0, ""site_search_window"": 0, ""row_search_window"": 0, ""disallow_one_site_gaps"": true, ""use_diamond_legalizer"": 1, ""disable_window_extension"": true}",VALID,5865401.6,5865401.6,0.0,0.0,0.0,False
43,71,4,RISCY-a-3-c2,4,"{""max_displacement"": 0, ""site_search_window"": 0, ""row_search_window"": 0, ""disallow_one_site_gaps"": true, ""use_diamond_legalizer"": 1, ""disable_window_extension"": true}","{""max_displacement"": 0, ""site_search_window"": 0, ""row_search_window"": 0, ""disallow_one_site_gaps"": true, ""use_diamond_legalizer"": 1, ""disable_window_extension"": true}",VALID,5865401.6,5865401.6,0.0,0.0,0.0,False
43,71,5,RISCY-a-3-c2,3,"{""max_displacement"": 0, ""site_search_window"": 0, ""row_search_window"": 0, ""disallow_one_site_gaps"": true, ""use_diamond_legalizer"": 1, ""disable_window_extension"": true}","{""max_displacement"": 0, ""site_search_window"": 10, ""row_search_window"": 2, ""disallow_one_site_gaps"": true, ""use_diamond_legalizer"": 1, ""disable_window_extension"": true}",VALID,5865401.6,5865401.6,0.0,0.0,0.0,False
43,71,6,RISCY-a-3-c2,0,"{""max_displacement"": 0, ""site_search_window"": 10, ""row_search_window"": 2, ""disallow_one_site_gaps"": true, ""use_diamond_legalizer"": 1, ""disable_window_extension"": true}","{""max_displacement"": 0, ""site_search_window"": 10, ""row_search_window"": 2, ""disallow_one_site_gaps"": false, ""use_diamond_legalizer"": 1, ""disable_window_extension"": false}",VALID,5865401.6,5865401.6,0.0,0.0,0.0,False
43,71,7,RISCY-a-3-c2,3,"{""max_displacement"": 0, ""site_search_window"": 10, ""row_search_window"": 2, ""disallow_one_site_gaps"": false, ""use_diamond_legalizer"": 1, ""disable_window_extension"": false}","{""max_displacement"": 0, ""site_search_window"": 20, ""row_search_window"": 4, ""disallow_one_site_gaps"": false, ""use_diamond_legalizer"": 1, ""disable_window_extension"": false}",VALID,5865401.6,5865401.6,0.0,0.0,0.0,False
43,71,8,RISCY-a-3-c2,6,"{""max_displacement"": 0, ""site_search_window"": 20, ""row_search_window"": 4, ""disallow_one_site_gaps"": false, ""use_diamond_legalizer"": 1, ""disable_window_extension"": false}","{""max_displacement"": 0, ""site_search_window"": 10, ""row_search_window"": 4, ""disallow_one_site_gaps"": false, ""use_diamond_legalizer"": 1, ""disable_window_extension"": false}",VALID,5865401.6,5865401.6,0.0,0.0,0.0,False
43,71,9,RISCY-a-3-c2,7,"{""max_displacement"": 0, ""site_search_window"": 10, ""row_search_window"": 4, ""disallow_one_site_gaps"": false, ""use_diamond_legalizer"": 1, ""disable_window_extension"": false}","{""max_displacement"": 0, ""site_search_window"": 10, ""row_search_window"": 4, ""disallow_one_site_gaps"": false, ""use_diamond_legalizer"": 1, ""disable_window_extension"": false}",VALID,5865401.6,5865401.6,0.0,0.0,0.0,False
43,71,10,RISCY-a-3-c2,4,"{""max_displacement"": 0, ""site_search_window"": 10, ""row_search_window"": 4, ""disallow_one_site_gaps"": false, ""use_diamond_legalizer"": 1, ""disable_window_extension"": false}","{""max_displacement"": 0, ""site_search_window"": 0, ""row_search_window"": 2, ""disallow_one_site_gaps"": false, ""use_diamond_legalizer"": 1, ""disable_window_extension"": false}",VALID,5865401.6,5865401.6,0.0,0.0,0.0,True
43,72,1,RISCY-a-2-c2,1,"{""max_displacement"": 0, ""site_search_window"": 0, ""row_search_window"": 0, ""disallow_one_site_gaps"": 0, ""use_diamond_legalizer"": 1, ""disable_window_extension"": 0}","{""max_displacement"": 10, ""site_search_window"": 10, ""row_search_window"": 2, ""disallow_one_site_gaps"": 0, ""use_diamond_legalizer"": 1, ""disable_window_extension"": 0}",FAILED,4861249.7,4861249.7,0.0,-100.0,-1.0,False
43,72,2,RISCY-a-2-c2,6,"{""max_displacement"": 10, ""site_search_window"": 10, ""row_search_window"": 2, ""disallow_one_site_gaps"": 0, ""use_diamond_legalizer"": 1, ""disable_window_extension"": 0}","{""max_displacement"": 0, ""site_search_window"": 0, ""row_search_window"": 2, ""disallow_one_site_gaps"": 0, ""use_diamond_legalizer"": 1, ""disable_window_extension"": 0}",VALID,4861249.7,4861249.7,0.0,0.0,0.0,False
43,72,3,RISCY-a-2-c2,6,"{""max_displacement"": 0, ""site_search_window"": 0, ""row_search_window"": 2, ""disallow_one_site_gaps"": 0, ""use_diamond_legalizer"": 1, ""disable_window_extension"": 0}","{""max_displacement"": 0, ""site_search_window"": 0, ""row_search_window"": 2, ""disallow_one_site_gaps"": 0, ""use_diamond_legalizer"": 1, ""disable_window_extension"": 0}",VALID,4861249.7,4861249.7,0.0,0.0,0.0,False
43,72,4,RISCY-a-2-c2,0,"{""max_displacement"": 0, ""site_search_window"": 0, ""row_search_window"": 2, ""disallow_one_site_gaps"": 0, ""use_diamond_legalizer"": 1, ""disable_window_extension"": 0}","{""max_displacement"": 0, ""site_search_window"": 0, ""row_search_window"": 2, ""disallow_one_site_gaps"": true, ""use_diamond_legalizer"": 1, ""disable_window_extension"": true}",VALID,4861249.7,4861249.7,0.0,0.0,0.0,False
43,72,5,RISCY-a-2-c2,6,"{""max_displacement"": 0, ""site_search_window"": 0, ""row_search_window"": 2, ""disallow_one_site_gaps"": true, ""use_diamond_legalizer"": 1, ""disable_window_extension"": true}","{""max_displacement"": 0, ""site_search_window"": 0, ""row_search_window"": 2, ""disallow_one_site_gaps"": true, ""use_diamond_legalizer"": 1, ""disable_window_extension"": true}",VALID,4861249.7,4861249.7,0.0,0.0,0.0,False
43,72,6,RISCY-a-2-c2,5,"{""max_displacement"": 0, ""site_search_window"": 0, ""row_search_window"": 2, ""disallow_one_site_gaps"": true, ""use_diamond_legalizer"": 1, ""disable_window_extension"": true}","{""max_displacement"": 10, ""site_search_window"": 10, ""row_search_window"": 2, ""disallow_one_site_gaps"": true, ""use_diamond_legalizer"": 1, ""disable_window_extension"": true}",FAILED,4861249.7,4861249.7,0.0,-100.0,-1.0,False
43,72,7,RISCY-a-2-c2,2,"{""max_displacement"": 10, ""site_search_window"": 10, ""row_search_window"": 2, ""disallow_one_site_gaps"": true, ""use_diamond_legalizer"": 1, ""disable_window_extension"": true}","{""max_displacement"": 0, ""site_search_window"": 0, ""row_search_window"": 0, ""disallow_one_site_gaps"": true, ""use_diamond_legalizer"": 1, ""disable_window_extension"": true}",VALID,4861249.7,4861249.7,0.0,0.0,0.0,False
43,72,8,RISCY-a-2-c2,5,"{""max_displacement"": 0, ""site_search_window"": 0, ""row_search_window"": 0, ""disallow_one_site_gaps"": true, ""use_diamond_legalizer"": 1, ""disable_window_extension"": true}","{""max_displacement"": 10, ""site_search_window"": 10, ""row_search_window"": 0, ""disallow_one_site_gaps"": true, ""use_diamond_legalizer"": 1, ""disable_window_extension"": true}",FAILED,4861249.7,4861249.7,0.0,-100.0,-1.0,False
43,72,9,RISCY-a-2-c2,0,"{""max_displacement"": 10, ""site_search_window"": 10, ""row_search_window"": 0, ""disallow_one_site_gaps"": true, ""use_diamond_legalizer"": 1, ""disable_window_extension"": true}","{""max_displacement"": 10, ""site_search_window"": 10, ""row_search_window"": 0, ""disallow_one_site_gaps"": false, ""use_diamond_legalizer"": 1, ""disable_window_extension"": false}",FAILED,4861249.7,4861249.7,0.0,-100.0,-1.0,False
43,72,10,RISCY-a-2-c2,5,"{""max_displacement"": 10, ""site_search_window"": 10, ""row_search_window"": 0, ""disallow_one_site_gaps"": false, ""use_diamond_legalizer"": 1, ""disable_window_extension"": false}","{""max_displacement"": 20, ""site_search_window"": 20, ""row_search_window"": 0, ""disallow_one_site_gaps"": false, ""use_diamond_legalizer"": 1, ""disable_window_extension"": false}",VALID,4861249.7,4861249.7,0.0,0.0,0.0,True
43,73,1,RISCY-b-2-c20,6,"{""max_displacement"": 0, ""site_search_window"": 0, ""row_search_window"": 0, ""disallow_one_site_gaps"": 0, ""use_diamond_legalizer"": 1, ""disable_window_extension"": 0}","{""max_displacement"": 0, ""site_search_window"": 0, ""row_search_window"": 0, ""disallow_one_site_gaps"": 0, ""use_diamond_legalizer"": 1, ""disable_window_extension"": 0}",VALID,2782023.4,2782023.4,0.0,0.0,0.0,False
43,73,2,RISCY-b-2-c20,1,"{""max_displacement"": 0, ""site_search_window"": 0, ""row_search_window"": 0, ""disallow_one_site_gaps"": 0, ""use_diamond_legalizer"": 1, ""disable_window_extension"": 0}","{""max_displacement"": 10, ""site_search_window"": 10, ""row_search_window"": 2, ""disallow_one_site_gaps"": 0, ""use_diamond_legalizer"": 1, ""disable_window_extension"": 0}",FAILED,2782023.4,2782023.4,0.0,-100.0,-1.0,False
43,73,3,RISCY-b-2-c20,2,"{""max_displacement"": 10, ""site_search_window"": 10, ""row_search_window"": 2, ""disallow_one_site_gaps"": 0, ""use_diamond_legalizer"": 1, ""disable_window_extension"": 0}","{""max_displacement"": 0, ""site_search_window"": 0, ""row_search_window"": 0, ""disallow_one_site_gaps"": 0, ""use_diamond_legalizer"": 1, ""disable_window_extension"": 0}",VALID,2782023.4,2782023.4,0.0,0.0,0.0,False
43,73,4,RISCY-b-2-c20,2,"{""max_displacement"": 0, ""site_search_window"": 0, ""row_search_window"": 0, ""disallow_one_site_gaps"": 0, ""use_diamond_legalizer"": 1, ""disable_window_extension"": 0}","{""max_displacement"": 0, ""site_search_window"": 0, ""row_search_window"": 0, ""disallow_one_site_gaps"": 0, ""use_diamond_legalizer"": 1, ""disable_window_extension"": 0}",VALID,2782023.4,2782023.4,0.0,0.0,0.0,False
43,73,5,RISCY-b-2-c20,1,"{""max_displacement"": 0, ""site_search_window"": 0, ""row_search_window"": 0, ""disallow_one_site_gaps"": 0, ""use_diamond_legalizer"": 1, ""disable_window_extension"": 0}","{""max_displacement"": 10, ""site_search_window"": 10, ""row_search_window"": 2, ""disallow_one_site_gaps"": 0, ""use_diamond_legalizer"": 1, ""disable_window_extension"": 0}",FAILED,2782023.4,2782023.4,0.0,-100.0,-1.0,False
43,73,6,RISCY-b-2-c20,7,"{""max_displacement"": 10, ""site_search_window"": 10, ""row_search_window"": 2, ""disallow_one_site_gaps"": 0, ""use_diamond_legalizer"": 1, ""disable_window_extension"": 0}","{""max_displacement"": 10, ""site_search_window"": 10, ""row_search_window"": 2, ""disallow_one_site_gaps"": 0, ""use_diamond_legalizer"": 1, ""disable_window_extension"": 0}",FAILED,2782023.4,2782023.4,0.0,-100.0,-1.0,False
43,73,7,RISCY-b-2-c20,4,"{""max_displacement"": 10, ""site_search_window"": 10, ""row_search_window"": 2, ""disallow_one_site_gaps"": 0, ""use_diamond_legalizer"": 1, ""disable_window_extension"": 0}","{""max_displacement"": 10, ""site_search_window"": 0, ""row_search_window"": 0, ""disallow_one_site_gaps"": 0, ""use_diamond_legalizer"": 1, ""disable_window_extension"": 0}",FAILED,2782023.4,2782023.4,0.0,-100.0,-1.0,False
43,73,8,RISCY-b-2-c20,2,"{""max_displacement"": 10, ""site_search_window"": 0, ""row_search_window"": 0, ""disallow_one_site_gaps"": 0, ""use_diamond_legalizer"": 1, ""disable_window_extension"": 0}","{""max_displacement"": 0, ""site_search_window"": 0, ""row_search_window"": 0, ""disallow_one_site_gaps"": 0, ""use_diamond_legalizer"": 1, ""disable_window_extension"": 0}",VALID,2782023.4,2782023.4,0.0,0.0,0.0,False
43,73,9,RISCY-b-2-c20,6,"{""max_displacement"": 0, ""site_search_window"": 0, ""row_search_window"": 0, ""disallow_one_site_gaps"": 0, ""use_diamond_legalizer"": 1, ""disable_window_extension"": 0}","{""max_displacement"": 0, ""site_search_window"": 0, ""row_search_window"": 0, ""disallow_one_site_gaps"": 0, ""use_diamond_legalizer"": 1, ""disable_window_extension"": 0}",VALID,2782023.4,2782023.4,0.0,0.0,0.0,False
43,73,10,RISCY-b-2-c20,2,"{""max_displacement"": 0, ""site_search_window"": 0, ""row_search_window"": 0, ""disallow_one_site_gaps"": 0, ""use_diamond_legalizer"": 1, ""disable_window_extension"": 0}","{""max_displacement"": 0, ""site_search_window"": 0, ""row_search_window"": 0, ""disallow_one_site_gaps"": 0, ""use_diamond_legalizer"": 1, ""disable_window_extension"": 0}",VALID,2782023.4,2782023.4,0.0,0.0,0.0,True
43,74,1,RISCY-a-2-c2,3,"{""max_displacement"": 0, ""site_search_window"": 0, ""row_search_window"": 0, ""disallow_one_site_gaps"": 0, ""use_diamond_legalizer"": 1, ""disable_window_extension"": 0}","{""max_displacement"": 0, ""site_search_window"": 10, ""row_search_window"": 2, ""disallow_one_site_gaps"": 0, ""use_diamond_legalizer"": 1, ""disable_window_extension"": 0}",VALID,4861249.7,4861249.7,0.0,0.0,0.0,False
43,74,2,RISCY-a-2-c2,0,"{""max_displacement"": 0, ""site_search_window"": 10, ""row_search_window"": 2, ""disallow_one_site_gaps"": 0, ""use_diamond_legalizer"": 1, ""disable_window_extension"": 0}","{""max_displacement"": 0, ""site_search_window"": 10, ""row_search_window"": 2, ""disallow_one_site_gaps"": true, ""use_diamond_legalizer"": 1, ""disable_window_extension"": true}",VALID,4861249.7,4861249.7,0.0,0.0,0.0,False
43,74,3,RISCY-a-2-c2,1,"{""max_displacement"": 0, ""site_search_window"": 10, ""row_search_window"": 2, ""disallow_one_site_gaps"": true, ""use_diamond_legalizer"": 1, ""disable_window_extension"": true}","{""max_displacement"": 10, ""site_search_window"": 20, ""row_search_window"": 4, ""disallow_one_site_gaps"": true, ""use_diamond_legalizer"": 1, ""disable_window_extension"": true}",FAILED,4861249.7,4861249.7,0.0,-100.0,-1.0,False
43,74,4,RISCY-a-2-c2,5,"{""max_displacement"": 10, ""site_search_window"": 20, ""row_search_window"": 4, ""disallow_one_site_gaps"": true, ""use_diamond_legalizer"": 1, ""disable_window_extension"": true}","{""max_displacement"": 20, ""site_search_window"": 30, ""row_search_window"": 4, ""disallow_one_site_gaps"": true, ""use_diamond_legalizer"": 1, ""disable_window_extension"": true}",VALID,4861249.7,4861249.7,0.0,0.0,0.0,False
43,74,5,RISCY-a-2-c2,6,"{""max_displacement"": 20, ""site_search_window"": 30, ""row_search_window"": 4, ""disallow_one_site_gaps"": true, ""use_diamond_legalizer"": 1, ""disable_window_extension"": true}","{""max_displacement"": 10, ""site_search_window"": 20, ""row_search_window"": 4, ""disallow_one_site_gaps"": true, ""use_diamond_legalizer"": 1, ""disable_window_extension"": true}",FAILED,4861249.7,4861249.7,0.0,-100.0,-1.0,False
43,74,6,RISCY-a-2-c2,4,"{""max_displacement"": 10, ""site_search_window"": 20, ""row_search_window"": 4, ""disallow_one_site_gaps"": true, ""use_diamond_legalizer"": 1, ""disable_window_extension"": true}","{""max_displacement"": 10, ""site_search_window"": 10, ""row_search_window"": 2, ""disallow_one_site_gaps"": true, ""use_diamond_legalizer"": 1, ""disable_window_extension"": true}",FAILED,4861249.7,4861249.7,0.0,-100.0,-1.0,False
43,74,7,RISCY-a-2-c2,4,"{""max_displacement"": 10, ""site_search_window"": 10, ""row_search_window"": 2, ""disallow_one_site_gaps"": true, ""use_diamond_legalizer"": 1, ""disable_window_extension"": true}","{""max_displacement"": 10, ""site_search_window"": 0, ""row_search_window"": 0, ""disallow_one_site_gaps"": true, ""use_diamond_legalizer"": 1, ""disable_window_extension"": true}",FAILED,4861249.7,4861249.7,0.0,-100.0,-1.0,False
43,74,8,RISCY-a-2-c2,3,"{""max_displacement"": 10, ""site_search_window"": 0, ""row_search_window"": 0, ""disallow_one_site_gaps"": true, ""use_diamond_legalizer"": 1, ""disable_window_extension"": true}","{""max_displacement"": 10, ""site_search_window"": 10, ""row_search_window"": 2, ""disallow_one_site_gaps"": true, ""use_diamond_legalizer"": 1, ""disable_window_extension"": true}",FAILED,4861249.7,4861249.7,0.0,-100.0,-1.0,False
43,74,9,RISCY-a-2-c2,6,"{""max_displacement"": 10, ""site_search_window"": 10, ""row_search_window"": 2, ""disallow_one_site_gaps"": true, ""use_diamond_legalizer"": 1, ""disable_window_extension"": true}","{""max_displacement"": 0, ""site_search_window"": 0, ""row_search_window"": 2, ""disallow_one_site_gaps"": true, ""use_diamond_legalizer"": 1, ""disable_window_extension"": true}",VALID,4861249.7,4861249.7,0.0,0.0,0.0,False
43,74,10,RISCY-a-2-c2,0,"{""max_displacement"": 0, ""site_search_window"": 0, ""row_search_window"": 2, ""disallow_one_site_gaps"": true, ""use_diamond_legalizer"": 1, ""disable_window_extension"": true}","{""max_displacement"": 0, ""site_search_window"": 0, ""row_search_window"": 2, ""disallow_one_site_gaps"": false, ""use_diamond_legalizer"": 1, ""disable_window_extension"": false}",VALID,4861249.7,4861249.7,0.0,0.0,0.0,True
43,75,1,RISCY-FPU-a-1-c2,4,"{""max_displacement"": 0, ""site_search_window"": 0, ""row_search_window"": 0, ""disallow_one_site_gaps"": 0, ""use_diamond_legalizer"": 1, ""disable_window_extension"": 0}","{""max_displacement"": 0, ""site_search_window"": 0, ""row_search_window"": 0, ""disallow_one_site_gaps"": 0, ""use_diamond_legalizer"": 1, ""disable_window_extension"": 0}",VALID,8256849.8,8256849.8,0.0,0.0,0.0,False
43,75,2,RISCY-FPU-a-1-c2,6,"{""max_displacement"": 0, ""site_search_window"": 0, ""row_search_window"": 0, ""disallow_one_site_gaps"": 0, ""use_diamond_legalizer"": 1, ""disable_window_extension"": 0}","{""max_displacement"": 0, ""site_search_window"": 0, ""row_search_window"": 0, ""disallow_one_site_gaps"": 0, ""use_diamond_legalizer"": 1, ""disable_window_extension"": 0}",VALID,8256849.8,8256849.8,0.0,0.0,0.0,False
43,75,3,RISCY-FPU-a-1-c2,1,"{""max_displacement"": 0, ""site_search_window"": 0, ""row_search_window"": 0, ""disallow_one_site_gaps"": 0, ""use_diamond_legalizer"": 1, ""disable_window_extension"": 0}","{""max_displacement"": 10, ""site_search_window"": 10, ""row_search_window"": 2, ""disallow_one_site_gaps"": 0, ""use_diamond_legalizer"": 1, ""disable_window_extension"": 0}",FAILED,8256849.8,8256849.8,0.0,-100.0,-1.0,False
43,75,4,RISCY-FPU-a-1-c2,3,"{""max_displacement"": 10, ""site_search_window"": 10, ""row_search_window"": 2, ""disallow_one_site_gaps"": 0, ""use_diamond_legalizer"": 1, ""disable_window_extension"": 0}","{""max_displacement"": 10, ""site_search_window"": 20, ""row_search_window"": 4, ""disallow_one_site_gaps"": 0, ""use_diamond_legalizer"": 1, ""disable_window_extension"": 0}",FAILED,8256849.8,8256849.8,0.0,-100.0,-1.0,False
43,75,5,RISCY-FPU-a-1-c2,2,"{""max_displacement"": 10, ""site_search_window"": 20, ""row_search_window"": 4, ""disallow_one_site_gaps"": 0, ""use_diamond_legalizer"": 1, ""disable_window_extension"": 0}","{""max_displacement"": 0, ""site_search_window"": 10, ""row_search_window"": 2, ""disallow_one_site_gaps"": 0, ""use_diamond_legalizer"": 1, ""disable_window_extension"": 0}",VALID,8256849.8,8256849.8,0.0,0.0,0.0,False
43,75,6,RISCY-FPU-a-1-c2,6,"{""max_displacement"": 0, ""site_search_window"": 10, ""row_search_window"": 2, ""disallow_one_site_gaps"": 0, ""use_diamond_legalizer"": 1, ""disable_window_extension"": 0}","{""max_displacement"": 0, ""site_search_window"": 0, ""row_search_window"": 2, ""disallow_one_site_gaps"": 0, ""use_diamond_legalizer"": 1, ""disable_window_extension"": 0}",VALID,8256849.8,8256849.8,0.0,0.0,0.0,False
43,75,7,RISCY-FPU-a-1-c2,3,"{""max_displacement"": 0, ""site_search_window"": 0, ""row_search_window"": 2, ""disallow_one_site_gaps"": 0, ""use_diamond_legalizer"": 1, ""disable_window_extension"": 0}","{""max_displacement"": 0, ""site_search_window"": 10, ""row_search_window"": 4, ""disallow_one_site_gaps"": 0, ""use_diamond_legalizer"": 1, ""disable_window_extension"": 0}",VALID,8256849.8,8256849.8,0.0,0.0,0.0,False
43,75,8,RISCY-FPU-a-1-c2,1,"{""max_displacement"": 0, ""site_search_window"": 10, ""row_search_window"": 4, ""disallow_one_site_gaps"": 0, ""use_diamond_legalizer"": 1, ""disable_window_extension"": 0}","{""max_displacement"": 10, ""site_search_window"": 20, ""row_search_window"": 6, ""disallow_one_site_gaps"": 0, ""use_diamond_legalizer"": 1, ""disable_window_extension"": 0}",FAILED,8256849.8,8256849.8,0.0,-100.0,-1.0,False
43,75,9,RISCY-FPU-a-1-c2,5,"{""max_displacement"": 10, ""site_search_window"": 20, ""row_search_window"": 6, ""disallow_one_site_gaps"": 0, ""use_diamond_legalizer"": 1, ""disable_window_extension"": 0}","{""max_displacement"": 20, ""site_search_window"": 30, ""row_search_window"": 6, ""disallow_one_site_gaps"": 0, ""use_diamond_legalizer"": 1, ""disable_window_extension"": 0}",FAILED,8256849.8,8256849.8,0.0,-100.0,-1.0,False
43,75,10,RISCY-FPU-a-1-c2,7,"{""max_displacement"": 20, ""site_search_window"": 30, ""row_search_window"": 6, ""disallow_one_site_gaps"": 0, ""use_diamond_legalizer"": 1, ""disable_window_extension"": 0}","{""max_displacement"": 20, ""site_search_window"": 30, ""row_search_window"": 6, ""disallow_one_site_gaps"": 0, ""use_diamond_legalizer"": 1, ""disable_window_extension"": 0}",FAILED,8256849.8,8256849.8,0.0,-100.0,-1.0,True
43,76,1,zero-riscy-b-1-c20,2,"{""max_displacement"": 0, ""site_search_window"": 0, ""row_search_window"": 0, ""disallow_one_site_gaps"": 0, ""use_diamond_legalizer"": 1, ""disable_window_extension"": 0}","{""max_displacement"": 0, ""site_search_window"": 0, ""row_search_window"": 0, ""disallow_one_site_gaps"": 0, ""use_diamond_legalizer"": 1, ""disable_window_extension"": 0}",VALID,1957747.6,1957747.6,0.0,0.0,0.0,False
43,76,2,zero-riscy-b-1-c20,4,"{""max_displacement"": 0, ""site_search_window"": 0, ""row_search_window"": 0, ""disallow_one_site_gaps"": 0, ""use_diamond_legalizer"": 1, ""disable_window_extension"": 0}","{""max_displacement"": 0, ""site_search_window"": 0, ""row_search_window"": 0, ""disallow_one_site_gaps"": 0, ""use_diamond_legalizer"": 1, ""disable_window_extension"": 0}",VALID,1957747.6,1957747.6,0.0,0.0,0.0,False
43,76,3,zero-riscy-b-1-c20,5,"{""max_displacement"": 0, ""site_search_window"": 0, ""row_search_window"": 0, ""disallow_one_site_gaps"": 0, ""use_diamond_legalizer"": 1, ""disable_window_extension"": 0}","{""max_displacement"": 10, ""site_search_window"": 10, ""row_search_window"": 0, ""disallow_one_site_gaps"": 0, ""use_diamond_legalizer"": 1, ""disable_window_extension"": 0}",VALID,1957747.6,1957747.6,0.0,0.0,0.0,False
43,76,4,zero-riscy-b-1-c20,2,"{""max_displacement"": 10, ""site_search_window"": 10, ""row_search_window"": 0, ""disallow_one_site_gaps"": 0, ""use_diamond_legalizer"": 1, ""disable_window_extension"": 0}","{""max_displacement"": 0, ""site_search_window"": 0, ""row_search_window"": 0, ""disallow_one_site_gaps"": 0, ""use_diamond_legalizer"": 1, ""disable_window_extension"": 0}",VALID,1957747.6,1957747.6,0.0,0.0,0.0,False
43,76,5,zero-riscy-b-1-c20,3,"{""max_displacement"": 0, ""site_search_window"": 0, ""row_search_window"": 0, ""disallow_one_site_gaps"": 0, ""use_diamond_legalizer"": 1, ""disable_window_extension"": 0}","{""max_displacement"": 0, ""site_search_window"": 10, ""row_search_window"": 2, ""disallow_one_site_gaps"": 0, ""use_diamond_legalizer"": 1, ""disable_window_extension"": 0}",VALID,1957747.6,1957747.6,0.0,0.0,0.0,False
43,76,6,zero-riscy-b-1-c20,3,"{""max_displacement"": 0, ""site_search_window"": 10, ""row_search_window"": 2, ""disallow_one_site_gaps"": 0, ""use_diamond_legalizer"": 1, ""disable_window_extension"": 0}","{""max_displacement"": 0, ""site_search_window"": 20, ""row_search_window"": 4, ""disallow_one_site_gaps"": 0, ""use_diamond_legalizer"": 1, ""disable_window_extension"": 0}",VALID,1957747.6,1957747.6,0.0,0.0,0.0,False
43,76,7,zero-riscy-b-1-c20,4,"{""max_displacement"": 0, ""site_search_window"": 20, ""row_search_window"": 4, ""disallow_one_site_gaps"": 0, ""use_diamond_legalizer"": 1, ""disable_window_extension"": 0}","{""max_displacement"": 0, ""site_search_window"": 10, ""row_search_window"": 2, ""disallow_one_site_gaps"": 0, ""use_diamond_legalizer"": 1, ""disable_window_extension"": 0}",VALID,1957747.6,1957747.6,0.0,0.0,0.0,False
43,76,8,zero-riscy-b-1-c20,3,"{""max_displacement"": 0, ""site_search_window"": 10, ""row_search_window"": 2, ""disallow_one_site_gaps"": 0, ""use_diamond_legalizer"": 1, ""disable_window_extension"": 0}","{""max_displacement"": 0, ""site_search_window"": 20, ""row_search_window"": 4, ""disallow_one_site_gaps"": 0, ""use_diamond_legalizer"": 1, ""disable_window_extension"": 0}",VALID,1957747.6,1957747.6,0.0,0.0,0.0,False
43,76,9,zero-riscy-b-1-c20,5,"{""max_displacement"": 0, ""site_search_window"": 20, ""row_search_window"": 4, ""disallow_one_site_gaps"": 0, ""use_diamond_legalizer"": 1, ""disable_window_extension"": 0}","{""max_displacement"": 10, ""site_search_window"": 30, ""row_search_window"": 4, ""disallow_one_site_gaps"": 0, ""use_diamond_legalizer"": 1, ""disable_window_extension"": 0}",VALID,1957747.6,1957747.6,0.0,0.0,0.0,False
43,76,10,zero-riscy-b-1-c20,2,"{""max_displacement"": 10, ""site_search_window"": 30, ""row_search_window"": 4, ""disallow_one_site_gaps"": 0, ""use_diamond_legalizer"": 1, ""disable_window_extension"": 0}","{""max_displacement"": 0, ""site_search_window"": 20, ""row_search_window"": 2, ""disallow_one_site_gaps"": 0, ""use_diamond_legalizer"": 1, ""disable_window_extension"": 0}",VALID,1957747.6,1957747.6,0.0,0.0,0.0,True
43,77,1,RISCY-b-2-c5,4,"{""max_displacement"": 0, ""site_search_window"": 0, ""row_search_window"": 0, ""disallow_one_site_gaps"": 0, ""use_diamond_legalizer"": 1, ""disable_window_extension"": 0}","{""max_displacement"": 0, ""site_search_window"": 0, ""row_search_window"": 0, ""disallow_one_site_gaps"": 0, ""use_diamond_legalizer"": 1, ""disable_window_extension"": 0}",VALID,2887307.4,2887307.4,0.0,0.0,0.0,False
43,77,2,RISCY-b-2-c5,3,"{""max_displacement"": 0, ""site_search_window"": 0, ""row_search_window"": 0, ""disallow_one_site_gaps"": 0, ""use_diamond_legalizer"": 1, ""disable_window_extension"": 0}","{""max_displacement"": 0, ""site_search_window"": 10, ""row_search_window"": 2, ""disallow_one_site_gaps"": 0, ""use_diamond_legalizer"": 1, ""disable_window_extension"": 0}",VALID,2887307.4,2887307.4,0.0,0.0,0.0,False
43,77,3,RISCY-b-2-c5,2,"{""max_displacement"": 0, ""site_search_window"": 10, ""row_search_window"": 2, ""disallow_one_site_gaps"": 0, ""use_diamond_legalizer"": 1, ""disable_window_extension"": 0}","{""max_displacement"": 0, ""site_search_window"": 0, ""row_search_window"": 0, ""disallow_one_site_gaps"": 0, ""use_diamond_legalizer"": 1, ""disable_window_extension"": 0}",VALID,2887307.4,2887307.4,0.0,0.0,0.0,False
43,77,4,RISCY-b-2-c5,5,"{""max_displacement"": 0, ""site_search_window"": 0, ""row_search_window"": 0, ""disallow_one_site_gaps"": 0, ""use_diamond_legalizer"": 1, ""disable_window_extension"": 0}","{""max_displacement"": 10, ""site_search_window"": 10, ""row_search_window"": 0, ""disallow_one_site_gaps"": 0, ""use_diamond_legalizer"": 1, ""disable_window_extension"": 0}",FAILED,2887307.4,2887307.4,0.0,-100.0,-1.0,False
43,77,5,RISCY-b-2-c5,0,"{""max_displacement"": 10, ""site_search_window"": 10, ""row_search_window"": 0, ""disallow_one_site_gaps"": 0, ""use_diamond_legalizer"": 1, ""disable_window_extension"": 0}","{""max_displacement"": 10, ""site_search_window"": 10, ""row_search_window"": 0, ""disallow_one_site_gaps"": true, ""use_diamond_legalizer"": 1, ""disable_window_extension"": true}",VALID,2887307.4,2887171.1,136.29999999981374,0.004699999999999999,4.720661194572277e-05,False
43,77,6,RISCY-b-2-c5,6,"{""max_displacement"": 10, ""site_search_window"": 10, ""row_search_window"": 0, ""disallow_one_site_gaps"": true, ""use_diamond_legalizer"": 1, ""disable_window_extension"": true}","{""max_displacement"": 0, ""site_search_window"": 0, ""row_search_window"": 0, ""disallow_one_site_gaps"": true, ""use_diamond_legalizer"": 1, ""disable_window_extension"": true}",VALID,2887307.4,2887307.4,-136.29999999981374,-0.004699999999999999,-4.720884051513737e-05,False
43,77,7,RISCY-b-2-c5,6,"{""max_displacement"": 0, ""site_search_window"": 0, ""row_search_window"": 0, ""disallow_one_site_gaps"": true, ""use_diamond_legalizer"": 1, ""disable_window_extension"": true}","{""max_displacement"": 0, ""site_search_window"": 0, ""row_search_window"": 0, ""disallow_one_site_gaps"": true, ""use_diamond_legalizer"": 1, ""disable_window_extension"": true}",VALID,2887307.4,2887307.4,0.0,0.0,0.0,False
43,77,8,RISCY-b-2-c5,6,"{""max_displacement"": 0, ""site_search_window"": 0, ""row_search_window"": 0, ""disallow_one_site_gaps"": true, ""use_diamond_legalizer"": 1, ""disable_window_extension"": true}","{""max_displacement"": 0, ""site_search_window"": 0, ""row_search_window"": 0, ""disallow_one_site_gaps"": true, ""use_diamond_legalizer"": 1, ""disable_window_extension"": true}",VALID,2887307.4,2887307.4,0.0,0.0,0.0,False
43,77,9,RISCY-b-2-c5,5,"{""max_displacement"": 0, ""site_search_window"": 0, ""row_search_window"": 0, ""disallow_one_site_gaps"": true, ""use_diamond_legalizer"": 1, ""disable_window_extension"": true}","{""max_displacement"": 10, ""site_search_window"": 10, ""row_search_window"": 0, ""disallow_one_site_gaps"": true, ""use_diamond_legalizer"": 1, ""disable_window_extension"": true}",VALID,2887307.4,2887171.1,136.29999999981374,0.004699999999999999,4.720661194572277e-05,False
43,77,10,RISCY-b-2-c5,4,"{""max_displacement"": 10, ""site_search_window"": 10, ""row_search_window"": 0, ""disallow_one_site_gaps"": true, ""use_diamond_legalizer"": 1, ""disable_window_extension"": true}","{""max_displacement"": 10, ""site_search_window"": 0, ""row_search_window"": 0, ""disallow_one_site_gaps"": true, ""use_diamond_legalizer"": 1, ""disable_window_extension"": true}",VALID,2887307.4,2887171.1,0.0,0.0,0.0,True
43,78,1,zero-riscy-a-2-c5,3,"{""max_displacement"": 0, ""site_search_window"": 0, ""row_search_window"": 0, ""disallow_one_site_gaps"": 0, ""use_diamond_legalizer"": 1, ""disable_window_extension"": 0}","{""max_displacement"": 0, ""site_search_window"": 10, ""row_search_window"": 2, ""disallow_one_site_gaps"": 0, ""use_diamond_legalizer"": 1, ""disable_window_extension"": 0}",VALID,3745024.3,3745024.3,0.0,0.0,0.0,False
43,78,2,zero-riscy-a-2-c5,2,"{""max_displacement"": 0, ""site_search_window"": 10, ""row_search_window"": 2, ""disallow_one_site_gaps"": 0, ""use_diamond_legalizer"": 1, ""disable_window_extension"": 0}","{""max_displacement"": 0, ""site_search_window"": 0, ""row_search_window"": 0, ""disallow_one_site_gaps"": 0, ""use_diamond_legalizer"": 1, ""disable_window_extension"": 0}",VALID,3745024.3,3745024.3,0.0,0.0,0.0,False
43,78,3,zero-riscy-a-2-c5,3,"{""max_displacement"": 0, ""site_search_window"": 0, ""row_search_window"": 0, ""disallow_one_site_gaps"": 0, ""use_diamond_legalizer"": 1, ""disable_window_extension"": 0}","{""max_displacement"": 0, ""site_search_window"": 10, ""row_search_window"": 2, ""disallow_one_site_gaps"": 0, ""use_diamond_legalizer"": 1, ""disable_window_extension"": 0}",VALID,3745024.3,3745024.3,0.0,0.0,0.0,False
43,78,4,zero-riscy-a-2-c5,4,"{""max_displacement"": 0, ""site_search_window"": 10, ""row_search_window"": 2, ""disallow_one_site_gaps"": 0, ""use_diamond_legalizer"": 1, ""disable_window_extension"": 0}","{""max_displacement"": 0, ""site_search_window"": 0, ""row_search_window"": 0, ""disallow_one_site_gaps"": 0, ""use_diamond_legalizer"": 1, ""disable_window_extension"": 0}",VALID,3745024.3,3745024.3,0.0,0.0,0.0,False
43,78,5,zero-riscy-a-2-c5,2,"{""max_displacement"": 0, ""site_search_window"": 0, ""row_search_window"": 0, ""disallow_one_site_gaps"": 0, ""use_diamond_legalizer"": 1, ""disable_window_extension"": 0}","{""max_displacement"": 0, ""site_search_window"": 0, ""row_search_window"": 0, ""disallow_one_site_gaps"": 0, ""use_diamond_legalizer"": 1, ""disable_window_extension"": 0}",VALID,3745024.3,3745024.3,0.0,0.0,0.0,False
43,78,6,zero-riscy-a-2-c5,4,"{""max_displacement"": 0, ""site_search_window"": 0, ""row_search_window"": 0, ""disallow_one_site_gaps"": 0, ""use_diamond_legalizer"": 1, ""disable_window_extension"": 0}","{""max_displacement"": 0, ""site_search_window"": 0, ""row_search_window"": 0, ""disallow_one_site_gaps"": 0, ""use_diamond_legalizer"": 1, ""disable_window_extension"": 0}",VALID,3745024.3,3745024.3,0.0,0.0,0.0,False
43,78,7,zero-riscy-a-2-c5,7,"{""max_displacement"": 0, ""site_search_window"": 0, ""row_search_window"": 0, ""disallow_one_site_gaps"": 0, ""use_diamond_legalizer"": 1, ""disable_window_extension"": 0}","{""max_displacement"": 0, ""site_search_window"": 0, ""row_search_window"": 0, ""disallow_one_site_gaps"": 0, ""use_diamond_legalizer"": 1, ""disable_window_extension"": 0}",VALID,3745024.3,3745024.3,0.0,0.0,0.0,False
43,78,8,zero-riscy-a-2-c5,7,"{""max_displacement"": 0, ""site_search_window"": 0, ""row_search_window"": 0, ""disallow_one_site_gaps"": 0, ""use_diamond_legalizer"": 1, ""disable_window_extension"": 0}","{""max_displacement"": 0, ""site_search_window"": 0, ""row_search_window"": 0, ""disallow_one_site_gaps"": 0, ""use_diamond_legalizer"": 1, ""disable_window_extension"": 0}",VALID,3745024.3,3745024.3,0.0,0.0,0.0,False
43,78,9,zero-riscy-a-2-c5,6,"{""max_displacement"": 0, ""site_search_window"": 0, ""row_search_window"": 0, ""disallow_one_site_gaps"": 0, ""use_diamond_legalizer"": 1, ""disable_window_extension"": 0}","{""max_displacement"": 0, ""site_search_window"": 0, ""row_search_window"": 0, ""disallow_one_site_gaps"": 0, ""use_diamond_legalizer"": 1, ""disable_window_extension"": 0}",VALID,3745024.3,3745024.3,0.0,0.0,0.0,False
43,78,10,zero-riscy-a-2-c5,5,"{""max_displacement"": 0, ""site_search_window"": 0, ""row_search_window"": 0, ""disallow_one_site_gaps"": 0, ""use_diamond_legalizer"": 1, ""disable_window_extension"": 0}","{""max_displacement"": 10, ""site_search_window"": 10, ""row_search_window"": 0, ""disallow_one_site_gaps"": 0, ""use_diamond_legalizer"": 1, ""disable_window_extension"": 0}",VALID,3745024.3,3745024.3,0.0,0.0,0.0,True
43,79,1,zero-riscy-b-3-c5,7,"{""max_displacement"": 0, ""site_search_window"": 0, ""row_search_window"": 0, ""disallow_one_site_gaps"": 0, ""use_diamond_legalizer"": 1, ""disable_window_extension"": 0}","{""max_displacement"": 0, ""site_search_window"": 0, ""row_search_window"": 0, ""disallow_one_site_gaps"": 0, ""use_diamond_legalizer"": 1, ""disable_window_extension"": 0}",VALID,2080758.2,2080758.2,0.0,0.0,0.0,False
43,79,2,zero-riscy-b-3-c5,7,"{""max_displacement"": 0, ""site_search_window"": 0, ""row_search_window"": 0, ""disallow_one_site_gaps"": 0, ""use_diamond_legalizer"": 1, ""disable_window_extension"": 0}","{""max_displacement"": 0, ""site_search_window"": 0, ""row_search_window"": 0, ""disallow_one_site_gaps"": 0, ""use_diamond_legalizer"": 1, ""disable_window_extension"": 0}",VALID,2080758.2,2080758.2,0.0,0.0,0.0,False
43,79,3,zero-riscy-b-3-c5,1,"{""max_displacement"": 0, ""site_search_window"": 0, ""row_search_window"": 0, ""disallow_one_site_gaps"": 0, ""use_diamond_legalizer"": 1, ""disable_window_extension"": 0}","{""max_displacement"": 10, ""site_search_window"": 10, ""row_search_window"": 2, ""disallow_one_site_gaps"": 0, ""use_diamond_legalizer"": 1, ""disable_window_extension"": 0}",VALID,2080758.2,2080758.2,0.0,0.0,0.0,False
43,79,4,zero-riscy-b-3-c5,2,"{""max_displacement"": 10, ""site_search_window"": 10, ""row_search_window"": 2, ""disallow_one_site_gaps"": 0, ""use_diamond_legalizer"": 1, ""disable_window_extension"": 0}","{""max_displacement"": 0, ""site_search_window"": 0, ""row_search_window"": 0, ""disallow_one_site_gaps"": 0, ""use_diamond_legalizer"": 1, ""disable_window_extension"": 0}",VALID,2080758.2,2080758.2,0.0,0.0,0.0,False
43,79,5,zero-riscy-b-3-c5,4,"{""max_displacement"": 0, ""site_search_window"": 0, ""row_search_window"": 0, ""disallow_one_site_gaps"": 0, ""use_diamond_legalizer"": 1, ""disable_window_extension"": 0}","{""max_displacement"": 0, ""site_search_window"": 0, ""row_search_window"": 0, ""disallow_one_site_gaps"": 0, ""use_diamond_legalizer"": 1, ""disable_window_extension"": 0}",VALID,2080758.2,2080758.2,0.0,0.0,0.0,False
43,79,6,zero-riscy-b-3-c5,6,"{""max_displacement"": 0, ""site_search_window"": 0, ""row_search_window"": 0, ""disallow_one_site_gaps"": 0, ""use_diamond_legalizer"": 1, ""disable_window_extension"": 0}","{""max_displacement"": 0, ""site_search_window"": 0, ""row_search_window"": 0, ""disallow_one_site_gaps"": 0, ""use_diamond_legalizer"": 1, ""disable_window_extension"": 0}",VALID,2080758.2,2080758.2,0.0,0.0,0.0,False
43,79,7,zero-riscy-b-3-c5,0,"{""max_displacement"": 0, ""site_search_window"": 0, ""row_search_window"": 0, ""disallow_one_site_gaps"": 0, ""use_diamond_legalizer"": 1, ""disable_window_extension"": 0}","{""max_displacement"": 0, ""site_search_window"": 0, ""row_search_window"": 0, ""disallow_one_site_gaps"": true, ""use_diamond_legalizer"": 1, ""disable_window_extension"": true}",VALID,2080758.2,2080758.2,0.0,0.0,0.0,False
43,79,8,zero-riscy-b-3-c5,1,"{""max_displacement"": 0, ""site_search_window"": 0, ""row_search_window"": 0, ""disallow_one_site_gaps"": true, ""use_diamond_legalizer"": 1, ""disable_window_extension"": true}","{""max_displacement"": 10, ""site_search_window"": 10, ""row_search_window"": 2, ""disallow_one_site_gaps"": true, ""use_diamond_legalizer"": 1, ""disable_window_extension"": true}",VALID,2080758.2,2080758.2,0.0,0.0,0.0,False
43,79,9,zero-riscy-b-3-c5,4,"{""max_displacement"": 10, ""site_search_window"": 10, ""row_search_window"": 2, ""disallow_one_site_gaps"": true, ""use_diamond_legalizer"": 1, ""disable_window_extension"": true}","{""max_displacement"": 10, ""site_search_window"": 0, ""row_search_window"": 0, ""disallow_one_site_gaps"": true, ""use_diamond_legalizer"": 1, ""disable_window_extension"": true}",VALID,2080758.2,2080758.2,0.0,0.0,0.0,False
43,79,10,zero-riscy-b-3-c5,2,"{""max_displacement"": 10, ""site_search_window"": 0, ""row_search_window"": 0, ""disallow_one_site_gaps"": true, ""use_diamond_legalizer"": 1, ""disable_window_extension"": true}","{""max_displacement"": 0, ""site_search_window"": 0, ""row_search_window"": 0, ""disallow_one_site_gaps"": true, ""use_diamond_legalizer"": 1, ""disable_window_extension"": true}",VALID,2080758.2,2080758.2,0.0,0.0,0.0,True
43,80,1,zero-riscy-a-1-c5,0,"{""max_displacement"": 0, ""site_search_window"": 0, ""row_search_window"": 0, ""disallow_one_site_gaps"": 0, ""use_diamond_legalizer"": 1, ""disable_window_extension"": 0}","{""max_displacement"": 0, ""site_search_window"": 0, ""row_search_window"": 0, ""disallow_one_site_gaps"": true, ""use_diamond_legalizer"": 1, ""disable_window_extension"": true}",VALID,3677735.1,3677735.1,0.0,0.0,0.0,False
43,80,2,zero-riscy-a-1-c5,7,"{""max_displacement"": 0, ""site_search_window"": 0, ""row_search_window"": 0, ""disallow_one_site_gaps"": true, ""use_diamond_legalizer"": 1, ""disable_window_extension"": true}","{""max_displacement"": 0, ""site_search_window"": 0, ""row_search_window"": 0, ""disallow_one_site_gaps"": true, ""use_diamond_legalizer"": 1, ""disable_window_extension"": true}",VALID,3677735.1,3677735.1,0.0,0.0,0.0,False
43,80,3,zero-riscy-a-1-c5,0,"{""max_displacement"": 0, ""site_search_window"": 0, ""row_search_window"": 0, ""disallow_one_site_gaps"": true, ""use_diamond_legalizer"": 1, ""disable_window_extension"": true}","{""max_displacement"": 0, ""site_search_window"": 0, ""row_search_window"": 0, ""disallow_one_site_gaps"": false, ""use_diamond_legalizer"": 1, ""disable_window_extension"": false}",VALID,3677735.1,3677735.1,0.0,0.0,0.0,False
43,80,4,zero-riscy-a-1-c5,0,"{""max_displacement"": 0, ""site_search_window"": 0, ""row_search_window"": 0, ""disallow_one_site_gaps"": false, ""use_diamond_legalizer"": 1, ""disable_window_extension"": false}","{""max_displacement"": 0, ""site_search_window"": 0, ""row_search_window"": 0, ""disallow_one_site_gaps"": true, ""use_diamond_legalizer"": 1, ""disable_window_extension"": true}",VALID,3677735.1,3677735.1,0.0,0.0,0.0,False
43,80,5,zero-riscy-a-1-c5,5,"{""max_displacement"": 0, ""site_search_window"": 0, ""row_search_window"": 0, ""disallow_one_site_gaps"": true, ""use_diamond_legalizer"": 1, ""disable_window_extension"": true}","{""max_displacement"": 10, ""site_search_window"": 10, ""row_search_window"": 0, ""disallow_one_site_gaps"": true, ""use_diamond_legalizer"": 1, ""disable_window_extension"": true}",VALID,3677735.1,3677735.1,0.0,0.0,0.0,False
43,80,6,zero-riscy-a-1-c5,1,"{""max_displacement"": 10, ""site_search_window"": 10, ""row_search_window"": 0, ""disallow_one_site_gaps"": true, ""use_diamond_legalizer"": 1, ""disable_window_extension"": true}","{""max_displacement"": 20, ""site_search_window"": 20, ""row_search_window"": 2, ""disallow_one_site_gaps"": true, ""use_diamond_legalizer"": 1, ""disable_window_extension"": true}",VALID,3677735.1,3677735.1,0.0,0.0,0.0,False
43,80,7,zero-riscy-a-1-c5,2,"{""max_displacement"": 20, ""site_search_window"": 20, ""row_search_window"": 2, ""disallow_one_site_gaps"": true, ""use_diamond_legalizer"": 1, ""disable_window_extension"": true}","{""max_displacement"": 10, ""site_search_window"": 10, ""row_search_window"": 0, ""disallow_one_site_gaps"": true, ""use_diamond_legalizer"": 1, ""disable_window_extension"": true}",VALID,3677735.1,3677735.1,0.0,0.0,0.0,False
43,80,8,zero-riscy-a-1-c5,6,"{""max_displacement"": 10, ""site_search_window"": 10, ""row_search_window"": 0, ""disallow_one_site_gaps"": true, ""use_diamond_legalizer"": 1, ""disable_window_extension"": true}","{""max_displacement"": 0, ""site_search_window"": 0, ""row_search_window"": 0, ""disallow_one_site_gaps"": true, ""use_diamond_legalizer"": 1, ""disable_window_extension"": true}",VALID,3677735.1,3677735.1,0.0,0.0,0.0,False
43,80,9,zero-riscy-a-1-c5,2,"{""max_displacement"": 0, ""site_search_window"": 0, ""row_search_window"": 0, ""disallow_one_site_gaps"": true, ""use_diamond_legalizer"": 1, ""disable_window_extension"": true}","{""max_displacement"": 0, ""site_search_window"": 0, ""row_search_window"": 0, ""disallow_one_site_gaps"": true, ""use_diamond_legalizer"": 1, ""disable_window_extension"": true}",VALID,3677735.1,3677735.1,0.0,0.0,0.0,False
43,80,10,zero-riscy-a-1-c5,0,"{""max_displacement"": 0, ""site_search_window"": 0, ""row_search_window"": 0, ""disallow_one_site_gaps"": true, ""use_diamond_legalizer"": 1, ""disable_window_extension"": true}","{""max_displacement"": 0, ""site_search_window"": 0, ""row_search_window"": 0, ""disallow_one_site_gaps"": false, ""use_diamond_legalizer"": 1, ""disable_window_extension"": false}",VALID,3677735.1,3677735.1,0.0,0.0,0.0,True
43,81,1,RISCY-FPU-a-2-c5,6,"{""max_displacement"": 0, ""site_search_window"": 0, ""row_search_window"": 0, ""disallow_one_site_gaps"": 0, ""use_diamond_legalizer"": 1, ""disable_window_extension"": 0}","{""max_displacement"": 0, ""site_search_window"": 0, ""row_search_window"": 0, ""disallow_one_site_gaps"": 0, ""use_diamond_legalizer"": 1, ""disable_window_extension"": 0}",VALID,6590100.9,6590100.9,0.0,0.0,0.0,False
43,81,2,RISCY-FPU-a-2-c5,0,"{""max_displacement"": 0, ""site_search_window"": 0, ""row_search_window"": 0, ""disallow_one_site_gaps"": 0, ""use_diamond_legalizer"": 1, ""disable_window_extension"": 0}","{""max_displacement"": 0, ""site_search_window"": 0, ""row_search_window"": 0, ""disallow_one_site_gaps"": true, ""use_diamond_legalizer"": 1, ""disable_window_extension"": true}",VALID,6590100.9,6590100.9,0.0,0.0,0.0,False
43,81,3,RISCY-FPU-a-2-c5,5,"{""max_displacement"": 0, ""site_search_window"": 0, ""row_search_window"": 0, ""disallow_one_site_gaps"": true, ""use_diamond_legalizer"": 1, ""disable_window_extension"": true}","{""max_displacement"": 10, ""site_search_window"": 10, ""row_search_window"": 0, ""disallow_one_site_gaps"": true, ""use_diamond_legalizer"": 1, ""disable_window_extension"": true}",FAILED,6590100.9,6590100.9,0.0,-100.0,-1.0,False
43,81,4,RISCY-FPU-a-2-c5,2,"{""max_displacement"": 10, ""site_search_window"": 10, ""row_search_window"": 0, ""disallow_one_site_gaps"": true, ""use_diamond_legalizer"": 1, ""disable_window_extension"": true}","{""max_displacement"": 0, ""site_search_window"": 0, ""row_search_window"": 0, ""disallow_one_site_gaps"": true, ""use_diamond_legalizer"": 1, ""disable_window_extension"": true}",VALID,6590100.9,6590100.9,0.0,0.0,0.0,False
43,81,5,RISCY-FPU-a-2-c5,6,"{""max_displacement"": 0, ""site_search_window"": 0, ""row_search_window"": 0, ""disallow_one_site_gaps"": true, ""use_diamond_legalizer"": 1, ""disable_window_extension"": true}","{""max_displacement"": 0, ""site_search_window"": 0, ""row_search_window"": 0, ""disallow_one_site_gaps"": true, ""use_diamond_legalizer"": 1, ""disable_window_extension"": true}",VALID,6590100.9,6590100.9,0.0,0.0,0.0,False
43,81,6,RISCY-FPU-a-2-c5,7,"{""max_displacement"": 0, ""site_search_window"": 0, ""row_search_window"": 0, ""disallow_one_site_gaps"": true, ""use_diamond_legalizer"": 1, ""disable_window_extension"": true}","{""max_displacement"": 0, ""site_search_window"": 0, ""row_search_window"": 0, ""disallow_one_site_gaps"": true, ""use_diamond_legalizer"": 1, ""disable_window_extension"": true}",VALID,6590100.9,6590100.9,0.0,0.0,0.0,False
43,81,7,RISCY-FPU-a-2-c5,7,"{""max_displacement"": 0, ""site_search_window"": 0, ""row_search_window"": 0, ""disallow_one_site_gaps"": true, ""use_diamond_legalizer"": 1, ""disable_window_extension"": true}","{""max_displacement"": 0, ""site_search_window"": 0, ""row_search_window"": 0, ""disallow_one_site_gaps"": true, ""use_diamond_legalizer"": 1, ""disable_window_extension"": true}",VALID,6590100.9,6590100.9,0.0,0.0,0.0,False
43,81,8,RISCY-FPU-a-2-c5,7,"{""max_displacement"": 0, ""site_search_window"": 0, ""row_search_window"": 0, ""disallow_one_site_gaps"": true, ""use_diamond_legalizer"": 1, ""disable_window_extension"": true}","{""max_displacement"": 0, ""site_search_window"": 0, ""row_search_window"": 0, ""disallow_one_site_gaps"": true, ""use_diamond_legalizer"": 1, ""disable_window_extension"": true}",VALID,6590100.9,6590100.9,0.0,0.0,0.0,False
43,81,9,RISCY-FPU-a-2-c5,0,"{""max_displacement"": 0, ""site_search_window"": 0, ""row_search_window"": 0, ""disallow_one_site_gaps"": true, ""use_diamond_legalizer"": 1, ""disable_window_extension"": true}","{""max_displacement"": 0, ""site_search_window"": 0, ""row_search_window"": 0, ""disallow_one_site_gaps"": false, ""use_diamond_legalizer"": 1, ""disable_window_extension"": false}",VALID,6590100.9,6590100.9,0.0,0.0,0.0,False
43,81,10,RISCY-FPU-a-2-c5,7,"{""max_displacement"": 0, ""site_search_window"": 0, ""row_search_window"": 0, ""disallow_one_site_gaps"": false, ""use_diamond_legalizer"": 1, ""disable_window_extension"": false}","{""max_displacement"": 0, ""site_search_window"": 0, ""row_search_window"": 0, ""disallow_one_site_gaps"": false, ""use_diamond_legalizer"": 1, ""disable_window_extension"": false}",VALID,6590100.9,6590100.9,0.0,0.0,0.0,True
43,82,1,RISCY-FPU-a-2-c5,0,"{""max_displacement"": 0, ""site_search_window"": 0, ""row_search_window"": 0, ""disallow_one_site_gaps"": 0, ""use_diamond_legalizer"": 1, ""disable_window_extension"": 0}","{""max_displacement"": 0, ""site_search_window"": 0, ""row_search_window"": 0, ""disallow_one_site_gaps"": true, ""use_diamond_legalizer"": 1, ""disable_window_extension"": true}",VALID,6590100.9,6590100.9,0.0,0.0,0.0,False
43,82,2,RISCY-FPU-a-2-c5,1,"{""max_displacement"": 0, ""site_search_window"": 0, ""row_search_window"": 0, ""disallow_one_site_gaps"": true, ""use_diamond_legalizer"": 1, ""disable_window_extension"": true}","{""max_displacement"": 10, ""site_search_window"": 10, ""row_search_window"": 2, ""disallow_one_site_gaps"": true, ""use_diamond_legalizer"": 1, ""disable_window_extension"": true}",FAILED,6590100.9,6590100.9,0.0,-100.0,-1.0,False
43,82,3,RISCY-FPU-a-2-c5,2,"{""max_displacement"": 10, ""site_search_window"": 10, ""row_search_window"": 2, ""disallow_one_site_gaps"": true, ""use_diamond_legalizer"": 1, ""disable_window_extension"": true}","{""max_displacement"": 0, ""site_search_window"": 0, ""row_search_window"": 0, ""disallow_one_site_gaps"": true, ""use_diamond_legalizer"": 1, ""disable_window_extension"": true}",VALID,6590100.9,6590100.9,0.0,0.0,0.0,False
43,82,4,RISCY-FPU-a-2-c5,7,"{""max_displacement"": 0, ""site_search_window"": 0, ""row_search_window"": 0, ""disallow_one_site_gaps"": true, ""use_diamond_legalizer"": 1, ""disable_window_extension"": true}","{""max_displacement"": 0, ""site_search_window"": 0, ""row_search_window"": 0, ""disallow_one_site_gaps"": true, ""use_diamond_legalizer"": 1, ""disable_window_extension"": true}",VALID,6590100.9,6590100.9,0.0,0.0,0.0,False
43,82,5,RISCY-FPU-a-2-c5,6,"{""max_displacement"": 0, ""site_search_window"": 0, ""row_search_window"": 0, ""disallow_one_site_gaps"": true, ""use_diamond_legalizer"": 1, ""disable_window_extension"": true}","{""max_displacement"": 0, ""site_search_window"": 0, ""row_search_window"": 0, ""disallow_one_site_gaps"": true, ""use_diamond_legalizer"": 1, ""disable_window_extension"": true}",VALID,6590100.9,6590100.9,0.0,0.0,0.0,False
43,82,6,RISCY-FPU-a-2-c5,1,"{""max_displacement"": 0, ""site_search_window"": 0, ""row_search_window"": 0, ""disallow_one_site_gaps"": true, ""use_diamond_legalizer"": 1, ""disable_window_extension"": true}","{""max_displacement"": 10, ""site_search_window"": 10, ""row_search_window"": 2, ""disallow_one_site_gaps"": true, ""use_diamond_legalizer"": 1, ""disable_window_extension"": true}",FAILED,6590100.9,6590100.9,0.0,-100.0,-1.0,False
43,82,7,RISCY-FPU-a-2-c5,6,"{""max_displacement"": 10, ""site_search_window"": 10, ""row_search_window"": 2, ""disallow_one_site_gaps"": true, ""use_diamond_legalizer"": 1, ""disable_window_extension"": true}","{""max_displacement"": 0, ""site_search_window"": 0, ""row_search_window"": 2, ""disallow_one_site_gaps"": true, ""use_diamond_legalizer"": 1, ""disable_window_extension"": true}",VALID,6590100.9,6590100.9,0.0,0.0,0.0,False
43,82,8,RISCY-FPU-a-2-c5,1,"{""max_displacement"": 0, ""site_search_window"": 0, ""row_search_window"": 2, ""disallow_one_site_gaps"": true, ""use_diamond_legalizer"": 1, ""disable_window_extension"": true}","{""max_displacement"": 10, ""site_search_window"": 10, ""row_search_window"": 4, ""disallow_one_site_gaps"": true, ""use_diamond_legalizer"": 1, ""disable_window_extension"": true}",FAILED,6590100.9,6590100.9,0.0,-100.0,-1.0,False
43,82,9,RISCY-FPU-a-2-c5,5,"{""max_displacement"": 10, ""site_search_window"": 10, ""row_search_window"": 4, ""disallow_one_site_gaps"": true, ""use_diamond_legalizer"": 1, ""disable_window_extension"": true}","{""max_displacement"": 20, ""site_search_window"": 20, ""row_search_window"": 4, ""disallow_one_site_gaps"": true, ""use_diamond_legalizer"": 1, ""disable_window_extension"": true}",FAILED,6590100.9,6590100.9,0.0,-100.0,-1.0,False
43,82,10,RISCY-FPU-a-2-c5,7,"{""max_displacement"": 20, ""site_search_window"": 20, ""row_search_window"": 4, ""disallow_one_site_gaps"": true, ""use_diamond_legalizer"": 1, ""disable_window_extension"": true}","{""max_displacement"": 20, ""site_search_window"": 20, ""row_search_window"": 4, ""disallow_one_site_gaps"": true, ""use_diamond_legalizer"": 1, ""disable_window_extension"": true}",FAILED,6590100.9,6590100.9,0.0,-100.0,-1.0,True
43,83,1,RISCY-FPU-b-3-c20,4,"{""max_displacement"": 0, ""site_search_window"": 0, ""row_search_window"": 0, ""disallow_one_site_gaps"": 0, ""use_diamond_legalizer"": 1, ""disable_window_extension"": 0}","{""max_displacement"": 0, ""site_search_window"": 0, ""row_search_window"": 0, ""disallow_one_site_gaps"": 0, ""use_diamond_legalizer"": 1, ""disable_window_extension"": 0}",VALID,5040703.3,5040703.3,0.0,0.0,0.0,False
43,83,2,RISCY-FPU-b-3-c20,3,"{""max_displacement"": 0, ""site_search_window"": 0, ""row_search_window"": 0, ""disallow_one_site_gaps"": 0, ""use_diamond_legalizer"": 1, ""disable_window_extension"": 0}","{""max_displacement"": 0, ""site_search_window"": 10, ""row_search_window"": 2, ""disallow_one_site_gaps"": 0, ""use_diamond_legalizer"": 1, ""disable_window_extension"": 0}",VALID,5040703.3,5040703.3,0.0,0.0,0.0,False
43,83,3,RISCY-FPU-b-3-c20,7,"{""max_displacement"": 0, ""site_search_window"": 10, ""row_search_window"": 2, ""disallow_one_site_gaps"": 0, ""use_diamond_legalizer"": 1, ""disable_window_extension"": 0}","{""max_displacement"": 0, ""site_search_window"": 10, ""row_search_window"": 2, ""disallow_one_site_gaps"": 0, ""use_diamond_legalizer"": 1, ""disable_window_extension"": 0}",VALID,5040703.3,5040703.3,0.0,0.0,0.0,False
43,83,4,RISCY-FPU-b-3-c20,2,"{""max_displacement"": 0, ""site_search_window"": 10, ""row_search_window"": 2, ""disallow_one_site_gaps"": 0, ""use_diamond_legalizer"": 1, ""disable_window_extension"": 0}","{""max_displacement"": 0, ""site_search_window"": 0, ""row_search_window"": 0, ""disallow_one_site_gaps"": 0, ""use_diamond_legalizer"": 1, ""disable_window_extension"": 0}",VALID,5040703.3,5040703.3,0.0,0.0,0.0,False
43,83,5,RISCY-FPU-b-3-c20,4,"{""max_displacement"": 0, ""site_search_window"": 0, ""row_search_window"": 0, ""disallow_one_site_gaps"": 0, ""use_diamond_legalizer"": 1, ""disable_window_extension"": 0}","{""max_displacement"": 0, ""site_search_window"": 0, ""row_search_window"": 0, ""disallow_one_site_gaps"": 0, ""use_diamond_legalizer"": 1, ""disable_window_extension"": 0}",VALID,5040703.3,5040703.3,0.0,0.0,0.0,False
43,83,6,RISCY-FPU-b-3-c20,5,"{""max_displacement"": 0, ""site_search_window"": 0, ""row_search_window"": 0, ""disallow_one_site_gaps"": 0, ""use_diamond_legalizer"": 1, ""disable_window_extension"": 0}","{""max_displacement"": 10, ""site_search_window"": 10, ""row_search_window"": 0, ""disallow_one_site_gaps"": 0, ""use_diamond_legalizer"": 1, ""disable_window_extension"": 0}",FAILED,5040703.3,5040703.3,0.0,-100.0,-1.0,False
43,83,7,RISCY-FPU-b-3-c20,6,"{""max_displacement"": 10, ""site_search_window"": 10, ""row_search_window"": 0, ""disallow_one_site_gaps"": 0, ""use_diamond_legalizer"": 1, ""disable_window_extension"": 0}","{""max_displacement"": 0, ""site_search_window"": 0, ""row_search_window"": 0, ""disallow_one_site_gaps"": 0, ""use_diamond_legalizer"": 1, ""disable_window_extension"": 0}",VALID,5040703.3,5040703.3,0.0,0.0,0.0,False
43,83,8,RISCY-FPU-b-3-c20,7,"{""max_displacement"": 0, ""site_search_window"": 0, ""row_search_window"": 0, ""disallow_one_site_gaps"": 0, ""use_diamond_legalizer"": 1, ""disable_window_extension"": 0}","{""max_displacement"": 0, ""site_search_window"": 0, ""row_search_window"": 0, ""disallow_one_site_gaps"": 0, ""use_diamond_legalizer"": 1, ""disable_window_extension"": 0}",VALID,5040703.3,5040703.3,0.0,0.0,0.0,False
43,83,9,RISCY-FPU-b-3-c20,2,"{""max_displacement"": 0, ""site_search_window"": 0, ""row_search_window"": 0, ""disallow_one_site_gaps"": 0, ""use_diamond_legalizer"": 1, ""disable_window_extension"": 0}","{""max_displacement"": 0, ""site_search_window"": 0, ""row_search_window"": 0, ""disallow_one_site_gaps"": 0, ""use_diamond_legalizer"": 1, ""disable_window_extension"": 0}",VALID,5040703.3,5040703.3,0.0,0.0,0.0,False
43,83,10,RISCY-FPU-b-3-c20,6,"{""max_displacement"": 0, ""site_search_window"": 0, ""row_search_window"": 0, ""disallow_one_site_gaps"": 0, ""use_diamond_legalizer"": 1, ""disable_window_extension"": 0}","{""max_displacement"": 0, ""site_search_window"": 0, ""row_search_window"": 0, ""disallow_one_site_gaps"": 0, ""use_diamond_legalizer"": 1, ""disable_window_extension"": 0}",VALID,5040703.3,5040703.3,0.0,0.0,0.0,True
43,84,1,RISCY-b-3-c20,7,"{""max_displacement"": 0, ""site_search_window"": 0, ""row_search_window"": 0, ""disallow_one_site_gaps"": 0, ""use_diamond_legalizer"": 1, ""disable_window_extension"": 0}","{""max_displacement"": 0, ""site_search_window"": 0, ""row_search_window"": 0, ""disallow_one_site_gaps"": 0, ""use_diamond_legalizer"": 1, ""disable_window_extension"": 0}",VALID,3036189.3,3036189.3,0.0,0.0,0.0,False
43,84,2,RISCY-b-3-c20,6,"{""max_displacement"": 0, ""site_search_window"": 0, ""row_search_window"": 0, ""disallow_one_site_gaps"": 0, ""use_diamond_legalizer"": 1, ""disable_window_extension"": 0}","{""max_displacement"": 0, ""site_search_window"": 0, ""row_search_window"": 0, ""disallow_one_site_gaps"": 0, ""use_diamond_legalizer"": 1, ""disable_window_extension"": 0}",VALID,3036189.3,3036189.3,0.0,0.0,0.0,False
43,84,3,RISCY-b-3-c20,1,"{""max_displacement"": 0, ""site_search_window"": 0, ""row_search_window"": 0, ""disallow_one_site_gaps"": 0, ""use_diamond_legalizer"": 1, ""disable_window_extension"": 0}","{""max_displacement"": 10, ""site_search_window"": 10, ""row_search_window"": 2, ""disallow_one_site_gaps"": 0, ""use_diamond_legalizer"": 1, ""disable_window_extension"": 0}",VALID,3036189.3,3036189.3,0.0,0.0,0.0,False
43,84,4,RISCY-b-3-c20,0,"{""max_displacement"": 10, ""site_search_window"": 10, ""row_search_window"": 2, ""disallow_one_site_gaps"": 0, ""use_diamond_legalizer"": 1, ""disable_window_extension"": 0}","{""max_displacement"": 10, ""site_search_window"": 10, ""row_search_window"": 2, ""disallow_one_site_gaps"": true, ""use_diamond_legalizer"": 1, ""disable_window_extension"": true}",VALID,3036189.3,3036189.3,0.0,0.0,0.0,False
43,84,5,RISCY-b-3-c20,3,"{""max_displacement"": 10, ""site_search_window"": 10, ""row_search_window"": 2, ""disallow_one_site_gaps"": true, ""use_diamond_legalizer"": 1, ""disable_window_extension"": true}","{""max_displacement"": 10, ""site_search_window"": 20, ""row_search_window"": 4, ""disallow_one_site_gaps"": true, ""use_diamond_legalizer"": 1, ""disable_window_extension"": true}",VALID,3036189.3,3036189.3,0.0,0.0,0.0,False
43,84,6,RISCY-b-3-c20,3,"{""max_displacement"": 10, ""site_search_window"": 20, ""row_search_window"": 4, ""disallow_one_site_gaps"": true, ""use_diamond_legalizer"": 1, ""disable_window_extension"": true}","{""max_displacement"": 10, ""site_search_window"": 30, ""row_search_window"": 6, ""disallow_one_site_gaps"": true, ""use_diamond_legalizer"": 1, ""disable_window_extension"": true}",VALID,3036189.3,3036189.3,0.0,0.0,0.0,False
43,84,7,RISCY-b-3-c20,3,"{""max_displacement"": 10, ""site_search_window"": 30, ""row_search_window"": 6, ""disallow_one_site_gaps"": true, ""use_diamond_legalizer"": 1, ""disable_window_extension"": true}","{""max_displacement"": 10, ""site_search_window"": 40, ""row_search_window"": 8, ""disallow_one_site_gaps"": true, ""use_diamond_legalizer"": 1, ""disable_window_extension"": true}",VALID,3036189.3,3036189.3,0.0,0.0,0.0,False
43,84,8,RISCY-b-3-c20,0,"{""max_displacement"": 10, ""site_search_window"": 40, ""row_search_window"": 8, ""disallow_one_site_gaps"": true, ""use_diamond_legalizer"": 1, ""disable_window_extension"": true}","{""max_displacement"": 10, ""site_search_window"": 40, ""row_search_window"": 8, ""disallow_one_site_gaps"": false, ""use_diamond_legalizer"": 1, ""disable_window_extension"": false}",VALID,3036189.3,3036189.3,0.0,0.0,0.0,False
43,84,9,RISCY-b-3-c20,0,"{""max_displacement"": 10, ""site_search_window"": 40, ""row_search_window"": 8, ""disallow_one_site_gaps"": false, ""use_diamond_legalizer"": 1, ""disable_window_extension"": false}","{""max_displacement"": 10, ""site_search_window"": 40, ""row_search_window"": 8, ""disallow_one_site_gaps"": true, ""use_diamond_legalizer"": 1, ""disable_window_extension"": true}",VALID,3036189.3,3036189.3,0.0,0.0,0.0,False
43,84,10,RISCY-b-3-c20,6,"{""max_displacement"": 10, ""site_search_window"": 40, ""row_search_window"": 8, ""disallow_one_site_gaps"": true, ""use_diamond_legalizer"": 1, ""disable_window_extension"": true}","{""max_displacement"": 0, ""site_search_window"": 30, ""row_search_window"": 8, ""disallow_one_site_gaps"": true, ""use_diamond_legalizer"": 1, ""disable_window_extension"": true}",VALID,3036189.3,3036189.3,0.0,0.0,0.0,True
43,85,1,RISCY-a-3-c2,2,"{""max_displacement"": 0, ""site_search_window"": 0, ""row_search_window"": 0, ""disallow_one_site_gaps"": 0, ""use_diamond_legalizer"": 1, ""disable_window_extension"": 0}","{""max_displacement"": 0, ""site_search_window"": 0, ""row_search_window"": 0, ""disallow_one_site_gaps"": 0, ""use_diamond_legalizer"": 1, ""disable_window_extension"": 0}",VALID,5865401.6,5865401.6,0.0,0.0,0.0,False
43,85,2,RISCY-a-3-c2,4,"{""max_displacement"": 0, ""site_search_window"": 0, ""row_search_window"": 0, ""disallow_one_site_gaps"": 0, ""use_diamond_legalizer"": 1, ""disable_window_extension"": 0}","{""max_displacement"": 0, ""site_search_window"": 0, ""row_search_window"": 0, ""disallow_one_site_gaps"": 0, ""use_diamond_legalizer"": 1, ""disable_window_extension"": 0}",VALID,5865401.6,5865401.6,0.0,0.0,0.0,False
43,85,3,RISCY-a-3-c2,7,"{""max_displacement"": 0, ""site_search_window"": 0, ""row_search_window"": 0, ""disallow_one_site_gaps"": 0, ""use_diamond_legalizer"": 1, ""disable_window_extension"": 0}","{""max_displacement"": 0, ""site_search_window"": 0, ""row_search_window"": 0, ""disallow_one_site_gaps"": 0, ""use_diamond_legalizer"": 1, ""disable_window_extension"": 0}",VALID,5865401.6,5865401.6,0.0,0.0,0.0,False
43,85,4,RISCY-a-3-c2,6,"{""max_displacement"": 0, ""site_search_window"": 0, ""row_search_window"": 0, ""disallow_one_site_gaps"": 0, ""use_diamond_legalizer"": 1, ""disable_window_extension"": 0}","{""max_displacement"": 0, ""site_search_window"": 0, ""row_search_window"": 0, ""disallow_one_site_gaps"": 0, ""use_diamond_legalizer"": 1, ""disable_window_extension"": 0}",VALID,5865401.6,5865401.6,0.0,0.0,0.0,False
43,85,5,RISCY-a-3-c2,0,"{""max_displacement"": 0, ""site_search_window"": 0, ""row_search_window"": 0, ""disallow_one_site_gaps"": 0, ""use_diamond_legalizer"": 1, ""disable_window_extension"": 0}","{""max_displacement"": 0, ""site_search_window"": 0, ""row_search_window"": 0, ""disallow_one_site_gaps"": true, ""use_diamond_legalizer"": 1, ""disable_window_extension"": true}",VALID,5865401.6,5865401.6,0.0,0.0,0.0,False
43,85,6,RISCY-a-3-c2,5,"{""max_displacement"": 0, ""site_search_window"": 0, ""row_search_window"": 0, ""disallow_one_site_gaps"": true, ""use_diamond_legalizer"": 1, ""disable_window_extension"": true}","{""max_displacement"": 10, ""site_search_window"": 10, ""row_search_window"": 0, ""disallow_one_site_gaps"": true, ""use_diamond_legalizer"": 1, ""disable_window_extension"": true}",FAILED,5865401.6,5865401.6,0.0,-100.0,-1.0,False
43,85,7,RISCY-a-3-c2,5,"{""max_displacement"": 10, ""site_search_window"": 10, ""row_search_window"": 0, ""disallow_one_site_gaps"": true, ""use_diamond_legalizer"": 1, ""disable_window_extension"": true}","{""max_displacement"": 20, ""site_search_window"": 20, ""row_search_window"": 0, ""disallow_one_site_gaps"": true, ""use_diamond_legalizer"": 1, ""disable_window_extension"": true}",VALID,5865401.6,5865401.6,0.0,0.0,0.0,False
43,85,8,RISCY-a-3-c2,2,"{""max_displacement"": 20, ""site_search_window"": 20, ""row_search_window"": 0, ""disallow_one_site_gaps"": true, ""use_diamond_legalizer"": 1, ""disable_window_extension"": true}","{""max_displacement"": 10, ""site_search_window"": 10, ""row_search_window"": 0, ""disallow_one_site_gaps"": true, ""use_diamond_legalizer"": 1, ""disable_window_extension"": true}",FAILED,5865401.6,5865401.6,0.0,-100.0,-1.0,False
43,85,9,RISCY-a-3-c2,7,"{""max_displacement"": 10, ""site_search_window"": 10, ""row_search_window"": 0, ""disallow_one_site_gaps"": true, ""use_diamond_legalizer"": 1, ""disable_window_extension"": true}","{""max_displacement"": 10, ""site_search_window"": 10, ""row_search_window"": 0, ""disallow_one_site_gaps"": true, ""use_diamond_legalizer"": 1, ""disable_window_extension"": true}",FAILED,5865401.6,5865401.6,0.0,-100.0,-1.0,False
43,85,10,RISCY-a-3-c2,4,"{""max_displacement"": 10, ""site_search_window"": 10, ""row_search_window"": 0, ""disallow_one_site_gaps"": true, ""use_diamond_legalizer"": 1, ""disable_window_extension"": true}","{""max_displacement"": 10, ""site_search_window"": 0, ""row_search_window"": 0, ""disallow_one_site_gaps"": true, ""use_diamond_legalizer"": 1, ""disable_window_extension"": true}",FAILED,5865401.6,5865401.6,0.0,-100.0,-1.0,True
43,86,1,RISCY-b-3-c2,7,"{""max_displacement"": 0, ""site_search_window"": 0, ""row_search_window"": 0, ""disallow_one_site_gaps"": 0, ""use_diamond_legalizer"": 1, ""disable_window_extension"": 0}","{""max_displacement"": 0, ""site_search_window"": 0, ""row_search_window"": 0, ""disallow_one_site_gaps"": 0, ""use_diamond_legalizer"": 1, ""disable_window_extension"": 0}",VALID,4119260.8,4119260.8,0.0,0.0,0.0,False
43,86,2,RISCY-b-3-c2,5,"{""max_displacement"": 0, ""site_search_window"": 0, ""row_search_window"": 0, ""disallow_one_site_gaps"": 0, ""use_diamond_legalizer"": 1, ""disable_window_extension"": 0}","{""max_displacement"": 10, ""site_search_window"": 10, ""row_search_window"": 0, ""disallow_one_site_gaps"": 0, ""use_diamond_legalizer"": 1, ""disable_window_extension"": 0}",VALID,4119260.8,4119224.9,35.89999999990687,0.0009,8.715155884256435e-06,False
43,86,3,RISCY-b-3-c2,6,"{""max_displacement"": 10, ""site_search_window"": 10, ""row_search_window"": 0, ""disallow_one_site_gaps"": 0, ""use_diamond_legalizer"": 1, ""disable_window_extension"": 0}","{""max_displacement"": 0, ""site_search_window"": 0, ""row_search_window"": 0, ""disallow_one_site_gaps"": 0, ""use_diamond_legalizer"": 1, ""disable_window_extension"": 0}",VALID,4119260.8,4119260.8,-35.89999999990687,-0.0009,-8.715231838860478e-06,False
43,86,4,RISCY-b-3-c2,6,"{""max_displacement"": 0, ""site_search_window"": 0, ""row_search_window"": 0, ""disallow_one_site_gaps"": 0, ""use_diamond_legalizer"": 1, ""disable_window_extension"": 0}","{""max_displacement"": 0, ""site_search_window"": 0, ""row_search_window"": 0, ""disallow_one_site_gaps"": 0, ""use_diamond_legalizer"": 1, ""disable_window_extension"": 0}",VALID,4119260.8,4119260.8,0.0,0.0,0.0,False
43,86,5,RISCY-b-3-c2,5,"{""max_displacement"": 0, ""site_search_window"": 0, ""row_search_window"": 0, ""disallow_one_site_gaps"": 0, ""use_diamond_legalizer"": 1, ""disable_window_extension"": 0}","{""max_displacement"": 10, ""site_search_window"": 10, ""row_search_window"": 0, ""disallow_one_site_gaps"": 0, ""use_diamond_legalizer"": 1, ""disable_window_extension"": 0}",VALID,4119260.8,4119224.9,35.89999999990687,0.0009,8.715155884256435e-06,False
43,86,6,RISCY-b-3-c2,6,"{""max_displacement"": 10, ""site_search_window"": 10, ""row_search_window"": 0, ""disallow_one_site_gaps"": 0, ""use_diamond_legalizer"": 1, ""disable_window_extension"": 0}","{""max_displacement"": 0, ""site_search_window"": 0, ""row_search_window"": 0, ""disallow_one_site_gaps"": 0, ""use_diamond_legalizer"": 1, ""disable_window_extension"": 0}",VALID,4119260.8,4119260.8,-35.89999999990687,-0.0009,-8.715231838860478e-06,False
43,86,7,RISCY-b-3-c2,4,"{""max_displacement"": 0, ""site_search_window"": 0, ""row_search_window"": 0, ""disallow_one_site_gaps"": 0, ""use_diamond_legalizer"": 1, ""disable_window_extension"": 0}","{""max_displacement"": 0, ""site_search_window"": 0, ""row_search_window"": 0, ""disallow_one_site_gaps"": 0, ""use_diamond_legalizer"": 1, ""disable_window_extension"": 0}",VALID,4119260.8,4119260.8,0.0,0.0,0.0,False
43,86,8,RISCY-b-3-c2,0,"{""max_displacement"": 0, ""site_search_window"": 0, ""row_search_window"": 0, ""disallow_one_site_gaps"": 0, ""use_diamond_legalizer"": 1, ""disable_window_extension"": 0}","{""max_displacement"": 0, ""site_search_window"": 0, ""row_search_window"": 0, ""disallow_one_site_gaps"": true, ""use_diamond_legalizer"": 1, ""disable_window_extension"": true}",VALID,4119260.8,4119260.8,0.0,0.0,0.0,False
43,86,9,RISCY-b-3-c2,6,"{""max_displacement"": 0, ""site_search_window"": 0, ""row_search_window"": 0, ""disallow_one_site_gaps"": true, ""use_diamond_legalizer"": 1, ""disable_window_extension"": true}","{""max_displacement"": 0, ""site_search_window"": 0, ""row_search_window"": 0, ""disallow_one_site_gaps"": true, ""use_diamond_legalizer"": 1, ""disable_window_extension"": true}",VALID,4119260.8,4119260.8,0.0,0.0,0.0,False
43,86,10,RISCY-b-3-c2,7,"{""max_displacement"": 0, ""site_search_window"": 0, ""row_search_window"": 0, ""disallow_one_site_gaps"": true, ""use_diamond_legalizer"": 1, ""disable_window_extension"": true}","{""max_displacement"": 0, ""site_search_window"": 0, ""row_search_window"": 0, ""disallow_one_site_gaps"": true, ""use_diamond_legalizer"": 1, ""disable_window_extension"": true}",VALID,4119260.8,4119260.8,0.0,0.0,0.0,True
43,87,1,zero-riscy-b-3-c5,5,"{""max_displacement"": 0, ""site_search_window"": 0, ""row_search_window"": 0, ""disallow_one_site_gaps"": 0, ""use_diamond_legalizer"": 1, ""disable_window_extension"": 0}","{""max_displacement"": 10, ""site_search_window"": 10, ""row_search_window"": 0, ""disallow_one_site_gaps"": 0, ""use_diamond_legalizer"": 1, ""disable_window_extension"": 0}",VALID,2080758.2,2080758.2,0.0,0.0,0.0,False
43,87,2,zero-riscy-b-3-c5,0,"{""max_displacement"": 10, ""site_search_window"": 10, ""row_search_window"": 0, ""disallow_one_site_gaps"": 0, ""use_diamond_legalizer"": 1, ""disable_window_extension"": 0}","{""max_displacement"": 10, ""site_search_window"": 10, ""row_search_window"": 0, ""disallow_one_site_gaps"": true, ""use_diamond_legalizer"": 1, ""disable_window_extension"": true}",VALID,2080758.2,2080758.2,0.0,0.0,0.0,False
43,87,3,zero-riscy-b-3-c5,7,"{""max_displacement"": 10, ""site_search_window"": 10, ""row_search_window"": 0, ""disallow_one_site_gaps"": true, ""use_diamond_legalizer"": 1, ""disable_window_extension"": true}","{""max_displacement"": 10, ""site_search_window"": 10, ""row_search_window"": 0, ""disallow_one_site_gaps"": true, ""use_diamond_legalizer"": 1, ""disable_window_extension"": true}",VALID,2080758.2,2080758.2,0.0,0.0,0.0,False
43,87,4,zero-riscy-b-3-c5,3,"{""max_displacement"": 10, ""site_search_window"": 10, ""row_search_window"": 0, ""disallow_one_site_gaps"": true, ""use_diamond_legalizer"": 1, ""disable_window_extension"": true}","{""max_displacement"": 10, ""site_search_window"": 20, ""row_search_window"": 2, ""disallow_one_site_gaps"": true, ""use_diamond_legalizer"": 1, ""disable_window_extension"": true}",VALID,2080758.2,2080758.2,0.0,0.0,0.0,False
43,87,5,zero-riscy-b-3-c5,4,"{""max_displacement"": 10, ""site_search_window"": 20, ""row_search_window"": 2, ""disallow_one_site_gaps"": true, ""use_diamond_legalizer"": 1, ""disable_window_extension"": true}","{""max_displacement"": 10, ""site_search_window"": 10, ""row_search_window"": 0, ""disallow_one_site_gaps"": true, ""use_diamond_legalizer"": 1, ""disable_window_extension"": true}",VALID,2080758.2,2080758.2,0.0,0.0,0.0,False
43,87,6,zero-riscy-b-3-c5,6,"{""max_displacement"": 10, ""site_search_window"": 10, ""row_search_window"": 0, ""disallow_one_site_gaps"": true, ""use_diamond_legalizer"": 1, ""disable_window_extension"": true}","{""max_displacement"": 0, ""site_search_window"": 0, ""row_search_window"": 0, ""disallow_one_site_gaps"": true, ""use_diamond_legalizer"": 1, ""disable_window_extension"": true}",VALID,2080758.2,2080758.2,0.0,0.0,0.0,False
43,87,7,zero-riscy-b-3-c5,6,"{""max_displacement"": 0, ""site_search_window"": 0, ""row_search_window"": 0, ""disallow_one_site_gaps"": true, ""use_diamond_legalizer"": 1, ""disable_window_extension"": true}","{""max_displacement"": 0, ""site_search_window"": 0, ""row_search_window"": 0, ""disallow_one_site_gaps"": true, ""use_diamond_legalizer"": 1, ""disable_window_extension"": true}",VALID,2080758.2,2080758.2,0.0,0.0,0.0,False
43,87,8,zero-riscy-b-3-c5,4,"{""max_displacement"": 0, ""site_search_window"": 0, ""row_search_window"": 0, ""disallow_one_site_gaps"": true, ""use_diamond_legalizer"": 1, ""disable_window_extension"": true}","{""max_displacement"": 0, ""site_search_window"": 0, ""row_search_window"": 0, ""disallow_one_site_gaps"": true, ""use_diamond_legalizer"": 1, ""disable_window_extension"": true}",VALID,2080758.2,2080758.2,0.0,0.0,0.0,False
43,87,9,zero-riscy-b-3-c5,3,"{""max_displacement"": 0, ""site_search_window"": 0, ""row_search_window"": 0, ""disallow_one_site_gaps"": true, ""use_diamond_legalizer"": 1, ""disable_window_extension"": true}","{""max_displacement"": 0, ""site_search_window"": 10, ""row_search_window"": 2, ""disallow_one_site_gaps"": true, ""use_diamond_legalizer"": 1, ""disable_window_extension"": true}",VALID,2080758.2,2080758.2,0.0,0.0,0.0,False
43,87,10,zero-riscy-b-3-c5,7,"{""max_displacement"": 0, ""site_search_window"": 10, ""row_search_window"": 2, ""disallow_one_site_gaps"": true, ""use_diamond_legalizer"": 1, ""disable_window_extension"": true}","{""max_displacement"": 0, ""site_search_window"": 10, ""row_search_window"": 2, ""disallow_one_site_gaps"": true, ""use_diamond_legalizer"": 1, ""disable_window_extension"": true}",VALID,2080758.2,2080758.2,0.0,0.0,0.0,True
43,88,1,RISCY-b-1-c5,6,"{""max_displacement"": 0, ""site_search_window"": 0, ""row_search_window"": 0, ""disallow_one_site_gaps"": 0, ""use_diamond_legalizer"": 1, ""disable_window_extension"": 0}","{""max_displacement"": 0, ""site_search_window"": 0, ""row_search_window"": 0, ""disallow_one_site_gaps"": 0, ""use_diamond_legalizer"": 1, ""disable_window_extension"": 0}",VALID,3939653.4,3939653.4,0.0,0.0,0.0,False
43,88,2,RISCY-b-1-c5,0,"{""max_displacement"": 0, ""site_search_window"": 0, ""row_search_window"": 0, ""disallow_one_site_gaps"": 0, ""use_diamond_legalizer"": 1, ""disable_window_extension"": 0}","{""max_displacement"": 0, ""site_search_window"": 0, ""row_search_window"": 0, ""disallow_one_site_gaps"": true, ""use_diamond_legalizer"": 1, ""disable_window_extension"": true}",VALID,3939653.4,3939653.4,0.0,0.0,0.0,False
43,88,3,RISCY-b-1-c5,2,"{""max_displacement"": 0, ""site_search_window"": 0, ""row_search_window"": 0, ""disallow_one_site_gaps"": true, ""use_diamond_legalizer"": 1, ""disable_window_extension"": true}","{""max_displacement"": 0, ""site_search_window"": 0, ""row_search_window"": 0, ""disallow_one_site_gaps"": true, ""use_diamond_legalizer"": 1, ""disable_window_extension"": true}",VALID,3939653.4,3939653.4,0.0,0.0,0.0,False
43,88,4,RISCY-b-1-c5,4,"{""max_displacement"": 0, ""site_search_window"": 0, ""row_search_window"": 0, ""disallow_one_site_gaps"": true, ""use_diamond_legalizer"": 1, ""disable_window_extension"": true}","{""max_displacement"": 0, ""site_search_window"": 0, ""row_search_window"": 0, ""disallow_one_site_gaps"": true, ""use_diamond_legalizer"": 1, ""disable_window_extension"": true}",VALID,3939653.4,3939653.4,0.0,0.0,0.0,False
43,88,5,RISCY-b-1-c5,1,"{""max_displacement"": 0, ""site_search_window"": 0, ""row_search_window"": 0, ""disallow_one_site_gaps"": true, ""use_diamond_legalizer"": 1, ""disable_window_extension"": true}","{""max_displacement"": 10, ""site_search_window"": 10, ""row_search_window"": 2, ""disallow_one_site_gaps"": true, ""use_diamond_legalizer"": 1, ""disable_window_extension"": true}",FAILED,3939653.4,3939653.4,0.0,-100.0,-1.0,False
43,88,6,RISCY-b-1-c5,3,"{""max_displacement"": 10, ""site_search_window"": 10, ""row_search_window"": 2, ""disallow_one_site_gaps"": true, ""use_diamond_legalizer"": 1, ""disable_window_extension"": true}","{""max_displacement"": 10, ""site_search_window"": 20, ""row_search_window"": 4, ""disallow_one_site_gaps"": true, ""use_diamond_legalizer"": 1, ""disable_window_extension"": true}",FAILED,3939653.4,3939653.4,0.0,-100.0,-1.0,False
43,88,7,RISCY-b-1-c5,7,"{""max_displacement"": 10, ""site_search_window"": 20, ""row_search_window"": 4, ""disallow_one_site_gaps"": true, ""use_diamond_legalizer"": 1, ""disable_window_extension"": true}","{""max_displacement"": 10, ""site_search_window"": 20, ""row_search_window"": 4, ""disallow_one_site_gaps"": true, ""use_diamond_legalizer"": 1, ""disable_window_extension"": true}",FAILED,3939653.4,3939653.4,0.0,-100.0,-1.0,False
43,88,8,RISCY-b-1-c5,7,"{""max_displacement"": 10, ""site_search_window"": 20, ""row_search_window"": 4, ""disallow_one_site_gaps"": true, ""use_diamond_legalizer"": 1, ""disable_window_extension"": true}","{""max_displacement"": 10, ""site_search_window"": 20, ""row_search_window"": 4, ""disallow_one_site_gaps"": true, ""use_diamond_legalizer"": 1, ""disable_window_extension"": true}",FAILED,3939653.4,3939653.4,0.0,-100.0,-1.0,False
43,88,9,RISCY-b-1-c5,4,"{""max_displacement"": 10, ""site_search_window"": 20, ""row_search_window"": 4, ""disallow_one_site_gaps"": true, ""use_diamond_legalizer"": 1, ""disable_window_extension"": true}","{""max_displacement"": 10, ""site_search_window"": 10, ""row_search_window"": 2, ""disallow_one_site_gaps"": true, ""use_diamond_legalizer"": 1, ""disable_window_extension"": true}",FAILED,3939653.4,3939653.4,0.0,-100.0,-1.0,False
43,88,10,RISCY-b-1-c5,2,"{""max_displacement"": 10, ""site_search_window"": 10, ""row_search_window"": 2, ""disallow_one_site_gaps"": true, ""use_diamond_legalizer"": 1, ""disable_window_extension"": true}","{""max_displacement"": 0, ""site_search_window"": 0, ""row_search_window"": 0, ""disallow_one_site_gaps"": true, ""use_diamond_legalizer"": 1, ""disable_window_extension"": true}",VALID,3939653.4,3939653.4,0.0,0.0,0.0,True
43,89,1,RISCY-b-2-c5,7,"{""max_displacement"": 0, ""site_search_window"": 0, ""row_search_window"": 0, ""disallow_one_site_gaps"": 0, ""use_diamond_legalizer"": 1, ""disable_window_extension"": 0}","{""max_displacement"": 0, ""site_search_window"": 0, ""row_search_window"": 0, ""disallow_one_site_gaps"": 0, ""use_diamond_legalizer"": 1, ""disable_window_extension"": 0}",VALID,2887307.4,2887307.4,0.0,0.0,0.0,False
43,89,2,RISCY-b-2-c5,2,"{""max_displacement"": 0, ""site_search_window"": 0, ""row_search_window"": 0, ""disallow_one_site_gaps"": 0, ""use_diamond_legalizer"": 1, ""disable_window_extension"": 0}","{""max_displacement"": 0, ""site_search_window"": 0, ""row_search_window"": 0, ""disallow_one_site_gaps"": 0, ""use_diamond_legalizer"": 1, ""disable_window_extension"": 0}",VALID,2887307.4,2887307.4,0.0,0.0,0.0,False
43,89,3,RISCY-b-2-c5,6,"{""max_displacement"": 0, ""site_search_window"": 0, ""row_search_window"": 0, ""disallow_one_site_gaps"": 0, ""use_diamond_legalizer"": 1, ""disable_window_extension"": 0}","{""max_displacement"": 0, ""site_search_window"": 0, ""row_search_window"": 0, ""disallow_one_site_gaps"": 0, ""use_diamond_legalizer"": 1, ""disable_window_extension"": 0}",VALID,2887307.4,2887307.4,0.0,0.0,0.0,False
43,89,4,RISCY-b-2-c5,5,"{""max_displacement"": 0, ""site_search_window"": 0, ""row_search_window"": 0, ""disallow_one_site_gaps"": 0, ""use_diamond_legalizer"": 1, ""disable_window_extension"": 0}","{""max_displacement"": 10, ""site_search_window"": 10, ""row_search_window"": 0, ""disallow_one_site_gaps"": 0, ""use_diamond_legalizer"": 1, ""disable_window_extension"": 0}",VALID,2887307.4,2887171.1,136.29999999981374,0.004699999999999999,4.720661194572277e-05,False
43,89,5,RISCY-b-2-c5,7,"{""max_displacement"": 10, ""site_search_window"": 10, ""row_search_window"": 0, ""disallow_one_site_gaps"": 0, ""use_diamond_legalizer"": 1, ""disable_window_extension"": 0}","{""max_displacement"": 10, ""site_search_window"": 10, ""row_search_window"": 0, ""disallow_one_site_gaps"": 0, ""use_diamond_legalizer"": 1, ""disable_window_extension"": 0}",VALID,2887307.4,2887171.1,0.0,0.0,0.0,False
43,89,6,RISCY-b-2-c5,0,"{""max_displacement"": 10, ""site_search_window"": 10, ""row_search_window"": 0, ""disallow_one_site_gaps"": 0, ""use_diamond_legalizer"": 1, ""disable_window_extension"": 0}","{""max_displacement"": 10, ""site_search_window"": 10, ""row_search_window"": 0, ""disallow_one_site_gaps"": true, ""use_diamond_legalizer"": 1, ""disable_window_extension"": true}",VALID,2887307.4,2887171.1,0.0,0.0,0.0,False
43,89,7,RISCY-b-2-c5,6,"{""max_displacement"": 10, ""site_search_window"": 10, ""row_search_window"": 0, ""disallow_one_site_gaps"": true, ""use_diamond_legalizer"": 1, ""disable_window_extension"": true}","{""max_displacement"": 0, ""site_search_window"": 0, ""row_search_window"": 0, ""disallow_one_site_gaps"": true, ""use_diamond_legalizer"": 1, ""disable_window_extension"": true}",VALID,2887307.4,2887307.4,-136.29999999981374,-0.004699999999999999,-4.720884051513737e-05,False
43,89,8,RISCY-b-2-c5,0,"{""max_displacement"": 0, ""site_search_window"": 0, ""row_search_window"": 0, ""disallow_one_site_gaps"": true, ""use_diamond_legalizer"": 1, ""disable_window_extension"": true}","{""max_displacement"": 0, ""site_search_window"": 0, ""row_search_window"": 0, ""disallow_one_site_gaps"": false, ""use_diamond_legalizer"": 1, ""disable_window_extension"": false}",VALID,2887307.4,2887307.4,0.0,0.0,0.0,False
43,89,9,RISCY-b-2-c5,1,"{""max_displacement"": 0, ""site_search_window"": 0, ""row_search_window"": 0, ""disallow_one_site_gaps"": false, ""use_diamond_legalizer"": 1, ""disable_window_extension"": false}","{""max_displacement"": 10, ""site_search_window"": 10, ""row_search_window"": 2, ""disallow_one_site_gaps"": false, ""use_diamond_legalizer"": 1, ""disable_window_extension"": false}",VALID,2887307.4,2887171.1,136.29999999981374,0.004699999999999999,4.720661194572277e-05,False
43,89,10,RISCY-b-2-c5,2,"{""max_displacement"": 10, ""site_search_window"": 10, ""row_search_window"": 2, ""disallow_one_site_gaps"": false, ""use_diamond_legalizer"": 1, ""disable_window_extension"": false}","{""max_displacement"": 0, ""site_search_window"": 0, ""row_search_window"": 0, ""disallow_one_site_gaps"": false, ""use_diamond_legalizer"": 1, ""disable_window_extension"": false}",VALID,2887307.4,2887307.4,-136.29999999981374,-0.004699999999999999,-4.720884051513737e-05,True
43,90,1,RISCY-b-2-c2,1,"{""max_displacement"": 0, ""site_search_window"": 0, ""row_search_window"": 0, ""disallow_one_site_gaps"": 0, ""use_diamond_legalizer"": 1, ""disable_window_extension"": 0}","{""max_displacement"": 10, ""site_search_window"": 10, ""row_search_window"": 2, ""disallow_one_site_gaps"": 0, ""use_diamond_legalizer"": 1, ""disable_window_extension"": 0}",FAILED,3574287.5,3574287.5,0.0,-100.0,-1.0,False
43,90,2,RISCY-b-2-c2,7,"{""max_displacement"": 10, ""site_search_window"": 10, ""row_search_window"": 2, ""disallow_one_site_gaps"": 0, ""use_diamond_legalizer"": 1, ""disable_window_extension"": 0}","{""max_displacement"": 10, ""site_search_window"": 10, ""row_search_window"": 2, ""disallow_one_site_gaps"": 0, ""use_diamond_legalizer"": 1, ""disable_window_extension"": 0}",FAILED,3574287.5,3574287.5,0.0,-100.0,-1.0,False
43,90,3,RISCY-b-2-c2,2,"{""max_displacement"": 10, ""site_search_window"": 10, ""row_search_window"": 2, ""disallow_one_site_gaps"": 0, ""use_diamond_legalizer"": 1, ""disable_window_extension"": 0}","{""max_displacement"": 0, ""site_search_window"": 0, ""row_search_window"": 0, ""disallow_one_site_gaps"": 0, ""use_diamond_legalizer"": 1, ""disable_window_extension"": 0}",VALID,3574287.5,3574287.5,0.0,0.0,0.0,False
43,90,4,RISCY-b-2-c2,3,"{""max_displacement"": 0, ""site_search_window"": 0, ""row_search_window"": 0, ""disallow_one_site_gaps"": 0, ""use_diamond_legalizer"": 1, ""disable_window_extension"": 0}","{""max_displacement"": 0, ""site_search_window"": 10, ""row_search_window"": 2, ""disallow_one_site_gaps"": 0, ""use_diamond_legalizer"": 1, ""disable_window_extension"": 0}",VALID,3574287.5,3574287.5,0.0,0.0,0.0,False
43,90,5,RISCY-b-2-c2,2,"{""max_displacement"": 0, ""site_search_window"": 10, ""row_search_window"": 2, ""disallow_one_site_gaps"": 0, ""use_diamond_legalizer"": 1, ""disable_window_extension"": 0}","{""max_displacement"": 0, ""site_search_window"": 0, ""row_search_window"": 0, ""disallow_one_site_gaps"": 0, ""use_diamond_legalizer"": 1, ""disable_window_extension"": 0}",VALID,3574287.5,3574287.5,0.0,0.0,0.0,False
43,90,6,RISCY-b-2-c2,7,"{""max_displacement"": 0, ""site_search_window"": 0, ""row_search_window"": 0, ""disallow_one_site_gaps"": 0, ""use_diamond_legalizer"": 1, ""disable_window_extension"": 0}","{""max_displacement"": 0, ""site_search_window"": 0, ""row_search_window"": 0, ""disallow_one_site_gaps"": 0, ""use_diamond_legalizer"": 1, ""disable_window_extension"": 0}",VALID,3574287.5,3574287.5,0.0,0.0,0.0,False
43,90,7,RISCY-b-2-c2,0,"{""max_displacement"": 0, ""site_search_window"": 0, ""row_search_window"": 0, ""disallow_one_site_gaps"": 0, ""use_diamond_legalizer"": 1, ""disable_window_extension"": 0}","{""max_displacement"": 0, ""site_search_window"": 0, ""row_search_window"": 0, ""disallow_one_site_gaps"": true, ""use_diamond_legalizer"": 1, ""disable_window_extension"": true}",VALID,3574287.5,3574287.5,0.0,0.0,0.0,False
43,90,8,RISCY-b-2-c2,7,"{""max_displacement"": 0, ""site_search_window"": 0, ""row_search_window"": 0, ""disallow_one_site_gaps"": true, ""use_diamond_legalizer"": 1, ""disable_window_extension"": true}","{""max_displacement"": 0, ""site_search_window"": 0, ""row_search_window"": 0, ""disallow_one_site_gaps"": true, ""use_diamond_legalizer"": 1, ""disable_window_extension"": true}",VALID,3574287.5,3574287.5,0.0,0.0,0.0,False
43,90,9,RISCY-b-2-c2,2,"{""max_displacement"": 0, ""site_search_window"": 0, ""row_search_window"": 0, ""disallow_one_site_gaps"": true, ""use_diamond_legalizer"": 1, ""disable_window_extension"": true}","{""max_displacement"": 0, ""site_search_window"": 0, ""row_search_window"": 0, ""disallow_one_site_gaps"": true, ""use_diamond_legalizer"": 1, ""disable_window_extension"": true}",VALID,3574287.5,3574287.5,0.0,0.0,0.0,False
43,90,10,RISCY-b-2-c2,6,"{""max_displacement"": 0, ""site_search_window"": 0, ""row_search_window"": 0, ""disallow_one_site_gaps"": true, ""use_diamond_legalizer"": 1, ""disable_window_extension"": true}","{""max_displacement"": 0, ""site_search_window"": 0, ""row_search_window"": 0, ""disallow_one_site_gaps"": true, ""use_diamond_legalizer"": 1, ""disable_window_extension"": true}",VALID,3574287.5,3574287.5,0.0,0.0,0.0,True
43,91,1,RISCY-b-1-c5,4,"{""max_displacement"": 0, ""site_search_window"": 0, ""row_search_window"": 0, ""disallow_one_site_gaps"": 0, ""use_diamond_legalizer"": 1, ""disable_window_extension"": 0}","{""max_displacement"": 0, ""site_search_window"": 0, ""row_search_window"": 0, ""disallow_one_site_gaps"": 0, ""use_diamond_legalizer"": 1, ""disable_window_extension"": 0}",VALID,3939653.4,3939653.4,0.0,0.0,0.0,False
43,91,2,RISCY-b-1-c5,3,"{""max_displacement"": 0, ""site_search_window"": 0, ""row_search_window"": 0, ""disallow_one_site_gaps"": 0, ""use_diamond_legalizer"": 1, ""disable_window_extension"": 0}","{""max_displacement"": 0, ""site_search_window"": 10, ""row_search_window"": 2, ""disallow_one_site_gaps"": 0, ""use_diamond_legalizer"": 1, ""disable_window_extension"": 0}",VALID,3939653.4,3939653.4,0.0,0.0,0.0,False
43,91,3,RISCY-b-1-c5,0,"{""max_displacement"": 0, ""site_search_window"": 10, ""row_search_window"": 2, ""disallow_one_site_gaps"": 0, ""use_diamond_legalizer"": 1, ""disable_window_extension"": 0}","{""max_displacement"": 0, ""site_search_window"": 10, ""row_search_window"": 2, ""disallow_one_site_gaps"": true, ""use_diamond_legalizer"": 1, ""disable_window_extension"": true}",VALID,3939653.4,3939653.4,0.0,0.0,0.0,False
43,91,4,RISCY-b-1-c5,0,"{""max_displacement"": 0, ""site_search_window"": 10, ""row_search_window"": 2, ""disallow_one_site_gaps"": true, ""use_diamond_legalizer"": 1, ""disable_window_extension"": true}","{""max_displacement"": 0, ""site_search_window"": 10, ""row_search_window"": 2, ""disallow_one_site_gaps"": false, ""use_diamond_legalizer"": 1, ""disable_window_extension"": false}",VALID,3939653.4,3939653.4,0.0,0.0,0.0,False
43,91,5,RISCY-b-1-c5,0,"{""max_displacement"": 0, ""site_search_window"": 10, ""row_search_window"": 2, ""disallow_one_site_gaps"": false, ""use_diamond_legalizer"": 1, ""disable_window_extension"": false}","{""max_displacement"": 0, ""site_search_window"": 10, ""row_search_window"": 2, ""disallow_one_site_gaps"": true, ""use_diamond_legalizer"": 1, ""disable_window_extension"": true}",VALID,3939653.4,3939653.4,0.0,0.0,0.0,False
43,91,6,RISCY-b-1-c5,7,"{""max_displacement"": 0, ""site_search_window"": 10, ""row_search_window"": 2, ""disallow_one_site_gaps"": true, ""use_diamond_legalizer"": 1, ""disable_window_extension"": true}","{""max_displacement"": 0, ""site_search_window"": 10, ""row_search_window"": 2, ""disallow_one_site_gaps"": true, ""use_diamond_legalizer"": 1, ""disable_window_extension"": true}",VALID,3939653.4,3939653.4,0.0,0.0,0.0,False
43,91,7,RISCY-b-1-c5,6,"{""max_displacement"": 0, ""site_search_window"": 10, ""row_search_window"": 2, ""disallow_one_site_gaps"": true, ""use_diamond_legalizer"": 1, ""disable_window_extension"": true}","{""max_displacement"": 0, ""site_search_window"": 0, ""row_search_window"": 2, ""disallow_one_site_gaps"": true, ""use_diamond_legalizer"": 1, ""disable_window_extension"": true}",VALID,3939653.4,3939653.4,0.0,0.0,0.0,False
43,91,8,RISCY-b-1-c5,7,"{""max_displacement"": 0, ""site_search_window"": 0, ""row_search_window"": 2, ""disallow_one_site_gaps"": true, ""use_diamond_legalizer"": 1, ""disable_window_extension"": true}","{""max_displacement"": 0, ""site_search_window"": 0, ""row_search_window"": 2, ""disallow_one_site_gaps"": true, ""use_diamond_legalizer"": 1, ""disable_window_extension"": true}",VALID,3939653.4,3939653.4,0.0,0.0,0.0,False
43,91,9,RISCY-b-1-c5,6,"{""max_displacement"": 0, ""site_search_window"": 0, ""row_search_window"": 2, ""disallow_one_site_gaps"": true, ""use_diamond_legalizer"": 1, ""disable_window_extension"": true}","{""max_displacement"": 0, ""site_search_window"": 0, ""row_search_window"": 2, ""disallow_one_site_gaps"": true, ""use_diamond_legalizer"": 1, ""disable_window_extension"": true}",VALID,3939653.4,3939653.4,0.0,0.0,0.0,False
43,91,10,RISCY-b-1-c5,3,"{""max_displacement"": 0, ""site_search_window"": 0, ""row_search_window"": 2, ""disallow_one_site_gaps"": true, ""use_diamond_legalizer"": 1, ""disable_window_extension"": true}","{""max_displacement"": 0, ""site_search_window"": 10, ""row_search_window"": 4, ""disallow_one_site_gaps"": true, ""use_diamond_legalizer"": 1, ""disable_window_extension"": true}",VALID,3939653.4,3939653.4,0.0,0.0,0.0,True
43,92,1,zero-riscy-a-2-c2,7,"{""max_displacement"": 0, ""site_search_window"": 0, ""row_search_window"": 0, ""disallow_one_site_gaps"": 0, ""use_diamond_legalizer"": 1, ""disable_window_extension"": 0}","{""max_displacement"": 0, ""site_search_window"": 0, ""row_search_window"": 0, ""disallow_one_site_gaps"": 0, ""use_diamond_legalizer"": 1, ""disable_window_extension"": 0}",VALID,4315225.9,4315225.9,0.0,0.0,0.0,False
43,92,2,zero-riscy-a-2-c2,6,"{""max_displacement"": 0, ""site_search_window"": 0, ""row_search_window"": 0, ""disallow_one_site_gaps"": 0, ""use_diamond_legalizer"": 1, ""disable_window_extension"": 0}","{""max_displacement"": 0, ""site_search_window"": 0, ""row_search_window"": 0, ""disallow_one_site_gaps"": 0, ""use_diamond_legalizer"": 1, ""disable_window_extension"": 0}",VALID,4315225.9,4315225.9,0.0,0.0,0.0,False
43,92,3,zero-riscy-a-2-c2,0,"{""max_displacement"": 0, ""site_search_window"": 0, ""row_search_window"": 0, ""disallow_one_site_gaps"": 0, ""use_diamond_legalizer"": 1, ""disable_window_extension"": 0}","{""max_displacement"": 0, ""site_search_window"": 0, ""row_search_window"": 0, ""disallow_one_site_gaps"": true, ""use_diamond_legalizer"": 1, ""disable_window_extension"": true}",VALID,4315225.9,4315225.9,0.0,0.0,0.0,False
43,92,4,zero-riscy-a-2-c2,2,"{""max_displacement"": 0, ""site_search_window"": 0, ""row_search_window"": 0, ""disallow_one_site_gaps"": true, ""use_diamond_legalizer"": 1, ""disable_window_extension"": true}","{""max_displacement"": 0, ""site_search_window"": 0, ""row_search_window"": 0, ""disallow_one_site_gaps"": true, ""use_diamond_legalizer"": 1, ""disable_window_extension"": true}",VALID,4315225.9,4315225.9,0.0,0.0,0.0,False
43,92,5,zero-riscy-a-2-c2,5,"{""max_displacement"": 0, ""site_search_window"": 0, ""row_search_window"": 0, ""disallow_one_site_gaps"": true, ""use_diamond_legalizer"": 1, ""disable_window_extension"": true}","{""max_displacement"": 10, ""site_search_window"": 10, ""row_search_window"": 0, ""disallow_one_site_gaps"": true, ""use_diamond_legalizer"": 1, ""disable_window_extension"": true}",FAILED,4315225.9,4315225.9,0.0,-100.0,-1.0,False
43,92,6,zero-riscy-a-2-c2,1,"{""max_displacement"": 10, ""site_search_window"": 10, ""row_search_window"": 0, ""disallow_one_site_gaps"": true, ""use_diamond_legalizer"": 1, ""disable_window_extension"": true}","{""max_displacement"": 20, ""site_search_window"": 20, ""row_search_window"": 2, ""disallow_one_site_gaps"": true, ""use_diamond_legalizer"": 1, ""disable_window_extension"": true}",VALID,4315225.9,4315225.9,0.0,0.0,0.0,False
43,92,7,zero-riscy-a-2-c2,3,"{""max_displacement"": 20, ""site_search_window"": 20, ""row_search_window"": 2, ""disallow_one_site_gaps"": true, ""use_diamond_legalizer"": 1, ""disable_window_extension"": true}","{""max_displacement"": 20, ""site_search_window"": 30, ""row_search_window"": 4, ""disallow_one_site_gaps"": true, ""use_diamond_legalizer"": 1, ""disable_window_extension"": true}",VALID,4315225.9,4315225.9,0.0,0.0,0.0,False
43,92,8,zero-riscy-a-2-c2,5,"{""max_displacement"": 20, ""site_search_window"": 30, ""row_search_window"": 4, ""disallow_one_site_gaps"": true, ""use_diamond_legalizer"": 1, ""disable_window_extension"": true}","{""max_displacement"": 30, ""site_search_window"": 40, ""row_search_window"": 4, ""disallow_one_site_gaps"": true, ""use_diamond_legalizer"": 1, ""disable_window_extension"": true}",VALID,4315225.9,4315225.9,0.0,0.0,0.0,False
43,92,9,zero-riscy-a-2-c2,3,"{""max_displacement"": 30, ""site_search_window"": 40, ""row_search_window"": 4, ""disallow_one_site_gaps"": true, ""use_diamond_legalizer"": 1, ""disable_window_extension"": true}","{""max_displacement"": 30, ""site_search_window"": 50, ""row_search_window"": 6, ""disallow_one_site_gaps"": true, ""use_diamond_legalizer"": 1, ""disable_window_extension"": true}",VALID,4315225.9,4315225.9,0.0,0.0,0.0,False
43,92,10,zero-riscy-a-2-c2,5,"{""max_displacement"": 30, ""site_search_window"": 50, ""row_search_window"": 6, ""disallow_one_site_gaps"": true, ""use_diamond_legalizer"": 1, ""disable_window_extension"": true}","{""max_displacement"": 40, ""site_search_window"": 60, ""row_search_window"": 6, ""disallow_one_site_gaps"": true, ""use_diamond_legalizer"": 1, ""disable_window_extension"": true}",VALID,4315225.9,4315225.9,0.0,0.0,0.0,True
43,93,1,RISCY-FPU-a-2-c2,3,"{""max_displacement"": 0, ""site_search_window"": 0, ""row_search_window"": 0, ""disallow_one_site_gaps"": 0, ""use_diamond_legalizer"": 1, ""disable_window_extension"": 0}","{""max_displacement"": 0, ""site_search_window"": 10, ""row_search_window"": 2, ""disallow_one_site_gaps"": 0, ""use_diamond_legalizer"": 1, ""disable_window_extension"": 0}",VALID,10810430.6,10810430.6,0.0,0.0,0.0,False
43,93,2,RISCY-FPU-a-2-c2,1,"{""max_displacement"": 0, ""site_search_window"": 10, ""row_search_window"": 2, ""disallow_one_site_gaps"": 0, ""use_diamond_legalizer"": 1, ""disable_window_extension"": 0}","{""max_displacement"": 10, ""site_search_window"": 20, ""row_search_window"": 4, ""disallow_one_site_gaps"": 0, ""use_diamond_legalizer"": 1, ""disable_window_extension"": 0}",FAILED,10810430.6,10810430.6,0.0,-100.0,-1.0,False
43,93,3,RISCY-FPU-a-2-c2,0,"{""max_displacement"": 10, ""site_search_window"": 20, ""row_search_window"": 4, ""disallow_one_site_gaps"": 0, ""use_diamond_legalizer"": 1, ""disable_window_extension"": 0}","{""max_displacement"": 10, ""site_search_window"": 20, ""row_search_window"": 4, ""disallow_one_site_gaps"": true, ""use_diamond_legalizer"": 1, ""disable_window_extension"": true}",FAILED,10810430.6,10810430.6,0.0,-100.0,-1.0,False
43,93,4,RISCY-FPU-a-2-c2,4,"{""max_displacement"": 10, ""site_search_window"": 20, ""row_search_window"": 4, ""disallow_one_site_gaps"": true, ""use_diamond_legalizer"": 1, ""disable_window_extension"": true}","{""max_displacement"": 10, ""site_search_window"": 10, ""row_search_window"": 2, ""disallow_one_site_gaps"": true, ""use_diamond_legalizer"": 1, ""disable_window_extension"": true}",FAILED,10810430.6,10810430.6,0.0,-100.0,-1.0,False
43,93,5,RISCY-FPU-a-2-c2,1,"{""max_displacement"": 10, ""site_search_window"": 10, ""row_search_window"": 2, ""disallow_one_site_gaps"": true, ""use_diamond_legalizer"": 1, ""disable_window_extension"": true}","{""max_displacement"": 20, ""site_search_window"": 20, ""row_search_window"": 4, ""disallow_one_site_gaps"": true, ""use_diamond_legalizer"": 1, ""disable_window_extension"": true}",FAILED,10810430.6,10810430.6,0.0,-100.0,-1.0,False
43,93,6,RISCY-FPU-a-2-c2,7,"{""max_displacement"": 20, ""site_search_window"": 20, ""row_search_window"": 4, ""disallow_one_site_gaps"": true, ""use_diamond_legalizer"": 1, ""disable_window_extension"": true}","{""max_displacement"": 20, ""site_search_window"": 20, ""row_search_window"": 4, ""disallow_one_site_gaps"": true, ""use_diamond_legalizer"": 1, ""disable_window_extension"": true}",FAILED,10810430.6,10810430.6,0.0,-100.0,-1.0,False
43,93,7,RISCY-FPU-a-2-c2,2,"{""max_displacement"": 20, ""site_search_window"": 20, ""row_search_window"": 4, ""disallow_one_site_gaps"": true, ""use_diamond_legalizer"": 1, ""disable_window_extension"": true}","{""max_displacement"": 10, ""site_search_window"": 10, ""row_search_window"": 2, ""disallow_one_site_gaps"": true, ""use_diamond_legalizer"": 1, ""disable_window_extension"": true}",FAILED,10810430.6,10810430.6,0.0,-100.0,-1.0,False
43,93,8,RISCY-FPU-a-2-c2,1,"{""max_displacement"": 10, ""site_search_window"": 10, ""row_search_window"": 2, ""disallow_one_site_gaps"": true, ""use_diamond_legalizer"": 1, ""disable_window_extension"": true}","{""max_displacement"": 20, ""site_search_window"": 20, ""row_search_window"": 4, ""disallow_one_site_gaps"": true, ""use_diamond_legalizer"": 1, ""disable_window_extension"": true}",FAILED,10810430.6,10810430.6,0.0,-100.0,-1.0,False
43,93,9,RISCY-FPU-a-2-c2,5,"{""max_displacement"": 20, ""site_search_window"": 20, ""row_search_window"": 4, ""disallow_one_site_gaps"": true, ""use_diamond_legalizer"": 1, ""disable_window_extension"": true}","{""max_displacement"": 30, ""site_search_window"": 30, ""row_search_window"": 4, ""disallow_one_site_gaps"": true, ""use_diamond_legalizer"": 1, ""disable_window_extension"": true}",FAILED,10810430.6,10810430.6,0.0,-100.0,-1.0,False
43,93,10,RISCY-FPU-a-2-c2,0,"{""max_displacement"": 30, ""site_search_window"": 30, ""row_search_window"": 4, ""disallow_one_site_gaps"": true, ""use_diamond_legalizer"": 1, ""disable_window_extension"": true}","{""max_displacement"": 30, ""site_search_window"": 30, ""row_search_window"": 4, ""disallow_one_site_gaps"": false, ""use_diamond_legalizer"": 1, ""disable_window_extension"": false}",FAILED,10810430.6,10810430.6,0.0,-100.0,-1.0,True
43,94,1,zero-riscy-a-1-c2,2,"{""max_displacement"": 0, ""site_search_window"": 0, ""row_search_window"": 0, ""disallow_one_site_gaps"": 0, ""use_diamond_legalizer"": 1, ""disable_window_extension"": 0}","{""max_displacement"": 0, ""site_search_window"": 0, ""row_search_window"": 0, ""disallow_one_site_gaps"": 0, ""use_diamond_legalizer"": 1, ""disable_window_extension"": 0}",VALID,5098387.3,5098387.3,0.0,0.0,0.0,False
43,94,2,zero-riscy-a-1-c2,2,"{""max_displacement"": 0, ""site_search_window"": 0, ""row_search_window"": 0, ""disallow_one_site_gaps"": 0, ""use_diamond_legalizer"": 1, ""disable_window_extension"": 0}","{""max_displacement"": 0, ""site_search_window"": 0, ""row_search_window"": 0, ""disallow_one_site_gaps"": 0, ""use_diamond_legalizer"": 1, ""disable_window_extension"": 0}",VALID,5098387.3,5098387.3,0.0,0.0,0.0,False
43,94,3,zero-riscy-a-1-c2,2,"{""max_displacement"": 0, ""site_search_window"": 0, ""row_search_window"": 0, ""disallow_one_site_gaps"": 0, ""use_diamond_legalizer"": 1, ""disable_window_extension"": 0}","{""max_displacement"": 0, ""site_search_window"": 0, ""row_search_window"": 0, ""disallow_one_site_gaps"": 0, ""use_diamond_legalizer"": 1, ""disable_window_extension"": 0}",VALID,5098387.3,5098387.3,0.0,0.0,0.0,False
43,94,4,zero-riscy-a-1-c2,4,"{""max_displacement"": 0, ""site_search_window"": 0, ""row_search_window"": 0, ""disallow_one_site_gaps"": 0, ""use_diamond_legalizer"": 1, ""disable_window_extension"": 0}","{""max_displacement"": 0, ""site_search_window"": 0, ""row_search_window"": 0, ""disallow_one_site_gaps"": 0, ""use_diamond_legalizer"": 1, ""disable_window_extension"": 0}",VALID,5098387.3,5098387.3,0.0,0.0,0.0,False
43,94,5,zero-riscy-a-1-c2,7,"{""max_displacement"": 0, ""site_search_window"": 0, ""row_search_window"": 0, ""disallow_one_site_gaps"": 0, ""use_diamond_legalizer"": 1, ""disable_window_extension"": 0}","{""max_displacement"": 0, ""site_search_window"": 0, ""row_search_window"": 0, ""disallow_one_site_gaps"": 0, ""use_diamond_legalizer"": 1, ""disable_window_extension"": 0}",VALID,5098387.3,5098387.3,0.0,0.0,0.0,False
43,94,6,zero-riscy-a-1-c2,0,"{""max_displacement"": 0, ""site_search_window"": 0, ""row_search_window"": 0, ""disallow_one_site_gaps"": 0, ""use_diamond_legalizer"": 1, ""disable_window_extension"": 0}","{""max_displacement"": 0, ""site_search_window"": 0, ""row_search_window"": 0, ""disallow_one_site_gaps"": true, ""use_diamond_legalizer"": 1, ""disable_window_extension"": true}",VALID,5098387.3,5098387.3,0.0,0.0,0.0,False
43,94,7,zero-riscy-a-1-c2,5,"{""max_displacement"": 0, ""site_search_window"": 0, ""row_search_window"": 0, ""disallow_one_site_gaps"": true, ""use_diamond_legalizer"": 1, ""disable_window_extension"": true}","{""max_displacement"": 10, ""site_search_window"": 10, ""row_search_window"": 0, ""disallow_one_site_gaps"": true, ""use_diamond_legalizer"": 1, ""disable_window_extension"": true}",FAILED,5098387.3,5098387.3,0.0,-100.0,-1.0,False
43,94,8,zero-riscy-a-1-c2,6,"{""max_displacement"": 10, ""site_search_window"": 10, ""row_search_window"": 0, ""disallow_one_site_gaps"": true, ""use_diamond_legalizer"": 1, ""disable_window_extension"": true}","{""max_displacement"": 0, ""site_search_window"": 0, ""row_search_window"": 0, ""disallow_one_site_gaps"": true, ""use_diamond_legalizer"": 1, ""disable_window_extension"": true}",VALID,5098387.3,5098387.3,0.0,0.0,0.0,False
43,94,9,zero-riscy-a-1-c2,2,"{""max_displacement"": 0, ""site_search_window"": 0, ""row_search_window"": 0, ""disallow_one_site_gaps"": true, ""use_diamond_legalizer"": 1, ""disable_window_extension"": true}","{""max_displacement"": 0, ""site_search_window"": 0, ""row_search_window"": 0, ""disallow_one_site_gaps"": true, ""use_diamond_legalizer"": 1, ""disable_window_extension"": true}",VALID,5098387.3,5098387.3,0.0,0.0,0.0,False
43,94,10,zero-riscy-a-1-c2,1,"{""max_displacement"": 0, ""site_search_window"": 0, ""row_search_window"": 0, ""disallow_one_site_gaps"": true, ""use_diamond_legalizer"": 1, ""disable_window_extension"": true}","{""max_displacement"": 10, ""site_search_window"": 10, ""row_search_window"": 2, ""disallow_one_site_gaps"": true, ""use_diamond_legalizer"": 1, ""disable_window_extension"": true}",FAILED,5098387.3,5098387.3,0.0,-100.0,-1.0,True
43,95,1,RISCY-b-2-c20,6,"{""max_displacement"": 0, ""site_search_window"": 0, ""row_search_window"": 0, ""disallow_one_site_gaps"": 0, ""use_diamond_legalizer"": 1, ""disable_window_extension"": 0}","{""max_displacement"": 0, ""site_search_window"": 0, ""row_search_window"": 0, ""disallow_one_site_gaps"": 0, ""use_diamond_legalizer"": 1, ""disable_window_extension"": 0}",VALID,2782023.4,2782023.4,0.0,0.0,0.0,False
43,95,2,RISCY-b-2-c20,0,"{""max_displacement"": 0, ""site_search_window"": 0, ""row_search_window"": 0, ""disallow_one_site_gaps"": 0, ""use_diamond_legalizer"": 1, ""disable_window_extension"": 0}","{""max_displacement"": 0, ""site_search_window"": 0, ""row_search_window"": 0, ""disallow_one_site_gaps"": true, ""use_diamond_legalizer"": 1, ""disable_window_extension"": true}",VALID,2782023.4,2782023.4,0.0,0.0,0.0,False
43,95,3,RISCY-b-2-c20,5,"{""max_displacement"": 0, ""site_search_window"": 0, ""row_search_window"": 0, ""disallow_one_site_gaps"": true, ""use_diamond_legalizer"": 1, ""disable_window_extension"": true}","{""max_displacement"": 10, ""site_search_window"": 10, ""row_search_window"": 0, ""disallow_one_site_gaps"": true, ""use_diamond_legalizer"": 1, ""disable_window_extension"": true}",FAILED,2782023.4,2782023.4,0.0,-100.0,-1.0,False
43,95,4,RISCY-b-2-c20,7,"{""max_displacement"": 10, ""site_search_window"": 10, ""row_search_window"": 0, ""disallow_one_site_gaps"": true, ""use_diamond_legalizer"": 1, ""disable_window_extension"": true}","{""max_displacement"": 10, ""site_search_window"": 10, ""row_search_window"": 0, ""disallow_one_site_gaps"": true, ""use_diamond_legalizer"": 1, ""disable_window_extension"": true}",FAILED,2782023.4,2782023.4,0.0,-100.0,-1.0,False
43,95,5,RISCY-b-2-c20,3,"{""max_displacement"": 10, ""site_search_window"": 10, ""row_search_window"": 0, ""disallow_one_site_gaps"": true, ""use_diamond_legalizer"": 1, ""disable_window_extension"": true}","{""max_displacement"": 10, ""site_search_window"": 20, ""row_search_window"": 2, ""disallow_one_site_gaps"": true, ""use_diamond_legalizer"": 1, ""disable_window_extension"": true}",FAILED,2782023.4,2782023.4,0.0,-100.0,-1.0,False
43,95,6,RISCY-b-2-c20,2,"{""max_displacement"": 10, ""site_search_window"": 20, ""row_search_window"": 2, ""disallow_one_site_gaps"": true, ""use_diamond_legalizer"": 1, ""disable_window_extension"": true}","{""max_displacement"": 0, ""site_search_window"": 10, ""row_search_window"": 0, ""disallow_one_site_gaps"": true, ""use_diamond_legalizer"": 1, ""disable_window_extension"": true}",VALID,2782023.4,2782023.4,0.0,0.0,0.0,False
43,95,7,RISCY-b-2-c20,1,"{""max_displacement"": 0, ""site_search_window"": 10, ""row_search_window"": 0, ""disallow_one_site_gaps"": true, ""use_diamond_legalizer"": 1, ""disable_window_extension"": true}","{""max_displacement"": 10, ""site_search_window"": 20, ""row_search_window"": 2, ""disallow_one_site_gaps"": true, ""use_diamond_legalizer"": 1, ""disable_window_extension"": true}",FAILED,2782023.4,2782023.4,0.0,-100.0,-1.0,False
43,95,8,RISCY-b-2-c20,7,"{""max_displacement"": 10, ""site_search_window"": 20, ""row_search_window"": 2, ""disallow_one_site_gaps"": true, ""use_diamond_legalizer"": 1, ""disable_window_extension"": true}","{""max_displacement"": 10, ""site_search_window"": 20, ""row_search_window"": 2, ""disallow_one_site_gaps"": true, ""use_diamond_legalizer"": 1, ""disable_window_extension"": true}",FAILED,2782023.4,2782023.4,0.0,-100.0,-1.0,False
43,95,9,RISCY-b-2-c20,4,"{""max_displacement"": 10, ""site_search_window"": 20, ""row_search_window"": 2, ""disallow_one_site_gaps"": true, ""use_diamond_legalizer"": 1, ""disable_window_extension"": true}","{""max_displacement"": 10, ""site_search_window"": 10, ""row_search_window"": 0, ""disallow_one_site_gaps"": true, ""use_diamond_legalizer"": 1, ""disable_window_extension"": true}",FAILED,2782023.4,2782023.4,0.0,-100.0,-1.0,False
43,95,10,RISCY-b-2-c20,2,"{""max_displacement"": 10, ""site_search_window"": 10, ""row_search_window"": 0, ""disallow_one_site_gaps"": true, ""use_diamond_legalizer"": 1, ""disable_window_extension"": true}","{""max_displacement"": 0, ""site_search_window"": 0, ""row_search_window"": 0, ""disallow_one_site_gaps"": true, ""use_diamond_legalizer"": 1, ""disable_window_extension"": true}",VALID,2782023.4,2782023.4,0.0,0.0,0.0,True
43,96,1,RISCY-FPU-a-3-c5,4,"{""max_displacement"": 0, ""site_search_window"": 0, ""row_search_window"": 0, ""disallow_one_site_gaps"": 0, ""use_diamond_legalizer"": 1, ""disable_window_extension"": 0}","{""max_displacement"": 0, ""site_search_window"": 0, ""row_search_window"": 0, ""disallow_one_site_gaps"": 0, ""use_diamond_legalizer"": 1, ""disable_window_extension"": 0}",VALID,7615617.5,7615617.5,0.0,0.0,0.0,False
43,96,2,RISCY-FPU-a-3-c5,1,"{""max_displacement"": 0, ""site_search_window"": 0, ""row_search_window"": 0, ""disallow_one_site_gaps"": 0, ""use_diamond_legalizer"": 1, ""disable_window_extension"": 0}","{""max_displacement"": 10, ""site_search_window"": 10, ""row_search_window"": 2, ""disallow_one_site_gaps"": 0, ""use_diamond_legalizer"": 1, ""disable_window_extension"": 0}",FAILED,7615617.5,7615617.5,0.0,-100.0,-1.0,False
43,96,3,RISCY-FPU-a-3-c5,6,"{""max_displacement"": 10, ""site_search_window"": 10, ""row_search_window"": 2, ""disallow_one_site_gaps"": 0, ""use_diamond_legalizer"": 1, ""disable_window_extension"": 0}","{""max_displacement"": 0, ""site_search_window"": 0, ""row_search_window"": 2, ""disallow_one_site_gaps"": 0, ""use_diamond_legalizer"": 1, ""disable_window_extension"": 0}",VALID,7615617.5,7615617.5,0.0,0.0,0.0,False
43,96,4,RISCY-FPU-a-3-c5,3,"{""max_displacement"": 0, ""site_search_window"": 0, ""row_search_window"": 2, ""disallow_one_site_gaps"": 0, ""use_diamond_legalizer"": 1, ""disable_window_extension"": 0}","{""max_displacement"": 0, ""site_search_window"": 10, ""row_search_window"": 4, ""disallow_one_site_gaps"": 0, ""use_diamond_legalizer"": 1, ""disable_window_extension"": 0}",VALID,7615617.5,7615617.5,0.0,0.0,0.0,False
43,96,5,RISCY-FPU-a-3-c5,5,"{""max_displacement"": 0, ""site_search_window"": 10, ""row_search_window"": 4, ""disallow_one_site_gaps"": 0, ""use_diamond_legalizer"": 1, ""disable_window_extension"": 0}","{""max_displacement"": 10, ""site_search_window"": 20, ""row_search_window"": 4, ""disallow_one_site_gaps"": 0, ""use_diamond_legalizer"": 1, ""disable_window_extension"": 0}",FAILED,7615617.5,7615617.5,0.0,-100.0,-1.0,False
43,96,6,RISCY-FPU-a-3-c5,5,"{""max_displacement"": 10, ""site_search_window"": 20, ""row_search_window"": 4, ""disallow_one_site_gaps"": 0, ""use_diamond_legalizer"": 1, ""disable_window_extension"": 0}","{""max_displacement"": 20, ""site_search_window"": 30, ""row_search_window"": 4, ""disallow_one_site_gaps"": 0, ""use_diamond_legalizer"": 1, ""disable_window_extension"": 0}",FAILED,7615617.5,7615617.5,0.0,-100.0,-1.0,False
43,96,7,RISCY-FPU-a-3-c5,0,"{""max_displacement"": 20, ""site_search_window"": 30, ""row_search_window"": 4, ""disallow_one_site_gaps"": 0, ""use_diamond_legalizer"": 1, ""disable_window_extension"": 0}","{""max_displacement"": 20, ""site_search_window"": 30, ""row_search_window"": 4, ""disallow_one_site_gaps"": true, ""use_diamond_legalizer"": 1, ""disable_window_extension"": true}",FAILED,7615617.5,7615617.5,0.0,-100.0,-1.0,False
43,96,8,RISCY-FPU-a-3-c5,6,"{""max_displacement"": 20, ""site_search_window"": 30, ""row_search_window"": 4, ""disallow_one_site_gaps"": true, ""use_diamond_legalizer"": 1, ""disable_window_extension"": true}","{""max_displacement"": 10, ""site_search_window"": 20, ""row_search_window"": 4, ""disallow_one_site_gaps"": true, ""use_diamond_legalizer"": 1, ""disable_window_extension"": true}",FAILED,7615617.5,7615617.5,0.0,-100.0,-1.0,False
43,96,9,RISCY-FPU-a-3-c5,6,"{""max_displacement"": 10, ""site_search_window"": 20, ""row_search_window"": 4, ""disallow_one_site_gaps"": true, ""use_diamond_legalizer"": 1, ""disable_window_extension"": true}","{""max_displacement"": 0, ""site_search_window"": 10, ""row_search_window"": 4, ""disallow_one_site_gaps"": true, ""use_diamond_legalizer"": 1, ""disable_window_extension"": true}",VALID,7615617.5,7615617.5,0.0,0.0,0.0,False
43,96,10,RISCY-FPU-a-3-c5,0,"{""max_displacement"": 0, ""site_search_window"": 10, ""row_search_window"": 4, ""disallow_one_site_gaps"": true, ""use_diamond_legalizer"": 1, ""disable_window_extension"": true}","{""max_displacement"": 0, ""site_search_window"": 10, ""row_search_window"": 4, ""disallow_one_site_gaps"": false, ""use_diamond_legalizer"": 1, ""disable_window_extension"": false}",VALID,7615617.5,7615617.5,0.0,0.0,0.0,True
43,97,1,RISCY-FPU-a-1-c2,3,"{""max_displacement"": 0, ""site_search_window"": 0, ""row_search_window"": 0, ""disallow_one_site_gaps"": 0, ""use_diamond_legalizer"": 1, ""disable_window_extension"": 0}","{""max_displacement"": 0, ""site_search_window"": 10, ""row_search_window"": 2, ""disallow_one_site_gaps"": 0, ""use_diamond_legalizer"": 1, ""disable_window_extension"": 0}",VALID,8256849.8,8256849.8,0.0,0.0,0.0,False
43,97,2,RISCY-FPU-a-1-c2,0,"{""max_displacement"": 0, ""site_search_window"": 10, ""row_search_window"": 2, ""disallow_one_site_gaps"": 0, ""use_diamond_legalizer"": 1, ""disable_window_extension"": 0}","{""max_displacement"": 0, ""site_search_window"": 10, ""row_search_window"": 2, ""disallow_one_site_gaps"": true, ""use_diamond_legalizer"": 1, ""disable_window_extension"": true}",VALID,8256849.8,8256849.8,0.0,0.0,0.0,False
43,97,3,RISCY-FPU-a-1-c2,6,"{""max_displacement"": 0, ""site_search_window"": 10, ""row_search_window"": 2, ""disallow_one_site_gaps"": true, ""use_diamond_legalizer"": 1, ""disable_window_extension"": true}","{""max_displacement"": 0, ""site_search_window"": 0, ""row_search_window"": 2, ""disallow_one_site_gaps"": true, ""use_diamond_legalizer"": 1, ""disable_window_extension"": true}",VALID,8256849.8,8256849.8,0.0,0.0,0.0,False
43,97,4,RISCY-FPU-a-1-c2,7,"{""max_displacement"": 0, ""site_search_window"": 0, ""row_search_window"": 2, ""disallow_one_site_gaps"": true, ""use_diamond_legalizer"": 1, ""disable_window_extension"": true}","{""max_displacement"": 0, ""site_search_window"": 0, ""row_search_window"": 2, ""disallow_one_site_gaps"": true, ""use_diamond_legalizer"": 1, ""disable_window_extension"": true}",VALID,8256849.8,8256849.8,0.0,0.0,0.0,False
43,97,5,RISCY-FPU-a-1-c2,0,"{""max_displacement"": 0, ""site_search_window"": 0, ""row_search_window"": 2, ""disallow_one_site_gaps"": true, ""use_diamond_legalizer"": 1, ""disable_window_extension"": true}","{""max_displacement"": 0, ""site_search_window"": 0, ""row_search_window"": 2, ""disallow_one_site_gaps"": false, ""use_diamond_legalizer"": 1, ""disable_window_extension"": false}",VALID,8256849.8,8256849.8,0.0,0.0,0.0,False
43,97,6,RISCY-FPU-a-1-c2,6,"{""max_displacement"": 0, ""site_search_window"": 0, ""row_search_window"": 2, ""disallow_one_site_gaps"": false, ""use_diamond_legalizer"": 1, ""disable_window_extension"": false}","{""max_displacement"": 0, ""site_search_window"": 0, ""row_search_window"": 2, ""disallow_one_site_gaps"": false, ""use_diamond_legalizer"": 1, ""disable_window_extension"": false}",VALID,8256849.8,8256849.8,0.0,0.0,0.0,False
43,97,7,RISCY-FPU-a-1-c2,2,"{""max_displacement"": 0, ""site_search_window"": 0, ""row_search_window"": 2, ""disallow_one_site_gaps"": false, ""use_diamond_legalizer"": 1, ""disable_window_extension"": false}","{""max_displacement"": 0, ""site_search_window"": 0, ""row_search_window"": 0, ""disallow_one_site_gaps"": false, ""use_diamond_legalizer"": 1, ""disable_window_extension"": false}",VALID,8256849.8,8256849.8,0.0,0.0,0.0,False
43,97,8,RISCY-FPU-a-1-c2,6,"{""max_displacement"": 0, ""site_search_window"": 0, ""row_search_window"": 0, ""disallow_one_site_gaps"": false, ""use_diamond_legalizer"": 1, ""disable_window_extension"": false}","{""max_displacement"": 0, ""site_search_window"": 0, ""row_search_window"": 0, ""disallow_one_site_gaps"": false, ""use_diamond_legalizer"": 1, ""disable_window_extension"": false}",VALID,8256849.8,8256849.8,0.0,0.0,0.0,False
43,97,9,RISCY-FPU-a-1-c2,2,"{""max_displacement"": 0, ""site_search_window"": 0, ""row_search_window"": 0, ""disallow_one_site_gaps"": false, ""use_diamond_legalizer"": 1, ""disable_window_extension"": false}","{""max_displacement"": 0, ""site_search_window"": 0, ""row_search_window"": 0, ""disallow_one_site_gaps"": false, ""use_diamond_legalizer"": 1, ""disable_window_extension"": false}",VALID,8256849.8,8256849.8,0.0,0.0,0.0,False
43,97,10,RISCY-FPU-a-1-c2,6,"{""max_displacement"": 0, ""site_search_window"": 0, ""row_search_window"": 0, ""disallow_one_site_gaps"": false, ""use_diamond_legalizer"": 1, ""disable_window_extension"": false}","{""max_displacement"": 0, ""site_search_window"": 0, ""row_search_window"": 0, ""disallow_one_site_gaps"": false, ""use_diamond_legalizer"": 1, ""disable_window_extension"": false}",VALID,8256849.8,8256849.8,0.0,0.0,0.0,True
43,98,1,RISCY-b-3-c20,0,"{""max_displacement"": 0, ""site_search_window"": 0, ""row_search_window"": 0, ""disallow_one_site_gaps"": 0, ""use_diamond_legalizer"": 1, ""disable_window_extension"": 0}","{""max_displacement"": 0, ""site_search_window"": 0, ""row_search_window"": 0, ""disallow_one_site_gaps"": true, ""use_diamond_legalizer"": 1, ""disable_window_extension"": true}",VALID,3036189.3,3036189.3,0.0,0.0,0.0,False
43,98,2,RISCY-b-3-c20,5,"{""max_displacement"": 0, ""site_search_window"": 0, ""row_search_window"": 0, ""disallow_one_site_gaps"": true, ""use_diamond_legalizer"": 1, ""disable_window_extension"": true}","{""max_displacement"": 10, ""site_search_window"": 10, ""row_search_window"": 0, ""disallow_one_site_gaps"": true, ""use_diamond_legalizer"": 1, ""disable_window_extension"": true}",VALID,3036189.3,3036189.3,0.0,0.0,0.0,False
43,98,3,RISCY-b-3-c20,7,"{""max_displacement"": 10, ""site_search_window"": 10, ""row_search_window"": 0, ""disallow_one_site_gaps"": true, ""use_diamond_legalizer"": 1, ""disable_window_extension"": true}","{""max_displacement"": 10, ""site_search_window"": 10, ""row_search_window"": 0, ""disallow_one_site_gaps"": true, ""use_diamond_legalizer"": 1, ""disable_window_extension"": true}",VALID,3036189.3,3036189.3,0.0,0.0,0.0,False
43,98,4,RISCY-b-3-c20,1,"{""max_displacement"": 10, ""site_search_window"": 10, ""row_search_window"": 0, ""disallow_one_site_gaps"": true, ""use_diamond_legalizer"": 1, ""disable_window_extension"": true}","{""max_displacement"": 20, ""site_search_window"": 20, ""row_search_window"": 2, ""disallow_one_site_gaps"": true, ""use_diamond_legalizer"": 1, ""disable_window_extension"": true}",VALID,3036189.3,3036189.3,0.0,0.0,0.0,False
43,98,5,RISCY-b-3-c20,5,"{""max_displacement"": 20, ""site_search_window"": 20, ""row_search_window"": 2, ""disallow_one_site_gaps"": true, ""use_diamond_legalizer"": 1, ""disable_window_extension"": true}","{""max_displacement"": 30, ""site_search_window"": 30, ""row_search_window"": 2, ""disallow_one_site_gaps"": true, ""use_diamond_legalizer"": 1, ""disable_window_extension"": true}",VALID,3036189.3,3036189.3,0.0,0.0,0.0,False
43,98,6,RISCY-b-3-c20,4,"{""max_displacement"": 30, ""site_search_window"": 30, ""row_search_window"": 2, ""disallow_one_site_gaps"": true, ""use_diamond_legalizer"": 1, ""disable_window_extension"": true}","{""max_displacement"": 30, ""site_search_window"": 20, ""row_search_window"": 0, ""disallow_one_site_gaps"": true, ""use_diamond_legalizer"": 1, ""disable_window_extension"": true}",VALID,3036189.3,3036189.3,0.0,0.0,0.0,False
43,98,7,RISCY-b-3-c20,0,"{""max_displacement"": 30, ""site_search_window"": 20, ""row_search_window"": 0, ""disallow_one_site_gaps"": true, ""use_diamond_legalizer"": 1, ""disable_window_extension"": true}","{""max_displacement"": 30, ""site_search_window"": 20, ""row_search_window"": 0, ""disallow_one_site_gaps"": false, ""use_diamond_legalizer"": 1, ""disable_window_extension"": false}",VALID,3036189.3,3036189.3,0.0,0.0,0.0,False
43,98,8,RISCY-b-3-c20,0,"{""max_displacement"": 30, ""site_search_window"": 20, ""row_search_window"": 0, ""disallow_one_site_gaps"": false, ""use_diamond_legalizer"": 1, ""disable_window_extension"": false}","{""max_displacement"": 30, ""site_search_window"": 20, ""row_search_window"": 0, ""disallow_one_site_gaps"": true, ""use_diamond_legalizer"": 1, ""disable_window_extension"": true}",VALID,3036189.3,3036189.3,0.0,0.0,0.0,False
43,98,9,RISCY-b-3-c20,7,"{""max_displacement"": 30, ""site_search_window"": 20, ""row_search_window"": 0, ""disallow_one_site_gaps"": true, ""use_diamond_legalizer"": 1, ""disable_window_extension"": true}","{""max_displacement"": 30, ""site_search_window"": 20, ""row_search_window"": 0, ""disallow_one_site_gaps"": true, ""use_diamond_legalizer"": 1, ""disable_window_extension"": true}",VALID,3036189.3,3036189.3,0.0,0.0,0.0,False
43,98,10,RISCY-b-3-c20,5,"{""max_displacement"": 30, ""site_search_window"": 20, ""row_search_window"": 0, ""disallow_one_site_gaps"": true, ""use_diamond_legalizer"": 1, ""disable_window_extension"": true}","{""max_displacement"": 40, ""site_search_window"": 30, ""row_search_window"": 0, ""disallow_one_site_gaps"": true, ""use_diamond_legalizer"": 1, ""disable_window_extension"": true}",VALID,3036189.3,3036189.3,0.0,0.0,0.0,True
43,99,1,RISCY-FPU-a-3-c20,7,"{""max_displacement"": 0, ""site_search_window"": 0, ""row_search_window"": 0, ""disallow_one_site_gaps"": 0, ""use_diamond_legalizer"": 1, ""disable_window_extension"": 0}","{""max_displacement"": 0, ""site_search_window"": 0, ""row_search_window"": 0, ""disallow_one_site_gaps"": 0, ""use_diamond_legalizer"": 1, ""disable_window_extension"": 0}",VALID,7062334.5,7062334.5,0.0,0.0,0.0,False
43,99,2,RISCY-FPU-a-3-c20,6,"{""max_displacement"": 0, ""site_search_window"": 0, ""row_search_window"": 0, ""disallow_one_site_gaps"": 0, ""use_diamond_legalizer"": 1, ""disable_window_extension"": 0}","{""max_displacement"": 0, ""site_search_window"": 0, ""row_search_window"": 0, ""disallow_one_site_gaps"": 0, ""use_diamond_legalizer"": 1, ""disable_window_extension"": 0}",VALID,7062334.5,7062334.5,0.0,0.0,0.0,False
43,99,3,RISCY-FPU-a-3-c20,0,"{""max_displacement"": 0, ""site_search_window"": 0, ""row_search_window"": 0, ""disallow_one_site_gaps"": 0, ""use_diamond_legalizer"": 1, ""disable_window_extension"": 0}","{""max_displacement"": 0, ""site_search_window"": 0, ""row_search_window"": 0, ""disallow_one_site_gaps"": true, ""use_diamond_legalizer"": 1, ""disable_window_extension"": true}",VALID,7062334.5,7062334.5,0.0,0.0,0.0,False
43,99,4,RISCY-FPU-a-3-c20,6,"{""max_displacement"": 0, ""site_search_window"": 0, ""row_search_window"": 0, ""disallow_one_site_gaps"": true, ""use_diamond_legalizer"": 1, ""disable_window_extension"": true}","{""max_displacement"": 0, ""site_search_window"": 0, ""row_search_window"": 0, ""disallow_one_site_gaps"": true, ""use_diamond_legalizer"": 1, ""disable_window_extension"": true}",VALID,7062334.5,7062334.5,0.0,0.0,0.0,False
43,99,5,RISCY-FPU-a-3-c20,6,"{""max_displacement"": 0, ""site_search_window"": 0, ""row_search_window"": 0, ""disallow_one_site_gaps"": true, ""use_diamond_legalizer"": 1, ""disable_window_extension"": true}","{""max_displacement"": 0, ""site_search_window"": 0, ""row_search_window"": 0, ""disallow_one_site_gaps"": true, ""use_diamond_legalizer"": 1, ""disable_window_extension"": true}",VALID,7062334.5,7062334.5,0.0,0.0,0.0,False
43,99,6,RISCY-FPU-a-3-c20,4,"{""max_displacement"": 0, ""site_search_window"": 0, ""row_search_window"": 0, ""disallow_one_site_gaps"": true, ""use_diamond_legalizer"": 1, ""disable_window_extension"": true}","{""max_displacement"": 0, ""site_search_window"": 0, ""row_search_window"": 0, ""disallow_one_site_gaps"": true, ""use_diamond_legalizer"": 1, ""disable_window_extension"": true}",VALID,7062334.5,7062334.5,0.0,0.0,0.0,False
43,99,7,RISCY-FPU-a-3-c20,2,"{""max_displacement"": 0, ""site_search_window"": 0, ""row_search_window"": 0, ""disallow_one_site_gaps"": true, ""use_diamond_legalizer"": 1, ""disable_window_extension"": true}","{""max_displacement"": 0, ""site_search_window"": 0, ""row_search_window"": 0, ""disallow_one_site_gaps"": true, ""use_diamond_legalizer"": 1, ""disable_window_extension"": true}",VALID,7062334.5,7062334.5,0.0,0.0,0.0,False
43,99,8,RISCY-FPU-a-3-c20,7,"{""max_displacement"": 0, ""site_search_window"": 0, ""row_search_window"": 0, ""disallow_one_site_gaps"": true, ""use_diamond_legalizer"": 1, ""disable_window_extension"": true}","{""max_displacement"": 0, ""site_search_window"": 0, ""row_search_window"": 0, ""disallow_one_site_gaps"": true, ""use_diamond_legalizer"": 1, ""disable_window_extension"": true}",VALID,7062334.5,7062334.5,0.0,0.0,0.0,False
43,99,9,RISCY-FPU-a-3-c20,5,"{""max_displacement"": 0, ""site_search_window"": 0, ""row_search_window"": 0, ""disallow_one_site_gaps"": true, ""use_diamond_legalizer"": 1, ""disable_window_extension"": true}","{""max_displacement"": 10, ""site_search_window"": 10, ""row_search_window"": 0, ""disallow_one_site_gaps"": true, ""use_diamond_legalizer"": 1, ""disable_window_extension"": true}",FAILED,7062334.5,7062334.5,0.0,-100.0,-1.0,False
43,99,10,RISCY-FPU-a-3-c20,5,"{""max_displacement"": 10, ""site_search_window"": 10, ""row_search_window"": 0, ""disallow_one_site_gaps"": true, ""use_diamond_legalizer"": 1, ""disable_window_extension"": true}","{""max_displacement"": 20, ""site_search_window"": 20, ""row_search_window"": 0, ""disallow_one_site_gaps"": true, ""use_diamond_legalizer"": 1, ""disable_window_extension"": true}",FAILED,7062334.5,7062334.5,0.0,-100.0,-1.0,True
43,100,1,zero-riscy-a-2-c20,3,"{""max_displacement"": 0, ""site_search_window"": 0, ""row_search_window"": 0, ""disallow_one_site_gaps"": 0, ""use_diamond_legalizer"": 1, ""disable_window_extension"": 0}","{""max_displacement"": 0, ""site_search_window"": 10, ""row_search_window"": 2, ""disallow_one_site_gaps"": 0, ""use_diamond_legalizer"": 1, ""disable_window_extension"": 0}",VALID,3884748.2,3884748.2,0.0,0.0,0.0,False
43,100,2,zero-riscy-a-2-c20,1,"{""max_displacement"": 0, ""site_search_window"": 10, ""row_search_window"": 2, ""disallow_one_site_gaps"": 0, ""use_diamond_legalizer"": 1, ""disable_window_extension"": 0}","{""max_displacement"": 10, ""site_search_window"": 20, ""row_search_window"": 4, ""disallow_one_site_gaps"": 0, ""use_diamond_legalizer"": 1, ""disable_window_extension"": 0}",VALID,3884748.2,3884737.2,11.0,0.00030000000000000003,2.8315863560989616e-06,False
43,100,3,zero-riscy-a-2-c20,0,"{""max_displacement"": 10, ""site_search_window"": 20, ""row_search_window"": 4, ""disallow_one_site_gaps"": 0, ""use_diamond_legalizer"": 1, ""disable_window_extension"": 0}","{""max_displacement"": 10, ""site_search_window"": 20, ""row_search_window"": 4, ""disallow_one_site_gaps"": true, ""use_diamond_legalizer"": 1, ""disable_window_extension"": true}",VALID,3884748.2,3884737.2,0.0,0.0,0.0,False
43,100,4,zero-riscy-a-2-c20,4,"{""max_displacement"": 10, ""site_search_window"": 20, ""row_search_window"": 4, ""disallow_one_site_gaps"": true, ""use_diamond_legalizer"": 1, ""disable_window_extension"": true}","{""max_displacement"": 10, ""site_search_window"": 10, ""row_search_window"": 2, ""disallow_one_site_gaps"": true, ""use_diamond_legalizer"": 1, ""disable_window_extension"": true}",VALID,3884748.2,3884737.2,0.0,0.0,0.0,False
43,100,5,zero-riscy-a-2-c20,3,"{""max_displacement"": 10, ""site_search_window"": 10, ""row_search_window"": 2, ""disallow_one_site_gaps"": true, ""use_diamond_legalizer"": 1, ""disable_window_extension"": true}","{""max_displacement"": 10, ""site_search_window"": 20, ""row_search_window"": 4, ""disallow_one_site_gaps"": true, ""use_diamond_legalizer"": 1, ""disable_window_extension"": true}",VALID,3884748.2,3884737.2,0.0,0.0,0.0,False
43,100,6,zero-riscy-a-2-c20,3,"{""max_displacement"": 10, ""site_search_window"": 20, ""row_search_window"": 4, ""disallow_one_site_gaps"": true, ""use_diamond_legalizer"": 1, ""disable_window_extension"": true}","{""max_displacement"": 10, ""site_search_window"": 30, ""row_search_window"": 6, ""disallow_one_site_gaps"": true, ""use_diamond_legalizer"": 1, ""disable_window_extension"": true}",VALID,3884748.2,3884737.2,0.0,0.0,0.0,False
43,100,7,zero-riscy-a-2-c20,1,"{""max_displacement"": 10, ""site_search_window"": 30, ""row_search_window"": 6, ""disallow_one_site_gaps"": true, ""use_diamond_legalizer"": 1, ""disable_window_extension"": true}","{""max_displacement"": 20, ""site_search_window"": 40, ""row_search_window"": 8, ""disallow_one_site_gaps"": true, ""use_diamond_legalizer"": 1, ""disable_window_extension"": true}",VALID,3884748.2,3884748.2,-11.0,-0.00030000000000000003,-2.831594374002957e-06,False
43,100,8,zero-riscy-a-2-c20,0,"{""max_displacement"": 20, ""site_search_window"": 40, ""row_search_window"": 8, ""disallow_one_site_gaps"": true, ""use_diamond_legalizer"": 1, ""disable_window_extension"": true}","{""max_displacement"": 20, ""site_search_window"": 40, ""row_search_window"": 8, ""disallow_one_site_gaps"": false, ""use_diamond_legalizer"": 1, ""disable_window_extension"": false}",VALID,3884748.2,3884748.2,0.0,0.0,0.0,False
43,100,9,zero-riscy-a-2-c20,6,"{""max_displacement"": 20, ""site_search_window"": 40, ""row_search_window"": 8, ""disallow_one_site_gaps"": false, ""use_diamond_legalizer"": 1, ""disable_window_extension"": false}","{""max_displacement"": 10, ""site_search_window"": 30, ""row_search_window"": 8, ""disallow_one_site_gaps"": false, ""use_diamond_legalizer"": 1, ""disable_window_extension"": false}",VALID,3884748.2,3884737.2,11.0,0.00030000000000000003,2.8315863560989616e-06,False
43,100,10,zero-riscy-a-2-c20,0,"{""max_displacement"": 10, ""site_search_window"": 30, ""row_search_window"": 8, ""disallow_one_site_gaps"": false, ""use_diamond_legalizer"": 1, ""disable_window_extension"": false}","{""max_displacement"": 10, ""site_search_window"": 30, ""row_search_window"": 8, ""disallow_one_site_gaps"": true, ""use_diamond_legalizer"": 1, ""disable_window_extension"": true}",VALID,3884748.2,3884737.2,0.0,0.0,0.0,True
